ASV,MQ210118-6,MQ210118-8,MQ210118-10,MQ210118-13,MQ210118-14,MQ210118-15,MQ210118-16,MQ210118-20,MQ210118-21,MQ210118-27,MQ210118-28,MQ210118-29,MQ210118-30,MQ210118-31,MQ210118-32,MQ210118-33,MQ210118-35,MQ210118-36,MQ210118-37,MQ210118-38,MQ210118-39,MQ210118-41,MQ210118-45,MQ210118-47,MQ210118-48,MQ210118-49,MQ210118-50,MQ210118-52,MQ210118-53,MQ210118-54,MQ210118-55
ASV1,688,950,123,110,51,53,36,192,199,271,283,193,222,251,198,229,426,1236,1611,1095,621,559,768,717,399,530,308,316,273,210,209
ASV2,4830,6345,1583,1693,1134,1256,762,1037,816,201,113,50,50,68,66,52,41,130,156,144,142,143,246,245,241,212,196,328,327,438,556
ASV3,4796,6626,8082,10282,8170,9388,8413,14999,12795,9853,7036,4385,4311,3319,2713,974,644,1221,954,846,521,488,683,761,679,606,693,742,699,541,487
ASV4,2212,2630,636,376,242,278,181,347,250,282,239,171,319,410,271,322,403,857,962,1188,797,1109,945,864,778,798,599,580,1075,1026,959
ASV5,107,151,32,44,25,38,21,85,68,268,135,112,89,161,84,83,91,187,187,149,136,123,191,171,198,137,158,174,139,125,145
ASV6,259,317,273,196,114,146,73,160,123,233,214,212,244,297,286,318,371,709,742,724,492,548,667,529,394,390,397,377,477,483,482
ASV8,85,110,228,301,241,258,237,326,280,399,341,248,286,267,189,187,184,386,493,450,344,348,567,466,403,301,263,380,361,297,298
ASV10,165,189,8,15,6,5,2,15,9,28,21,10,13,25,18,20,34,105,112,88,78,70,75,82,65,73,47,56,34,37,43
ASV11,781,936,1936,1610,1258,1292,894,935,632,496,395,358,412,517,388,410,448,1023,1250,1248,867,1075,1699,1336,1098,939,887,1097,1228,1198,1105
ASV12,551,618,114,95,70,78,57,215,204,257,205,134,166,166,141,107,152,381,414,250,159,202,245,213,142,146,107,95,116,69,77
ASV13,965,1138,317,155,114,105,94,184,126,120,93,88,137,162,119,146,199,413,443,531,349,467,390,399,299,355,271,274,522,458,497
ASV15,63,77,3,1,2,1,3,4,5,4,3,3,5,4,5,7,9,30,26,15,22,7,26,18,9,17,17,6,5,8,9
ASV16,333,538,1036,831,623,703,530,587,491,228,174,198,213,238,202,211,237,449,545,580,443,611,1262,880,778,649,636,765,804,694,817
ASV17,355,479,627,443,483,580,410,319,322,431,346,799,1056,1031,811,1095,1249,2248,2364,2373,1895,1663,2138,2162,1715,1359,1182,1262,2143,1747,1712
ASV18,51,75,135,336,329,273,263,353,344,256,177,209,342,238,199,152,55,66,119,231,41,58,200,189,64,147,55,140,158,41,51
ASV19,89,120,82,66,35,43,39,45,34,48,37,30,35,48,48,31,57,86,98,60,53,86,86,78,42,74,62,60,96,98,73
ASV20,93,143,262,216,132,175,121,184,150,147,138,129,169,221,135,123,156,243,326,323,231,242,525,364,311,232,255,264,278,269,302
ASV22,286,433,232,158,109,116,71,167,144,300,274,300,230,356,251,239,377,748,855,478,400,502,567,605,302,429,301,279,401,449,337
ASV24,60,124,152,98,91,56,27,57,41,126,103,78,78,109,57,88,57,81,133,91,23,81,117,150,84,105,76,104,153,76,48
ASV26,396,551,399,267,204,219,144,213,167,303,246,234,250,343,313,312,328,735,756,730,504,676,877,730,515,527,479,480,678,644,595
ASV27,77,92,12,13,18,20,9,35,45,113,88,44,44,59,43,29,45,68,72,53,49,38,74,65,69,41,60,88,54,58,84
ASV28,77,102,236,156,141,148,167,121,99,31,42,43,70,83,71,68,57,100,122,125,108,93,341,156,186,182,150,270,286,226,248
ASV29,373,516,455,248,174,198,147,256,197,338,317,298,313,397,368,314,426,824,902,723,512,609,760,622,393,467,336,357,454,463,357
ASV30,61,88,31,21,10,15,10,22,17,38,40,35,33,47,33,27,50,81,124,92,67,57,95,77,57,59,37,36,54,59,45
ASV31,59,76,9,5,4,5,1,1,0,18,19,13,29,23,22,15,22,42,31,29,8,9,21,23,14,16,13,7,14,12,18
ASV32,150,272,463,582,448,505,417,742,672,556,391,294,311,345,291,267,261,556,575,546,406,442,653,463,336,367,283,251,219,202,230
ASV33,166,236,114,68,73,57,66,87,42,88,80,74,93,104,99,125,97,183,172,171,136,129,179,179,178,147,174,140,155,137,131
ASV34,24,24,69,79,51,26,48,40,24,13,11,7,16,27,8,16,3,17,15,18,29,11,41,28,25,25,27,23,25,23,33
ASV35,44,67,65,117,104,150,84,231,148,102,64,40,41,37,38,44,47,94,95,143,96,123,239,251,213,173,224,304,295,256,349
ASV36,215,287,235,176,156,137,113,121,75,162,136,120,102,126,114,116,150,317,393,305,243,344,626,567,428,476,398,455,555,679,621
ASV38,231,347,200,136,124,112,91,124,95,376,350,353,250,368,324,294,318,586,742,499,334,516,518,437,232,326,195,251,286,392,247
ASV41,307,438,44,37,21,38,27,37,24,50,29,32,21,39,41,48,56,99,117,116,78,97,208,183,145,163,133,175,146,142,137
ASV42,4,8,9,49,37,39,47,90,55,93,60,69,52,41,21,45,35,55,62,22,63,41,13,19,19,10,7,12,12,22,14
ASV43,67,69,132,160,146,164,109,227,134,213,240,183,213,241,189,188,209,439,427,434,357,319,461,397,307,258,237,331,340,256,276
ASV44,56,74,6,4,3,6,4,6,11,15,17,13,12,8,17,22,33,37,45,41,37,40,33,46,36,36,20,20,20,18,26
ASV45,106,106,218,332,234,220,110,101,92,145,126,134,214,212,130,147,155,222,276,251,165,195,436,424,390,294,243,261,359,226,185
ASV47,95,120,38,15,18,22,12,28,23,35,30,19,34,31,21,34,28,69,76,51,55,44,40,55,35,36,31,36,40,44,42
ASV51,126,149,8,5,2,3,1,7,3,8,8,6,8,16,16,18,23,49,63,39,33,25,37,41,25,40,46,24,20,16,27
ASV52,51,59,134,103,83,85,68,97,106,156,152,133,184,128,123,121,105,196,182,158,140,100,247,157,151,106,116,142,157,104,102
ASV53,55,67,84,88,64,80,55,103,75,126,138,114,127,129,104,104,161,299,328,237,175,140,168,130,84,110,73,93,105,73,59
ASV54,156,228,409,381,285,283,255,247,195,241,174,153,183,206,199,185,198,391,437,399,336,300,738,517,451,402,352,510,428,433,493
ASV55,114,147,19,13,11,8,4,32,38,28,27,16,41,34,30,24,48,121,132,100,47,42,63,71,26,51,18,22,24,11,14
ASV60,75,87,57,33,27,49,24,37,25,122,89,95,73,127,84,95,106,176,264,149,101,164,115,108,67,81,57,66,67,95,68
ASV63,45,40,127,71,73,86,94,78,78,61,77,67,105,98,95,102,67,92,178,111,117,96,368,236,352,319,315,387,365,215,219
ASV65,260,341,152,81,60,47,24,26,11,46,35,36,32,61,37,59,73,183,189,136,102,211,247,212,110,259,101,115,177,271,157
ASV67,110,130,48,48,26,32,24,41,36,83,63,57,31,80,45,45,64,93,116,80,78,101,100,77,64,65,37,61,75,67,54
ASV69,19,20,42,76,61,63,49,53,59,48,50,33,45,39,21,28,20,45,62,50,35,47,67,61,72,63,43,61,65,41,29
ASV71,38,59,87,89,71,70,84,99,77,169,193,150,152,231,189,148,182,307,338,301,165,210,263,229,142,154,135,156,172,192,162
ASV72,250,212,479,358,219,293,195,233,137,90,42,60,67,88,78,74,84,183,254,253,172,169,466,403,408,361,387,687,913,846,1171
ASV74,79,90,111,76,64,67,59,111,120,116,98,86,119,113,77,90,102,184,217,182,127,126,218,177,140,123,140,137,121,126,118
ASV76,62,102,140,183,245,312,265,385,396,295,185,91,56,58,22,14,10,16,11,13,2,1,4,4,5,2,3,6,7,5,20
ASV79,16,19,43,49,36,46,38,51,55,75,59,62,75,68,39,52,51,87,113,67,71,59,140,89,74,47,62,63,60,35,55
ASV81,63,58,123,134,115,132,106,165,151,95,103,101,156,171,151,125,143,193,275,240,160,136,233,183,168,143,123,151,111,96,100
ASV84,10,23,54,64,57,62,54,50,57,33,26,13,26,33,13,32,25,53,95,72,70,74,125,99,95,65,47,76,76,44,50
ASV88,52,58,134,131,118,117,90,188,185,106,88,112,188,189,154,171,168,268,345,314,200,220,346,200,232,187,153,160,139,116,142
ASV90,209,245,40,29,21,33,18,44,25,58,67,51,41,76,56,73,69,120,148,134,95,103,85,65,50,50,37,52,46,42,46
ASV92,49,79,39,51,33,33,30,49,47,77,63,61,87,67,59,72,101,210,211,226,143,101,160,107,82,87,80,56,81,54,55
ASV96,48,85,88,130,98,112,85,152,127,79,44,55,67,81,39,70,30,141,125,114,101,128,147,88,116,108,95,72,74,73,66
ASV97,155,208,33,27,29,23,14,68,53,53,46,29,26,31,22,25,43,72,75,45,40,37,56,50,35,43,37,34,27,34,41
ASV98,122,131,43,40,33,19,20,35,27,46,29,27,23,47,38,41,39,92,93,71,51,80,64,50,54,33,43,42,47,60,53
ASV99,20,18,52,78,46,57,54,55,52,48,28,17,24,25,22,14,13,20,27,36,11,27,56,27,24,39,31,32,29,24,31
ASV100,19,20,33,47,33,49,24,37,29,52,56,49,69,66,60,57,40,101,89,68,61,61,80,61,51,40,35,36,46,32,29
ASV103,9,3,27,48,36,28,29,47,35,6,3,2,14,5,5,2,1,0,8,2,7,3,3,3,6,6,4,12,8,15,9
ASV105,40,37,74,76,64,77,37,80,70,74,62,59,69,86,53,59,90,168,191,173,122,148,223,159,142,121,107,150,150,119,134
ASV107,13,20,14,13,3,12,7,11,3,17,6,13,10,11,12,13,20,24,42,31,23,32,66,39,27,31,29,43,57,69,53
ASV109,7,7,6,3,3,4,1,4,2,8,4,9,16,3,6,4,5,11,17,10,6,10,6,3,5,3,3,2,4,5,4
ASV110,35,37,73,66,45,32,37,52,46,55,57,66,81,90,79,77,90,133,173,165,121,103,192,151,122,112,91,103,95,88,100
ASV111,22,42,42,21,33,15,29,12,23,47,23,39,92,94,112,134,69,96,166,93,50,51,83,55,115,77,83,132,138,42,60
ASV112,59,62,71,67,44,62,34,80,65,146,118,110,97,107,85,122,207,342,400,366,208,170,297,185,146,144,155,149,133,95,142
ASV113,247,270,51,40,32,17,16,20,18,13,15,8,16,28,15,39,32,86,72,77,56,68,68,61,51,75,79,89,160,141,148
ASV115,35,39,75,87,74,84,40,106,70,93,89,59,74,78,68,40,63,125,168,139,107,123,173,143,149,113,92,127,130,134,100
ASV118,253,306,62,40,32,41,20,49,20,29,29,18,32,31,33,39,47,97,105,123,81,135,105,100,85,82,65,49,133,98,111
ASV119,56,59,15,14,17,17,14,19,10,21,18,13,16,17,14,15,18,31,33,30,23,32,38,31,24,25,24,19,25,19,22
ASV121,32,32,54,44,36,27,24,40,25,40,42,49,47,61,71,31,49,90,116,101,96,49,107,47,79,35,55,57,76,65,68
ASV122,84,72,138,169,152,143,128,286,263,239,153,173,226,227,213,148,169,323,392,304,269,226,402,221,231,154,146,164,161,97,126
ASV123,51,55,7,6,4,2,1,1,1,4,9,1,2,4,2,2,4,7,14,10,9,16,49,40,35,37,25,41,38,36,34
ASV127,14,6,24,13,14,20,21,65,68,69,45,44,41,39,27,21,19,48,37,31,20,28,61,43,37,18,33,26,25,29,19
ASV129,16,14,25,25,22,21,19,21,17,9,8,4,22,13,11,17,17,26,32,32,32,19,146,25,43,67,22,36,48,25,56
ASV130,61,65,35,25,17,14,11,12,11,12,16,14,21,15,18,8,20,56,57,53,48,54,49,49,30,37,20,37,45,56,34
ASV133,4,10,19,45,40,28,40,39,29,17,17,9,11,6,11,4,0,5,5,6,3,3,13,14,8,13,6,7,15,5,5
ASV134,64,101,18,18,24,20,10,23,24,35,33,23,25,25,17,21,26,59,62,42,40,47,47,39,27,19,31,27,23,22,30
ASV135,22,21,34,13,14,18,10,11,9,25,24,6,28,28,30,41,15,92,74,70,95,64,109,99,86,103,67,113,115,105,111
ASV136,123,160,109,129,108,161,84,168,118,116,72,43,51,46,61,67,49,127,99,114,81,115,179,270,110,102,138,122,134,109,246
ASV137,96,111,58,44,36,62,33,50,50,61,58,52,56,53,47,45,42,89,100,82,56,70,90,83,71,60,44,58,55,43,41
ASV139,35,29,63,105,97,92,74,134,124,160,129,88,86,103,56,62,61,100,106,106,75,69,110,87,65,75,59,68,81,44,58
ASV142,31,37,92,141,108,153,122,244,195,198,174,140,152,118,78,64,48,77,91,91,60,49,122,86,87,68,54,44,44,35,35
ASV144,19,15,31,68,31,27,10,15,10,21,19,28,52,62,29,26,27,44,59,51,50,34,80,84,51,55,44,53,69,45,69
ASV145,69,82,17,16,17,14,5,12,4,24,23,30,26,32,27,31,23,51,79,64,34,40,53,46,31,49,35,45,54,47,64
ASV146,49,96,153,171,158,137,127,247,221,170,106,95,88,81,93,79,71,149,162,150,105,134,230,145,102,125,109,104,98,76,108
ASV147,82,94,22,44,10,11,5,20,17,28,42,25,26,65,46,51,45,107,155,113,69,94,98,118,89,81,76,44,79,54,58
ASV148,48,71,104,73,61,60,31,39,22,37,24,26,32,59,31,48,68,143,141,212,120,96,198,166,111,125,144,161,192,209,263
ASV149,25,21,53,137,110,117,74,163,113,76,42,50,101,120,124,63,60,187,187,181,129,220,558,311,498,337,358,462,593,356,345
ASV150,11,25,45,35,33,41,42,65,56,19,19,10,21,27,19,17,16,30,47,29,25,41,53,53,51,53,60,33,40,41,34
ASV151,23,30,12,5,5,8,2,40,44,16,12,9,10,9,11,5,3,6,7,5,2,6,8,9,8,2,2,7,6,8,10
ASV153,10,25,53,50,48,29,28,39,38,17,16,3,5,11,11,7,6,8,21,25,24,22,44,19,19,16,17,16,17,4,17
ASV154,61,56,57,43,31,38,31,33,20,63,30,67,67,132,113,194,100,275,305,275,211,127,261,146,138,166,134,162,199,134,185
ASV155,34,34,81,70,40,54,40,62,76,48,31,34,66,74,62,74,81,85,124,119,79,85,175,94,86,89,81,103,108,86,94
ASV156,92,90,33,28,21,17,13,29,17,8,12,16,37,13,8,11,11,16,21,16,12,12,30,14,18,15,16,5,23,18,17
ASV157,47,73,36,30,17,27,17,48,36,47,43,22,35,55,36,35,44,76,81,55,45,51,61,49,39,45,62,41,40,52,56
ASV159,63,64,43,34,17,12,23,22,33,45,36,38,41,45,45,38,58,99,109,71,48,98,88,82,44,65,54,49,59,60,50
ASV160,68,77,197,130,98,96,90,106,92,87,94,71,100,133,96,92,102,250,251,308,183,204,361,247,256,228,186,227,268,240,212
ASV161,76,86,1,1,2,2,2,5,4,9,9,9,7,13,7,12,9,33,38,23,14,22,24,16,17,17,10,10,11,12,10
ASV162,256,308,75,39,35,35,22,37,22,21,23,20,40,36,31,43,48,117,117,129,108,156,153,106,87,118,81,87,168,136,157
ASV163,83,145,18,14,11,10,5,21,13,19,25,28,25,30,21,31,26,38,46,56,30,42,46,50,42,24,29,32,32,27,37
ASV166,148,199,73,41,46,43,26,56,47,71,78,72,76,84,49,52,77,108,130,78,65,67,80,50,34,47,29,37,30,31,25
ASV167,50,72,93,90,89,73,58,88,55,57,34,59,97,79,49,81,82,146,110,136,105,115,82,93,82,73,76,58,74,96,91
ASV168,70,115,166,170,138,122,94,137,97,242,204,190,231,203,207,155,177,544,527,565,351,318,449,282,249,215,197,211,232,163,151
ASV169,54,75,20,15,15,11,13,13,15,17,19,22,21,28,25,45,39,101,116,80,53,67,97,73,55,62,46,33,40,37,22
ASV170,18,33,38,52,45,52,31,24,5,9,6,7,15,24,16,16,13,34,52,47,39,39,98,83,109,77,70,121,150,96,78
ASV171,28,22,57,90,80,97,50,79,60,53,54,88,58,63,41,29,23,94,93,86,95,77,142,65,132,112,77,131,115,136,95
ASV172,62,79,90,89,65,70,52,66,49,75,61,47,58,46,45,42,47,85,125,97,76,111,199,181,141,141,123,127,147,168,174
ASV174,19,22,5,6,7,3,9,12,8,23,36,27,22,32,14,34,42,52,75,49,28,36,29,38,16,20,13,21,15,5,10
ASV177,50,49,18,15,7,9,10,21,22,66,42,36,30,40,25,26,34,68,63,51,31,36,44,33,30,26,22,21,14,6,14
ASV178,51,74,105,137,97,95,74,87,65,37,33,30,33,30,19,23,17,42,53,69,58,39,127,100,122,80,68,136,108,85,70
ASV179,103,117,214,148,192,124,51,40,54,42,33,73,73,85,73,114,126,220,316,332,383,231,1939,386,394,512,323,479,693,567,646
ASV183,23,46,60,63,43,51,41,109,83,122,95,87,86,79,70,80,92,232,244,207,144,109,191,101,83,81,88,75,64,44,73
ASV184,30,35,64,90,63,75,45,122,83,122,116,85,110,112,65,60,85,159,187,154,115,100,148,98,108,70,58,82,58,66,63
ASV185,63,106,61,33,27,32,32,26,8,4,7,11,10,17,11,11,13,30,24,38,27,32,56,49,41,40,41,53,52,49,51
ASV186,28,59,19,12,10,4,8,15,17,26,29,11,27,20,20,25,35,49,52,111,36,68,48,32,43,30,17,21,31,37,19
ASV188,47,47,45,42,36,35,31,41,28,58,68,55,62,53,59,46,69,150,120,142,89,97,122,92,90,52,69,75,76,60,53
ASV189,168,269,171,152,105,105,96,119,105,117,94,83,68,101,84,119,126,260,279,309,213,212,371,246,186,180,178,158,185,208,231
ASV194,17,32,63,68,55,63,49,55,49,32,31,28,47,50,52,37,31,49,68,74,39,44,141,92,107,100,112,99,107,61,87
ASV196,88,118,17,17,7,5,8,9,5,6,11,10,6,15,4,13,16,21,26,32,12,32,40,29,35,36,31,28,31,32,35
ASV197,24,39,60,79,69,68,55,115,103,138,105,102,93,128,115,133,102,192,214,171,148,123,160,112,104,87,72,98,67,66,73
ASV198,27,46,48,46,39,43,31,87,91,180,156,101,116,124,105,59,78,254,267,225,155,117,116,107,76,79,54,51,61,62,49
ASV199,2,4,15,32,17,30,36,28,22,24,9,9,28,27,30,13,16,33,59,54,18,42,156,155,168,111,98,118,92,54,79
ASV200,27,22,52,81,55,75,45,58,45,59,55,51,76,76,54,41,59,125,141,133,107,121,181,118,87,97,86,147,131,87,109
ASV201,9,18,38,77,57,57,74,90,78,38,26,40,14,27,10,14,4,7,17,13,7,9,24,7,6,18,4,5,21,11,2
ASV202,64,94,16,16,9,9,8,14,12,21,19,8,18,18,20,32,31,65,51,48,32,45,41,27,27,20,13,17,24,17,31
ASV204,12,7,32,31,20,19,12,21,22,17,21,14,13,15,13,15,12,30,27,39,31,23,65,81,59,52,50,76,70,51,47
ASV206,62,48,7,3,4,2,1,7,10,15,8,9,25,28,15,21,79,68,72,68,44,41,46,48,32,22,26,21,17,12,8
ASV207,15,20,31,33,33,11,11,10,8,25,30,21,60,66,52,53,58,125,143,194,97,79,148,113,106,79,71,89,116,101,99
ASV208,42,54,98,76,64,62,61,94,62,130,103,80,108,105,83,61,93,194,248,219,167,143,200,119,126,121,94,113,120,94,79
ASV209,16,24,46,85,46,64,51,46,36,48,46,45,38,49,37,33,37,64,72,78,46,59,95,67,74,49,46,52,48,56,51
ASV210,51,86,18,20,12,14,19,15,16,26,19,13,14,36,18,17,28,28,44,39,22,31,44,38,14,34,29,27,27,31,29
ASV212,34,44,10,15,10,8,2,11,12,12,10,7,8,7,15,10,13,21,28,17,16,16,11,22,8,19,16,11,13,14,17
ASV213,81,106,87,57,40,48,35,26,25,67,53,60,35,90,46,70,87,187,199,134,137,177,235,205,118,175,130,177,230,212,181
ASV214,19,16,55,34,38,41,54,67,106,16,32,34,61,39,33,25,14,15,28,43,43,22,72,46,110,60,80,142,87,73,45
ASV215,11,10,14,16,3,0,2,1,1,6,3,2,32,19,7,3,0,2,1,0,3,2,1,1,5,4,0,5,1,1,4
ASV217,21,27,49,70,32,49,28,53,49,75,61,48,54,83,41,61,37,111,109,114,82,53,86,50,60,38,33,38,34,32,34
ASV218,13,37,36,43,26,31,30,35,29,60,47,60,63,70,58,57,69,132,153,147,93,94,137,76,76,58,73,60,70,73,73
ASV219,31,53,6,5,2,1,2,5,2,4,9,3,3,11,6,7,12,41,13,153,22,24,15,31,25,18,18,15,10,10,21
ASV221,62,56,14,13,6,15,3,14,12,53,33,48,31,48,28,55,67,176,259,141,82,98,99,97,49,82,48,44,38,68,35
ASV222,37,41,29,18,16,25,12,24,15,34,32,19,21,28,34,35,28,54,83,56,31,36,69,65,49,43,36,42,46,44,28
ASV226,33,35,36,79,68,51,50,84,113,102,72,105,105,108,52,65,57,136,139,117,137,100,70,70,71,60,50,46,36,50,44
ASV228,29,33,19,15,10,6,12,10,8,21,25,39,21,23,24,43,53,85,94,84,38,64,93,78,39,56,39,30,31,43,44
ASV230,41,61,18,9,5,19,2,17,7,10,9,8,16,11,13,14,12,29,25,49,21,24,30,34,18,23,14,12,18,16,23
ASV231,39,30,78,92,67,87,50,73,67,98,55,47,49,50,33,27,40,74,107,72,55,68,108,81,74,50,48,78,61,60,76
ASV232,13,15,34,10,23,20,13,12,13,10,6,10,8,5,11,10,14,20,17,24,22,29,52,39,38,37,51,46,47,40,51
ASV235,177,209,40,23,25,18,15,16,15,19,18,24,18,24,19,22,16,64,46,70,45,58,58,58,47,53,62,60,93,82,107
ASV239,21,28,51,50,40,39,36,69,48,82,65,47,50,70,51,51,71,112,122,141,83,65,82,67,45,51,46,60,48,31,43
ASV242,104,121,36,21,20,16,9,20,12,31,37,39,39,51,53,52,59,126,138,133,81,113,121,107,78,99,76,73,108,126,85
ASV243,42,68,14,9,15,4,2,13,4,10,10,8,17,11,18,10,11,29,41,13,13,30,25,27,24,17,13,21,19,20,18
ASV244,34,50,6,6,12,7,3,7,5,11,14,7,11,11,8,8,14,29,16,20,12,19,18,13,18,15,9,12,13,12,14
ASV245,42,55,3,6,5,3,5,7,7,6,10,9,8,8,11,10,6,14,21,10,15,17,14,8,16,16,12,10,7,6,11
ASV246,40,84,187,128,97,90,79,90,75,33,41,37,40,56,43,49,48,52,80,111,68,76,167,130,110,152,98,131,107,95,118
ASV247,6,3,20,30,21,37,29,25,22,20,12,11,20,17,22,14,13,31,42,44,34,32,82,77,94,58,48,87,72,67,46
ASV248,38,53,27,29,20,25,16,33,28,69,50,41,56,55,49,45,54,94,87,118,111,54,74,63,71,46,55,61,41,27,40
ASV249,8,19,3,5,2,0,1,4,1,11,3,5,7,5,8,9,7,21,30,67,20,10,21,18,22,13,14,17,22,5,25
ASV253,25,37,70,132,94,119,86,114,81,78,59,47,77,67,54,61,23,87,82,87,78,94,138,148,213,123,134,217,164,94,117
ASV254,20,42,47,34,38,45,33,67,56,33,17,19,16,27,14,12,24,13,33,30,22,25,52,25,18,25,20,21,12,8,18
ASV255,29,38,21,17,15,8,8,16,16,28,27,36,27,58,60,50,78,202,188,175,139,130,124,121,90,83,73,67,83,82,88
ASV258,5,8,5,31,46,43,31,43,48,31,12,11,15,22,29,17,5,21,13,27,14,14,46,16,37,16,20,30,29,13,14
ASV259,36,43,83,71,67,58,52,42,44,91,73,77,111,107,82,78,111,184,226,227,155,132,244,190,156,124,141,137,156,145,138
ASV260,111,141,24,19,13,16,18,30,26,37,54,64,53,46,31,27,30,79,86,87,65,73,53,27,22,10,11,4,11,6,16
ASV261,16,25,60,90,84,77,54,58,44,10,16,10,10,21,21,15,7,26,40,53,24,44,93,78,66,64,61,68,69,38,31
ASV262,23,37,59,45,35,50,30,50,36,98,89,62,74,81,76,87,100,153,179,162,111,85,138,135,88,44,80,86,74,82,80
ASV263,28,28,67,97,79,89,76,87,73,91,101,64,51,61,44,47,21,56,46,50,28,27,70,55,54,35,48,55,60,42,47
ASV264,188,299,171,230,178,196,233,844,785,2696,2155,1956,1938,2140,1949,1772,1636,3481,3516,2769,1728,1349,2131,1607,1143,1017,931,714,704,527,558
ASV269,15,14,35,167,172,159,201,250,212,81,51,53,122,74,60,28,24,36,42,42,17,31,53,40,45,25,10,29,39,10,17
ASV270,140,158,56,44,33,49,34,66,51,108,83,67,112,109,102,98,82,206,208,178,145,139,157,141,128,102,125,123,101,107,95
ASV272,14,35,6,7,2,0,3,5,3,5,5,3,5,8,7,4,8,8,10,15,9,9,9,13,7,7,3,8,8,6,4
ASV274,9,18,29,40,36,35,20,62,55,42,32,14,20,34,20,21,16,43,44,41,23,23,41,38,24,40,26,15,26,14,23
ASV275,349,383,59,35,24,18,24,52,38,19,8,8,4,5,4,5,10,22,24,26,18,21,52,38,31,43,40,50,52,50,61
ASV279,17,27,3,3,3,1,0,0,1,11,13,11,9,13,5,17,29,83,87,72,51,30,45,39,18,31,19,11,10,11,7
ASV280,94,114,29,41,34,28,26,40,22,69,76,71,58,74,67,80,64,131,146,104,78,88,96,77,68,73,65,54,58,35,40
ASV286,28,35,44,50,27,28,22,42,32,9,13,23,27,27,20,33,27,52,65,61,47,47,110,89,117,66,78,87,68,61,76
ASV288,33,30,66,73,70,73,61,42,43,74,109,421,152,274,197,234,198,363,490,462,430,296,1075,240,287,273,208,192,259,250,255
ASV289,25,27,43,41,47,29,36,45,71,78,41,98,92,153,130,124,128,217,278,194,147,130,210,104,166,126,131,100,137,135,160
ASV290,43,97,26,23,12,8,6,13,8,35,30,17,26,23,14,28,38,81,87,67,63,65,102,91,62,90,55,55,71,96,53
ASV294,3,2,6,5,6,10,15,25,20,8,11,10,17,14,13,6,8,9,15,9,10,10,9,7,8,6,6,9,8,6,7
ASV299,13,16,1,4,3,4,6,3,5,16,16,12,25,26,19,21,42,62,57,45,39,47,50,48,25,30,25,31,12,19,15
ASV300,43,52,49,33,30,41,28,38,27,56,43,31,43,42,54,32,27,59,66,66,41,45,53,56,33,44,35,50,36,37,33
ASV303,18,21,31,35,22,24,16,33,26,31,17,20,30,26,39,28,25,53,64,63,62,39,80,64,61,33,30,28,34,38,43
ASV307,76,103,29,19,12,23,14,16,9,13,14,18,32,29,20,27,21,54,57,55,87,70,46,59,106,38,28,29,39,51,51
ASV308,34,30,8,7,5,7,1,11,4,11,5,2,4,4,6,4,7,21,13,19,6,10,8,12,14,8,14,5,9,7,7
ASV310,39,59,23,10,13,12,16,21,23,26,24,14,22,16,27,23,38,80,89,83,59,49,87,68,52,54,48,41,47,40,38
ASV314,55,83,58,39,24,39,24,33,28,71,45,40,26,47,33,21,48,78,95,68,45,95,74,54,39,50,32,29,53,76,44
ASV315,10,9,20,32,35,29,26,25,27,21,28,20,19,32,15,24,18,23,43,38,28,27,42,51,39,38,27,51,22,25,13
ASV316,58,51,67,56,34,33,29,21,32,48,39,50,40,54,41,55,71,123,139,144,90,110,131,90,75,51,59,69,66,59,66
ASV317,25,28,27,47,58,60,51,85,77,69,42,14,61,56,46,41,28,51,68,62,43,41,72,50,51,59,47,65,97,48,42
ASV319,27,53,43,36,24,37,20,66,46,56,50,29,26,36,25,25,20,99,78,81,59,42,64,64,51,41,41,35,32,27,30
ASV322,14,29,11,3,8,1,2,6,9,9,7,6,4,13,2,5,2,21,19,8,7,15,11,12,10,5,7,12,8,11,9
ASV328,20,29,39,24,25,26,12,42,41,48,36,35,49,36,39,42,52,99,159,108,61,58,103,76,51,57,50,48,52,47,67
ASV333,60,68,3,0,0,3,0,4,3,5,5,15,15,17,12,10,17,26,31,27,18,18,20,31,19,22,13,17,7,11,8
ASV334,211,224,22,32,26,15,11,46,57,206,175,122,146,195,152,173,197,405,393,371,270,189,241,234,214,160,119,120,87,73,92
ASV341,5,20,6,5,1,4,1,8,9,10,7,7,6,9,4,20,10,11,14,43,12,20,14,15,5,10,13,7,10,9,6
ASV342,21,19,34,17,33,34,27,26,16,24,30,25,33,29,39,28,27,60,51,59,47,38,59,64,37,41,40,38,30,33,29
ASV343,4,5,9,15,5,25,16,18,17,12,12,9,16,15,15,6,10,23,30,24,16,30,91,93,81,61,64,74,76,47,56
ASV345,43,63,6,11,6,5,2,11,3,15,14,13,18,14,8,9,16,20,15,18,20,11,10,14,14,12,9,10,5,5,6
ASV349,109,133,34,29,26,19,9,41,55,55,32,16,37,42,46,43,56,92,137,120,110,96,171,161,119,140,118,111,121,102,74
ASV352,10,7,20,35,25,26,21,53,47,40,29,22,23,29,17,16,10,30,26,26,22,19,32,30,25,26,12,19,26,18,14
ASV358,21,29,25,30,22,28,14,30,21,61,50,37,39,53,48,69,44,100,121,120,71,53,55,42,47,43,30,32,24,20,26
ASV359,0,2,2,3,6,1,1,4,2,111,65,16,56,31,10,10,17,24,31,41,15,16,39,18,24,28,19,19,12,6,3
ASV360,19,23,7,5,1,6,4,16,9,16,11,27,12,20,22,19,21,33,40,23,27,23,32,17,14,9,10,7,9,14,12
ASV361,9,15,39,35,31,27,14,22,10,4,2,7,3,1,1,0,1,0,5,4,2,4,7,4,5,2,5,4,12,14,12
ASV367,52,46,18,25,9,10,7,14,13,19,32,23,25,32,33,30,38,122,106,102,86,63,76,62,43,47,40,32,29,45,38
ASV368,20,21,9,8,6,4,3,8,5,14,12,2,5,7,6,5,6,11,9,14,8,8,13,6,8,11,7,4,9,7,6
ASV370,32,76,11,14,20,8,3,15,12,22,16,23,11,22,19,20,26,54,47,43,27,27,43,37,26,27,28,11,13,15,10
ASV371,63,62,132,102,65,86,48,141,96,31,20,21,26,31,23,34,24,39,57,33,35,38,119,93,89,67,79,80,95,68,102
ASV372,45,41,36,23,18,23,10,23,16,22,17,15,14,25,16,25,28,53,63,45,41,50,73,63,37,55,41,40,60,64,67
ASV374,4,8,36,22,17,14,7,15,9,5,1,2,14,9,6,13,13,28,33,28,40,55,97,77,69,63,76,91,91,70,94
ASV378,3,6,15,5,9,5,6,9,13,33,19,29,29,63,30,24,26,120,69,60,108,19,39,5,6,11,6,9,11,8,7
ASV380,7,16,12,9,14,7,4,9,11,13,18,19,31,47,43,60,53,117,154,208,133,92,173,98,88,83,69,99,86,74,95
ASV381,47,64,61,67,71,68,59,47,32,50,46,51,69,47,50,56,64,211,158,154,159,133,124,137,73,59,41,32,41,53,63
ASV382,25,21,1,7,4,3,4,4,4,6,6,6,7,8,5,4,5,13,5,24,9,9,11,10,9,6,7,10,6,9,8
ASV383,32,41,19,7,10,14,6,14,12,24,18,3,9,13,16,8,15,31,23,23,28,27,22,18,12,20,19,16,13,23,13
ASV384,20,29,35,47,44,40,29,52,61,58,37,26,33,32,24,24,25,65,61,73,38,33,62,62,25,46,42,52,48,41,42
ASV387,43,41,7,5,3,1,4,7,5,25,35,16,17,22,18,15,30,37,49,43,28,14,30,18,36,21,15,18,12,8,14
ASV388,50,51,6,10,10,10,17,15,22,44,29,32,22,44,35,33,45,92,96,72,39,46,83,52,41,39,23,21,18,19,12
ASV389,16,26,16,15,6,13,7,4,7,12,10,11,9,9,8,23,10,25,30,24,9,25,34,35,25,28,39,36,39,56,45
ASV390,11,17,46,90,70,94,48,47,54,13,8,10,14,13,19,10,15,22,21,42,29,36,77,62,94,58,43,57,49,26,30
ASV392,32,54,43,23,32,16,11,11,13,15,14,28,45,51,30,33,36,143,138,120,100,80,86,44,44,51,41,32,55,63,66
ASV393,58,93,5,11,6,13,5,12,15,6,9,8,11,13,11,11,16,33,23,32,23,17,20,20,19,16,19,11,12,14,14
ASV395,5,2,4,21,31,22,27,22,34,40,19,19,19,15,10,8,4,5,11,22,7,6,8,6,1,13,3,8,5,0,1
ASV397,59,91,22,10,11,11,4,8,17,8,20,7,22,17,10,14,19,49,40,38,25,23,31,32,20,20,30,34,19,21,18
ASV401,35,27,12,6,2,9,4,3,5,14,9,10,17,9,7,18,14,15,28,27,21,15,20,24,17,28,13,11,20,20,22
ASV403,39,85,63,24,36,16,56,19,12,9,19,25,32,15,5,23,10,34,51,53,230,227,59,58,46,41,13,28,42,21,97
ASV404,13,18,27,32,35,31,25,46,7,13,17,7,14,9,15,10,21,42,46,40,38,30,71,54,46,40,40,60,53,51,53
ASV406,60,72,20,19,8,8,6,12,18,23,38,23,30,26,28,29,63,165,199,152,100,71,74,62,41,40,37,33,28,22,29
ASV411,13,28,60,55,36,49,32,50,36,12,14,9,20,13,12,15,21,26,26,32,32,21,78,48,73,52,40,60,42,41,46
ASV413,29,29,9,10,7,3,1,5,9,6,6,5,14,3,3,13,3,10,20,13,9,15,9,16,10,13,9,8,9,14,6
ASV414,29,30,34,10,11,9,11,10,17,9,12,68,32,45,36,20,24,74,41,52,76,43,38,63,31,33,34,45,61,24,35
ASV415,34,26,38,48,42,51,24,47,47,77,55,44,66,50,37,22,35,42,64,86,55,43,78,67,77,37,35,60,59,39,34
ASV417,13,19,29,29,43,45,39,65,44,60,44,40,46,40,39,19,30,42,50,59,35,30,53,42,41,24,24,42,42,22,31
ASV419,9,12,1,1,2,2,0,2,0,5,8,10,7,10,8,11,10,12,17,13,8,9,11,14,9,12,9,7,3,6,2
ASV420,95,65,82,32,27,26,20,11,9,6,5,9,17,16,24,33,41,82,88,124,88,103,141,144,125,113,143,126,216,243,219
ASV422,99,111,19,8,4,4,2,0,2,3,2,0,2,2,7,1,2,7,10,7,8,10,16,14,16,14,12,20,24,17,30
ASV426,33,49,18,4,6,7,2,6,13,17,11,14,13,15,18,12,18,31,37,22,24,15,48,27,30,34,22,27,16,27,30
ASV428,16,29,51,56,72,65,58,64,33,54,50,71,82,74,47,79,37,64,87,81,60,64,195,38,103,101,52,66,72,56,62
ASV429,4,27,52,120,48,74,92,175,72,24,24,37,43,58,26,41,46,52,111,51,55,75,10,2,0,0,0,1,1,1,1
ASV431,86,137,29,16,14,13,11,96,34,17,23,23,32,63,53,62,50,88,80,23,27,26,14,16,15,3,7,5,9,2,6
ASV434,12,31,29,32,43,48,28,43,39,84,69,69,90,66,55,72,82,148,162,128,95,92,132,83,58,60,59,57,61,61,53
ASV437,10,5,17,16,16,18,20,32,30,17,15,9,17,16,17,13,11,29,46,72,70,52,52,48,48,41,50,56,77,76,82
ASV439,18,15,37,59,57,55,61,86,92,137,108,83,86,93,74,55,71,126,129,120,58,76,95,52,51,45,35,65,40,36,31
ASV442,28,49,24,10,7,9,13,16,15,39,22,29,22,29,20,28,32,49,70,40,31,55,66,49,17,39,15,31,42,62,30
ASV443,12,12,24,37,34,48,39,55,53,107,66,52,56,78,56,46,45,105,113,71,49,48,70,46,55,29,28,41,30,26,42
ASV445,17,23,8,6,2,1,2,7,5,4,1,1,5,6,3,4,3,14,11,15,12,3,5,4,6,4,5,7,7,4,8
ASV448,89,115,92,44,33,36,39,52,53,107,96,88,104,122,84,108,132,256,284,245,172,151,317,220,155,160,117,105,147,122,144
ASV449,6,6,31,49,38,37,45,15,14,15,10,6,12,9,7,1,0,1,2,2,2,2,6,16,8,9,5,6,8,4,5
ASV454,2,13,29,41,25,24,28,63,51,33,20,28,41,33,48,26,37,73,73,58,59,45,117,55,81,88,92,91,85,55,61
ASV458,11,18,17,38,34,25,19,28,15,14,13,1,11,5,8,5,4,10,4,16,10,5,24,23,22,22,31,36,26,6,21
ASV459,22,45,61,93,83,81,52,114,92,107,86,72,72,63,60,39,56,101,114,116,92,91,127,69,105,72,64,103,87,125,83
ASV461,10,11,19,25,13,23,20,43,25,54,59,45,82,96,80,56,67,125,115,98,81,70,172,151,153,97,119,152,96,99,84
ASV463,10,11,20,47,45,47,29,69,61,62,54,41,42,39,32,17,23,24,39,41,24,29,42,39,22,36,27,22,28,18,15
ASV465,34,25,12,10,5,8,4,12,6,12,11,9,15,11,7,6,9,17,12,19,15,18,26,19,14,3,16,14,12,18,6
ASV467,25,26,39,44,31,38,37,52,45,70,57,52,49,64,49,84,35,109,109,102,92,74,113,91,70,82,72,54,54,41,34
ASV472,76,77,10,6,5,7,3,9,9,7,14,15,10,14,9,27,21,30,61,38,36,25,28,23,17,21,18,26,16,25,26
ASV473,9,15,2,0,1,2,3,7,1,9,5,6,17,8,5,4,1,10,12,107,7,12,6,4,4,4,5,3,3,2,4
ASV476,29,27,44,58,50,38,27,43,38,27,32,27,46,36,31,20,22,46,49,42,41,12,89,47,45,46,24,51,35,29,48
ASV477,3,4,8,5,2,3,5,6,5,11,13,6,16,19,21,33,16,45,48,66,54,34,52,51,45,43,37,64,65,65,74
ASV479,8,3,3,3,1,1,1,4,5,182,198,132,77,53,46,29,26,54,44,58,41,22,43,35,21,17,19,13,17,14,22
ASV481,56,98,175,117,75,81,64,79,65,87,67,79,123,80,77,104,109,214,303,237,159,156,246,196,125,120,92,139,160,150,135
ASV482,16,13,45,68,80,83,61,107,93,51,46,39,47,62,52,25,47,104,135,120,81,116,200,109,126,72,78,77,85,50,47
ASV486,11,5,25,14,6,4,7,2,2,24,58,78,97,140,102,69,84,146,208,229,329,85,203,102,94,85,69,92,111,66,57
ASV489,35,37,62,42,53,34,36,60,76,136,67,57,68,62,62,39,65,128,123,96,50,46,106,75,66,93,85,112,121,120,112
ASV491,33,33,2,2,2,1,1,6,4,12,7,4,2,7,10,17,29,57,63,44,31,33,36,38,16,33,19,20,22,21,13
ASV492,39,50,33,18,16,8,11,11,3,6,2,17,9,19,16,24,21,61,79,66,48,67,109,73,83,85,74,102,144,149,151
ASV493,18,26,6,3,4,3,2,4,2,4,6,2,6,2,5,3,10,9,11,11,9,7,6,5,7,5,7,5,3,3,5
ASV499,31,29,28,25,17,18,14,26,17,24,14,26,24,35,31,30,28,54,69,62,42,36,74,74,43,39,52,44,57,57,51
ASV503,7,13,0,8,3,3,2,4,8,19,28,9,23,26,20,29,30,76,67,69,50,28,33,23,13,20,25,25,13,15,17
ASV505,17,26,55,34,28,37,23,41,36,43,34,30,39,33,40,29,37,97,115,106,64,88,187,133,116,70,81,113,104,78,104
ASV507,29,46,56,40,45,55,32,31,24,40,30,37,63,44,29,42,52,132,96,110,115,82,85,87,48,35,38,27,29,40,40
ASV509,33,22,44,62,62,60,49,61,53,59,47,20,34,32,16,15,10,28,30,33,43,12,29,28,46,29,16,42,29,21,12
ASV513,32,52,103,75,58,75,40,71,49,50,54,50,63,41,58,51,55,131,118,110,118,88,225,157,138,104,128,134,141,116,155
ASV521,46,57,10,0,4,1,1,4,1,5,2,1,4,1,0,5,3,8,16,7,8,6,12,11,14,6,5,5,11,6,5
ASV524,31,26,37,55,48,44,36,62,52,61,51,32,48,34,49,30,39,79,95,64,62,35,51,39,61,51,22,42,45,47,26
ASV525,28,40,10,7,7,11,10,8,13,34,26,41,34,55,33,47,49,99,106,81,59,80,64,50,40,41,17,32,40,30,19
ASV526,16,21,40,44,48,27,32,38,39,6,11,6,14,6,12,17,3,13,16,20,12,7,35,29,20,30,15,19,40,19,11
ASV531,12,21,45,54,48,43,28,47,19,24,12,22,20,19,16,20,3,10,10,9,7,14,13,13,15,7,13,32,31,12,24
ASV534,29,68,9,6,6,6,7,11,13,4,7,1,5,4,4,1,1,8,12,2,7,2,9,5,5,6,2,5,8,5,2
ASV535,42,43,17,14,12,9,15,21,9,18,9,15,13,25,11,4,10,22,25,31,18,23,26,18,15,21,16,18,12,7,18
ASV541,18,30,1,3,2,2,4,1,7,4,2,3,3,6,5,7,8,18,12,5,2,5,2,2,4,7,7,2,0,2,3
ASV544,32,46,84,99,84,89,59,46,47,70,52,70,57,86,78,64,43,102,113,118,69,69,121,115,129,111,106,118,121,97,126
ASV550,35,39,25,22,22,19,10,35,33,109,91,72,65,79,75,76,122,225,212,220,119,61,117,101,55,58,37,41,31,33,30
ASV553,0,0,0,0,0,3,0,0,6,71,18,6,8,5,1,2,3,4,7,1,1,2,6,3,2,0,3,1,3,1,0
ASV559,19,51,13,13,7,2,3,5,9,0,0,3,8,121,19,96,9,159,92,84,48,23,30,135,115,109,69,122,477,275,109
ASV560,7,15,3,1,3,0,0,7,2,13,7,9,6,8,9,6,7,18,22,11,12,10,5,10,5,4,9,4,4,2,3
ASV562,27,45,49,43,41,40,46,69,56,93,93,84,98,119,100,91,65,105,128,127,76,80,135,63,63,50,59,56,47,40,36
ASV563,15,28,6,5,4,3,3,4,2,7,5,3,8,5,6,4,5,10,11,9,8,16,11,7,11,5,7,6,11,10,10
ASV569,35,23,49,21,21,16,17,22,9,6,5,6,9,8,6,14,10,26,76,48,51,60,163,123,162,117,129,133,150,90,87
ASV578,11,16,22,19,24,21,13,34,37,57,57,50,47,51,35,32,12,57,45,39,53,36,36,27,31,24,19,31,27,16,17
ASV587,46,56,23,25,33,19,10,14,7,57,35,21,56,111,46,72,52,353,152,295,99,95,133,58,65,79,56,56,65,81,48
ASV591,13,20,26,36,34,33,28,54,42,73,63,59,45,59,44,35,33,97,81,100,67,64,87,51,57,60,49,51,45,54,31
ASV598,18,27,26,22,24,35,25,45,31,27,26,21,25,28,34,34,29,57,57,70,61,49,85,54,55,51,48,57,58,31,36
ASV601,0,1,0,1,6,3,3,5,11,8,4,6,30,25,7,18,1,15,7,10,2,4,8,2,1,1,1,0,2,0,0
ASV608,3,13,10,13,4,10,6,9,10,7,3,9,8,14,16,47,18,76,89,72,52,43,78,35,36,43,26,33,35,25,45
ASV616,36,36,44,46,47,46,36,74,53,64,72,76,78,72,56,58,96,147,162,149,87,77,120,87,73,76,65,84,88,64,64
ASV622,0,0,1,5,1,1,5,9,5,3,5,9,6,3,2,1,7,7,4,1,0,0,2,0,0,1,0,0,0,0,0
ASV639,10,6,8,3,1,5,12,8,6,7,7,23,25,34,13,26,16,44,74,46,61,37,80,31,23,25,22,52,34,57,49
ASV654,11,10,12,8,13,8,1,9,6,4,5,17,26,41,24,30,18,70,63,118,42,50,57,43,51,40,29,41,54,45,44
ASV660,50,55,43,18,29,26,21,33,29,25,20,21,24,25,26,27,23,54,49,44,31,43,42,50,44,26,28,33,33,26,41
ASV665,29,18,8,3,9,5,4,2,2,4,7,6,2,9,9,6,5,22,20,25,19,25,15,10,6,10,0,5,11,7,4
ASV666,40,23,43,34,13,11,6,3,4,17,25,19,52,65,74,58,56,144,195,184,117,80,200,124,104,72,67,61,102,24,45
ASV668,13,15,9,8,2,5,1,8,7,7,10,8,10,4,4,4,5,16,24,12,13,9,15,11,7,11,9,3,8,7,5
ASV672,16,30,19,4,3,3,5,0,2,0,0,0,1,2,1,0,2,0,2,0,0,0,3,2,3,6,7,20,34,54,81
ASV679,97,97,33,13,11,11,7,5,5,6,5,8,4,7,15,6,18,25,31,32,23,30,30,46,32,43,39,30,77,72,73
ASV682,2,5,1,4,3,2,5,11,5,28,20,21,28,30,11,8,8,11,12,12,8,4,0,0,3,1,0,1,2,0,0
ASV683,14,18,50,22,12,8,4,9,11,18,6,25,5,33,11,3,10,21,9,7,135,12,19,14,37,28,8,11,12,17,7
ASV687,16,37,13,9,9,10,6,12,8,13,12,3,6,8,9,9,6,27,16,21,13,14,9,12,10,14,7,9,11,6,15
ASV691,1,0,0,1,0,2,0,2,0,2,1,0,4,3,1,0,0,5,1,1,0,0,0,2,0,0,1,1,0,1,0
ASV695,12,9,7,5,3,2,1,3,3,12,3,7,14,11,3,12,8,24,16,14,19,12,12,16,7,9,4,7,27,6,5
ASV700,11,10,24,15,9,7,5,10,16,22,17,15,17,16,17,20,38,77,95,79,72,53,79,65,66,48,39,71,53,43,53
ASV704,8,9,11,9,23,7,6,9,7,26,22,32,39,56,34,22,34,70,45,47,32,36,26,15,18,11,5,12,10,6,11
ASV708,56,68,43,32,31,21,20,45,45,59,40,51,53,54,47,32,46,82,85,84,66,59,78,67,51,35,68,57,60,39,56
ASV722,46,82,100,124,73,73,45,96,68,81,69,54,108,107,103,97,36,49,60,86,28,25,179,138,132,120,137,145,93,49,90
ASV726,33,58,51,50,36,90,22,11,11,12,2,16,29,29,44,22,34,82,95,110,93,94,114,133,107,122,97,76,162,121,175
ASV729,28,43,57,28,21,25,6,4,2,20,11,3,12,16,14,25,32,50,41,39,28,24,45,38,37,38,39,41,43,24,24
ASV730,43,55,83,80,45,61,29,34,18,11,7,15,7,15,6,10,7,23,22,20,14,29,31,21,24,38,26,30,33,30,31
ASV734,6,20,24,34,18,16,18,23,22,46,43,46,44,44,37,33,35,69,82,86,53,62,77,52,31,52,37,46,51,24,24
ASV738,3,12,12,25,26,38,27,27,21,81,33,48,99,58,28,33,42,65,46,63,35,16,16,16,28,9,9,7,15,12,11
ASV739,6,7,5,13,17,24,39,43,41,47,27,27,41,42,31,26,34,36,33,53,55,18,30,30,16,13,16,26,23,22,28
ASV759,12,17,21,35,19,27,7,27,19,65,53,42,49,51,45,51,76,165,155,162,101,71,86,75,64,40,37,40,45,49,33
ASV765,19,17,29,9,6,8,2,2,0,2,0,0,0,5,0,0,6,4,4,3,3,6,5,5,11,7,9,17,43,50,38
ASV767,24,26,34,22,22,26,14,33,28,36,39,27,37,37,26,28,31,34,58,51,28,32,68,34,36,27,29,24,25,14,19
ASV769,22,37,64,66,65,67,52,96,70,40,29,23,26,21,28,22,14,38,41,67,44,49,95,69,65,63,67,56,62,47,65
ASV777,68,65,6,3,3,4,1,1,0,1,3,0,3,4,0,6,1,6,13,11,9,19,18,20,16,17,24,19,33,18,34
ASV782,4,8,6,18,4,21,9,17,7,19,8,11,24,14,7,17,4,11,16,12,9,7,11,2,16,5,2,5,11,7,4
ASV785,38,44,101,69,41,49,35,64,61,16,14,17,28,32,32,74,53,88,131,102,100,79,328,147,186,190,155,218,261,172,188
ASV791,23,30,51,41,39,43,22,74,55,32,27,22,36,44,33,32,27,59,51,69,29,45,121,66,69,67,51,72,65,54,66
ASV792,7,6,10,37,37,36,38,48,30,17,13,14,8,9,6,5,0,3,6,6,10,2,17,7,14,12,12,7,6,7,2
ASV794,27,33,82,68,42,44,37,40,31,19,27,21,20,26,22,22,21,44,68,52,45,44,88,50,52,48,50,58,59,70,61
ASV798,11,12,9,1,8,10,5,14,19,8,6,14,14,15,13,5,11,35,18,13,14,14,8,12,14,11,7,3,4,10,6
ASV809,9,16,20,20,12,18,5,42,28,37,23,22,30,27,21,36,34,85,69,55,41,40,46,37,42,34,32,26,28,14,22
ASV810,19,21,6,5,5,4,3,6,4,9,4,5,11,12,6,8,5,12,17,23,7,17,5,8,5,10,8,4,16,17,12
ASV818,1,6,5,7,8,11,9,11,5,19,8,7,13,11,11,20,8,15,14,10,10,8,8,0,12,5,5,3,8,8,5
ASV820,6,2,8,16,18,16,11,6,7,9,5,9,35,60,51,41,25,43,38,29,37,42,181,47,82,69,55,86,105,38,56
ASV827,34,67,14,17,10,2,8,10,4,28,6,7,12,19,7,14,19,35,47,61,23,27,47,47,38,33,26,21,28,39,28
ASV828,30,33,12,6,1,7,4,2,2,2,7,2,1,2,3,5,6,8,9,13,6,10,14,10,7,5,3,6,15,14,10
ASV830,15,15,2,4,5,3,3,3,3,8,8,3,4,7,5,4,6,8,8,6,4,11,6,9,4,4,7,5,8,6,7
ASV838,10,19,27,15,16,14,10,15,23,27,21,40,50,44,37,60,36,84,99,84,60,60,88,74,55,56,37,61,55,41,42
ASV845,13,23,13,11,6,12,3,24,8,42,43,26,27,32,36,45,50,155,118,130,97,36,43,31,27,24,29,20,19,21,20
ASV846,5,14,3,0,0,0,1,1,0,5,7,1,6,5,2,1,9,11,25,13,8,8,13,8,7,9,2,3,1,2,5
ASV851,1,6,11,15,14,22,20,6,8,27,28,18,8,28,25,17,17,28,20,30,16,9,29,20,26,14,11,17,23,11,11
ASV857,15,8,24,30,25,16,22,16,12,10,11,14,19,16,27,30,17,16,14,46,46,24,111,64,78,84,68,92,74,40,32
ASV863,88,122,103,117,79,78,64,153,124,153,100,81,107,110,67,79,81,148,179,145,114,99,158,91,91,83,77,84,95,52,80
ASV870,69,79,151,157,152,155,90,134,107,128,82,110,151,126,128,57,72,214,240,161,161,183,313,262,232,158,173,199,201,180,184
ASV871,9,13,8,5,7,6,4,5,4,7,3,11,11,20,13,12,7,29,13,15,14,21,12,15,13,9,8,16,14,15,8
ASV878,25,37,20,7,5,3,5,6,2,2,2,2,1,4,4,1,3,7,8,12,4,4,10,18,8,10,12,12,44,38,26
ASV882,10,8,5,4,2,5,4,9,14,26,22,7,13,13,19,16,9,14,16,16,9,16,10,5,5,9,2,5,12,9,3
ASV888,2,1,10,18,7,8,9,16,2,8,6,6,13,12,13,10,16,21,31,32,31,46,72,61,48,47,49,43,44,30,29
ASV895,26,28,8,5,3,7,2,7,4,3,3,4,2,5,2,5,5,14,13,15,10,14,7,7,4,7,9,7,12,9,9
ASV899,16,18,5,1,1,4,0,1,2,4,4,1,1,1,7,6,2,10,7,10,0,3,3,0,3,5,4,1,5,1,2
ASV900,11,12,5,6,6,10,9,7,2,15,3,7,19,10,6,9,8,18,31,22,21,20,17,11,10,8,7,12,20,9,10
ASV901,74,25,6,1,5,6,2,5,4,14,2,4,2,8,6,4,9,8,12,12,6,19,18,14,10,5,11,7,2,9,9
ASV902,7,0,1,1,2,0,1,13,4,25,10,19,19,13,17,17,25,43,29,35,25,14,8,2,8,5,2,3,2,6,1
ASV914,8,16,30,26,28,27,23,34,24,46,33,47,53,46,54,44,64,111,120,127,92,90,136,115,96,89,77,103,81,96,120
ASV922,9,11,2,2,0,1,2,2,2,0,4,1,2,5,3,3,3,6,5,5,0,7,3,5,3,1,4,9,2,2,2
ASV927,109,192,29,26,24,35,22,48,42,46,31,27,30,30,37,23,23,50,70,51,29,49,42,50,49,28,36,33,62,65,70
ASV928,21,30,16,16,11,15,12,19,25,39,32,41,21,30,35,44,57,87,119,113,54,68,89,54,59,60,33,49,46,28,29
ASV941,26,32,85,85,92,60,62,52,36,58,46,47,87,49,64,47,28,49,70,57,47,28,84,65,72,62,43,78,58,29,30
ASV953,11,12,17,14,26,20,16,21,16,40,32,36,67,74,47,66,72,111,106,66,53,90,78,32,25,20,17,16,20,11,16
ASV959,22,22,10,10,13,13,5,25,20,71,53,43,34,54,37,34,29,71,58,53,40,37,39,45,35,49,26,29,45,49,45
ASV974,12,26,3,1,2,4,2,3,1,6,6,4,11,2,5,6,8,15,15,11,8,11,7,6,9,12,8,12,15,8,10
ASV981,11,18,21,13,14,97,11,2,6,8,5,2,17,14,11,14,16,26,43,34,21,26,29,33,35,26,22,22,28,28,36
ASV989,32,34,0,1,1,3,0,3,2,1,4,1,3,3,2,2,13,5,28,13,8,5,8,5,5,12,5,13,4,11,5
ASV991,10,19,26,21,15,18,14,8,16,31,24,31,32,46,34,73,60,149,125,122,112,84,87,68,43,53,46,41,55,61,85
ASV997,15,20,4,7,4,5,2,5,3,11,6,2,14,11,6,16,4,11,17,19,3,16,12,13,10,6,15,11,23,14,10
ASV999,8,14,36,69,80,81,56,99,93,92,62,50,54,45,36,24,20,21,21,22,12,11,29,20,19,14,12,20,18,6,8
ASV1000,52,61,23,21,16,15,10,13,12,50,29,13,14,9,12,5,5,10,3,9,6,3,5,3,4,4,4,6,3,0,2
ASV1010,11,11,28,44,39,31,40,12,12,5,7,9,8,6,6,17,6,59,17,27,74,14,22,29,10,12,1,2,13,6,14
ASV1012,28,56,25,8,6,17,10,20,12,37,39,38,38,50,33,35,52,70,95,32,34,51,52,41,34,44,30,30,28,29,27
ASV1014,20,38,6,5,2,4,1,1,4,5,9,5,4,8,1,8,4,10,12,11,10,10,8,9,4,8,4,6,10,11,13
ASV1023,1,6,4,5,6,8,5,12,20,33,19,54,35,28,32,26,33,25,29,50,21,26,19,14,18,26,13,20,17,4,5
ASV1024,21,21,1,4,6,2,0,4,3,7,2,1,1,10,3,0,13,10,7,11,4,11,10,15,8,21,11,11,14,12,8
ASV1026,37,32,56,32,25,38,15,20,20,12,24,18,12,34,30,52,43,82,95,99,59,61,131,94,77,103,83,82,101,78,96
ASV1031,18,19,57,35,22,27,17,19,15,1,0,0,1,0,2,1,0,4,2,2,5,1,14,9,16,9,4,18,22,7,16
ASV1035,11,10,24,51,39,49,21,53,35,15,9,9,20,11,5,19,2,13,16,12,15,12,30,19,19,24,16,33,15,16,23
ASV1038,2,10,20,19,3,8,7,5,4,0,1,0,0,0,0,4,4,12,26,27,6,19,64,72,72,61,52,59,34,47,53
ASV1056,8,10,4,1,3,3,1,2,3,4,5,6,9,9,5,7,10,12,14,10,6,10,14,8,12,12,9,10,10,12,7
ASV1059,38,67,24,21,16,21,13,25,24,41,37,29,32,52,37,19,42,61,112,46,35,41,35,40,20,43,15,28,24,21,16
ASV1061,20,33,7,7,4,5,7,4,7,5,3,8,8,11,9,4,7,20,16,11,8,9,14,11,13,11,7,3,11,12,13
ASV1063,12,10,22,45,20,40,26,25,14,23,26,31,39,38,25,31,39,91,102,95,54,75,103,80,62,49,51,50,47,28,34
ASV1070,0,0,0,0,1,0,0,0,0,0,0,0,0,0,0,0,0,0,0,0,0,0,0,0,1,0,0,0,0,0,0
ASV1077,25,26,42,26,10,15,5,4,5,2,0,1,2,6,5,9,4,17,24,22,16,33,45,67,64,71,56,136,176,109,126
ASV1085,12,58,1,3,0,1,1,8,1,3,8,1,5,5,3,10,6,20,24,23,12,8,12,36,11,9,46,8,4,5,1
ASV1091,27,16,89,44,49,47,32,49,42,19,15,7,13,14,9,7,8,11,22,22,20,18,74,44,61,47,46,88,93,53,65
ASV1097,64,70,145,124,112,106,80,120,95,205,186,120,179,174,135,154,178,362,440,353,254,199,397,246,176,154,178,186,215,145,199
ASV1099,12,13,33,61,43,43,41,80,64,49,48,30,27,39,23,16,12,21,19,16,23,11,28,20,17,20,10,17,19,8,9
ASV1109,3,6,5,6,9,10,10,18,21,24,19,25,30,28,41,24,18,22,18,19,31,10,10,12,3,3,3,2,19,18,4
ASV1117,9,11,3,4,2,0,1,1,3,3,4,7,3,3,3,5,5,19,14,16,12,7,7,14,8,2,2,4,3,2,4
ASV1121,15,6,1,6,4,8,3,2,1,6,3,5,8,9,5,3,4,16,13,12,3,8,6,7,3,5,4,4,7,3,5
ASV1122,6,6,6,2,1,0,0,4,2,7,1,9,2,11,4,11,17,21,54,22,8,11,18,8,2,6,4,1,5,9,4
ASV1150,11,8,2,4,0,0,1,1,0,4,6,2,3,6,9,2,8,14,20,8,10,13,4,13,6,10,9,5,10,6,9
ASV1160,22,7,40,41,48,47,62,84,75,19,15,14,18,9,19,9,5,16,16,13,19,7,16,20,22,18,30,37,21,22,17
ASV1166,26,45,28,30,25,49,13,10,3,11,10,19,23,24,19,27,21,70,94,81,49,66,71,103,73,52,57,65,101,116,113
ASV1167,3,2,3,8,17,11,10,17,22,53,26,41,47,46,70,100,57,128,117,90,78,42,31,18,15,21,9,9,30,12,30
ASV1177,17,12,1,2,0,1,0,2,10,2,0,1,2,6,4,4,3,79,10,14,38,11,5,12,10,5,4,2,6,1,6
ASV1182,32,40,3,10,4,7,4,9,4,6,8,5,5,12,5,2,8,13,8,12,11,11,17,11,5,7,7,10,11,14,9
ASV1193,0,2,1,1,1,0,2,0,0,0,1,2,2,2,1,0,1,4,2,2,1,6,1,0,0,0,1,2,0,2,1
ASV1202,13,21,6,7,2,1,3,3,5,6,7,9,6,15,9,8,22,25,32,24,14,13,23,22,7,14,3,8,9,6,5
ASV1206,4,4,0,6,4,3,6,16,15,66,40,58,55,54,50,30,44,74,106,74,59,44,88,55,35,24,21,26,22,14,17
ASV1208,7,4,11,7,2,3,1,2,4,23,17,27,31,55,37,44,47,89,76,121,73,33,70,47,37,26,25,14,22,13,19
ASV1217,7,16,20,20,16,21,17,3,3,15,6,11,24,13,13,14,15,51,49,52,51,37,33,33,20,19,16,11,8,13,28
ASV1236,10,20,6,1,5,4,0,0,0,4,2,3,6,3,7,7,8,13,21,8,8,13,12,8,8,11,4,6,9,8,11
ASV1251,17,35,37,42,35,36,29,53,49,95,55,60,66,57,51,49,62,97,109,98,81,56,131,85,52,52,54,60,64,51,76
ASV1253,9,1,11,11,19,19,6,6,2,13,10,10,22,41,23,41,19,37,50,47,43,21,23,33,31,15,14,15,38,21,20
ASV1255,7,11,2,0,2,3,0,3,1,0,5,3,5,1,6,1,1,8,5,8,1,3,7,2,4,3,2,0,4,4,2
ASV1257,27,32,23,32,24,29,14,43,31,51,44,51,63,37,48,47,48,105,99,107,97,42,65,62,58,53,50,48,29,20,37
ASV1259,14,31,31,23,21,19,14,28,17,32,33,19,27,29,26,25,25,81,110,113,75,61,111,81,68,65,53,75,50,51,58
ASV1260,6,8,2,5,2,2,3,1,1,4,6,3,5,5,2,4,9,14,8,7,6,13,5,10,6,9,4,11,8,7,5
ASV1262,29,37,3,1,3,6,0,2,0,1,0,0,0,0,1,0,0,0,0,0,0,1,2,4,1,6,5,8,2,2,9
ASV1266,1,2,10,3,5,2,0,4,4,0,2,1,2,3,0,1,1,2,1,0,6,1,2,0,4,3,3,6,3,2,1
ASV1275,10,11,1,1,0,0,1,0,3,6,1,3,5,3,1,8,6,15,8,12,4,9,6,6,1,2,1,8,4,4,4
ASV1276,7,12,8,3,6,8,8,21,25,54,37,23,27,35,31,29,35,73,74,63,39,24,38,28,23,13,14,16,11,12,14
ASV1295,14,15,2,3,9,3,0,2,1,2,5,3,3,4,2,1,3,6,9,7,6,14,10,17,7,7,8,5,24,12,9
ASV1307,4,20,16,11,8,13,4,7,6,23,8,14,25,32,30,36,44,51,130,68,42,34,27,38,42,37,34,21,48,35,28
ASV1312,19,39,11,8,7,12,11,8,14,14,13,41,17,26,15,22,24,43,53,45,34,46,47,31,16,27,38,22,25,16,19
ASV1331,16,26,25,4,11,6,7,7,4,8,7,13,2,8,8,10,9,23,15,40,12,42,21,15,17,22,21,19,19,21,33
ASV1349,1,4,28,5,4,3,4,15,13,13,6,14,17,17,13,16,20,36,33,38,18,23,14,14,17,9,22,10,26,10,5
ASV1370,8,8,13,21,10,10,4,8,7,11,8,13,32,30,34,36,36,68,92,84,72,54,90,47,48,31,31,53,52,45,39
ASV1372,9,7,5,5,6,6,8,1,0,3,1,2,3,15,7,12,9,10,36,15,38,35,20,34,28,20,16,16,44,67,43
ASV1381,9,10,17,16,15,13,10,24,12,15,14,23,14,36,23,23,34,50,39,53,18,44,22,37,30,23,22,12,36,20,36
ASV1384,5,14,7,3,1,2,3,6,2,7,5,10,11,30,21,13,27,55,52,55,22,50,46,40,21,19,29,25,23,33,25
ASV1387,15,17,22,11,14,11,12,41,41,66,50,25,26,34,22,26,26,41,51,47,25,16,38,35,23,23,15,16,31,31,19
ASV1403,24,39,27,21,9,10,12,11,14,22,15,26,21,20,22,30,33,58,89,73,52,57,79,56,38,46,35,44,45,47,38
ASV1405,15,25,8,6,8,5,1,3,3,14,6,3,10,11,14,9,12,30,20,22,21,27,15,20,15,6,18,13,17,22,12
ASV1408,4,3,7,9,4,2,1,3,1,1,2,2,4,10,8,15,11,48,53,65,59,38,15,10,6,5,3,9,9,8,4
ASV1420,2,11,11,33,22,29,13,10,6,10,8,4,6,11,4,12,4,25,10,15,13,5,7,0,2,2,0,3,13,4,6
ASV1445,22,16,10,11,9,14,3,17,20,10,5,5,11,9,6,10,6,20,24,19,10,22,15,14,10,9,13,3,7,9,10
ASV1450,27,21,38,57,41,44,23,37,28,10,14,9,8,8,16,10,13,39,33,41,38,36,86,60,74,62,64,82,72,66,81
ASV1453,4,10,7,9,10,10,4,15,6,32,18,19,23,24,47,23,15,23,33,39,32,5,8,5,4,5,2,0,43,4,6
ASV1469,8,11,7,10,6,6,3,2,0,2,3,3,5,7,2,7,5,22,14,23,17,20,13,18,6,8,4,3,2,3,4
ASV1486,8,12,5,4,0,1,1,5,3,4,5,2,5,5,5,6,4,7,14,8,5,11,9,6,6,8,5,4,5,5,10
ASV1505,14,15,7,10,4,7,5,1,1,4,1,1,5,7,9,14,11,20,32,38,20,34,50,82,93,75,64,110,178,107,96
ASV1520,15,12,19,31,12,21,14,11,11,5,6,8,6,6,5,21,11,22,27,51,15,19,38,28,43,22,40,50,49,29,30
ASV1526,15,21,23,9,5,5,3,1,2,0,0,0,1,0,0,1,2,3,3,5,6,7,12,17,30,23,16,44,75,48,70
ASV1543,1,0,4,13,24,22,23,23,20,56,9,7,18,11,9,15,6,16,17,12,15,3,5,2,3,1,1,0,1,3,1
ASV1548,13,22,40,30,18,32,14,56,37,44,36,25,34,30,35,36,44,65,56,93,56,46,63,36,26,33,38,43,24,22,33
ASV1552,106,102,17,11,12,10,11,21,18,42,29,14,26,39,32,31,24,70,58,77,43,61,88,44,40,33,35,28,50,27,25
ASV1565,26,18,28,6,11,7,6,4,2,2,1,1,7,6,8,13,17,36,25,46,30,33,109,108,127,109,73,118,186,124,180
ASV1584,3,10,6,3,2,0,0,4,3,16,5,8,6,10,6,9,10,14,17,11,13,6,4,6,5,3,5,5,4,2,2
ASV1586,16,11,2,7,3,3,2,2,0,0,3,3,2,2,3,2,4,6,6,13,9,6,10,5,12,7,2,6,10,5,14
ASV1595,0,2,1,3,8,13,11,30,29,75,25,51,71,38,23,26,25,29,38,35,34,10,6,5,4,1,3,2,5,2,1
ASV1618,24,27,36,46,34,29,27,28,26,41,30,30,33,22,21,23,31,84,94,96,74,62,89,43,49,44,35,57,50,40,36
ASV1619,2,11,2,1,3,2,3,0,0,6,1,3,2,2,2,5,5,4,6,13,3,7,8,3,2,5,2,6,6,5,2
ASV1628,24,10,14,23,11,7,9,16,8,64,57,58,76,88,63,77,82,155,170,147,95,72,101,56,48,47,38,37,25,22,24
ASV1650,36,18,21,9,10,12,22,37,58,197,80,70,55,83,86,62,46,116,107,96,55,38,73,74,65,91,88,112,138,83,70
ASV1671,8,9,13,21,20,28,23,38,49,48,41,33,46,22,10,5,15,26,24,39,29,19,21,32,23,27,27,16,26,11,19
ASV1677,19,17,8,13,4,6,2,1,1,6,0,10,9,11,18,19,27,35,41,39,17,35,39,38,46,29,31,43,66,66,59
ASV1686,6,4,8,25,33,40,21,22,26,16,7,4,22,33,18,30,10,65,34,33,69,16,22,23,22,15,5,9,20,6,11
ASV1689,6,16,3,1,3,2,8,3,3,4,3,4,4,4,2,1,2,6,5,3,7,4,4,9,5,7,2,0,4,1,1
ASV1707,1,3,4,8,6,10,10,36,22,20,20,38,49,64,36,63,20,62,81,46,47,18,19,11,17,13,14,13,23,16,18
ASV1738,26,16,43,70,52,53,37,90,86,66,44,43,26,42,37,43,36,73,92,87,39,37,64,46,41,32,34,50,44,14,25
ASV1739,17,7,4,3,3,3,5,3,2,1,4,3,2,4,3,5,1,4,5,8,5,7,6,7,3,4,4,4,4,9,5
ASV1743,13,12,10,21,23,45,44,50,45,23,9,4,1,2,2,1,0,1,0,3,0,1,0,0,0,0,0,1,0,0,0
ASV1751,3,6,16,6,8,9,10,13,6,13,8,18,22,21,19,20,15,42,26,35,41,20,11,19,17,17,7,11,18,11,13
ASV1764,16,14,3,2,2,1,2,7,7,12,13,14,15,19,20,22,23,83,80,63,52,18,33,23,21,25,14,11,12,5,15
ASV1775,8,8,8,6,4,10,8,16,14,77,47,43,36,52,41,38,26,65,60,57,28,22,22,20,11,16,9,3,6,8,7
ASV1777,11,15,26,36,32,30,29,45,38,36,34,24,39,45,25,23,30,59,49,60,32,33,51,34,36,28,22,35,28,24,20
ASV1787,10,8,1,0,1,3,1,1,0,3,5,3,3,8,3,4,3,8,7,11,1,9,11,3,9,8,10,3,7,3,9
ASV1798,4,6,10,33,25,39,31,59,39,40,44,22,39,19,18,22,14,17,21,16,15,10,8,14,19,5,8,7,7,6,8
ASV1827,15,12,2,1,0,2,0,2,1,1,6,1,0,3,1,2,4,17,15,8,3,9,9,12,7,8,2,4,5,4,2
ASV1846,0,1,1,1,2,0,1,3,0,7,3,5,10,9,4,3,4,3,6,1,3,1,2,1,0,1,1,0,1,1,0
ASV1858,65,59,10,7,8,13,5,20,12,32,32,20,21,43,27,30,21,33,58,49,28,35,20,29,22,21,8,10,19,17,11
ASV1865,9,10,2,4,1,3,2,1,0,5,2,1,2,5,3,7,6,12,7,10,3,11,2,9,8,4,5,5,7,7,9
ASV1878,25,16,2,0,0,2,0,1,0,0,0,0,1,0,0,0,1,9,1,3,2,3,5,10,12,9,6,6,10,8,6
ASV1884,3,13,6,7,8,13,7,4,2,18,3,16,33,25,20,16,25,33,24,38,44,20,15,10,8,11,8,4,9,5,14
ASV1900,15,16,0,3,1,0,1,0,0,1,0,0,2,0,0,3,1,3,7,5,3,6,2,9,8,5,5,4,0,5,7
ASV1912,12,23,7,8,2,135,2,1,1,0,0,3,0,5,1,2,8,9,11,17,14,11,21,45,34,13,32,21,38,32,27
ASV1920,2,5,2,0,1,1,1,0,1,2,1,0,4,2,1,2,1,4,3,9,3,6,4,3,4,3,4,2,8,8,5
ASV1922,8,5,3,1,3,1,0,2,3,4,5,3,4,3,0,2,1,6,8,4,1,11,3,9,2,11,2,3,10,5,4
ASV1925,0,0,0,1,1,3,3,3,1,15,6,6,16,16,2,13,3,4,3,6,0,2,1,1,0,1,0,0,0,0,0
ASV1926,0,0,0,1,2,1,1,2,0,1,1,2,0,1,2,0,2,2,0,3,1,0,0,0,0,0,0,0,0,0,2
ASV1938,5,7,0,2,2,2,1,1,0,1,1,2,1,2,0,1,1,1,5,3,2,4,1,2,1,1,2,1,4,0,2
ASV1955,18,16,29,53,63,60,47,109,116,178,156,133,130,120,99,75,72,104,139,118,87,60,85,41,47,43,36,34,37,23,23
ASV1972,15,20,1,3,2,0,0,1,0,0,0,0,0,1,1,0,1,1,5,3,0,2,2,5,3,1,3,4,4,4,4
ASV2009,2,4,5,4,11,13,5,7,4,17,8,11,21,16,8,9,13,17,15,15,5,3,3,2,2,2,1,3,2,3,4
ASV2016,6,9,28,21,24,12,17,33,23,37,38,34,37,37,39,34,24,69,55,50,30,40,39,34,36,24,36,30,36,23,28
ASV2043,5,5,12,36,38,29,36,34,31,13,3,5,5,0,2,1,1,1,0,0,1,0,2,1,2,0,2,5,2,0,1
ASV2049,4,2,2,2,3,2,1,3,5,6,14,17,13,17,7,7,10,22,17,18,11,11,10,11,4,3,6,1,7,5,8
ASV2063,8,17,3,4,4,5,0,3,3,2,1,1,3,2,1,2,0,0,3,1,0,3,1,3,3,3,6,3,6,1,5
ASV2082,8,12,4,1,2,1,1,0,0,2,2,2,4,4,1,2,6,13,9,9,8,6,10,8,2,7,6,8,11,6,5
ASV2098,9,8,15,20,15,14,8,13,13,9,6,13,21,18,8,15,21,49,50,64,37,47,66,61,66,37,44,56,66,44,33
ASV2104,7,9,15,3,6,482,0,2,1,0,1,1,0,0,0,6,5,2,2,3,2,12,4,9,10,9,3,6,16,14,7
ASV2143,4,12,4,4,6,4,9,18,12,14,7,6,8,9,10,7,9,16,12,14,10,14,15,9,7,8,8,4,3,8,9
ASV2144,5,12,14,14,19,12,22,35,37,60,53,40,46,35,25,13,24,22,33,23,13,10,11,7,10,6,3,3,4,1,1
ASV2145,4,8,3,5,9,11,3,4,1,0,3,4,8,8,6,5,4,20,18,23,7,10,20,13,24,18,6,14,24,14,8
ASV2157,7,4,8,5,20,4,6,2,2,7,1,17,15,21,22,71,52,87,105,93,57,48,89,51,55,41,20,33,44,30,43
ASV2167,6,9,5,1,3,1,0,1,0,0,2,0,3,5,3,5,2,9,10,8,4,3,2,7,4,8,4,2,8,4,8
ASV2171,5,3,4,4,3,5,6,45,43,54,29,28,25,19,11,11,18,27,27,17,13,13,13,17,14,4,16,7,13,4,7
ASV2178,7,13,4,3,1,0,0,1,0,1,1,0,3,4,3,4,4,8,5,5,3,5,2,10,2,6,4,4,6,9,5
ASV2180,10,7,4,4,2,3,2,1,0,1,2,2,3,6,3,5,4,2,7,8,5,8,6,3,6,6,1,5,7,2,3
ASV2182,5,11,9,9,8,14,2,4,2,3,2,0,4,3,0,5,13,8,13,21,14,15,23,28,27,29,17,18,53,51,37
ASV2203,7,9,0,3,3,1,0,4,1,3,4,2,0,5,0,3,2,13,4,10,6,5,1,7,5,5,4,5,8,4,6
ASV2228,3,2,2,3,3,4,6,7,8,27,24,12,36,27,27,23,12,19,21,17,20,4,4,7,4,5,5,7,10,3,5
ASV2234,2,2,2,3,2,1,1,0,0,1,2,0,2,4,2,5,6,15,6,8,6,8,6,7,3,2,1,3,4,1,2
ASV2239,8,11,2,2,2,1,3,0,2,1,3,1,2,1,7,3,0,8,4,5,2,10,1,5,0,3,3,4,3,7,3
ASV2242,26,26,12,14,7,5,6,12,21,55,29,42,31,28,21,12,11,30,32,24,18,14,14,7,12,4,6,4,4,3,2
ASV2248,4,5,3,2,0,2,1,3,0,2,1,2,6,2,2,4,1,8,7,4,3,5,1,1,3,3,2,1,0,0,3
ASV2259,5,10,1,2,1,3,1,0,7,4,2,1,2,1,2,2,9,4,4,8,4,8,4,5,4,2,4,2,8,6,3
ASV2262,1,3,4,5,5,5,2,6,4,18,9,15,20,20,13,25,11,20,22,38,8,15,23,12,15,6,3,7,10,4,14
ASV2273,2,2,6,1,2,1,0,2,2,0,3,3,4,5,4,2,1,3,5,5,3,2,2,3,3,2,3,1,2,2,2
ASV2297,6,2,13,11,9,2,1,1,1,0,1,2,0,0,0,0,0,1,1,4,6,7,59,39,37,47,33,25,31,8,13
ASV2301,1,0,2,4,6,3,2,5,3,10,3,12,10,12,9,9,12,17,11,13,6,3,0,6,5,0,2,2,1,0,2
ASV2316,3,3,6,6,3,6,2,33,29,24,14,11,6,14,9,12,7,20,17,19,8,12,27,10,24,12,8,15,9,7,13
ASV2376,2,4,0,2,1,0,0,2,2,1,1,0,1,2,0,1,1,4,1,4,1,3,1,1,1,0,1,2,2,1,1
ASV2378,11,13,2,4,0,1,0,1,2,3,2,2,2,1,1,3,3,3,5,5,4,6,2,5,2,2,4,4,5,3,5
ASV2391,10,16,9,3,5,4,2,5,6,44,55,33,21,24,11,16,19,43,50,40,20,27,33,19,10,6,11,6,10,13,6
ASV2393,43,62,31,30,14,14,15,36,37,64,68,39,50,68,48,52,55,101,125,98,66,44,69,54,62,44,35,33,19,28,33
ASV2396,7,8,3,1,1,1,1,1,0,2,3,1,4,3,4,1,4,3,5,5,2,7,5,6,2,3,7,4,4,5,1
ASV2423,2,6,3,8,5,8,3,3,4,11,8,10,8,9,8,7,10,16,14,16,10,7,12,13,14,12,8,5,9,4,6
ASV2426,7,7,3,1,1,3,0,2,0,1,1,3,6,2,0,4,4,9,4,4,8,9,3,0,4,2,2,1,3,0,1
ASV2430,3,10,0,0,0,1,0,1,0,1,2,4,2,2,0,5,2,7,7,7,2,0,0,2,0,0,2,1,1,2,1
ASV2451,7,7,1,1,2,3,4,0,4,2,2,4,6,6,3,1,3,7,6,10,4,7,3,8,2,7,3,6,10,6,7
ASV2479,0,9,9,3,6,4,1,1,0,0,2,3,0,4,1,1,1,3,4,4,1,10,4,7,4,4,6,7,12,5,9
ASV2505,15,19,42,37,16,16,14,32,23,7,4,7,4,4,1,4,0,1,3,4,2,3,14,6,9,7,6,7,7,8,11
ASV2527,9,7,2,0,4,6,2,1,0,0,0,2,0,1,0,0,2,2,3,4,4,0,4,3,2,4,3,6,1,8,3
ASV2531,18,5,10,5,2,4,4,0,2,0,0,1,0,0,1,1,0,5,5,8,16,14,24,57,42,35,24,40,55,46,33
ASV2550,2,2,1,4,0,5,3,5,6,7,3,3,12,9,1,6,2,8,6,16,3,2,0,1,1,2,2,0,3,0,0
ASV2558,8,3,2,3,7,24,3,2,2,9,6,14,10,11,13,8,3,17,16,17,15,3,4,7,4,4,5,3,7,10,9
ASV2575,6,2,16,6,4,5,3,9,16,4,4,2,4,7,10,28,25,57,84,91,61,59,236,89,156,135,130,96,109,57,51
ASV2598,4,5,1,1,2,1,1,3,2,1,2,0,1,1,0,0,1,2,1,4,3,2,1,2,1,3,2,3,2,5,0
ASV2621,40,65,28,31,14,21,15,30,15,41,22,21,20,25,26,18,23,28,52,42,41,41,32,36,18,32,28,19,40,45,27
ASV2662,18,29,33,29,30,21,14,15,14,8,7,18,10,10,7,8,19,28,42,27,32,21,65,24,20,58,14,17,15,18,31
ASV2663,14,10,32,8,6,13,10,3,0,3,12,3,0,5,7,9,7,23,18,25,20,25,31,48,44,42,35,52,80,71,71
ASV2691,7,5,1,1,2,1,2,1,2,2,0,3,5,0,1,4,4,7,10,9,3,5,5,2,5,3,4,2,6,7,2
ASV2693,1,4,4,2,3,1,2,4,3,4,1,2,2,2,2,3,0,9,6,4,3,1,2,2,1,2,3,2,3,2,2
ASV2718,28,30,59,53,40,44,36,69,65,39,34,31,30,42,39,28,30,53,67,64,35,33,77,48,46,35,41,37,37,41,47
ASV2765,8,7,4,4,6,6,2,13,8,43,54,31,25,31,31,32,30,77,60,45,66,37,26,23,17,11,10,8,7,9,4
ASV2770,9,15,30,43,37,32,37,58,46,54,34,28,34,34,32,23,28,63,60,41,43,32,43,34,38,22,21,23,23,13,19
ASV2778,6,2,5,0,3,1,0,0,0,0,0,0,1,1,3,0,0,5,0,13,4,7,44,9,8,7,6,12,16,16,17
ASV2790,17,37,11,4,4,4,1,0,1,1,1,0,2,1,0,2,1,2,8,8,4,5,6,12,3,6,3,5,14,6,14
ASV2791,4,3,4,2,1,7,3,2,1,7,2,1,3,3,1,1,1,4,15,0,32,5,4,8,4,3,1,3,0,2,4
ASV2807,2,1,0,2,0,2,0,3,5,7,5,3,14,3,5,2,4,2,0,3,0,1,2,0,0,0,1,0,0,0,0
ASV2819,2,8,2,2,1,4,0,1,3,1,1,0,3,0,2,1,4,5,10,6,0,1,3,3,3,1,3,1,6,2,3
ASV2820,7,5,0,1,1,1,2,0,0,1,3,1,2,3,1,1,0,4,1,3,1,4,3,2,3,5,1,6,2,3,3
ASV2843,22,22,31,42,34,23,25,29,20,15,15,18,15,23,17,25,25,50,50,40,36,44,95,46,38,33,22,21,20,30,31
ASV2852,6,13,1,0,1,1,2,3,0,3,1,2,2,6,1,4,2,3,3,3,2,2,1,2,2,5,2,2,4,1,4
ASV2861,9,2,10,0,3,0,0,0,0,0,0,0,0,0,0,0,0,0,2,1,1,2,6,14,10,8,3,8,11,6,2
ASV2865,2,0,2,1,2,2,7,9,6,8,6,11,11,6,4,3,8,5,10,6,5,6,3,5,5,1,2,2,1,3,4
ASV2872,6,7,2,2,3,0,0,1,0,3,1,0,0,3,0,3,1,3,4,1,3,5,3,4,0,5,3,3,10,7,2
ASV2881,11,9,3,2,0,1,0,0,3,1,0,2,1,0,1,0,0,0,3,1,0,6,3,3,2,5,3,4,8,4,5
ASV2898,9,14,17,2,7,3,4,4,0,0,2,1,3,9,7,10,7,18,18,18,7,27,47,37,38,29,30,74,76,41,50
ASV2947,10,19,7,9,1,7,4,5,4,13,8,5,8,7,2,4,6,14,9,12,6,14,8,10,6,10,3,5,9,11,8
ASV3015,0,2,1,1,1,1,3,7,1,4,2,3,1,6,1,6,4,4,5,6,3,1,0,2,1,2,0,0,0,3,0
ASV3021,20,12,3,0,0,1,0,0,0,0,0,0,0,0,1,4,2,13,8,8,7,6,6,6,8,10,7,11,14,4,4
ASV3039,2,2,1,0,1,2,0,0,0,0,0,0,1,0,0,1,1,0,5,1,2,1,1,3,4,3,5,4,6,1,5
ASV3059,6,7,8,7,7,7,3,3,6,6,0,1,3,2,2,45,1,9,11,17,16,13,77,83,99,125,84,79,93,62,71
ASV3061,0,5,0,0,0,2,1,2,1,3,2,1,0,2,1,1,1,3,3,5,3,2,2,0,1,2,6,0,1,1,1
ASV3076,7,6,1,1,3,0,1,1,1,1,2,0,2,3,0,2,4,5,11,4,3,4,5,4,4,8,3,8,3,5,4
ASV3091,6,4,3,2,2,1,0,1,4,1,0,5,3,5,0,4,3,0,6,5,1,5,6,11,2,2,4,5,9,4,3
ASV3106,9,12,6,1,0,6,1,1,3,3,2,5,12,13,5,8,18,32,48,32,18,22,19,18,15,11,15,11,16,13,10
ASV3113,2,4,1,4,1,3,2,4,3,2,7,1,5,2,4,3,6,11,12,14,11,7,5,11,2,8,5,9,9,12,10
ASV3177,1,2,0,1,1,0,0,0,2,0,1,1,7,0,0,0,0,2,0,2,0,0,0,0,0,0,0,0,0,0,0
ASV3193,7,8,16,8,13,22,17,4,8,14,10,21,22,20,12,23,21,42,45,31,31,28,47,69,39,33,26,24,55,46,50
ASV3198,17,22,22,26,12,25,29,23,35,96,68,59,83,95,90,63,38,108,106,112,87,78,92,85,49,53,40,41,55,54,29
ASV3220,8,16,18,71,80,36,19,33,14,12,8,28,7,9,9,7,10,6,18,12,10,10,36,7,6,48,3,3,4,7,10
ASV3222,23,6,7,9,12,6,3,2,0,1,1,0,1,3,3,4,8,9,19,34,15,23,68,37,67,40,64,39,49,51,61
ASV3228,5,1,0,3,0,0,3,0,0,1,1,4,2,4,1,2,1,6,4,4,0,4,6,1,1,3,3,1,4,5,3
ASV3237,3,1,1,1,2,1,1,2,0,1,1,1,1,2,0,0,2,9,2,2,3,3,2,3,3,1,1,2,8,5,4
ASV3292,7,5,4,1,0,2,0,1,0,1,0,0,0,1,2,3,2,7,20,12,6,10,8,21,16,15,18,28,53,57,35
ASV3329,4,2,1,0,0,1,0,0,0,0,1,1,3,1,0,1,1,0,2,2,5,6,6,3,5,1,3,4,3,1,2
ASV3330,0,0,0,7,5,3,0,7,4,0,0,1,0,0,0,0,2,0,0,0,0,0,0,0,0,0,0,0,0,0,1
ASV3363,24,17,3,3,0,0,1,0,0,0,0,0,0,0,0,0,0,0,2,2,0,1,4,5,6,5,1,6,7,3,4
ASV3366,7,3,2,0,2,0,0,0,0,0,2,0,3,3,3,5,4,5,4,5,3,2,2,1,2,3,4,3,6,7,3
ASV3371,3,5,0,1,0,0,2,0,0,0,3,0,1,1,1,3,2,4,2,5,4,2,2,3,1,3,0,5,4,2,1
ASV3372,5,1,3,0,0,3,0,0,0,1,0,0,1,2,0,7,1,9,9,8,14,6,8,47,38,31,19,52,117,125,33
ASV3392,0,1,2,4,10,9,3,1,5,13,4,10,11,29,138,18,13,26,15,19,13,19,12,16,9,3,8,4,5,11,8
ASV3399,3,4,2,2,1,0,1,0,0,1,3,1,2,2,0,0,4,2,1,5,2,3,1,7,4,2,4,3,3,6,3
ASV3442,1,1,0,0,4,1,5,7,3,44,17,11,24,59,16,62,20,42,56,18,19,9,3,2,0,0,2,2,1,2,0
ASV3498,3,3,1,0,2,2,1,0,0,1,2,0,1,1,2,0,0,4,5,8,1,1,3,3,1,1,2,2,1,6,0
ASV3657,3,5,0,0,0,0,0,0,0,0,1,2,0,3,0,1,1,1,2,1,1,2,1,2,1,1,0,2,2,4,2
ASV3670,10,20,4,2,0,3,1,1,1,2,1,1,1,6,2,2,3,12,5,5,4,7,3,8,1,4,4,5,2,7,6
ASV3700,4,11,7,15,18,13,19,20,24,14,28,39,71,100,60,75,41,95,172,97,54,31,50,31,38,36,12,48,46,38,49
ASV3712,0,2,0,0,3,4,3,3,1,5,3,12,3,3,4,1,2,7,8,4,1,4,6,2,0,0,0,3,6,5,10
ASV3714,1,2,2,3,4,4,2,4,2,4,2,4,2,6,1,2,4,6,6,12,4,3,4,2,4,3,1,6,2,4,2
ASV3755,1,4,2,0,1,0,1,1,1,0,3,3,3,2,4,2,1,3,5,7,1,6,5,5,5,4,0,3,2,10,3
ASV3772,50,15,0,0,2,0,0,0,0,0,1,0,0,0,1,1,0,0,2,0,4,2,4,6,5,10,5,3,7,4,4
ASV3788,10,3,25,46,32,46,46,67,41,42,35,32,31,19,14,15,5,14,12,23,16,8,9,7,6,3,12,10,9,7,7
ASV3823,1,1,1,1,0,0,0,0,0,1,0,1,0,1,0,0,0,2,3,0,2,2,1,1,0,0,0,0,0,0,0
ASV3863,0,1,0,4,3,7,2,1,0,3,2,2,1,1,0,2,0,1,1,1,0,0,1,0,2,0,0,1,3,1,1
ASV3902,7,6,2,0,0,2,0,1,0,1,1,0,7,4,6,8,8,14,24,21,19,16,16,68,29,32,20,47,105,65,49
ASV3921,6,3,0,0,0,0,1,0,0,0,0,2,2,2,0,1,2,0,1,2,2,1,1,3,0,0,2,1,3,0,2
ASV3927,4,1,0,1,1,0,2,0,1,1,0,0,2,1,2,0,3,4,2,1,2,2,1,0,2,1,1,0,4,4,4
ASV3936,1,0,0,1,0,2,0,2,2,4,2,5,2,0,1,3,0,4,0,0,4,3,0,1,0,0,0,0,0,0,0
ASV3947,4,4,5,17,16,16,21,104,91,15,12,7,5,6,2,1,1,1,1,0,0,0,0,0,0,0,0,0,0,0,0
ASV3990,2,5,3,2,3,5,3,1,0,6,6,4,7,8,1,4,3,5,7,9,4,7,6,2,5,7,4,3,11,3,5
ASV4005,5,6,0,2,1,1,0,0,0,0,0,5,2,2,4,0,3,0,7,3,3,4,6,3,1,2,2,1,2,1,1
ASV4008,2,0,3,0,0,0,0,2,0,0,2,0,1,3,1,0,0,7,4,3,3,2,3,0,4,3,2,1,1,0,0
ASV4060,0,0,2,4,2,1,1,0,1,2,1,0,4,2,3,4,4,8,7,7,3,5,2,3,3,5,2,5,3,3,1
ASV4083,6,5,1,0,0,0,0,0,0,3,1,0,2,1,0,3,1,5,5,3,1,4,3,2,3,3,0,1,5,1,3
ASV4113,0,1,0,2,1,3,0,1,1,0,1,2,2,3,0,1,0,3,3,0,0,1,0,0,2,1,0,1,2,1,0
ASV4124,1,2,0,1,2,0,3,1,4,6,3,11,15,7,1,6,7,10,8,11,6,9,2,2,1,1,1,1,1,2,2
ASV4135,6,2,5,5,4,6,2,15,9,52,47,38,33,44,28,21,14,38,33,20,20,6,10,8,6,2,5,2,2,7,1
ASV4171,5,2,1,2,1,1,0,3,1,2,3,0,2,4,2,0,1,2,3,3,5,2,4,3,0,2,0,0,1,1,2
ASV4266,2,4,3,0,3,0,0,2,0,1,3,0,2,1,0,0,0,5,2,1,5,3,3,7,8,7,6,13,16,8,9
ASV4366,3,0,0,0,0,0,0,0,0,0,0,0,1,5,4,1,1,9,8,7,9,5,8,42,22,31,8,28,92,43,19
ASV4400,0,0,0,0,0,0,0,48,110,0,0,0,0,0,0,6,31,62,82,34,6,2,0,1,0,0,0,0,0,0,0
ASV4433,1,0,2,3,4,5,6,2,2,6,3,4,4,7,6,3,7,4,5,5,3,1,8,6,3,10,2,1,10,7,9
ASV4442,3,9,1,1,1,0,2,1,0,2,1,0,4,5,0,4,3,7,4,6,7,5,3,7,5,6,3,7,8,13,5
ASV4499,2,0,0,0,0,0,0,0,1,2,0,1,0,0,0,0,0,9,2,3,3,1,2,3,2,3,4,2,1,0,0
ASV4625,3,3,3,1,0,0,3,0,0,2,0,0,0,1,1,2,0,3,4,6,1,1,4,4,2,0,2,0,2,1,3
ASV4684,0,0,1,1,0,1,1,2,1,6,2,1,2,0,1,2,0,1,3,3,0,0,0,2,0,0,1,0,0,0,0
ASV4728,4,2,2,2,1,1,1,0,0,2,0,1,0,4,0,3,2,4,3,6,5,16,10,7,13,9,5,13,10,16,15
ASV4770,13,6,3,2,0,0,0,1,0,0,0,1,0,0,0,1,0,0,0,2,3,2,2,10,11,6,3,0,16,12,21
ASV4803,0,0,0,10,4,20,0,1,2,2,1,0,0,1,2,0,0,0,0,0,0,1,0,0,0,0,0,0,0,0,0
ASV4830,13,19,49,33,22,16,11,22,8,8,8,8,3,11,3,4,10,13,34,32,29,27,74,32,31,44,20,15,8,18,33
ASV4876,7,2,3,1,2,1,0,0,0,0,0,0,0,0,1,0,0,0,0,4,5,11,8,25,12,8,8,8,20,18,8
ASV4919,5,6,15,43,24,33,35,70,60,80,50,44,47,46,38,22,22,36,38,31,25,15,25,21,19,14,14,15,14,8,9
ASV4985,1,2,2,1,0,1,3,2,1,1,1,2,0,4,3,2,6,12,13,14,10,11,11,9,12,10,6,11,14,6,7
ASV5002,6,13,6,2,3,1,2,1,1,0,3,1,2,1,1,3,2,3,3,1,1,3,6,2,2,2,5,5,15,8,11
ASV5166,1,1,0,4,4,6,2,4,0,3,2,1,9,3,5,7,9,17,10,17,6,2,8,5,3,3,2,1,8,5,0
ASV5287,2,0,2,1,8,2,2,0,0,0,0,0,0,1,0,1,3,4,6,4,4,9,5,5,4,6,0,2,4,5,4
ASV5344,3,5,9,10,10,11,17,47,63,81,57,26,34,47,21,30,14,29,35,34,26,19,43,20,18,28,21,24,22,17,21
ASV5398,0,0,0,0,0,2,4,129,163,161,89,42,36,30,11,9,7,9,8,2,4,4,2,1,0,0,0,1,1,1,1
ASV5405,1,1,2,0,1,1,0,0,0,1,1,1,0,2,0,1,0,4,4,7,1,6,7,10,13,7,16,10,10,13,14
ASV5567,1,1,2,11,4,7,6,18,15,42,35,32,37,36,28,19,16,22,28,28,5,4,8,8,11,1,5,4,5,3,2
ASV5771,4,18,23,82,53,55,61,68,59,42,23,35,47,39,33,23,5,19,13,18,16,10,31,16,16,8,13,18,12,8,14
ASV5831,1,1,2,2,3,1,1,1,1,0,1,2,1,13,3,13,2,13,13,10,11,5,12,30,16,13,8,12,54,57,10
ASV5854,2,3,1,0,1,1,0,0,0,1,1,0,0,1,2,3,1,4,1,2,1,2,1,2,0,1,0,0,0,1,0
ASV5908,9,23,38,40,34,43,34,53,45,70,54,39,40,44,24,28,22,53,76,54,31,40,45,28,22,18,18,16,20,17,21
ASV5934,2,1,3,1,4,2,0,1,2,1,1,1,1,2,1,3,3,4,0,3,1,3,3,2,2,2,3,4,5,9,2
ASV5968,13,16,13,16,10,15,10,28,25,41,42,49,43,31,36,25,22,58,38,30,20,15,15,9,10,4,7,6,9,6,4
ASV5996,0,0,0,0,0,0,0,0,0,0,1,4,5,11,18,15,46,52,35,36,19,23,24,14,7,8,4,1,3,3,2
ASV6029,0,2,7,5,5,15,12,52,36,14,16,4,2,5,3,1,1,1,2,0,1,1,2,1,0,1,1,0,0,1,0
ASV6280,3,2,1,0,1,0,1,0,0,0,0,0,0,0,0,0,0,3,0,0,0,1,2,1,1,1,2,2,1,2,1
ASV6284,0,7,3,12,3,6,3,4,13,6,1,3,2,5,2,2,1,5,3,2,2,2,2,3,2,0,2,0,0,0,2
ASV6358,1,4,2,3,1,4,0,0,0,0,0,0,0,0,0,0,0,0,0,4,4,5,3,14,8,8,9,6,13,8,5
ASV6456,1,4,0,0,1,1,0,0,0,0,1,0,1,1,0,0,0,1,1,2,2,1,0,0,1,1,0,1,4,3,0
ASV6577,0,0,1,2,0,1,1,0,1,4,2,1,3,2,1,3,2,3,2,5,0,4,5,4,2,3,1,0,4,4,1
ASV6645,3,2,3,1,2,0,0,2,0,0,0,0,0,1,6,9,6,13,13,22,11,10,4,9,7,4,3,8,12,12,3
ASV6653,0,0,2,2,3,3,2,1,0,0,0,2,1,0,6,3,1,2,3,4,2,3,1,3,2,3,1,0,4,7,3
ASV6669,1,2,4,1,3,1,0,0,0,0,0,1,0,2,0,1,2,6,7,6,5,7,13,24,25,22,24,38,57,33,41
ASV6719,1,0,2,1,11,25,9,14,5,6,1,2,0,2,1,3,0,1,1,4,1,0,0,1,0,0,0,0,0,0,0
ASV6863,3,3,4,1,0,1,1,0,0,0,2,0,0,0,0,0,0,0,1,2,0,0,3,3,1,0,2,2,4,7,10
ASV7118,0,0,0,0,0,0,0,1,0,0,1,2,2,7,0,0,0,0,2,27,0,2,2,3,0,1,1,1,0,0,0
ASV7271,1,0,1,3,0,1,1,0,0,1,1,0,1,1,3,1,2,2,1,1,0,4,3,4,2,1,2,3,2,4,2
ASV7965,0,1,0,1,0,0,0,0,0,0,0,0,0,0,2,0,1,5,2,3,1,1,6,6,3,4,1,0,2,1,4
ASV8018,2,5,1,0,1,0,1,0,0,0,2,2,6,2,1,0,0,5,6,2,1,1,4,1,0,0,1,0,4,3,4
ASV8022,0,0,0,0,0,0,0,0,0,0,0,0,0,0,0,0,0,0,0,19,0,0,4,0,1,1,1,0,1,0,2
ASV8830,0,0,0,0,0,0,0,15,22,11,10,1,5,1,0,1,0,1,0,1,1,0,0,0,0,0,0,0,0,0,0
ASV8955,0,0,1,1,0,0,0,0,0,2,0,1,2,1,0,2,0,2,0,5,0,0,3,0,3,0,1,0,1,0,0
ASV9080,0,0,0,1,1,1,1,3,2,6,1,1,1,3,2,4,0,4,0,1,0,0,0,1,0,0,0,0,0,0,0
ASV9216,0,1,4,4,0,2,0,1,1,2,0,0,0,0,0,1,0,0,1,3,3,1,2,1,3,1,1,2,2,3,1
ASV9404,0,2,0,0,0,0,0,0,0,0,0,0,3,1,1,0,0,0,0,1,1,0,3,8,4,5,1,1,8,0,5
ASV9594,2,1,1,1,2,2,2,3,1,2,0,2,0,2,0,1,1,1,5,2,0,3,4,0,0,0,1,2,4,0,1
ASV10159,2,2,1,1,1,4,1,0,0,0,1,1,4,0,5,1,2,3,2,7,0,4,3,3,0,3,0,2,2,2,2
ASV10281,0,0,1,1,0,0,0,0,0,0,1,1,0,0,3,1,3,3,0,1,2,1,0,3,2,4,5,2,3,3,1
ASV10539,2,0,2,1,0,2,0,1,4,2,1,1,1,1,2,0,2,19,6,7,5,1,1,0,1,1,0,0,1,2,1
ASV12150,1,1,0,0,0,1,0,0,0,1,0,1,0,1,0,0,0,0,0,1,1,0,1,2,0,1,1,0,0,1,0
ASV13265,0,0,0,2,6,11,4,6,7,1,1,0,0,4,0,1,0,0,0,1,0,0,1,0,0,0,0,0,0,0,0
ASV14427,1,0,1,0,0,0,0,0,1,0,0,1,1,1,0,0,0,1,1,0,0,0,0,1,1,1,0,0,0,1,1
ASV14783,0,1,0,0,0,0,0,0,0,0,0,0,0,0,0,0,1,1,0,1,0,0,0,0,0,0,2,0,1,1,0
ASV14977,0,0,0,2,1,0,0,0,0,0,0,0,1,0,0,1,0,9,3,1,1,0,1,3,1,3,2,4,3,7,1
ASV15044,0,0,0,0,0,0,0,0,0,0,0,0,0,0,0,1,0,0,0,0,0,1,1,4,1,2,0,2,7,3,1
ASV15417,0,0,0,0,0,0,0,0,0,0,0,0,0,0,0,0,0,0,0,8,1,0,0,0,0,0,0,0,0,0,0
ASV15497,0,1,0,0,0,0,0,0,0,0,0,0,0,8,1,3,1,2,1,0,2,4,4,9,7,5,1,7,16,10,2
ASV15531,3,3,1,0,0,0,0,0,0,0,1,0,0,0,0,0,2,1,0,0,0,0,0,1,0,1,0,0,0,2,1
ASV16392,1,0,0,0,0,0,0,0,0,0,0,0,0,0,0,0,0,1,0,0,0,1,0,0,0,0,0,0,0,0,0
ASV16830,0,1,1,1,2,2,4,9,1,0,0,0,0,1,0,0,0,0,2,1,0,0,0,0,0,0,0,1,0,0,0
ASV18720,0,0,0,0,0,0,0,0,0,0,0,0,0,0,0,0,0,0,0,0,0,0,0,0,0,0,1,0,0,0,0
ASV19563,0,0,0,1,0,0,0,1,1,0,0,1,0,0,0,0,0,2,0,0,0,0,1,0,0,0,0,0,0,0,0
ASV20318,8,13,19,41,23,37,42,31,33,34,9,22,25,16,13,14,13,20,21,13,14,6,17,13,11,12,12,7,5,5,6
ASV22161,0,0,0,0,3,0,1,0,1,0,0,0,0,0,0,0,0,1,0,0,1,0,1,0,1,0,0,0,0,1,0
ASV22399,0,1,0,0,0,0,0,0,0,0,0,0,0,0,0,0,48,0,0,0,0,0,0,0,1,0,0,0,0,0,0
ASV24889,52,92,14,61,22,18,25,43,24,32,13,11,6,13,8,7,6,14,10,15,9,8,4,3,5,1,5,0,2,1,1
ASV25777,0,0,0,0,0,0,0,0,0,0,0,0,0,0,0,1,0,0,1,0,0,0,0,0,0,1,0,1,0,0,2
ASV27890,0,1,0,0,0,0,0,0,0,0,0,0,0,1,0,0,0,0,0,1,1,0,0,1,0,0,0,0,0,0,0
ASV39854,0,0,0,0,1,3,7,114,110,90,80,45,74,50,30,26,21,47,44,23,29,23,25,15,10,11,9,3,6,5,6
ASV42037,0,0,0,0,0,0,0,0,0,0,0,0,0,0,0,0,0,0,0,0,0,1,0,0,0,0,0,0,0,0,0
ASV58232,0,0,0,0,0,0,0,0,0,0,0,0,0,0,0,0,0,0,0,0,0,0,0,0,0,0,0,0,0,0,0
ASV65012,25,20,37,41,33,29,38,59,30,40,38,23,13,14,13,7,4,6,5,7,1,1,3,2,3,0,4,3,6,1,1
ASV97044,0,0,0,0,0,0,0,0,0,0,0,0,0,0,0,0,0,0,0,0,0,0,0,0,0,0,0,0,0,0,0
ASV105600,8,7,21,13,9,4,3,7,8,2,4,2,1,3,3,2,2,4,9,7,6,4,32,25,25,24,22,44,41,45,30
ASV105703,2,8,7,4,6,20,1,0,0,0,0,0,3,1,0,0,2,6,12,7,5,10,17,31,21,23,13,14,26,25,29
ASV106008,0,0,0,0,1,2,0,1,1,1,3,1,0,3,1,3,1,5,0,1,0,2,0,1,2,0,0,0,0,1,1
ASV106083,3,5,13,8,7,4,5,8,6,1,1,1,1,3,4,3,73,5,11,2,2,5,19,11,10,7,9,12,6,15,8
ASV106254,57,84,38,23,9,15,8,13,13,18,13,24,19,25,16,17,10,18,30,23,13,10,23,17,12,14,7,10,5,15,8
ASV108102,0,1,0,0,0,0,0,2,0,1,2,0,1,1,2,1,0,4,1,5,1,2,0,3,0,1,0,2,2,2,0
ASV108169,0,0,0,0,0,0,0,0,0,0,0,0,1,1,0,1,0,5,2,0,0,0,0,1,2,2,0,3,4,1,0
ASV111525,0,2,0,0,1,0,0,0,0,0,0,0,0,0,0,1,0,9,0,0,2,0,2,4,0,1,2,3,7,4,1
ASV138035,111,147,34,31,14,15,7,31,14,19,22,11,26,27,23,33,27,70,55,92,57,100,66,67,53,46,28,44,51,57,41
ASV138041,16,21,39,46,17,31,17,40,37,42,29,31,30,39,20,21,11,35,32,27,28,19,37,28,28,25,21,34,23,30,22
ASV138044,5,2,8,2,6,15,3,1,2,1,1,15,3,9,5,12,17,14,10,13,22,8,21,42,37,22,20,18,47,43,43
ASV138080,7,8,2,9,5,3,7,27,39,130,106,92,117,99,97,98,74,149,161,126,75,59,94,77,48,42,43,31,37,16,26
ASV138088,8,6,7,8,9,12,5,27,29,54,30,43,67,47,50,25,37,110,94,83,64,48,78,36,31,25,34,33,24,14,21
ASV138089,5,8,14,48,30,22,22,32,42,20,5,20,26,27,12,10,2,12,14,10,3,4,20,9,10,4,6,5,5,6,6
ASV138108,4,3,7,21,16,38,54,74,73,75,46,50,47,48,26,14,20,31,42,34,31,21,23,16,27,18,19,21,27,12,10
ASV138343,6,4,22,20,4,11,10,8,10,9,6,11,18,16,28,17,22,40,32,50,36,26,43,51,50,22,31,29,56,35,38
newASV8,51,66,11,16,20,16,8,47,52,192,124,84,72,117,51,58,35,70,72,46,36,27,35,21,26,11,5,18,3,10,5
newASV59,0,0,0,0,0,0,0,0,0,0,0,0,0,0,0,0,0,0,0,0,0,0,0,0,0,0,0,0,0,0,0
newASV82,12,16,22,27,12,13,11,11,9,8,5,3,2,4,0,3,0,3,10,8,8,18,95,97,83,83,54,55,58,47,30
newASV109,0,0,0,0,0,0,0,0,0,0,0,0,0,0,0,0,0,0,0,0,0,0,0,0,0,0,0,0,1,0,0
newASV123,7,2,9,5,3,2,3,2,1,1,0,1,1,2,1,1,1,0,0,2,1,5,6,6,16,7,8,24,27,37,36
newASV641,0,0,0,0,0,0,0,0,0,0,0,0,0,0,0,0,0,0,0,0,0,0,0,0,0,0,0,0,0,0,0
newASV1919,0,0,0,0,0,0,0,0,0,0,0,0,0,0,0,0,0,0,0,0,0,0,0,0,0,0,0,0,0,0,0
newASV17822,5,4,0,0,0,0,0,0,0,0,1,0,0,0,1,0,0,1,1,3,2,2,1,2,0,0,1,2,3,1,1
newASV27928,7,8,2,0,0,0,0,1,0,0,0,0,1,0,0,0,1,0,1,2,2,1,0,2,3,2,4,2,9,5,3
newASV28494,0,0,0,0,0,0,0,0,0,0,0,0,0,0,0,0,0,0,0,0,0,0,0,0,0,0,0,0,0,0,0
newASV28508,0,0,0,0,0,0,0,0,0,0,0,0,0,0,0,0,0,0,0,0,0,0,0,0,0,0,0,0,0,0,0
newASV29610,9,13,2,2,3,5,3,1,0,3,5,4,3,2,0,3,4,7,5,5,2,6,1,5,4,4,3,3,7,9,8
newASV29929,5,4,1,1,0,0,0,1,1,1,0,1,0,0,0,0,1,0,1,2,1,1,2,1,0,0,0,1,1,2,1
newASV37174,4,2,0,1,0,0,0,0,0,0,0,0,0,0,0,1,0,0,0,0,0,1,0,0,0,0,0,0,0,0,0
newASV38463,28,33,9,5,4,6,2,1,3,3,2,1,2,1,4,3,2,4,6,9,4,11,5,11,6,13,8,11,18,18,15
newASV46366,2,3,0,0,0,1,0,1,0,0,0,0,0,1,0,2,1,0,2,2,0,3,0,3,1,1,1,0,4,2,4
newASV47101,37,44,6,6,1,5,6,6,4,3,3,0,6,3,3,3,4,12,14,15,17,16,10,18,9,5,12,7,12,16,10
