ASV,MQ210420-84,MQ210420-85,MQ210420-86,MQ210420-87,MQ210420-88,MQ210420-89,MQ210420-90,MQ210420-91,MQ210420-93,MQ210420-94,MQ210420-95,MQ210420-96,MQ210420-97,MQ210420-98,MQ210420-99,MQ210420-100,MQ210420-101,MQ210420-103,MQ210420-104,MQ210420-105,MQ210420-106,MQ210420-108,MQ210420-109,MQ210420-110,MQ210420-111,MQ210420-113,MQ210420-114,MQ210420-115,MQ210420-116,MQ210420-117,MQ210420-118,MQ210420-120,MQ210420-123,MQ210420-124
ASV1,0,3,29,38,2,3,400,1,3,1,2,0,0,126,5060,1,7,0,0,0,0,2,1,0,0,1,2,0,1,2,0,0,0,7
ASV2,0,0,5,49,0,0,77,0,11,1,0,6,1,1,503,0,5,1,0,0,0,1,0,2,1,3,0,2,0,4,1,0,0,1
ASV3,0,0,1,9,0,0,74,0,1,0,0,0,1,2,703,0,0,0,0,0,0,1,0,0,0,2,0,0,0,0,0,0,0,1
ASV4,5841,8489,12278,22847,4909,4632,10594,11627,28101,16443,6923,12162,13409,5589,6012,9289,42214,3613,8809,9580,9035,14181,30240,35145,17470,16284,9390,12445,7557,28588,12347,6802,5632,16662
ASV5,0,0,4,6,0,0,16,0,11,0,0,4,0,13,393,0,3,0,0,0,0,0,0,0,0,0,0,9,0,0,0,0,0,2
ASV6,11,47,261,37,7,11,37,8,45,68,7,41,18,20,112,7,46,43,7,14,17,34,33,39,22,17,21,37,25,46,21,12,41,17
ASV8,0,0,6,1,0,0,3,0,0,0,2,0,0,7,200,0,0,0,0,0,0,0,0,0,0,1,0,0,0,0,0,0,0,0
ASV9,0,0,0,0,0,0,6,0,1,0,0,0,0,1,49,0,0,0,0,0,0,0,0,0,0,0,0,0,0,0,0,0,0,0
ASV10,21,89,59,60,14,43,56,25,60,37,19,29,13,37,128,6,71,24,7,30,33,44,97,64,70,42,49,13,13,48,51,16,13,35
ASV11,0,0,5,0,0,0,7,0,1,0,0,0,1,2,48,0,0,0,0,0,0,0,0,0,0,0,0,0,0,0,0,0,0,0
ASV12,0,0,17,12,0,1,70,1,0,0,0,0,0,30,1005,0,0,0,1,0,1,1,1,1,1,0,1,0,0,0,0,0,0,1
ASV13,2616,3919,5817,10269,2289,1998,5041,5743,13418,7609,3232,5885,6490,2683,2827,4670,20240,1744,4198,4669,4035,7185,14698,17074,8119,7929,4450,6110,3649,14095,6121,3553,2636,8377
ASV14,3,8,9,4,3,1,19,1,13,3,0,3,2,5,56,1,9,0,4,3,2,10,5,9,4,13,4,2,0,4,6,2,0,5
ASV15,0,1,6,4,0,0,100,0,0,1,0,0,0,8,1909,0,2,0,0,0,0,1,0,0,0,0,0,0,1,0,0,0,0,0
ASV16,0,0,1,4,0,0,27,0,0,0,0,0,0,6,54,1,0,0,0,0,0,0,0,0,0,0,0,0,0,0,0,0,0,2
ASV17,438,1516,2802,2144,2995,537,2676,2086,2826,4651,1381,930,1274,765,907,631,11620,215,532,908,210,2628,735,3583,261,3004,685,1077,706,2949,1075,547,616,2120
ASV18,0,0,1,0,0,0,0,0,0,0,0,0,0,1,11,0,0,0,0,0,0,0,0,0,0,0,0,0,0,0,0,0,0,0
ASV19,0,0,2,0,0,0,4,0,0,0,0,0,0,0,45,0,0,0,0,0,0,1,0,0,0,0,0,0,0,0,0,0,0,0
ASV20,0,0,25,3,0,0,5,2,1,0,0,3,1,1,8,1,1,1,0,1,0,0,1,0,0,0,1,1,2,0,0,0,0,1
ASV22,2,3,24,4,1,1,28,2,5,2,0,3,0,14,103,0,4,1,2,1,1,4,6,1,1,6,1,2,0,5,5,1,5,2
ASV24,0,0,0,0,0,0,2,0,0,0,1,1,0,4,20,0,0,0,0,1,0,0,0,0,0,0,0,0,0,0,2,0,0,2
ASV26,7,35,72,28,7,13,19,7,23,23,5,26,10,12,38,3,42,19,9,13,6,13,39,35,10,21,21,17,9,69,23,5,9,18
ASV27,0,1,2,6,0,0,4,1,8,0,0,0,0,5,153,0,0,0,0,0,0,0,0,0,0,0,1,4,0,0,0,0,0,0
ASV28,1,2,11,6,6,0,10,2,3,5,2,1,2,1,8,1,14,0,0,2,0,6,1,2,0,3,2,1,1,10,1,1,0,1
ASV29,0,0,7,1,0,0,24,0,0,0,0,0,0,8,216,3,0,0,0,0,0,0,0,0,0,0,0,0,0,0,0,0,0,0
ASV30,1,2,4,5,0,2,11,0,3,0,0,0,0,3,34,0,0,0,0,0,0,0,1,1,0,2,0,0,0,1,0,0,0,0
ASV32,0,0,2,0,1,1,8,0,0,0,0,0,0,8,182,0,1,0,0,0,0,2,1,1,0,0,2,0,0,1,0,0,0,0
ASV33,0,0,1,1,0,0,3,0,0,1,0,0,0,5,230,0,1,0,0,0,0,0,0,0,0,1,0,0,0,0,0,0,0,0
ASV35,0,0,13,4,0,2,11,0,0,0,0,0,0,59,761,6,0,0,0,0,0,0,0,0,0,0,1,0,0,1,0,0,0,0
ASV36,0,0,8,4,0,0,26,1,0,1,0,0,0,9,169,1,1,0,0,0,0,1,0,1,0,1,0,0,0,0,0,0,1,0
ASV38,0,1,1,0,1,0,4,1,3,2,0,0,0,1,61,1,0,0,0,1,0,0,0,0,1,2,0,0,1,0,2,0,0,1
ASV40,0,2,4,5,0,1,27,0,0,0,0,0,0,2,658,0,2,0,0,0,0,1,1,1,0,0,0,2,0,1,1,0,0,0
ASV41,0,0,4,0,0,0,14,0,1,0,0,0,0,7,157,0,0,0,0,0,0,0,0,0,1,0,3,0,0,0,0,0,0,0
ASV42,0,0,14,2,1,0,49,0,2,0,0,0,0,21,299,0,0,0,1,0,0,0,0,0,0,0,0,0,0,0,0,0,0,0
ASV43,0,0,0,0,0,0,1,0,0,0,0,0,0,0,19,0,0,0,0,0,0,0,0,0,0,0,0,0,0,0,0,0,0,0
ASV45,0,0,1,1,0,0,1,0,0,0,0,0,0,2,9,0,0,0,0,0,0,0,0,0,0,0,0,0,0,0,0,0,0,0
ASV47,152,573,653,458,87,354,289,186,806,484,240,260,278,166,284,167,1102,215,170,225,299,452,1600,689,443,324,283,188,166,566,362,117,113,222
ASV50,16,150,419,55,23,12,90,5,28,51,21,81,55,71,969,18,53,13,10,20,10,10,28,46,13,11,20,114,116,98,22,6,54,26
ASV51,0,0,2,1,0,0,42,0,1,0,0,0,0,1,253,0,0,0,0,0,0,0,0,0,0,1,0,0,2,0,0,0,0,0
ASV52,0,1,1,0,0,0,4,0,0,0,0,0,0,0,72,0,0,0,0,0,0,0,0,0,0,1,0,1,0,0,0,0,0,0
ASV53,0,0,0,0,0,0,3,0,0,0,0,0,0,1,52,0,0,0,0,0,0,0,0,0,0,0,0,0,0,0,0,0,0,0
ASV54,0,2,19,6,0,0,29,1,4,0,0,2,0,16,150,0,0,0,0,0,0,0,0,1,0,0,0,0,0,0,1,1,0,1
ASV55,1,6,10,2,0,0,28,0,4,0,1,0,0,22,425,1,1,0,0,0,0,1,3,0,3,1,0,0,0,0,1,0,0,2
ASV57,0,1,3,1,0,0,4,0,1,0,0,0,0,2,119,0,0,0,0,0,0,1,0,0,0,0,0,0,0,0,0,0,0,0
ASV60,0,4,3,0,0,2,9,0,6,1,0,2,0,0,36,0,1,1,1,0,2,3,4,0,2,1,1,0,1,2,4,1,0,6
ASV62,0,0,2,4,0,0,1,0,1,0,1,0,0,2,87,0,3,0,0,0,0,1,2,0,0,0,0,0,0,0,0,0,0,0
ASV63,0,2,6,2,6,0,5,1,1,12,1,0,0,0,9,1,23,1,0,0,0,0,1,2,0,3,0,3,0,2,0,0,1,3
ASV65,0,0,2,1,0,0,7,0,0,1,0,1,1,1,48,0,0,0,0,0,0,0,3,0,0,2,1,0,1,0,1,0,0,2
ASV67,0,0,8,3,0,0,11,0,0,0,1,0,0,9,174,0,0,0,0,0,0,0,0,0,0,0,0,0,0,0,0,0,0,1
ASV69,0,0,0,0,0,0,5,0,0,0,0,0,0,0,17,0,0,0,0,0,0,0,0,0,0,1,0,0,0,0,0,0,0,0
ASV70,0,6,9,12,5,11,27,1,3,3,5,0,0,5,223,1,0,2,2,3,7,1,10,10,3,1,7,2,0,10,13,1,1,4
ASV71,0,0,3,2,0,0,22,0,0,0,0,0,0,1,82,0,0,0,0,0,0,0,0,0,0,0,0,0,0,0,0,0,0,0
ASV72,0,0,2,11,0,0,33,0,0,0,0,0,0,6,20,1,0,0,0,0,0,1,0,0,0,0,0,0,0,0,0,0,0,0
ASV74,0,0,1,3,0,0,0,0,0,0,0,0,0,1,52,0,0,0,0,0,0,0,0,0,0,0,0,0,0,0,0,0,0,0
ASV76,0,0,0,2,0,0,1,0,1,0,0,0,1,0,9,0,4,0,0,0,0,1,0,0,0,0,1,0,0,0,0,0,0,0
ASV78,0,0,4,4,0,0,4,0,0,1,1,0,0,12,128,0,0,0,0,0,0,0,0,0,0,0,0,0,0,0,0,0,0,1
ASV79,1,1,6,3,1,3,5,3,2,0,0,0,0,3,56,0,0,0,0,1,2,3,2,3,1,2,2,0,2,2,6,1,0,0
ASV81,0,0,2,0,0,0,4,0,3,0,2,0,0,3,32,0,2,0,0,0,0,0,1,0,0,1,0,0,0,0,1,0,0,0
ASV84,0,0,0,1,0,0,0,0,0,0,0,0,0,3,41,0,0,0,0,0,0,0,0,0,0,0,0,0,0,0,0,0,0,0
ASV88,0,0,1,0,0,0,2,0,0,0,0,0,0,0,28,0,0,0,0,0,0,0,0,0,0,0,0,0,0,0,0,0,0,0
ASV92,0,1,1,3,0,0,6,0,0,1,0,3,0,9,105,1,3,0,0,1,0,2,0,0,1,1,1,0,0,0,1,0,0,2
ASV96,0,0,4,0,1,0,6,1,0,1,0,0,0,2,83,0,2,0,0,0,0,0,0,0,0,1,0,1,0,0,0,0,0,1
ASV97,1,4,16,33,1,1,54,1,17,10,0,3,0,35,379,0,8,0,1,0,1,5,2,1,1,5,4,6,2,1,1,1,1,2
ASV98,57,334,477,242,61,219,149,123,380,397,118,151,122,120,210,71,489,69,79,124,120,220,747,349,191,217,198,85,75,208,201,63,48,126
ASV99,0,0,5,0,0,0,4,0,1,0,0,0,0,2,7,1,0,0,0,0,0,0,0,0,0,0,0,0,0,0,0,0,0,0
ASV103,0,0,0,0,1,0,3,0,0,0,0,0,0,0,1,0,0,0,0,1,0,0,0,0,0,0,0,0,1,0,0,0,0,0
ASV104,0,0,0,0,0,0,1,0,0,0,0,1,0,0,23,0,0,0,0,0,0,1,0,0,0,1,1,0,0,0,0,0,0,0
ASV106,1,7,0,2,0,1,4,0,2,1,0,0,0,0,73,0,1,0,0,0,0,1,6,1,1,1,0,0,0,2,0,0,0,1
ASV108,0,0,0,0,0,0,3,0,0,0,0,0,0,1,10,0,0,0,0,0,0,0,0,0,0,0,1,0,0,0,0,0,0,0
ASV109,1048,535,1008,1209,575,1249,185,841,376,288,226,93,61,312,514,43,1065,310,638,79,232,4032,887,660,690,283,657,76,1224,140,592,93,88,834
ASV110,0,0,1,2,0,0,5,0,0,0,0,0,0,0,15,0,0,0,0,0,0,0,0,0,0,0,0,0,0,0,1,0,0,0
ASV111,0,0,0,0,1,0,1,0,0,0,0,0,0,1,0,0,0,0,0,0,0,0,0,0,0,0,1,0,0,0,0,0,0,1
ASV112,2,25,14,36,6,13,61,8,18,15,5,5,4,11,154,3,18,7,7,6,10,15,11,5,7,8,15,3,8,11,27,3,6,15
ASV113,397,547,768,1306,324,371,625,717,1498,1050,413,691,781,317,445,554,3041,299,606,587,608,1065,1862,2099,995,1022,625,723,456,1688,848,379,339,979
ASV115,0,2,3,0,0,0,1,0,0,0,0,0,0,2,13,0,0,0,0,0,0,0,0,1,0,0,0,0,1,0,0,0,0,0
ASV116,1,6,5,8,3,1,4,1,4,3,2,3,0,14,280,2,1,2,0,0,2,1,3,4,1,4,2,1,0,4,4,0,0,4
ASV118,561,830,1263,2136,510,484,1090,1231,2965,1536,638,1187,1345,545,674,890,3991,325,773,865,788,1431,3165,3354,1702,1657,841,1301,784,3037,1220,686,550,1838
ASV119,46,180,162,140,34,112,76,62,209,129,70,68,75,53,121,47,268,59,30,55,79,106,500,181,150,120,119,31,39,124,99,27,26,63
ASV120,1,2,25,6,3,0,38,0,5,2,1,2,1,8,79,0,1,0,0,0,0,0,0,1,0,1,1,4,0,3,1,0,0,0
ASV122,0,0,8,0,0,0,16,0,1,0,0,0,1,5,135,0,3,0,0,0,0,0,0,0,0,0,1,0,0,0,0,0,0,1
ASV123,0,0,1,4,0,0,13,0,2,0,0,1,0,1,82,0,0,0,0,0,0,0,0,0,0,0,0,0,0,1,0,0,0,0
ASV127,0,0,0,0,0,0,14,0,3,0,0,0,0,2,58,0,1,0,0,0,0,0,0,0,0,0,0,0,0,0,0,0,0,0
ASV133,0,2,3,1,1,0,18,0,1,1,0,0,0,4,58,0,0,0,0,0,0,0,0,7,0,0,0,0,0,0,0,0,2,0
ASV134,58,306,380,253,69,175,224,133,464,351,143,155,141,109,217,90,593,116,91,123,188,226,847,423,280,208,207,106,69,250,243,89,57,145
ASV135,0,3,17,0,0,0,6,0,0,0,1,0,0,3,19,0,1,3,1,1,1,0,0,0,0,0,0,0,0,0,0,0,0,0
ASV136,0,0,1,3,0,0,3,0,0,0,0,0,0,2,191,1,1,0,0,0,0,0,0,0,0,0,0,0,0,0,0,0,0,0
ASV137,0,0,1,0,0,0,6,0,2,0,0,0,0,7,155,0,1,0,0,0,0,0,0,0,0,0,1,0,0,0,0,0,0,0
ASV138,0,0,0,0,0,0,1,0,0,0,0,0,0,0,16,0,0,0,0,0,0,0,0,0,0,0,0,0,0,0,0,0,0,0
ASV139,0,0,3,0,0,0,6,0,1,0,0,0,0,3,78,0,0,0,0,0,0,0,0,0,0,0,0,0,0,0,0,0,0,0
ASV142,0,0,0,0,0,0,2,0,0,1,0,0,0,2,23,0,0,0,0,0,0,0,0,0,0,0,0,0,0,0,0,0,0,0
ASV144,0,0,0,0,0,0,1,0,0,0,0,0,0,2,23,0,0,0,0,0,0,0,0,0,0,0,0,0,0,0,0,0,0,0
ASV145,427,1940,2023,1739,363,1085,956,770,2558,1667,934,1078,838,635,552,498,3564,676,632,679,993,1802,5459,2671,1698,1043,855,716,671,1877,1229,623,401,829
ASV146,0,0,1,0,0,0,0,0,0,0,0,0,0,3,206,0,0,0,1,0,0,0,0,0,0,0,0,0,0,0,0,0,0,0
ASV147,78,245,226,189,53,132,206,69,153,233,88,131,86,81,187,61,337,62,118,60,56,110,252,182,93,144,78,77,63,178,128,44,50,193
ASV148,13,16,109,32,4,5,21,12,25,35,3,18,12,8,12,10,53,2,4,9,2,19,22,35,5,13,6,10,10,21,8,3,4,13
ASV149,0,0,0,0,0,0,4,0,0,0,0,0,0,1,35,0,0,0,0,0,0,0,0,0,0,0,0,0,0,0,0,0,0,1
ASV150,0,0,0,0,0,0,0,0,0,0,0,0,0,1,18,0,0,0,0,0,0,0,0,0,0,0,0,0,1,0,0,0,0,0
ASV151,0,1,1,0,0,0,1,0,1,0,0,0,0,0,10,0,0,0,0,0,0,0,0,0,0,0,0,0,0,0,0,0,0,0
ASV154,0,0,0,0,0,0,7,0,0,0,0,1,0,1,17,0,0,0,0,0,0,1,0,2,0,0,0,0,0,0,0,0,0,0
ASV155,0,0,1,0,0,0,5,0,1,0,0,0,0,3,15,1,1,0,0,0,0,1,0,1,0,0,0,0,0,0,0,0,0,1
ASV156,66,79,101,128,77,48,168,59,289,48,25,51,75,36,51,34,92,22,24,39,53,43,422,120,45,75,80,34,20,231,52,25,25,76
ASV157,1,0,0,0,0,0,1,0,0,0,0,0,0,1,30,0,0,0,0,0,0,0,0,0,0,0,0,0,0,0,0,0,0,0
ASV160,0,0,0,0,0,0,6,0,0,0,0,0,0,0,67,0,0,0,0,0,0,0,0,0,0,0,0,1,0,0,0,0,0,0
ASV162,619,832,1530,2333,505,445,1184,1558,3240,2143,799,1361,1582,593,811,1093,5050,350,990,1223,873,1748,2981,4188,1720,1939,959,1639,817,3330,1474,806,703,1927
ASV163,158,598,277,332,132,274,213,199,553,416,130,154,186,175,225,79,559,178,128,143,270,246,1067,557,529,260,388,180,123,440,395,100,115,192
ASV165,0,0,0,0,0,0,5,0,0,0,0,0,0,0,93,0,0,0,0,0,0,0,0,0,0,0,0,0,0,0,0,0,0,0
ASV167,45,42,180,111,90,22,135,75,273,145,63,78,134,51,86,24,271,20,35,57,29,147,26,211,32,92,75,56,36,203,97,47,38,110
ASV168,0,0,2,0,0,0,5,0,0,0,0,0,0,0,31,0,0,0,0,0,0,0,0,0,0,0,0,0,0,0,0,0,0,0
ASV169,0,0,1,0,0,0,4,0,1,0,0,0,0,1,49,1,0,0,0,0,0,0,0,0,0,1,1,0,0,0,0,0,0,0
ASV171,0,0,0,0,0,0,0,0,0,0,0,0,0,1,25,0,0,0,0,0,0,0,0,0,0,0,0,0,0,0,0,0,0,0
ASV172,0,0,0,0,0,0,5,0,0,0,0,0,0,1,15,0,0,0,0,0,0,0,0,0,0,0,0,0,0,0,0,0,0,0
ASV174,0,1,3,1,0,0,11,0,2,0,0,0,0,7,249,1,2,0,0,0,1,0,1,0,0,0,1,0,2,0,0,0,0,0
ASV177,0,0,0,0,0,1,1,1,0,0,0,0,0,0,37,0,3,0,0,0,0,0,1,0,1,0,0,0,0,0,0,0,0,0
ASV178,0,0,0,0,0,0,1,0,0,0,0,0,0,0,6,0,1,0,0,0,0,0,0,0,0,0,0,0,0,0,0,0,0,0
ASV179,2,9,112,34,43,2,83,21,26,50,9,37,18,8,7,11,100,4,4,15,0,14,11,42,0,18,2,10,4,32,7,6,3,11
ASV182,0,0,0,0,0,0,6,0,0,0,0,0,0,3,48,0,0,0,0,0,0,0,0,0,0,0,0,0,0,0,0,0,0,0
ASV183,0,0,1,1,0,0,7,0,0,0,0,0,0,11,135,1,1,0,0,0,0,0,0,0,0,0,3,0,0,0,0,0,0,0
ASV184,0,0,0,1,0,0,5,0,0,0,0,0,0,5,80,0,0,0,0,0,0,0,0,0,0,0,0,0,0,0,0,0,0,0
ASV185,0,0,2,0,0,0,3,0,0,0,0,0,0,0,26,0,0,0,0,0,0,0,0,0,0,0,0,0,0,0,0,0,1,0
ASV186,32,102,67,75,21,35,52,170,132,76,46,30,50,35,45,18,138,32,27,36,46,64,261,85,106,86,136,56,85,143,99,25,34,62
ASV192,0,0,3,2,0,0,23,0,2,0,0,0,0,10,79,1,0,0,0,0,0,0,0,0,0,0,0,0,0,0,0,0,0,0
ASV194,0,0,3,1,0,0,4,0,0,0,0,0,0,0,23,0,0,0,0,0,0,0,0,0,0,0,0,0,0,0,0,0,0,1
ASV197,0,0,0,0,0,0,2,0,0,0,0,1,0,2,18,0,0,0,0,1,0,0,0,0,0,0,0,0,0,0,0,0,0,0
ASV198,0,0,2,0,0,0,0,0,0,0,0,0,0,1,30,0,0,0,0,0,0,0,0,0,0,0,0,0,0,0,0,0,0,0
ASV199,0,0,1,0,0,0,0,0,0,0,0,0,0,1,21,0,0,0,0,0,0,0,0,0,0,0,0,0,0,0,0,0,0,0
ASV200,0,0,0,0,0,0,0,0,0,0,0,0,0,0,17,0,1,0,0,0,0,0,0,0,0,0,2,0,0,0,0,0,0,1
ASV202,190,893,469,551,231,441,308,272,865,471,221,250,213,291,335,108,873,280,193,176,455,352,1367,705,739,402,698,203,184,643,716,151,115,385
ASV204,0,0,0,0,0,0,3,0,0,0,0,0,0,0,7,0,0,0,0,0,0,0,0,0,0,0,1,0,0,0,0,0,0,0
ASV206,108,646,290,192,94,277,85,131,300,401,158,86,79,247,298,48,293,172,107,71,197,142,457,238,233,228,418,103,57,181,334,67,64,188
ASV207,0,0,2,0,0,0,0,0,0,0,0,0,0,0,17,0,0,0,0,0,0,0,0,0,0,0,0,0,0,0,0,0,0,0
ASV209,0,0,1,1,0,0,4,0,0,0,0,0,0,2,101,0,0,0,0,0,0,0,0,0,0,0,0,0,0,0,0,0,0,0
ASV212,43,174,224,159,30,112,106,61,249,183,78,123,92,50,106,56,342,69,57,69,92,153,585,239,148,99,88,58,66,222,124,52,28,80
ASV213,0,0,2,1,0,0,8,0,0,0,0,0,0,1,48,0,1,0,0,0,0,0,0,0,0,0,0,0,0,0,0,0,0,0
ASV214,0,0,4,2,2,0,3,1,1,2,0,1,0,0,1,0,1,0,0,0,0,1,0,0,0,0,0,3,0,0,0,1,0,1
ASV215,0,0,0,0,0,0,0,0,0,0,0,0,0,0,2,0,1,0,0,0,0,0,0,0,0,0,0,0,0,0,0,0,0,0
ASV217,0,2,10,4,8,1,6,3,3,2,0,0,1,5,18,1,10,2,2,3,3,10,1,4,0,2,4,2,0,4,4,1,1,8
ASV221,1,5,25,3,3,4,7,4,12,1,4,4,3,6,94,0,10,3,3,4,11,1,14,7,4,7,1,3,2,3,5,0,0,7
ASV222,1,5,9,8,0,4,4,2,9,3,2,1,1,2,6,1,17,1,1,2,3,2,4,10,0,2,1,2,1,10,7,1,0,2
ASV223,0,0,0,0,0,0,0,0,0,0,0,0,0,0,15,0,0,0,0,0,0,0,0,0,0,0,0,0,0,0,0,0,0,0
ASV226,41,106,147,112,220,29,116,93,220,79,55,74,40,51,69,22,250,52,20,57,37,111,13,139,1,103,59,52,30,130,110,35,31,94
ASV228,1,12,13,6,3,2,11,2,9,4,1,7,5,1,45,0,10,3,0,1,3,3,11,4,4,1,1,0,1,7,3,0,3,5
ASV230,24,169,95,77,29,62,71,38,140,99,45,33,34,46,86,10,157,64,30,29,78,93,294,171,145,98,90,31,26,104,97,29,20,46
ASV231,0,0,0,1,0,1,2,0,0,0,0,0,0,0,17,0,1,0,0,0,0,0,0,0,0,0,0,0,0,0,0,0,0,0
ASV235,408,562,701,1442,360,332,623,651,1746,1090,435,697,739,402,412,562,2756,299,567,532,634,954,2099,2112,1170,1024,619,771,445,1685,808,354,351,1020
ASV236,0,0,10,9,0,0,23,0,1,0,0,0,0,6,76,0,0,1,0,0,0,0,0,0,0,0,0,0,0,0,0,0,0,0
ASV239,0,0,0,0,0,0,1,0,0,0,0,0,0,1,26,0,0,0,0,0,0,0,0,0,0,0,0,0,0,0,0,0,0,0
ASV243,49,282,451,161,59,153,122,138,264,374,112,111,120,70,158,79,713,77,81,118,141,332,771,586,287,307,144,185,123,223,190,121,72,177
ASV244,46,193,224,164,39,139,113,63,301,178,72,101,100,52,104,61,382,72,56,78,111,161,587,262,176,98,116,70,66,249,137,55,37,87
ASV245,58,282,279,167,50,169,118,99,321,261,106,126,126,75,101,65,484,86,69,94,119,229,706,318,207,161,151,92,85,262,187,54,55,128
ASV247,0,0,2,1,0,0,3,0,0,0,0,0,0,1,12,0,0,0,0,0,0,0,0,0,0,0,0,0,0,0,0,0,0,0
ASV248,0,0,3,0,0,0,5,0,0,0,0,0,0,1,67,0,0,0,0,0,0,0,0,0,1,0,0,0,0,0,0,0,0,1
ASV250,0,0,0,1,0,0,2,1,0,0,2,0,0,3,34,0,1,0,0,0,0,0,0,1,0,0,0,0,0,0,0,0,0,0
ASV251,0,1,4,3,0,0,1,0,0,0,0,0,0,0,37,0,1,1,0,0,0,0,0,1,0,0,0,2,0,0,0,0,0,0
ASV253,0,0,0,0,0,0,2,0,0,0,0,0,0,1,13,0,0,0,0,0,0,0,0,0,0,0,0,0,0,0,0,0,0,0
ASV254,0,0,1,0,0,0,0,0,0,0,0,0,0,1,42,0,0,0,0,0,0,0,0,0,0,0,0,0,0,0,0,0,0,0
ASV256,0,0,3,1,0,0,13,0,0,0,0,0,0,11,112,0,1,0,0,0,0,0,0,0,0,0,0,0,0,0,1,0,0,2
ASV258,0,0,0,0,0,0,1,0,0,0,0,0,0,0,0,0,0,0,0,0,0,0,0,0,0,0,0,0,0,0,0,0,0,0
ASV259,0,0,1,0,0,0,6,1,0,0,0,0,0,0,7,0,0,0,0,0,0,0,0,0,0,1,0,0,0,0,0,0,0,0
ASV260,2,12,5,1,2,1,0,1,3,1,5,2,3,1,144,0,1,3,1,1,4,1,9,4,1,4,11,0,1,4,14,1,2,3
ASV261,0,0,0,1,0,0,1,0,0,0,0,0,0,0,18,0,0,0,0,0,0,0,0,0,0,0,0,0,0,0,0,0,0,0
ASV262,0,0,2,1,0,0,5,0,0,0,0,0,0,0,35,0,0,0,0,0,0,0,0,0,0,0,0,0,0,0,0,0,0,0
ASV264,0,0,0,0,0,0,3,0,0,0,0,0,0,0,119,0,0,0,0,0,0,0,0,0,0,0,0,2,0,0,0,0,0,2
ASV269,0,0,0,1,0,0,2,0,0,0,0,0,0,1,18,0,1,0,0,0,0,0,0,0,0,0,0,0,0,0,0,0,0,0
ASV272,30,147,145,87,34,85,65,41,156,171,47,56,46,53,66,28,323,48,31,57,67,110,327,150,112,102,80,52,35,134,91,25,21,71
ASV274,0,3,0,0,0,0,2,0,1,0,0,0,0,0,72,0,2,0,0,0,0,0,0,1,0,0,1,1,0,1,0,0,0,0
ASV279,0,0,2,4,0,0,15,0,0,2,0,2,0,5,89,0,1,0,0,0,0,0,0,0,0,0,0,0,0,0,0,1,1,0
ASV280,0,0,1,0,0,0,1,0,1,1,0,0,0,5,262,0,1,0,0,0,1,1,0,0,0,0,1,3,0,0,1,0,0,0
ASV283,0,0,2,0,0,0,3,0,0,0,0,0,0,1,57,0,0,0,0,0,0,0,0,0,0,1,0,0,0,0,0,0,0,0
ASV284,0,0,1,0,0,0,2,0,0,0,0,0,0,3,108,0,0,0,0,0,0,0,0,0,0,0,0,0,0,0,0,0,0,0
ASV286,0,0,0,1,0,0,1,0,0,0,1,0,0,0,11,1,1,0,0,0,0,0,0,0,0,0,0,0,0,0,0,0,0,0
ASV288,1,41,94,25,120,9,48,55,52,118,69,21,22,21,27,15,448,14,11,16,7,70,13,106,9,70,20,47,32,42,22,16,36,96
ASV289,5,23,133,30,94,6,80,28,20,60,37,22,14,18,39,3,119,15,9,7,3,32,5,61,0,35,22,32,17,34,27,9,11,30
ASV290,0,0,10,3,0,0,61,0,2,0,0,0,0,10,516,2,0,0,0,0,0,0,0,0,0,0,0,0,0,1,0,0,0,0
ASV297,1,4,2,0,0,1,4,0,3,1,1,0,0,0,84,0,1,1,0,0,1,1,3,1,4,1,1,24,0,1,0,1,0,0
ASV298,0,0,1,0,0,0,0,0,0,0,0,0,0,0,3,0,0,0,0,0,0,0,0,0,0,0,0,0,0,0,0,0,1,0
ASV300,0,1,0,0,0,0,0,0,1,0,0,0,0,1,13,0,0,0,0,0,0,0,0,0,0,0,0,0,0,0,0,0,0,0
ASV301,0,0,1,0,0,0,1,0,0,0,0,0,0,0,8,0,0,0,0,0,0,0,0,0,0,0,0,0,0,0,0,0,0,0
ASV307,868,1476,2197,3316,428,874,1759,1436,4873,2809,921,2792,2365,644,734,1176,5994,572,922,1379,1049,2187,4064,4364,2126,1608,984,1420,1139,4171,1710,1141,729,1730
ASV308,33,152,164,114,26,91,75,45,200,113,48,75,56,45,74,42,248,71,39,68,72,120,424,186,141,66,68,55,47,158,87,34,33,56
ASV310,0,0,3,2,0,0,4,0,0,0,0,0,0,0,157,0,0,0,0,0,0,0,0,0,0,0,1,0,0,0,1,0,0,1
ASV311,0,0,3,2,2,0,3,0,0,9,0,1,0,1,1,0,12,0,1,1,1,1,2,1,0,0,0,1,0,1,1,0,0,0
ASV314,0,2,5,0,0,1,6,0,0,0,0,0,1,1,80,0,2,0,0,0,0,1,0,0,0,2,0,0,0,0,1,0,0,0
ASV315,0,0,4,0,0,0,1,0,0,0,0,0,0,0,17,0,0,0,0,0,0,0,0,0,0,0,0,0,0,0,0,0,0,0
ASV317,0,0,1,2,0,0,4,0,0,0,0,0,0,1,19,0,0,0,0,0,0,0,0,0,0,0,0,0,0,0,0,0,0,0
ASV319,0,0,1,0,0,0,4,0,0,0,0,0,0,0,18,0,0,0,0,0,0,0,0,0,0,0,0,0,0,0,0,0,0,0
ASV322,38,167,168,97,14,100,84,41,171,116,47,84,61,35,71,43,254,48,27,41,72,120,480,168,121,69,63,61,45,154,76,29,25,64
ASV328,0,0,5,0,0,0,2,2,1,0,0,0,0,0,56,0,1,0,0,0,0,0,0,0,0,0,0,0,0,0,1,0,0,0
ASV329,0,0,0,0,0,0,1,0,0,0,0,0,0,1,28,0,0,0,0,0,0,0,0,0,0,0,0,0,0,0,0,0,0,0
ASV333,80,430,191,186,68,213,108,160,338,177,72,78,75,175,129,28,262,96,44,91,130,156,576,176,321,132,220,79,56,131,195,54,39,102
ASV342,0,0,1,2,0,0,4,0,1,0,0,0,0,6,59,0,0,1,0,0,1,0,0,0,0,0,0,1,0,0,0,0,0,0
ASV343,0,0,0,0,0,0,2,0,0,0,0,0,0,0,5,0,0,0,0,0,0,0,0,0,0,0,0,0,0,0,0,0,0,0
ASV345,29,152,97,118,58,94,95,53,202,44,39,57,26,37,102,35,135,62,37,29,75,63,319,152,102,98,124,30,33,132,101,23,18,93
ASV354,0,0,0,1,0,0,1,0,0,0,0,0,0,0,3,0,0,0,0,0,0,0,0,0,0,0,0,0,0,0,0,0,0,0
ASV357,0,0,1,2,0,0,5,0,0,0,0,0,0,2,77,0,0,0,0,0,0,0,0,0,0,0,0,0,0,0,0,0,0,0
ASV360,74,316,193,259,134,147,93,92,386,124,115,87,81,129,144,55,407,97,76,78,145,147,529,249,259,144,400,70,123,319,281,95,65,171
ASV366,0,0,0,0,0,0,5,0,0,0,0,0,0,0,16,0,0,0,0,0,0,0,0,0,0,0,0,0,0,0,0,0,0,0
ASV369,0,0,3,1,0,1,4,0,1,0,0,0,0,6,68,0,0,0,0,0,0,0,0,0,0,0,0,0,0,0,0,0,0,0
ASV371,0,0,1,2,1,0,2,0,3,1,0,0,0,0,2,0,0,0,0,0,0,2,0,0,0,0,0,0,0,4,0,0,0,0
ASV372,0,0,2,1,0,0,7,0,0,0,0,0,0,0,38,0,0,0,0,0,0,0,0,0,0,0,0,0,0,0,0,0,0,0
ASV375,0,0,0,0,0,0,0,0,0,0,0,0,0,1,5,0,0,0,0,0,0,0,0,0,0,0,0,0,0,0,0,0,0,0
ASV378,0,1,2,1,1,0,1,0,0,0,0,0,0,0,1,0,0,0,0,0,0,0,0,0,0,0,0,1,0,0,1,0,0,1
ASV379,0,0,3,0,0,0,3,0,0,2,0,1,0,0,4,0,0,0,0,0,0,0,0,0,0,0,0,0,0,0,0,0,0,0
ASV381,597,755,1179,2700,404,872,1664,821,2149,907,447,525,554,542,469,264,2728,280,555,523,429,1167,960,1287,246,799,838,813,367,1588,605,490,324,621
ASV382,31,126,122,71,25,67,68,33,141,94,51,57,48,42,71,39,185,46,43,54,57,82,342,150,107,71,58,45,32,134,81,29,19,70
ASV384,0,0,3,1,0,0,11,0,0,0,0,0,0,0,78,0,0,0,0,0,0,0,1,1,0,0,0,0,0,0,0,0,0,0
ASV385,0,0,0,0,0,0,1,0,0,0,0,0,0,1,50,0,0,0,0,0,0,0,0,0,0,0,0,0,0,0,0,0,0,0
ASV386,0,0,1,2,0,0,4,0,0,0,0,0,0,3,45,0,0,0,0,0,0,0,0,0,0,0,0,0,0,0,0,0,0,0
ASV387,4,28,12,10,11,14,11,3,10,6,6,5,2,12,107,1,16,10,1,1,8,5,22,4,7,9,5,36,0,3,12,0,1,5
ASV388,0,0,2,1,0,1,4,0,0,1,0,0,0,1,18,0,0,0,1,0,0,0,1,0,0,0,2,0,0,0,2,0,0,0
ASV396,0,0,1,1,0,0,4,0,0,0,0,0,0,0,14,0,0,0,0,0,0,0,0,0,0,0,0,1,0,0,0,0,0,1
ASV397,107,541,442,345,89,293,248,129,668,250,130,173,114,148,214,91,581,200,84,131,232,221,635,387,372,175,260,113,69,302,248,67,76,142
ASV401,165,705,772,649,130,452,395,299,1076,608,348,428,315,212,229,195,1470,270,271,287,356,685,2033,1020,619,398,354,320,236,725,533,220,164,296
ASV403,174,65,772,623,72,36,837,642,999,466,78,217,193,105,24,169,1562,101,83,187,88,966,22,954,10,475,25,401,163,977,69,445,227,245
ASV404,0,0,0,0,0,0,1,0,0,0,0,0,0,0,15,0,0,0,0,0,0,0,0,0,0,0,0,0,0,0,0,0,0,0
ASV413,29,160,208,118,22,93,96,61,199,123,69,67,66,33,58,28,272,53,37,63,78,111,398,176,113,85,77,48,39,142,72,29,26,60
ASV414,117,471,620,461,103,224,250,132,666,488,195,277,217,187,232,116,867,195,109,275,230,485,547,499,326,343,214,152,169,339,365,140,104,205
ASV415,0,0,1,0,0,0,1,0,0,0,0,0,0,0,0,0,0,0,0,0,0,0,0,0,0,0,0,0,0,0,0,0,0,0
ASV416,0,0,0,0,0,0,1,0,0,0,0,0,0,0,3,0,0,0,0,0,0,0,0,0,0,0,0,0,0,0,0,0,0,0
ASV419,29,131,60,44,19,70,25,17,90,47,33,38,20,37,64,17,76,53,18,30,41,47,119,59,58,55,75,23,17,43,60,12,15,42
ASV420,29,58,326,103,44,23,165,85,308,354,78,136,217,29,21,79,770,19,26,124,9,281,70,318,27,260,14,102,32,283,38,95,38,71
ASV421,0,0,2,0,0,0,3,0,0,0,0,0,0,0,5,0,0,0,0,0,0,0,0,0,0,0,0,0,0,0,0,0,0,0
ASV422,43,67,353,217,10,33,219,75,410,391,36,145,218,19,48,80,771,36,26,175,59,340,359,522,119,220,29,86,53,465,39,68,34,53
ASV423,0,0,0,1,0,0,0,0,1,0,0,0,0,0,1,0,1,0,0,0,0,0,0,1,0,0,0,0,0,0,0,0,0,0
ASV426,0,2,3,10,0,1,32,0,3,0,0,0,0,6,193,0,1,0,1,0,0,0,2,0,0,0,1,93,1,1,0,0,0,1
ASV428,0,0,2,0,0,0,0,0,0,3,1,0,0,1,3,0,3,0,0,0,0,0,0,0,0,0,0,0,0,1,2,0,0,0
ASV429,30,135,49,47,46,62,41,19,86,30,23,15,13,40,29,12,110,47,30,11,33,34,116,61,18,24,72,20,11,59,104,12,25,54
ASV431,4,6,1,7,0,5,8,1,14,5,0,3,1,0,57,0,6,0,0,4,2,3,9,7,4,1,5,4,1,7,1,1,1,2
ASV437,0,0,0,0,0,0,1,0,0,0,0,0,0,0,4,0,0,0,0,0,0,0,0,0,0,0,0,0,0,0,0,0,0,0
ASV439,0,0,1,0,0,0,6,0,0,0,0,0,0,4,36,1,0,0,1,0,0,0,0,0,0,1,0,0,0,0,0,0,1,0
ASV443,0,0,1,0,0,0,3,0,0,0,0,0,0,3,54,0,0,0,0,0,0,0,0,1,0,0,1,0,0,0,0,0,0,0
ASV445,22,131,151,93,31,65,73,49,171,124,44,78,54,45,69,35,251,43,39,47,65,113,372,196,82,105,76,53,39,150,107,36,36,75
ASV448,0,0,2,0,0,0,1,0,1,0,0,0,0,0,9,0,0,0,0,0,0,0,0,0,0,0,0,0,0,0,0,0,0,0
ASV449,0,0,0,0,0,0,1,0,0,0,0,0,0,0,2,0,0,0,0,0,0,0,0,0,0,0,0,0,0,0,0,0,0,0
ASV454,0,0,0,3,0,0,7,0,0,0,0,1,0,2,30,0,0,0,0,0,0,0,0,0,0,0,0,0,0,1,1,0,0,0
ASV455,0,0,5,5,0,1,9,0,0,0,0,0,0,3,169,0,0,0,0,0,0,0,0,0,0,0,0,0,0,0,0,0,0,1
ASV458,0,0,0,0,0,0,0,0,0,0,0,0,0,0,4,0,0,0,0,0,0,0,0,0,0,0,0,0,0,0,0,0,0,0
ASV459,0,0,0,0,0,0,6,0,0,0,0,0,0,1,46,0,0,0,0,0,0,0,0,0,0,0,0,0,0,0,0,0,0,0
ASV461,0,0,0,1,0,0,2,0,0,0,0,0,0,1,17,0,0,0,0,0,0,0,0,0,0,0,0,0,0,0,0,0,0,0
ASV463,0,0,1,0,0,0,3,0,0,0,0,0,0,2,20,0,0,0,0,0,0,0,0,0,0,0,0,0,0,0,0,0,0,0
ASV466,0,0,1,0,0,0,1,0,0,0,0,0,0,0,23,0,0,0,0,0,0,0,0,0,0,0,0,0,0,0,0,0,0,0
ASV469,0,0,1,0,1,0,0,0,0,0,0,0,0,1,23,0,0,0,0,0,0,0,0,0,0,0,0,0,0,0,0,0,0,1
ASV471,0,0,0,0,0,0,1,0,0,0,0,0,0,0,1,0,0,0,0,0,0,0,0,0,0,0,0,0,0,0,0,0,0,0
ASV476,0,0,0,0,0,0,2,0,0,0,0,0,0,1,13,0,1,0,0,0,0,0,0,0,0,0,0,0,0,0,0,0,0,0
ASV480,5,54,43,38,15,33,26,21,69,26,31,24,16,31,76,5,49,19,15,180,23,23,61,56,48,35,47,16,12,49,74,6,15,31
ASV483,0,1,0,0,0,0,0,0,0,0,0,0,0,0,21,0,0,0,0,0,0,0,0,0,0,0,0,0,0,0,0,0,0,0
ASV487,0,0,0,0,0,0,2,0,0,0,0,0,0,0,7,0,0,0,0,0,0,0,0,0,0,0,0,0,0,0,0,0,0,0
ASV489,0,0,1,0,0,0,5,0,0,0,0,0,0,0,2,0,0,0,0,0,0,0,0,0,0,0,0,0,0,0,0,0,0,0
ASV491,29,215,163,99,21,90,88,40,190,124,43,35,44,64,54,32,227,75,24,57,55,84,310,127,105,99,88,33,31,78,84,25,22,70
ASV492,6,9,195,28,6,6,45,22,76,132,23,30,27,12,28,31,146,4,12,56,9,74,24,130,13,49,9,19,17,85,21,11,14,27
ASV499,0,0,1,0,0,0,9,0,0,0,0,0,0,2,12,0,0,0,0,0,0,0,0,0,0,0,0,0,0,0,0,0,0,0
ASV507,406,500,882,1809,248,626,1207,634,1518,632,329,376,413,381,289,193,1892,187,325,436,305,800,624,966,193,591,535,591,245,1206,478,358,237,474
ASV513,1,0,7,0,2,1,7,1,1,1,1,0,1,2,16,2,4,0,0,0,0,1,1,3,0,1,0,0,0,0,2,0,2,2
ASV524,0,0,4,0,0,0,6,0,0,0,0,0,0,3,39,0,0,0,0,0,0,1,0,0,0,0,0,0,0,0,0,0,0,0
ASV526,0,0,0,0,0,0,5,0,0,0,0,0,0,0,7,0,0,0,0,0,0,0,0,0,0,0,0,0,0,0,0,0,0,0
ASV534,0,0,1,2,0,0,4,0,1,0,0,0,0,3,62,0,0,0,0,0,0,0,2,0,0,0,0,0,0,0,0,0,0,0
ASV535,30,139,98,80,62,57,74,67,159,42,31,37,58,36,72,27,83,23,27,25,38,65,228,149,50,94,75,37,22,94,77,23,16,81
ASV541,151,606,279,323,70,283,253,180,395,201,135,97,101,93,110,98,260,54,54,88,93,319,806,320,150,121,126,166,140,199,85,77,99,220
ASV544,0,0,0,0,0,0,1,0,0,0,0,0,0,1,16,0,1,0,0,0,0,0,0,0,0,0,0,0,0,0,0,0,0,0
ASV550,0,0,1,3,0,0,17,0,0,0,0,0,0,11,119,0,0,0,0,0,0,0,0,0,0,0,0,0,0,1,0,0,0,0
ASV561,0,0,0,2,0,0,10,0,0,0,0,0,0,3,123,0,0,0,0,0,0,0,0,0,0,0,0,0,0,0,0,0,0,0
ASV568,0,0,3,0,0,0,4,0,0,0,0,0,0,6,49,0,1,0,0,0,0,0,0,0,0,0,0,0,0,0,0,0,0,0
ASV575,0,0,0,0,0,0,1,0,0,0,0,0,0,0,4,0,0,0,0,0,0,0,0,0,0,0,0,0,0,0,0,0,0,0
ASV576,0,0,0,0,0,0,0,0,0,0,0,1,0,0,7,0,0,0,0,0,0,0,0,2,0,0,0,3,0,0,0,0,0,0
ASV579,0,0,0,0,0,0,4,0,0,0,0,0,0,2,61,0,0,0,0,0,0,0,0,0,0,0,0,0,0,0,0,0,0,0
ASV583,0,0,2,0,0,0,0,0,0,0,0,0,0,1,45,0,0,0,0,0,0,0,0,0,0,0,0,0,0,0,0,0,0,0
ASV597,30,81,111,94,20,31,49,31,89,81,22,33,41,28,59,18,126,40,9,34,33,41,113,98,60,79,52,28,13,285,45,26,12,29
ASV601,7,78,34,7,273,23,2,42,66,8,66,1,1,21,30,0,55,13,10,1,6,3,2,18,0,8,42,29,9,5,55,19,16,107
ASV609,0,0,2,0,0,0,8,0,0,0,0,1,0,1,123,0,0,0,0,0,0,1,0,0,0,1,1,0,0,0,0,0,0,0
ASV612,0,0,0,0,0,0,0,0,0,0,0,0,0,0,0,0,0,0,0,0,0,0,0,0,0,0,0,0,0,0,0,0,0,0
ASV616,0,0,0,0,0,0,0,0,0,0,0,0,0,0,2,0,0,0,0,0,0,0,0,0,0,0,0,0,0,0,0,0,0,0
ASV620,0,0,0,0,0,0,1,0,0,0,0,0,0,0,30,0,0,0,0,0,0,0,0,0,0,0,0,0,0,0,0,0,0,0
ASV624,0,0,0,0,0,0,1,0,0,0,0,0,0,0,2,0,0,0,0,0,0,0,0,0,0,0,0,0,0,0,0,0,0,0
ASV639,0,0,2,0,0,0,5,0,1,2,1,0,0,3,2,0,1,0,1,1,0,2,0,1,0,0,0,1,1,0,0,0,0,1
ASV640,0,0,0,0,0,0,1,0,0,0,0,0,0,0,25,0,0,0,0,0,0,0,0,0,0,0,0,1,0,0,0,0,0,0
ASV646,0,0,1,0,0,0,2,0,0,0,0,0,0,0,36,0,0,0,0,0,0,0,0,1,0,0,0,0,0,0,0,0,0,0
ASV651,0,0,0,0,0,0,3,0,0,0,0,0,0,0,3,1,0,0,0,0,0,0,0,0,0,0,0,0,1,0,0,0,0,0
ASV659,0,2,1,0,0,0,2,0,0,0,0,0,0,1,29,0,0,0,0,0,0,0,0,0,0,0,3,0,0,0,0,0,1,0
ASV665,221,211,826,792,119,224,602,879,906,525,306,324,410,181,240,206,2663,106,209,413,195,977,537,2007,298,655,512,575,225,1031,526,224,264,460
ASV666,0,0,0,0,0,0,0,0,0,0,0,0,0,0,2,0,0,0,0,0,0,0,0,0,0,0,0,0,0,0,0,0,0,0
ASV669,0,0,0,1,0,0,2,0,0,0,0,0,0,1,17,0,0,0,0,0,0,0,0,0,0,0,0,0,0,0,0,0,0,0
ASV672,0,0,0,2,0,0,4,0,3,0,0,0,0,1,46,0,1,0,0,0,0,0,0,1,0,0,0,0,0,0,0,0,0,0
ASV679,12,9,238,50,7,5,92,36,145,182,16,35,107,12,24,38,277,15,9,132,13,153,62,146,17,107,13,26,24,113,11,17,17,25
ASV680,0,0,0,0,0,0,0,0,0,0,0,0,0,1,89,0,0,0,0,0,0,0,0,0,0,0,0,0,0,0,0,0,0,0
ASV682,411,2878,344,798,914,2000,178,252,824,184,723,276,155,1184,1073,63,482,785,540,81,1156,202,2808,416,1933,203,3376,250,162,276,3475,115,188,495
ASV683,86,144,235,317,62,46,614,971,704,105,106,216,144,612,23,49,2171,20,69,144,63,802,151,713,31,554,105,88,75,708,74,133,67,156
ASV691,45,203,94,112,103,105,35,90,106,46,56,49,25,114,126,22,356,86,53,32,144,103,305,385,338,91,195,29,77,46,309,36,22,84
ASV693,0,2,11,1,1,0,6,1,0,2,1,1,0,0,65,0,0,3,0,17,2,2,0,1,0,1,0,1,2,0,0,0,0,5
ASV695,23,180,138,93,23,73,60,16,88,56,34,40,24,42,59,14,137,39,28,23,31,64,114,44,32,48,74,26,17,65,57,14,11,50
ASV700,0,0,0,0,0,0,6,0,0,0,0,0,0,2,34,0,0,0,0,0,0,1,0,0,0,0,0,0,0,0,0,0,0,0
ASV708,0,0,2,1,2,0,1,0,1,0,0,0,0,12,51,0,0,0,0,0,0,0,0,0,0,0,0,0,0,0,0,0,0,0
ASV709,0,0,9,0,0,0,2,0,1,0,1,0,0,2,39,0,0,0,0,0,0,0,0,0,0,0,0,0,0,0,1,0,0,0
ASV723,0,5,43,2,1,1,1,0,1,0,0,1,0,1,37,0,0,0,1,1,0,0,0,3,2,0,0,1,1,0,1,1,0,5
ASV724,0,0,3,1,0,0,6,0,0,0,0,0,0,0,278,0,0,0,1,0,0,0,0,0,0,0,0,0,0,0,1,0,0,0
ASV726,10,8,113,41,27,3,135,65,81,217,42,34,42,6,15,26,456,6,9,23,4,65,22,139,3,64,12,29,17,145,7,15,20,44
ASV728,1,1,2,0,0,0,4,0,0,2,1,0,0,0,4,0,0,0,0,0,0,1,0,0,1,0,0,0,0,1,1,0,0,0
ASV730,0,0,0,0,0,0,2,0,0,0,0,0,0,0,3,0,0,0,0,0,0,0,0,0,0,0,0,0,0,0,0,0,0,0
ASV732,0,1,4,1,1,3,0,0,0,0,1,3,1,0,14,0,0,1,2,0,0,1,3,1,0,1,2,0,0,0,3,0,0,0
ASV738,91,519,346,206,598,210,209,148,598,302,299,130,101,208,249,41,459,92,100,48,62,135,113,234,33,192,239,106,97,254,270,136,119,265
ASV749,0,0,0,0,0,0,0,0,0,0,0,0,0,0,9,0,0,0,0,0,0,0,0,0,0,0,0,0,0,0,0,0,0,0
ASV751,0,0,1,1,0,1,3,0,0,1,0,1,0,2,20,0,0,0,0,0,0,0,0,1,0,0,2,1,0,1,0,0,0,0
ASV762,0,0,1,0,0,0,1,0,0,0,0,0,0,0,17,0,0,0,0,0,0,0,0,0,0,0,0,0,0,0,0,0,0,0
ASV767,0,2,4,1,2,0,5,0,0,0,0,2,0,2,10,0,1,1,0,0,0,0,0,0,0,0,0,0,0,1,0,0,0,0
ASV768,0,0,0,0,0,0,0,0,0,0,0,0,0,1,0,0,0,0,0,0,0,0,0,0,0,0,0,0,0,0,0,0,0,0
ASV769,0,0,1,1,0,1,0,0,1,0,0,0,0,0,17,0,1,0,0,0,0,0,0,0,0,1,0,0,0,0,0,0,0,0
ASV773,0,0,0,0,0,0,3,0,0,0,0,0,0,0,4,0,0,0,0,0,0,0,0,0,0,0,0,0,0,0,0,0,0,0
ASV776,0,0,0,5,0,0,6,0,0,0,0,0,0,0,113,0,1,0,0,0,0,0,0,0,0,0,0,0,0,0,0,0,0,0
ASV777,32,57,316,172,15,22,129,78,251,279,34,126,108,11,42,89,686,17,26,143,41,217,302,353,106,167,38,104,39,349,40,55,41,62
ASV779,0,0,0,3,0,0,7,0,0,0,0,0,0,0,36,0,0,0,0,0,0,0,0,0,0,0,0,16,0,0,0,0,0,0
ASV781,0,0,1,0,0,0,3,0,0,0,0,0,0,2,15,0,0,0,0,0,0,0,3,0,0,0,0,1,0,0,0,0,0,0
ASV782,742,1658,3338,2738,1276,1290,1932,1951,3336,1123,1636,1288,850,786,522,814,4377,1188,821,384,1361,1346,295,2297,159,706,870,1718,830,3013,1850,1388,1858,1538
ASV785,1,1,23,4,8,0,7,5,3,49,0,19,6,0,8,5,197,0,1,6,0,11,2,8,0,4,0,0,0,10,0,1,0,4
ASV791,0,0,3,0,3,0,2,1,1,0,0,1,0,0,2,0,3,0,0,0,0,0,0,0,0,0,0,0,1,1,0,0,0,3
ASV798,30,153,60,56,115,42,52,41,134,36,23,28,28,40,63,6,105,34,13,25,51,50,128,137,26,67,75,22,20,77,98,30,18,58
ASV800,0,0,0,1,0,0,5,0,0,0,0,0,0,2,37,0,0,0,0,0,0,0,0,0,0,0,0,0,0,0,0,0,0,0
ASV809,0,0,1,0,0,0,0,1,0,0,0,0,0,5,30,0,0,0,0,0,0,0,0,0,0,0,1,0,0,0,0,0,0,0
ASV810,143,486,604,479,159,312,370,329,899,609,299,325,262,178,230,186,1475,241,218,219,302,776,1767,908,213,345,343,270,211,664,491,250,174,292
ASV818,721,1850,3127,2871,1409,1386,1890,2020,3336,1073,1579,1238,864,817,534,782,4765,1132,768,378,1308,1442,307,2437,143,685,919,1737,758,3039,1887,1447,1753,1566
ASV823,0,0,1,3,0,0,2,0,0,0,0,0,0,5,36,0,0,0,0,0,0,0,0,0,0,0,0,0,0,0,0,0,0,0
ASV826,0,0,0,0,0,0,1,0,0,0,0,0,0,0,0,0,0,0,0,0,0,0,0,0,0,0,0,0,0,0,0,0,0,0
ASV827,22,135,253,104,13,53,84,48,143,137,39,73,75,28,58,36,225,23,31,71,32,97,143,125,37,59,43,41,57,156,83,26,30,52
ASV828,51,82,148,213,39,64,106,136,264,190,60,118,148,61,82,55,344,50,69,83,133,130,306,369,145,167,99,97,87,304,118,68,60,131
ASV836,0,0,0,0,0,0,1,0,1,0,0,0,0,0,28,0,0,0,0,0,0,0,0,0,0,0,0,0,0,0,0,0,0,0
ASV844,0,0,0,1,1,0,1,0,1,1,0,0,0,0,1,0,2,0,0,0,0,0,0,0,0,0,0,2,0,1,0,0,0,0
ASV846,17,175,79,61,30,94,38,37,58,53,39,22,16,64,46,14,71,42,37,23,50,44,131,72,68,38,140,23,21,48,136,30,13,55
ASV851,0,0,0,0,0,0,0,0,0,0,0,0,0,0,7,0,1,0,0,0,0,0,0,0,0,0,0,0,0,0,0,0,0,0
ASV860,0,0,0,1,0,0,9,0,0,0,0,0,0,1,66,0,1,0,0,0,0,0,0,0,0,0,1,0,0,0,0,0,0,0
ASV863,0,0,0,0,0,0,3,0,0,0,0,0,0,0,30,0,0,0,0,0,0,0,0,0,0,0,0,0,0,0,0,1,0,0
ASV871,220,1323,1207,855,407,619,772,571,1604,1141,829,747,582,355,283,327,2073,284,319,456,508,1476,4210,1556,567,814,431,618,435,1390,812,413,295,441
ASV882,39,174,153,142,68,77,56,101,119,113,66,52,36,65,42,20,327,44,68,48,64,186,260,242,106,105,103,82,51,115,184,55,46,104
ASV892,0,2,5,0,0,0,1,0,0,2,0,1,1,0,31,0,1,0,0,0,0,0,0,2,0,0,1,2,0,0,0,0,1,0
ASV895,126,115,228,350,79,72,154,156,435,310,101,174,208,62,113,142,705,59,121,173,113,251,400,586,266,215,103,202,115,399,168,91,81,184
ASV899,113,342,218,237,55,197,201,138,303,139,99,94,77,61,91,59,196,51,44,56,60,268,560,218,109,103,94,116,98,139,50,47,73,131
ASV900,241,1322,1301,935,388,641,859,620,1631,1214,829,716,541,344,295,329,2323,327,291,446,561,1450,4163,1664,527,796,416,647,383,1413,778,475,340,442
ASV901,32,180,80,160,55,77,72,35,182,85,57,55,61,98,76,21,228,52,22,48,104,175,302,134,166,72,104,53,33,122,104,29,26,67
ASV902,34,195,71,78,58,75,39,39,95,43,68,19,19,92,86,14,114,41,39,13,65,51,281,85,130,63,228,42,33,92,188,33,42,106
ASV904,0,0,0,0,0,0,0,0,0,0,0,0,0,0,3,0,0,0,0,0,0,0,0,0,0,0,0,0,0,0,0,0,0,0
ASV906,0,0,0,0,0,0,0,0,0,0,0,1,0,0,0,0,0,0,0,0,0,0,0,0,0,0,0,0,0,0,0,0,0,0
ASV907,0,0,1,0,0,0,2,0,0,0,0,1,0,0,9,0,0,0,0,0,0,0,0,0,0,0,0,0,0,0,0,0,0,0
ASV914,0,0,0,0,0,0,1,0,0,0,0,0,0,0,12,0,0,0,0,0,0,0,0,0,0,0,0,0,0,0,0,0,0,0
ASV922,12,127,49,37,39,58,29,22,78,45,33,16,29,46,58,5,85,37,24,23,41,41,176,75,85,46,114,14,34,52,108,21,12,46
ASV923,0,0,4,1,1,0,2,1,0,11,0,0,0,0,1,0,24,0,1,1,0,1,0,0,0,3,0,2,2,2,1,1,0,5
ASV928,0,0,2,0,0,0,2,0,0,0,0,0,0,6,29,0,0,0,0,0,0,0,0,0,0,1,0,0,0,0,0,0,0,0
ASV931,0,0,0,0,0,0,3,0,0,0,0,0,0,1,3,0,0,0,0,0,0,0,1,2,0,0,0,0,0,0,0,0,0,0
ASV941,0,0,0,0,0,0,2,0,0,0,0,0,0,0,4,0,0,0,0,0,0,0,0,0,0,0,0,0,0,0,0,0,0,0
ASV942,0,0,0,0,0,0,0,0,0,0,0,0,0,0,0,0,0,0,0,0,0,0,0,0,0,0,0,0,0,0,0,0,0,0
ASV947,0,0,0,0,0,0,0,0,0,0,0,0,0,0,1,0,0,0,0,0,0,0,0,0,0,0,0,0,0,0,0,0,0,0
ASV952,0,0,0,1,0,0,3,0,0,0,0,0,0,0,79,0,0,0,0,0,0,0,0,0,0,0,0,0,0,0,0,0,0,0
ASV959,0,0,3,2,0,0,2,0,0,0,0,0,0,1,15,1,0,0,0,0,0,2,0,0,0,0,0,0,0,0,1,0,0,0
ASV965,0,0,0,0,0,0,4,0,0,0,0,1,0,1,10,0,0,0,0,0,2,0,0,0,0,0,0,0,0,0,0,0,0,1
ASV973,0,0,1,0,0,0,0,0,0,0,0,0,0,0,0,0,0,0,0,0,0,0,0,0,0,0,0,0,0,0,0,0,0,0
ASV974,89,348,367,309,64,195,199,170,488,341,167,209,162,124,83,84,711,123,123,121,183,356,1027,495,274,176,154,124,120,361,258,125,79,135
ASV980,0,0,0,0,0,0,2,0,0,0,0,0,0,1,6,0,0,0,0,0,0,1,0,0,0,0,0,0,0,0,0,0,0,0
ASV987,0,0,3,2,0,0,9,0,1,0,0,0,0,1,251,0,0,0,0,0,0,0,0,0,0,0,0,0,0,0,0,0,0,0
ASV997,136,669,581,537,146,366,278,275,828,530,274,327,276,192,186,157,1301,214,185,242,343,566,1860,902,480,384,291,262,219,717,474,201,182,304
ASV1000,0,1,0,1,0,0,6,0,0,0,0,0,0,0,2,0,0,0,0,0,0,0,0,0,0,0,0,0,0,0,0,0,0,0
ASV1010,28,25,270,98,17,27,198,277,107,168,47,21,60,19,43,53,556,21,45,50,21,138,8,205,1,48,24,222,39,251,25,118,140,51
ASV1012,0,0,3,2,0,0,18,0,0,0,0,0,0,4,164,0,0,0,0,0,0,0,0,0,0,0,0,0,0,0,0,0,0,0
ASV1014,121,453,414,431,96,223,256,229,587,483,259,262,281,130,163,164,1168,177,145,191,314,498,1462,857,539,338,242,195,220,582,364,132,128,221
ASV1024,57,1624,222,178,73,167,161,94,311,212,204,343,99,120,95,39,630,128,71,99,146,349,476,470,191,443,147,83,76,247,224,94,65,129
ASV1025,0,0,0,0,0,0,0,0,0,0,0,0,0,1,1,0,0,0,0,0,0,0,0,0,0,0,0,0,0,0,0,0,0,0
ASV1031,0,0,0,0,0,0,0,0,0,0,0,0,0,0,0,0,0,0,0,0,0,0,0,0,0,0,0,0,0,0,0,0,0,0
ASV1038,0,0,0,0,0,0,4,0,0,0,0,0,0,0,1,0,0,0,0,0,0,0,0,0,0,0,0,0,0,0,0,0,0,0
ASV1046,0,0,0,0,0,0,0,0,0,0,0,0,0,0,6,0,0,0,0,0,0,0,0,0,0,0,0,0,0,0,0,0,0,0
ASV1052,0,0,0,3,0,0,0,0,2,0,0,0,0,0,18,0,0,0,0,0,0,0,0,0,0,0,0,0,0,0,0,0,0,0
ASV1056,147,676,606,505,177,355,378,253,850,621,306,397,347,194,218,178,1679,126,203,269,317,688,2358,1002,620,419,314,255,250,771,463,172,167,355
ASV1064,0,0,2,0,0,0,0,0,0,0,0,0,0,1,23,0,0,0,0,0,0,0,0,0,0,0,0,0,0,0,0,0,0,0
ASV1090,0,0,0,0,0,0,1,0,0,0,0,0,0,1,16,0,0,0,0,0,0,0,0,0,0,0,0,0,1,0,0,0,0,0
ASV1091,0,0,0,0,0,0,0,0,0,0,0,0,0,0,3,0,0,0,0,0,0,0,0,0,0,0,0,0,0,0,0,0,0,0
ASV1109,76,408,188,226,176,140,134,114,235,89,124,109,69,174,190,36,405,41,125,67,107,121,243,212,82,195,276,92,81,244,290,74,75,196
ASV1115,0,0,1,0,0,0,2,0,0,0,0,0,0,0,19,0,0,0,0,0,0,0,0,0,0,0,0,0,0,0,0,0,0,0
ASV1117,68,290,151,180,71,187,111,71,261,88,74,87,51,172,158,32,245,94,81,55,132,72,431,169,277,113,337,55,53,171,264,28,43,144
ASV1121,114,144,467,330,127,154,122,361,418,334,187,109,112,119,218,94,1066,64,107,205,88,219,212,787,132,266,269,257,80,255,460,82,158,272
ASV1122,29,187,176,45,38,81,46,25,102,112,54,38,38,47,72,19,137,55,35,26,56,82,162,82,61,71,73,29,22,50,87,36,21,56
ASV1143,0,0,0,0,0,0,0,0,0,0,0,0,0,0,0,0,0,0,0,0,0,0,0,0,0,0,0,0,0,0,0,0,0,0
ASV1150,47,255,195,153,86,111,127,132,305,337,107,112,95,77,85,81,780,57,60,87,128,234,765,374,160,229,83,99,90,214,156,79,53,157
ASV1152,0,0,2,1,0,0,2,0,0,0,0,0,0,1,9,0,1,0,0,0,0,0,0,0,0,0,0,0,0,0,0,0,0,0
ASV1153,0,0,0,0,0,0,3,0,0,0,0,0,0,1,8,0,0,0,0,0,0,0,0,0,0,0,0,0,0,0,0,0,0,0
ASV1166,7,11,134,35,46,7,113,58,82,137,58,35,120,15,12,25,433,4,11,45,11,56,13,109,0,53,16,34,16,143,12,26,20,55
ASV1167,47,326,137,210,331,122,169,223,255,140,202,80,78,296,131,26,851,42,94,29,30,120,82,178,20,111,166,98,128,215,181,43,97,206
ASV1170,0,0,0,0,0,0,2,0,0,0,0,0,0,0,0,0,0,0,0,0,0,0,0,0,0,0,0,0,0,0,0,0,0,0
ASV1176,0,0,0,0,0,0,1,0,0,0,0,0,0,0,41,0,0,0,0,0,0,0,0,0,0,0,0,0,0,0,0,0,0,0
ASV1177,79,93,88,166,13,163,86,138,61,44,106,23,56,56,37,21,1419,18,113,70,40,140,379,225,222,94,98,112,108,178,30,100,18,69
ASV1193,61,156,746,242,33,51,281,52,266,197,55,236,15,36,68,19,2338,174,51,222,559,452,1078,873,666,1127,66,19,52,52,254,72,29,65
ASV1195,0,0,0,1,0,0,2,0,0,0,0,0,0,0,23,0,0,0,0,0,0,0,0,0,0,0,0,0,0,0,0,0,0,0
ASV1202,33,197,185,85,29,78,63,30,153,147,50,50,47,40,83,23,184,59,32,46,67,81,145,124,96,55,88,35,30,90,110,46,24,76
ASV1217,173,139,307,714,99,195,453,215,467,202,112,112,141,131,121,83,585,60,115,130,101,390,228,282,53,198,235,176,97,373,161,117,94,164
ASV1224,0,0,0,1,0,0,6,0,0,0,0,0,0,0,53,0,0,0,0,0,0,0,0,0,0,0,0,0,0,0,0,0,0,0
ASV1236,79,334,273,235,94,130,197,153,335,347,125,143,125,83,85,84,993,84,108,128,112,313,1042,426,191,243,101,119,103,297,233,74,68,184
ASV1241,0,0,2,0,0,0,0,0,0,0,0,0,0,1,21,0,0,0,0,0,0,0,0,1,0,1,0,0,0,0,0,0,0,0
ASV1252,0,0,0,0,0,0,0,0,0,0,0,0,0,0,4,0,0,0,0,0,0,0,0,0,0,0,0,0,0,0,0,0,0,0
ASV1253,8,6,174,32,35,8,29,96,48,137,51,17,36,21,42,20,656,12,9,37,10,96,3,128,0,53,33,97,22,62,69,26,50,42
ASV1259,0,2,4,0,0,0,1,0,0,0,0,0,0,1,10,0,0,0,0,2,0,0,0,2,0,0,0,0,0,0,1,0,1,0
ASV1260,38,236,166,136,77,111,102,115,234,280,85,100,90,70,63,68,780,68,61,79,103,228,732,298,191,192,76,89,80,201,157,69,50,118
ASV1262,4,8,145,50,2,11,54,23,92,95,7,54,61,3,10,37,308,20,8,78,17,78,36,119,31,51,15,23,15,95,8,10,6,9
ASV1275,84,493,185,192,93,234,100,82,255,142,130,99,62,165,199,26,308,155,81,64,214,114,405,242,316,150,341,82,59,150,256,45,55,181
ASV1276,0,0,2,0,0,0,3,0,0,0,0,0,0,2,91,1,0,0,1,0,0,0,0,0,0,0,0,0,0,0,0,0,0,0
ASV1294,0,0,0,1,0,0,0,0,0,0,0,0,0,0,22,0,0,0,0,0,0,0,0,0,0,0,0,0,0,0,0,0,0,0
ASV1295,52,301,186,167,30,90,96,84,261,196,111,110,87,71,94,45,436,69,65,64,143,224,571,290,136,139,120,97,64,206,152,49,41,97
ASV1307,13,104,82,40,74,24,81,28,87,56,67,31,28,25,32,22,176,13,16,15,17,44,45,59,10,63,61,30,19,85,50,18,19,40
ASV1310,11,37,44,38,59,20,12,36,35,15,35,6,2,17,26,0,64,16,12,10,8,27,1,42,1,18,50,17,10,29,60,21,15,31
ASV1312,13,202,154,34,72,33,44,22,88,58,15,38,22,35,48,11,140,31,20,19,31,88,105,171,19,58,41,12,14,45,50,15,8,40
ASV1353,0,0,0,0,0,0,1,0,2,2,0,0,0,0,9,0,1,1,0,1,1,0,0,0,0,1,0,0,0,1,0,0,0,1
ASV1391,0,0,0,1,0,0,9,0,0,0,0,0,0,0,53,0,0,0,0,0,0,0,0,0,0,0,0,0,0,0,0,0,0,0
ASV1405,26,111,201,177,18,53,74,43,165,186,44,64,57,39,78,54,333,32,71,71,64,123,211,161,111,104,53,48,63,117,97,37,29,64
ASV1420,94,64,829,341,64,90,272,523,390,235,141,52,113,36,147,145,1102,61,161,116,102,179,44,474,15,112,74,481,74,566,84,172,311,177
ASV1453,81,249,139,131,140,147,107,100,163,81,106,73,64,115,146,40,438,35,109,61,76,156,158,170,39,137,231,71,47,125,227,56,49,150
ASV1456,78,92,512,373,393,68,326,499,601,233,231,120,92,95,107,61,1367,80,107,111,106,246,21,666,8,231,157,332,110,557,227,319,214,313
ASV1469,246,198,922,789,130,247,552,872,1008,503,267,288,396,297,273,213,2344,99,262,442,210,873,512,1841,288,588,564,518,219,985,659,197,246,459
ASV1486,71,285,345,269,86,166,194,209,473,356,174,173,154,106,147,105,826,129,124,162,157,461,1032,530,153,201,172,146,137,378,300,155,97,157
ASV1495,0,5,0,1,8,0,2,2,7,9,4,0,0,1,2,1,18,1,1,0,1,1,0,1,0,2,0,2,0,1,3,1,2,0
ASV1497,0,0,0,0,2,0,0,0,0,0,0,0,0,0,0,0,0,0,0,0,2,1,0,0,0,0,0,0,0,0,0,0,0,0
ASV1517,0,0,0,0,0,0,0,0,0,0,0,0,0,0,2,0,0,0,0,0,0,0,0,0,0,0,0,0,0,0,0,0,0,0
ASV1519,0,0,0,0,0,0,0,0,0,0,0,0,0,0,2,0,0,0,0,0,0,0,0,0,0,0,0,0,0,0,0,0,0,0
ASV1538,0,0,0,0,0,0,1,0,0,0,0,0,0,0,5,0,0,0,0,0,0,0,0,0,0,0,0,0,0,0,0,0,0,0
ASV1543,98,191,367,209,216,153,151,462,200,199,246,55,51,119,173,53,936,143,151,54,172,144,37,242,23,57,163,310,72,245,263,137,312,180
ASV1548,0,1,0,0,0,0,0,0,0,0,0,0,0,2,32,0,0,0,0,0,0,0,0,0,0,0,0,0,0,0,0,0,0,0
ASV1574,0,0,0,0,0,0,3,0,0,0,0,0,0,0,21,0,0,0,0,0,0,0,0,0,0,0,0,0,0,0,0,0,0,0
ASV1584,20,118,41,63,27,60,28,29,126,30,24,21,15,35,56,9,91,45,50,25,62,144,180,72,97,32,128,34,32,69,126,54,23,60
ASV1586,183,827,726,700,158,417,428,357,1036,683,415,431,393,233,250,212,1708,293,263,329,483,883,3156,1306,861,534,366,351,320,870,564,236,219,330
ASV1595,23,91,61,121,126,63,26,36,44,28,64,11,9,122,87,5,51,39,32,8,17,29,29,35,4,19,201,26,11,63,203,22,34,40
ASV1602,0,0,0,0,0,0,0,0,0,0,0,0,0,0,47,0,0,0,0,0,0,0,0,0,0,2,0,0,0,0,0,0,0,0
ASV1605,0,0,0,0,0,0,0,0,0,0,0,0,0,0,41,0,0,0,0,0,0,0,0,0,0,0,0,0,0,0,0,0,0,0
ASV1619,77,412,319,278,93,207,247,131,458,347,165,209,199,120,113,104,909,89,104,133,172,398,1395,490,341,263,157,150,128,448,276,101,98,197
ASV1650,0,0,0,0,0,0,0,0,0,0,0,0,0,0,12,0,0,0,0,0,0,0,0,0,0,0,0,0,0,0,0,0,0,0
ASV1673,58,159,92,121,21,94,71,74,126,55,40,35,31,20,35,22,88,21,17,15,27,114,239,107,60,24,53,44,61,69,20,23,31,76
ASV1679,55,121,55,57,8,59,60,40,54,29,20,17,19,19,18,10,38,13,7,13,15,45,122,42,18,11,22,17,15,39,10,5,12,62
ASV1686,14,15,176,81,27,11,75,143,91,76,39,24,17,82,58,13,407,13,22,36,15,111,9,101,2,125,68,68,30,109,62,22,47,36
ASV1738,0,0,1,0,0,0,2,0,0,0,0,0,0,0,17,0,0,0,0,0,0,0,0,0,0,0,0,0,0,0,0,0,0,0
ASV1739,61,237,311,203,65,128,161,155,404,284,113,162,122,92,100,98,689,104,95,122,141,329,790,410,101,178,164,151,96,316,211,96,91,138
ASV1743,0,0,0,1,0,0,3,0,0,0,0,0,0,0,11,0,0,0,0,1,0,0,1,1,0,0,0,0,0,1,0,0,0,0
ASV1751,133,172,344,521,86,89,251,179,501,267,110,188,139,158,172,121,898,52,182,140,96,280,178,344,94,256,181,137,101,423,185,94,95,225
ASV1779,25,359,269,74,111,67,34,18,90,77,55,53,18,78,318,24,180,150,20,364,36,42,60,95,54,29,73,97,65,88,107,8,70,43
ASV1781,50,104,46,63,5,44,62,30,58,15,19,13,16,7,16,15,39,14,12,15,16,59,152,38,20,17,11,22,28,38,8,18,13,57
ASV1787,88,430,391,362,125,218,224,195,590,433,251,244,230,136,118,140,1004,124,129,175,212,453,1426,635,338,287,207,237,147,526,321,133,98,221
ASV1792,0,0,0,0,0,0,0,0,0,0,0,0,0,0,2,0,0,0,0,0,0,0,0,0,0,0,0,0,0,0,0,0,0,0
ASV1817,0,0,0,0,0,0,0,0,0,0,0,0,0,0,2,0,0,0,0,0,0,0,0,0,0,0,0,0,0,0,0,0,0,0
ASV1840,11,87,39,52,21,36,11,14,102,27,25,16,15,23,47,7,65,30,15,10,35,53,111,63,83,33,100,19,17,49,107,33,13,38
ASV1846,141,1184,139,311,274,639,84,88,338,82,282,128,69,378,405,28,178,264,166,46,403,95,850,168,621,86,1055,110,61,139,1045,60,73,189
ASV1865,105,778,484,506,163,401,340,255,1126,477,291,285,264,162,198,132,1261,240,214,100,314,469,2678,725,570,233,302,286,186,784,402,190,149,298
ASV1884,137,251,354,520,121,85,306,221,587,284,142,219,190,216,150,99,880,40,161,109,102,362,194,335,51,299,159,102,139,462,176,106,84,255
ASV1903,6,50,15,9,70,7,18,13,40,6,5,10,4,9,10,2,27,11,2,1,5,9,6,21,0,23,16,4,4,6,13,2,5,11
ASV1909,13,3,131,61,7,2,101,62,198,115,9,31,35,1,3,41,612,11,5,51,7,109,1,165,0,55,3,60,18,150,11,69,29,16
ASV1912,6,3,45,22,3,2,29,21,27,233,1,15,30,3,16,5,100,0,4,21,3,54,4,54,6,16,14,17,5,53,0,3,5,14
ASV1920,41,179,106,143,36,77,84,68,163,132,90,89,80,45,50,47,433,63,53,63,87,143,396,265,129,128,82,67,77,181,123,55,44,73
ASV1922,44,252,193,234,54,134,134,129,345,231,109,121,112,81,75,58,591,78,71,99,135,227,866,374,244,136,119,92,100,306,198,82,48,121
ASV1925,138,1132,123,255,347,835,59,92,259,56,273,86,54,481,412,23,123,268,174,20,389,52,927,136,607,80,1232,72,73,93,1286,45,87,191
ASV1938,35,164,107,97,20,73,73,40,122,82,44,55,49,46,54,30,163,50,25,35,57,105,192,144,78,57,43,38,30,80,58,27,14,45
ASV1954,22,148,51,43,20,70,25,23,72,41,19,14,14,48,73,10,92,39,16,16,36,39,135,75,54,36,101,27,18,32,95,17,20,36
ASV1955,0,0,0,0,0,0,4,0,0,0,0,0,0,1,32,0,0,0,0,0,0,0,0,0,0,0,0,0,0,0,0,0,0,0
ASV1972,51,80,254,174,14,28,461,199,457,216,31,101,179,49,34,107,2217,21,51,180,52,821,417,540,151,264,39,62,63,426,43,58,42,104
ASV2009,30,143,99,61,174,58,54,57,214,80,62,47,32,64,159,26,128,23,30,18,10,49,42,67,8,48,118,31,38,84,107,17,48,82
ASV2032,0,0,0,0,0,0,0,0,0,0,0,0,0,1,14,0,0,0,0,0,0,0,0,0,0,0,0,0,0,0,0,0,0,0
ASV2043,0,0,0,0,0,0,1,0,0,0,0,0,0,0,1,0,0,0,0,0,0,0,0,0,0,0,0,0,0,0,0,0,0,0
ASV2062,0,0,2,0,0,0,0,0,0,0,0,0,0,0,7,0,0,0,0,0,0,0,0,0,0,0,0,0,0,0,0,0,0,0
ASV2082,104,431,373,330,109,197,244,177,550,325,226,235,190,99,145,132,955,119,124,148,224,415,1623,545,368,283,212,206,163,527,284,140,111,205
ASV2083,0,0,6,1,0,2,0,0,0,0,0,0,0,0,19,0,0,0,0,0,0,0,0,0,0,0,0,0,0,0,0,0,0,0
ASV2123,0,0,0,0,0,0,0,0,0,0,0,0,0,1,64,0,1,0,0,0,0,0,0,0,0,0,0,0,0,0,0,0,0,0
ASV2129,0,0,0,0,0,0,0,0,0,0,0,0,0,0,1,0,0,0,0,0,0,0,0,0,0,0,0,0,0,0,0,0,0,0
ASV2150,9,55,101,42,7,11,35,16,95,215,26,37,48,29,36,20,337,30,15,141,45,102,168,117,55,41,23,24,26,59,46,19,9,23
ASV2155,0,10,4,1,57,65,0,0,4,1,1,0,0,54,24,0,1,29,7,1,2,0,27,0,10,4,251,0,14,0,45,99,5,46
ASV2167,50,248,190,183,59,159,150,108,413,165,102,101,89,52,66,54,544,86,91,41,155,179,879,277,226,129,124,113,77,280,151,77,45,104
ASV2171,0,0,0,0,0,0,0,0,0,0,0,0,0,1,12,0,0,0,0,0,0,0,0,0,0,0,0,0,0,0,0,0,0,0
ASV2178,66,522,331,394,106,284,220,186,829,313,216,188,201,124,101,100,897,161,127,56,228,323,2122,475,441,158,231,205,143,520,284,114,103,214
ASV2180,69,256,236,281,62,204,177,108,509,191,126,116,120,57,85,63,592,130,98,53,161,193,1102,334,297,135,156,115,99,326,182,75,59,101
ASV2182,8,3,72,100,2,0,39,16,72,227,3,17,49,2,4,8,128,2,4,24,0,132,6,44,6,17,34,6,2,59,2,2,3,13
ASV2189,0,0,0,0,0,0,0,1,0,0,0,0,0,0,1,0,0,0,0,0,0,0,0,0,0,0,0,0,0,0,1,0,2,0
ASV2203,95,563,377,454,132,294,283,237,901,365,242,250,211,132,176,105,1094,163,159,90,245,420,2444,602,495,201,247,267,146,664,366,160,150,238
ASV2211,0,0,1,0,0,0,1,0,0,0,0,0,0,0,1,0,0,0,0,0,0,0,0,0,0,0,0,0,0,0,0,0,0,0
ASV2224,17,109,39,37,26,37,13,20,66,20,37,21,7,32,45,13,82,39,20,12,36,92,144,60,87,29,101,21,14,50,111,21,17,32
ASV2228,96,308,190,266,143,145,123,122,213,102,142,101,57,232,245,48,485,41,153,59,89,125,209,173,32,140,320,78,78,167,313,59,92,198
ASV2234,64,64,174,219,34,77,137,184,196,145,102,93,86,60,61,35,518,46,62,81,84,211,247,360,84,144,80,147,60,185,159,82,89,138
ASV2239,39,142,134,178,54,60,122,99,238,156,93,58,51,32,62,43,405,46,42,36,59,249,206,224,13,87,44,80,71,215,113,88,72,66
ASV2248,67,152,60,135,31,98,65,38,159,51,37,43,32,55,48,18,132,61,44,34,85,38,327,78,146,56,125,32,21,81,133,25,26,79
ASV2259,28,175,118,141,38,70,66,62,167,180,83,74,67,47,51,41,419,61,50,52,80,138,431,233,125,107,64,53,76,161,119,42,50,68
ASV2262,16,121,93,135,144,22,90,68,121,104,91,37,42,47,66,10,448,15,16,22,18,70,31,118,7,70,38,61,63,109,51,18,50,81
ASV2291,110,416,180,236,35,242,134,109,310,168,100,114,83,112,157,34,382,174,49,66,130,200,352,323,253,141,189,84,65,161,169,47,29,130
ASV2292,0,0,0,0,0,0,0,0,0,0,0,0,0,0,0,0,0,0,0,0,0,0,0,0,0,0,0,0,0,0,0,0,0,0
ASV2301,31,157,80,75,24,90,30,15,156,47,27,30,27,47,54,17,120,39,34,11,45,32,95,54,66,35,72,21,8,35,55,18,11,34
ASV2321,0,0,0,1,0,0,4,0,0,0,0,0,0,0,75,0,0,0,0,0,0,0,0,0,0,0,0,0,0,0,0,0,0,0
ASV2330,23,14,88,135,2,4,29,20,97,25,7,32,63,7,11,34,43,16,1,1838,8,65,7,113,3,16,15,33,9,18,4,5,4,16
ASV2345,25,151,95,86,35,56,58,33,133,71,37,56,39,38,97,14,211,49,35,41,63,96,135,141,91,69,89,47,33,105,122,16,23,70
ASV2353,0,0,0,0,0,0,0,0,0,0,0,0,0,0,0,0,0,0,0,0,0,0,0,0,0,0,0,0,0,0,0,0,0,0
ASV2378,31,114,103,87,22,58,60,58,123,92,57,65,44,43,25,28,293,56,34,44,50,117,423,204,88,71,63,44,40,153,80,41,18,50
ASV2384,12,77,29,11,28,24,10,2,25,23,12,10,3,24,67,5,471,31,4,61,13,10,19,19,16,9,24,12,5,24,27,1,0,14
ASV2391,0,0,2,0,0,0,2,0,0,0,0,0,0,2,21,1,0,0,0,0,0,0,0,0,0,0,0,0,0,0,0,0,0,0
ASV2396,77,335,376,303,84,204,183,161,555,302,191,214,174,116,116,105,820,137,108,156,214,366,955,520,314,254,150,181,157,378,250,115,81,197
ASV2403,44,138,76,50,32,96,21,46,55,60,42,19,13,31,52,9,125,43,27,9,92,42,109,110,58,47,100,29,12,57,126,24,26,57
ASV2426,93,79,282,315,43,73,327,401,409,141,78,106,195,75,59,87,1480,40,94,129,73,523,180,940,103,298,194,190,70,472,154,88,59,170
ASV2451,64,479,294,350,123,279,234,183,771,330,239,178,180,102,142,88,900,147,138,74,207,372,1864,524,462,170,220,212,145,519,262,162,126,175
ASV2489,0,0,0,0,0,0,0,0,0,0,0,0,0,1,3,0,0,0,0,0,0,0,0,0,0,0,0,0,0,0,0,0,0,0
ASV2494,5,6,257,6,3,1,2,6,6,15,2,3,2,7,5,0,11,1,5,4,2,2,7,9,0,8,7,2,5,4,8,4,26,8
ASV2550,24,142,71,73,57,137,36,16,102,38,26,21,27,33,36,15,93,19,16,9,29,18,114,51,62,42,31,34,20,77,60,6,18,45
ASV2583,0,0,0,0,0,0,0,0,0,0,0,0,0,0,25,0,0,0,0,0,0,0,0,0,0,0,0,0,0,0,0,0,0,0
ASV2620,0,0,0,0,0,0,1,0,0,0,0,0,0,0,2,0,0,0,0,0,0,0,0,0,0,0,0,0,0,1,1,0,0,0
ASV2621,0,0,1,0,0,0,0,0,0,0,0,0,0,0,59,0,0,0,0,0,0,0,0,0,0,0,0,0,0,0,0,0,0,0
ASV2681,0,0,0,0,0,0,0,0,0,0,0,0,0,0,14,0,0,0,0,0,0,0,0,0,0,0,0,0,0,0,0,0,0,0
ASV2691,96,399,399,268,95,232,243,182,514,389,257,244,196,116,117,124,921,104,153,161,221,448,1158,594,304,272,171,192,162,486,298,139,111,204
ASV2778,1,0,87,16,1,1,29,25,41,174,6,33,46,1,10,26,593,0,3,30,0,87,1,86,1,57,5,23,13,65,6,7,20,5
ASV2790,22,59,76,132,43,34,61,61,156,104,44,63,62,42,55,56,361,32,57,72,98,134,178,232,100,99,56,79,67,166,74,47,51,119
ASV2791,208,456,1019,834,298,357,612,598,1010,363,429,384,269,211,134,250,1495,322,235,123,446,501,91,721,31,210,270,591,252,1076,483,505,544,502
ASV2807,105,629,71,209,220,400,40,59,135,48,188,73,32,260,276,10,69,136,113,17,271,36,581,87,466,45,842,45,36,64,780,29,40,127
ASV2811,36,54,176,161,38,50,45,117,168,164,66,58,60,64,87,37,330,43,46,94,56,83,106,284,89,84,133,109,40,98,187,39,69,114
ASV2819,25,113,70,102,23,63,42,58,140,101,63,53,58,52,37,19,199,41,39,36,92,83,271,152,83,73,39,52,33,98,89,38,29,54
ASV2820,46,189,169,148,47,95,97,76,227,142,82,96,78,62,56,69,437,55,52,82,96,187,573,246,150,121,95,65,69,207,136,71,38,74
ASV2852,61,374,272,295,85,213,172,152,634,257,154,130,126,95,94,81,674,118,104,65,154,237,1491,387,306,112,137,144,102,391,225,91,90,129
ASV2864,0,0,0,0,0,0,0,0,0,0,0,0,0,2,14,0,0,0,0,0,0,0,0,0,0,0,0,0,0,0,0,0,0,0
ASV2872,79,370,314,347,58,176,193,165,501,303,167,198,160,112,110,107,814,127,108,132,239,416,1372,601,405,237,160,132,150,423,242,99,96,163
ASV2944,0,0,0,0,0,0,1,0,0,0,0,0,0,0,2,0,0,0,0,0,0,0,0,0,0,0,0,0,0,0,0,0,0,0
ASV2948,0,0,1,0,0,0,0,0,0,1,0,0,0,0,1,0,0,0,0,0,0,1,0,0,0,0,0,0,0,0,0,0,0,0
ASV3015,158,394,530,529,431,289,558,343,586,207,286,211,114,357,100,122,692,210,163,68,215,223,52,368,34,151,227,337,140,438,374,248,329,352
ASV3059,0,1,1,0,0,0,0,1,0,0,0,0,0,0,5,0,2,0,0,0,0,0,0,1,0,0,0,0,0,0,1,0,0,0
ASV3076,55,275,226,198,77,135,143,95,352,248,120,134,139,78,58,78,604,61,67,109,113,296,757,385,196,197,112,154,103,337,179,81,71,133
ASV3106,8,35,253,42,19,15,38,40,51,107,46,31,47,18,72,26,215,10,26,53,13,109,25,107,18,81,28,50,41,50,30,18,30,50
ASV3113,41,97,96,119,40,55,59,65,198,125,73,86,62,45,41,47,392,35,41,53,40,139,222,184,47,87,51,58,59,158,111,46,48,65
ASV3177,45,468,46,118,117,225,29,32,100,23,112,46,20,128,107,9,77,105,51,9,97,57,226,68,130,43,319,35,32,64,324,21,34,66
ASV3191,0,0,0,0,0,1,2,0,0,0,0,0,0,0,0,0,0,0,0,0,0,0,0,0,0,0,0,0,0,0,0,0,0,0
ASV3193,2,20,169,37,32,4,43,13,22,71,9,17,23,16,19,3,89,1,1,4,2,18,6,91,1,22,8,17,12,25,8,8,7,14
ASV3198,0,2,3,0,0,0,2,0,0,0,0,0,0,0,89,0,0,0,0,0,0,0,0,0,0,0,0,0,0,0,0,0,0,0
ASV3208,0,0,0,0,0,0,0,0,0,0,0,0,0,0,10,0,0,0,0,0,0,0,0,0,0,0,0,0,0,0,0,0,0,0
ASV3220,1,2,14,0,3,0,0,0,1,0,0,0,0,0,13,1,2,0,1,0,0,0,1,1,0,2,0,0,0,1,0,2,0,1
ASV3237,27,132,147,131,30,59,92,50,232,146,64,81,56,63,48,41,321,50,70,62,72,139,290,231,100,108,79,92,38,119,72,36,20,61
ASV3263,24,105,111,77,28,63,60,64,141,101,68,50,59,51,51,44,205,28,41,43,58,104,617,155,123,76,58,49,46,135,105,27,28,60
ASV3281,2,9,8,3,11,10,4,9,8,2,4,3,5,8,10,4,15,3,1,2,0,7,0,13,0,5,7,7,4,5,6,102,4,11
ASV3306,12,94,40,31,63,24,30,27,58,6,20,13,6,27,28,7,85,6,17,15,7,24,36,58,8,81,68,18,18,31,79,19,8,56
ASV3329,43,207,178,151,52,79,98,80,248,177,99,122,112,64,64,50,457,46,61,65,105,189,565,272,135,119,79,94,61,231,160,55,40,103
ASV3366,55,191,176,164,48,79,102,87,257,188,120,100,84,60,75,47,428,60,54,76,118,230,518,302,155,159,103,98,90,226,159,53,50,83
ASV3371,33,149,138,121,47,66,86,72,197,142,75,78,78,49,50,40,313,45,49,59,62,170,491,233,121,93,61,71,50,177,108,52,42,83
ASV3383,4,54,29,8,9,28,16,5,19,10,15,5,6,8,12,6,20,88,6,7,17,11,18,14,9,24,15,11,8,16,40,1,6,12
ASV3392,23,22,58,44,64,11,23,30,186,48,74,95,13,24,77,10,150,3,16,6,12,14,8,59,3,16,26,40,9,34,59,6,41,60
ASV3399,42,189,121,124,49,87,85,74,161,140,80,69,78,42,43,34,429,43,56,54,92,170,386,235,112,104,66,80,54,173,75,56,35,98
ASV3491,16,165,162,134,38,63,77,86,179,148,72,89,52,40,46,29,359,67,50,47,73,172,339,229,90,79,62,58,59,142,116,50,37,47
ASV3498,41,257,290,204,46,143,152,96,320,195,143,127,120,76,68,58,519,86,74,87,124,253,767,295,185,162,101,108,74,259,134,82,45,112
ASV3550,0,0,0,0,0,0,0,0,0,0,0,0,0,0,0,0,0,0,0,0,0,0,0,0,0,0,0,0,0,0,0,0,1,0
ASV3565,32,117,94,97,29,65,59,60,132,106,37,52,58,38,32,39,265,47,33,54,73,101,389,184,122,84,60,47,55,128,94,43,33,72
ASV3638,0,0,0,1,0,0,0,0,0,0,0,0,0,0,9,0,0,0,0,0,0,0,0,0,0,0,0,0,0,0,0,0,0,0
ASV3657,32,138,128,108,32,75,74,65,179,135,53,75,80,42,48,38,332,25,37,53,73,153,461,200,105,108,52,61,48,159,92,43,33,58
ASV3700,0,0,0,1,0,0,0,0,0,0,0,0,0,0,2,0,0,0,0,0,0,0,0,0,0,1,0,0,1,0,0,0,0,0
ASV3704,0,0,0,0,0,0,0,0,0,0,0,0,0,0,6,0,0,0,0,0,0,0,0,0,0,0,0,0,0,0,0,0,0,0
ASV3714,29,24,199,234,104,17,148,202,182,154,76,66,31,55,122,51,828,72,54,40,63,243,9,343,1,81,69,138,65,169,133,132,62,75
ASV3755,39,98,251,135,42,43,121,89,277,172,85,67,53,49,57,37,405,45,32,49,60,230,161,210,12,67,66,112,49,188,112,70,40,50
ASV3823,6,41,40,44,12,17,10,15,36,21,23,161,11,17,15,13,63,12,12,8,28,45,80,44,31,20,19,10,66,18,27,5,8,16
ASV3845,0,0,0,0,0,0,0,0,0,0,0,0,0,0,6,0,0,0,0,0,0,0,0,0,0,0,0,0,0,0,0,0,0,1
ASV3863,91,257,449,377,224,223,245,285,464,178,232,189,97,123,79,146,613,180,113,68,222,189,58,291,29,79,168,244,119,370,316,189,259,231
ASV3921,28,186,114,134,52,93,71,68,285,110,77,76,75,48,54,39,383,46,49,35,84,146,762,177,154,58,66,89,54,200,87,50,44,50
ASV3927,31,91,69,93,24,55,50,38,132,90,69,52,31,37,42,39,244,42,43,56,63,99,399,140,98,72,61,35,30,92,86,26,17,43
ASV3936,68,374,160,193,224,273,126,127,170,73,198,65,32,84,87,33,281,198,84,18,178,87,33,110,19,39,189,100,62,147,278,99,141,121
ASV3947,0,0,6,6,0,0,9,0,1,0,0,0,0,1,5,0,0,0,0,0,0,0,0,1,0,0,2,0,0,0,0,0,0,0
ASV3990,154,458,780,567,182,295,522,339,996,628,435,389,292,188,159,138,1263,200,212,231,254,614,753,792,65,290,241,301,146,554,412,233,144,271
ASV4005,35,188,137,150,53,79,80,78,246,149,91,103,119,55,67,57,424,39,52,82,80,181,684,267,135,133,87,87,69,253,117,61,49,67
ASV4015,10,33,15,11,4,16,8,2,12,6,16,1,7,6,9,0,19,4,3,5,85,2,19,10,9,5,14,3,1,6,10,9,1,7
ASV4043,0,0,1,0,0,0,0,0,0,0,0,0,0,0,0,0,0,0,0,0,0,0,0,0,0,0,0,0,0,0,0,0,0,0
ASV4060,36,123,145,95,37,49,74,63,150,141,52,48,39,22,37,28,277,41,46,30,63,158,176,178,24,107,41,73,37,89,60,52,33,65
ASV4083,55,278,184,225,60,167,118,106,432,176,112,88,94,74,86,52,509,95,72,50,121,202,1056,315,244,96,117,115,67,346,170,73,61,84
ASV4113,118,278,570,453,192,237,338,336,563,191,277,201,130,127,93,127,757,228,125,79,287,221,33,387,25,119,182,324,140,500,322,224,333,271
ASV4124,36,143,71,85,122,54,57,48,150,76,65,31,28,72,39,17,129,16,33,24,30,56,35,45,3,57,123,33,13,79,112,33,37,84
ASV4171,57,101,77,124,37,81,78,34,213,60,17,61,57,40,35,36,144,45,23,35,72,65,279,122,130,54,66,18,30,94,75,17,14,52
ASV4214,83,204,94,195,50,140,65,43,214,71,67,70,44,92,122,34,124,58,98,27,128,49,578,89,317,36,385,49,35,105,204,25,33,118
ASV4364,2,21,165,14,15,4,19,3,17,6,5,17,8,5,16,2,19,1,1,4,1,8,8,18,5,11,3,8,2,6,4,1,0,13
ASV4393,36,126,115,119,21,66,67,47,186,108,71,78,43,39,48,17,261,66,39,44,76,110,262,158,75,56,56,40,45,107,65,35,35,51
ASV4433,43,62,205,197,181,45,174,215,231,295,136,65,37,80,115,55,885,82,58,50,57,357,31,396,6,83,72,135,70,231,139,123,85,132
ASV4438,22,242,38,71,58,131,17,14,68,13,90,28,14,86,59,6,49,70,42,12,62,41,129,51,93,38,201,15,23,32,172,12,14,30
ASV4442,5,12,30,25,2,33,7,11,8,171,8,9,9,8,4,7,34,4,4,12,6,10,24,44,14,29,20,2,12,16,7,11,1,3
ASV4444,29,24,155,129,21,45,67,163,126,68,32,29,61,15,36,26,708,27,28,52,34,147,73,308,46,91,68,80,36,155,105,54,28,68
ASV4558,0,0,0,0,0,0,1,0,0,0,0,0,0,0,1,0,0,0,0,0,0,0,0,0,0,0,0,0,0,0,0,0,0,0
ASV4568,13,178,19,32,38,124,7,14,36,10,62,31,12,95,69,4,62,45,38,9,62,23,108,86,65,26,273,22,15,14,254,13,20,39
ASV4580,10,68,22,38,13,20,24,10,60,59,36,163,25,15,5,9,112,17,17,6,14,65,72,98,25,159,24,9,16,46,32,16,12,16
ASV4609,21,86,95,64,17,53,60,51,137,76,66,56,51,26,24,18,193,26,20,40,58,71,317,134,65,57,36,38,22,126,68,20,19,33
ASV4625,30,142,106,114,35,90,61,57,252,93,50,59,63,39,43,35,221,54,44,24,72,128,484,153,141,72,79,60,41,168,90,35,30,54
ASV4634,36,40,152,144,26,55,65,93,171,105,57,103,58,42,37,41,379,20,35,65,66,90,121,273,73,85,57,97,48,122,99,40,52,96
ASV4684,52,308,197,174,154,269,91,118,189,75,146,71,34,65,77,48,264,154,93,21,178,85,31,137,16,44,153,122,47,142,253,88,157,137
ASV4710,8,41,25,37,96,42,7,12,33,11,14,7,5,21,34,1,27,21,13,6,14,8,10,20,2,4,31,17,10,16,54,14,27,23
ASV4728,0,1,13,11,0,1,21,21,26,90,4,15,14,0,0,8,510,0,0,8,0,114,1,35,1,11,1,3,1,37,2,0,0,3
ASV4730,0,0,1,0,0,0,7,0,0,0,0,0,0,0,15,0,0,0,0,0,0,0,0,0,0,0,0,0,0,0,0,0,0,0
ASV4898,14,86,110,97,33,59,65,56,158,136,68,65,53,25,34,32,255,33,29,35,63,139,527,185,91,95,50,51,51,155,81,35,28,74
ASV4914,24,128,118,86,31,58,74,38,169,105,66,61,67,39,46,36,225,38,25,47,57,116,381,150,75,87,32,56,25,126,69,24,15,54
ASV5058,23,130,110,73,27,60,65,42,175,104,51,54,47,24,34,21,219,30,28,39,57,121,338,153,56,76,30,50,34,119,73,29,20,43
ASV5081,0,0,1,0,0,0,1,0,0,0,0,0,0,0,2,0,0,0,0,0,0,0,0,0,0,0,0,0,0,0,0,0,0,0
ASV5128,36,150,105,89,167,95,44,79,103,33,67,44,12,41,29,22,135,62,32,12,59,38,14,62,4,24,80,58,22,67,134,37,67,62
ASV5344,0,0,0,1,0,0,6,0,0,0,0,0,0,0,21,0,0,0,0,0,0,0,0,0,0,0,0,0,0,0,0,0,0,0
ASV5471,2,17,9,6,2,8,1,1,4,10,3,3,1,6,14,5,10,18,1,116,7,5,7,13,7,5,3,7,2,5,11,1,2,4
ASV5500,0,0,0,0,0,0,0,0,0,0,0,0,0,0,4,0,0,0,0,0,0,0,0,0,0,0,0,0,0,0,0,0,0,0
ASV5582,0,0,0,2,0,0,0,0,0,0,0,0,0,0,10,0,0,0,0,0,0,0,0,0,0,0,0,0,0,0,0,0,0,0
ASV5733,0,0,0,0,0,0,2,0,0,0,0,0,0,0,13,0,0,0,0,0,0,0,0,0,0,0,0,0,0,0,0,0,0,0
ASV5780,22,5,101,119,64,18,105,96,88,78,51,25,12,26,57,24,444,28,35,38,25,154,12,173,0,45,24,61,36,97,79,55,27,31
ASV5785,0,0,0,0,0,0,0,0,0,0,0,0,0,0,9,0,0,0,0,0,0,0,0,0,0,0,0,0,0,0,0,0,0,0
ASV5814,0,0,0,0,0,0,0,0,0,0,0,1,1,0,37,0,0,0,0,0,0,0,0,0,0,0,0,0,0,0,0,0,0,0
ASV5854,26,121,93,112,22,101,57,49,135,96,79,69,64,47,47,32,258,57,44,50,102,106,659,173,117,88,77,59,53,128,123,44,38,54
ASV5895,21,124,82,77,29,45,54,49,174,96,56,54,44,33,35,35,233,23,26,44,61,130,531,132,105,66,43,38,38,157,81,37,26,47
ASV5934,25,37,139,113,95,11,95,144,121,170,69,45,27,41,67,21,517,30,35,31,31,203,13,219,1,52,38,84,40,127,89,66,42,59
ASV5936,17,103,75,68,37,37,62,50,124,100,75,51,55,37,47,20,241,27,31,40,50,121,517,139,94,79,39,57,43,156,71,30,19,53
ASV6084,23,22,97,86,42,21,63,87,104,67,51,36,11,37,59,25,400,24,26,22,33,128,11,155,1,33,27,69,44,90,63,46,36,38
ASV6145,20,71,67,32,72,24,47,9,89,301,42,42,9,44,107,13,129,45,20,34,4,62,3,36,11,24,22,23,14,44,95,11,26,43
ASV6203,6,14,35,23,6,10,3,2,20,22,0,9,21,8,10,3,15,2,1,78,3,11,17,11,10,4,6,3,10,9,4,3,3,4
ASV6294,26,41,227,131,44,36,76,112,88,107,100,77,87,19,28,31,293,40,29,36,45,78,7,118,6,26,23,247,47,230,59,70,134,65
ASV6456,49,17,89,157,8,24,110,45,215,82,17,83,93,21,18,31,187,11,24,40,31,95,106,178,67,50,25,26,73,199,32,19,16,39
ASV6577,74,239,487,379,108,175,275,182,645,335,246,229,143,106,92,86,814,153,114,138,162,392,501,524,32,167,124,189,90,366,234,144,95,130
ASV6584,169,48,138,526,74,49,94,117,106,17,16,11,3,12,209,4,113,11,33,2,126,321,34,62,28,144,55,20,64,10,51,7,8,85
ASV6619,12,87,66,53,18,33,39,28,123,76,50,58,43,26,16,27,210,10,29,26,34,103,397,116,83,70,27,45,24,89,60,26,28,43
ASV6711,4,25,76,21,10,18,13,7,42,21,30,12,9,18,21,3,31,8,9,29,7,22,18,32,10,25,24,20,18,19,16,15,16,13
ASV6778,17,115,90,84,27,60,43,46,131,96,46,69,60,35,32,27,193,24,32,39,46,107,311,144,77,72,42,42,33,122,69,35,28,51
ASV6873,29,155,83,85,32,68,58,52,160,133,67,59,54,31,39,28,240,42,35,43,48,121,290,143,68,65,38,64,36,120,91,31,37,47
ASV7001,14,77,54,65,15,41,34,23,108,41,38,31,28,19,16,20,162,35,23,8,35,54,338,64,71,23,27,31,26,85,42,17,15,29
ASV7187,0,1,5,1,0,1,1,0,0,3,0,0,0,0,20,0,3,1,0,0,0,1,0,2,0,1,0,1,0,0,0,0,0,0
ASV7196,16,21,58,37,41,378,29,20,27,22,10,76,9,8,10,2,81,4,44,11,21,432,129,54,46,18,26,9,12,26,30,298,9,12
ASV7271,21,34,83,79,76,8,85,78,98,131,75,20,25,27,45,25,439,29,28,21,27,118,5,149,1,42,30,64,30,91,51,45,37,36
ASV7421,0,0,1,1,0,0,1,0,0,0,0,0,0,0,26,0,0,0,0,0,0,0,0,0,0,0,0,0,0,0,0,0,0,0
ASV7425,13,78,63,57,22,42,33,34,120,56,37,33,34,21,25,14,114,15,23,6,19,44,342,68,64,27,33,36,20,95,41,24,18,25
ASV7675,4,23,50,43,41,20,245,29,346,241,13,39,5,29,15,52,170,24,14,39,6,419,12,47,38,123,23,9,26,35,58,94,6,30
ASV7718,48,150,283,179,75,95,184,117,375,174,113,128,76,57,39,48,450,75,89,66,83,211,344,288,29,94,78,127,41,227,102,85,40,85
ASV7797,0,0,0,0,0,0,0,0,0,0,0,0,0,0,3,0,0,0,0,0,0,0,0,0,0,0,0,0,0,0,0,0,0,0
ASV7915,7,72,76,77,34,56,57,32,176,83,49,28,48,25,25,25,179,29,34,20,33,103,327,131,73,49,38,41,21,136,66,30,18,65
ASV8018,62,142,288,209,90,108,181,119,383,213,159,140,108,89,68,47,498,83,82,87,89,239,227,329,16,110,100,132,56,270,140,102,57,82
ASV8115,7,26,29,12,2,20,25,16,45,41,28,22,24,10,10,15,71,2,6,7,6,48,74,32,9,142,9,22,10,76,27,19,17,12
ASV8132,27,123,196,148,36,64,110,87,254,165,100,97,73,56,37,26,337,63,33,51,41,179,192,218,18,75,55,61,39,112,107,52,35,52
ASV8602,101,597,512,148,104,179,43,59,124,81,87,76,16,90,180,67,245,5,56,59,148,106,317,354,152,171,107,142,42,261,324,94,52,79
ASV8686,20,71,129,112,42,33,79,63,201,124,88,61,54,34,48,30,294,26,39,37,23,150,71,145,7,58,28,64,40,119,66,47,39,52
ASV8771,0,0,0,0,0,0,0,0,0,0,0,0,0,1,175,0,0,0,0,0,0,0,0,0,0,1,1,0,0,0,0,0,0,0
ASV8784,47,124,211,191,53,84,126,92,329,176,131,120,72,49,47,38,386,85,75,58,75,201,256,226,20,71,58,95,71,205,135,70,55,82
ASV8797,0,0,2,3,0,0,12,0,0,1,1,0,0,0,1,0,2,3,0,1,4,0,0,0,0,0,0,0,0,0,0,0,1,0
ASV8853,12,31,169,71,12,23,62,63,78,62,69,47,49,8,15,32,201,23,18,18,20,46,6,80,1,13,15,194,31,125,49,44,85,41
ASV8907,2,48,104,15,1,7,5,16,10,40,99,82,4,58,3,4,535,3,5,3,210,299,13,16,13,17,4,112,12,33,79,24,32,19
ASV8955,47,196,356,207,73,128,212,131,340,218,166,176,107,54,46,48,576,93,80,59,86,263,268,300,19,88,58,101,59,193,125,103,65,101
ASV9257,1,11,12,3,5,5,19,1,19,10,2,2,1,4,3,3,9,14,2,115,11,20,4,2,2,1,1,4,4,5,0,5,3,4
ASV9275,3,24,22,7,7,66,3,32,9,27,44,3,4,70,17,2,76,14,33,6,16,5,28,17,24,10,10,13,20,4,19,17,9,28
ASV9318,2,101,110,3,60,33,11,7,14,50,12,7,6,38,55,16,37,51,2,21,52,33,26,50,27,7,19,94,14,6,19,6,43,13
ASV9350,19,59,40,47,10,34,30,20,75,42,23,26,34,13,15,10,125,16,16,22,28,63,316,82,57,31,28,29,21,60,36,11,17,29
ASV9429,0,0,0,0,0,0,1,0,0,0,0,0,0,0,0,0,0,0,0,0,0,0,0,0,0,0,0,0,0,0,0,0,0,0
ASV9895,9,0,11,3,0,0,33,1,12,117,1,10,3,0,0,20,4,0,0,535,1,59,2,3,0,4,4,2,0,17,0,7,1,2
ASV9970,32,79,53,65,23,87,25,18,68,23,19,18,14,38,46,6,36,33,25,7,40,19,122,28,32,15,89,12,12,40,84,3,12,30
ASV10017,24,36,54,56,28,45,66,40,76,18,41,27,15,25,20,24,80,29,16,10,42,22,14,31,5,21,36,40,19,80,45,37,51,45
ASV10133,19,95,136,114,36,44,100,62,176,117,79,69,65,49,41,27,241,48,38,39,53,123,172,182,10,68,37,51,37,113,89,34,29,57
ASV10233,52,23,53,203,24,10,50,37,31,7,12,4,2,10,84,1,43,3,16,0,37,118,22,30,15,64,25,7,29,2,20,3,5,24
ASV10353,39,123,233,148,51,82,160,97,292,156,118,109,88,40,35,37,347,68,78,61,86,161,297,239,18,77,65,75,50,206,99,81,38,64
ASV10429,1,10,4,3,4,3,2,2,8,3,2,2,0,3,9,0,5,8,0,1,4,2,416,6,3,3,8,0,0,0,12,4,2,2
ASV10501,16,20,131,86,10,26,60,63,75,71,65,46,42,9,19,22,151,20,17,17,17,31,7,65,7,12,5,161,21,126,41,49,68,38
ASV10508,3,1,4,3,4,1,2,1,3,6,5,3,1,2,4,0,14,0,0,121,4,5,11,8,10,0,3,1,4,7,2,2,1,1
ASV11175,17,63,115,83,26,32,92,66,67,51,139,44,46,30,34,35,196,47,21,14,54,53,12,93,5,16,22,114,38,159,80,75,82,53
ASV11327,0,0,0,0,0,0,0,0,0,0,0,0,0,2,19,0,0,0,0,0,0,0,0,0,0,0,0,0,0,0,0,0,0,0
ASV11360,46,132,217,164,55,82,121,88,252,194,109,107,89,58,41,32,271,52,46,60,48,153,268,217,24,73,46,87,35,122,94,51,40,74
ASV12091,7,10,18,17,0,36,12,9,25,21,6,4,5,9,10,2,19,5,3,1,9,18,1439,12,13,8,12,7,7,18,16,4,4,11
ASV12610,31,92,162,114,45,72,97,54,195,106,98,73,50,47,26,29,233,56,36,37,38,157,206,170,12,50,42,77,36,132,91,52,23,49
ASV13521,186,800,14,19,2,9,17,5,48,246,7,82,486,3,3,5,20,3,184,5,46,6,53,205,643,5389,22,12,5,107,33,8,1,25
ASV15308,34,202,189,57,53,84,8,19,44,34,28,28,8,40,61,20,86,0,26,25,69,27,125,133,56,56,47,50,12,94,109,38,26,27
ASV15531,1,0,10,3,2,0,12,50,11,10,0,3,6,3,0,8,957,0,1,4,2,145,7,31,6,21,0,3,3,9,0,3,1,3
ASV16470,27,191,173,42,31,55,5,21,40,33,19,26,7,17,61,25,84,3,12,19,37,35,113,102,42,49,40,51,17,79,93,31,18,20
ASV16715,33,166,144,39,32,44,6,20,21,29,27,18,4,31,46,22,83,0,18,15,34,15,88,99,42,35,34,38,7,73,95,34,16,20
ASV17237,54,28,108,689,40,77,7,118,430,241,269,28,0,95,1655,143,1107,12,218,372,3,142,287,283,15,11,361,86,27,83,853,28,69,513
ASV17293,2,11,3,1,3,1,0,2,481,1,1,1,4,1,2,1,6,1,1,0,0,1,5,3,0,0,2,0,0,2,3,1,1,2
ASV17564,12,28,7,30,9,20,29,15,50,3,6,14,7,13,2,1,32,3,13,3,20,4,503,19,51,4,12,8,4,66,10,7,2,43
ASV18170,25,38,93,159,17,25,70,63,241,112,35,127,127,17,29,72,255,20,39,60,52,90,160,183,108,78,26,79,42,162,64,39,32,91
ASV19563,2,8,22,3,1,1,8,1,16,6,4,4,6,4,13,5,9,21,0,1256,11,10,9,7,1,2,14,5,9,4,1,7,0,5
ASV21050,6,13,13,18,2,24,17,5,16,16,6,11,17,3,10,3,39,0,7,9,6,15,646,14,7,9,10,4,3,33,23,5,5,19
ASV21335,9,0,8,8,0,0,48,5,60,276,3,10,3,0,1,18,48,0,4,2,2,66,1,9,0,10,0,5,3,6,2,9,1,4
ASV25090,6,198,154,16,19,16,11,3,14,12,2,26,8,39,243,0,9,357,3,3,15,8,32,34,13,1,222,50,112,15,9,0,168,29
ASV28888,0,2,0,0,0,0,0,0,0,0,0,0,0,0,0,0,0,0,0,76,0,0,0,1,0,2,1,0,0,0,0,0,0,0
ASV28952,55,82,57,67,37,17,56,5,70,43,54,66,25,16,90,11,69,7,9,82,1,26,4,50,11,12,18,24,28,113,37,6,16,16
ASV29486,0,3,170,16,13,5,36,0,9,1,1,19,4,10,9,1,7,0,1,0,3,0,0,25,2,2,0,3,2,4,2,1,1,0
ASV32803,18,13,33,32,15,26,3,32,37,70,79,8,1,26,472,43,318,4,65,100,2,44,108,58,6,3,79,14,6,4,213,1,20,130
ASV37940,1,68,61,9,6,6,6,0,11,5,3,7,3,37,78,2,5,52,2,2,4,2,8,16,6,0,159,30,35,5,2,0,109,8
ASV40584,0,1,4,0,0,0,0,1,0,4,0,0,0,0,0,0,0,0,0,159,0,0,3,0,0,2,3,1,1,0,1,1,0,1
ASV43141,22,0,101,31,0,0,78,7,64,78,1,99,89,0,0,42,227,0,2,98,0,101,0,109,0,27,1,16,5,204,2,5,1,6
ASV44394,2,1,0,24,10,120,0,3,0,6,4,0,0,1,0,0,6,0,1,0,0,5,0,0,2,2,0,0,0,0,1,22,0,2
ASV48892,0,12,11,2,2,1,0,0,0,6,5,1,3,2,19,39,7,6,0,557,0,4,2,8,0,0,10,9,4,1,0,1,5,1
ASV49704,2,45,6,3,5,25,6,2,32,364,3,3,1,5,8,1,12,7,4,5,1,52,5,9,11,8,5,3,0,2,14,12,1,5
ASV52360,0,4,2,1,0,30,0,0,0,2,0,2,0,2,0,0,2,2,0,0,6,1,822,3,69,0,0,0,0,2,2,1,0,2
ASV58238,0,2,9,0,1,0,1,0,2,0,0,0,0,1,0,1,2,0,1,78,0,2,15,3,0,0,2,0,0,0,2,0,0,2
ASV60999,7,1,4,2,0,0,4,0,1,5,0,2,5,0,1,6,0,0,0,200,0,2,0,7,0,0,1,2,1,2,0,1,0,0
ASV67897,1,1,0,2,0,3,0,0,0,0,0,0,0,0,0,1,1,1,0,0,2,0,330,1,1,0,1,0,1,0,1,0,0,0
ASV71174,0,83,1,5,17,122,0,0,1,0,9,0,0,2,3,0,0,2,3,0,2,0,2,1,16,0,0,0,0,0,2,0,0,2
ASV105600,1,1,2,3,1,0,5,2,2,17,2,1,3,0,1,3,23,0,0,2,0,5,0,6,0,2,0,4,1,7,0,0,0,0
ASV106008,110,167,441,297,123,137,220,223,386,147,202,132,97,68,74,110,562,119,94,34,173,140,29,307,15,72,126,218,100,371,205,157,247,167
ASV108102,33,178,150,104,52,87,105,71,188,144,116,76,55,45,33,35,273,41,41,60,72,179,488,187,68,109,60,102,53,206,86,51,36,51
ASV138035,497,755,1056,1862,394,444,793,1042,2316,1269,579,941,1057,484,582,770,3529,370,858,772,789,1102,1994,2830,1279,1438,808,1081,638,2241,1102,576,492,1502
newASV21,2,4,4,0,5,1,3,1,4,0,0,1,2,2,3,0,7,13,0,132,12,4,1,2,1,0,2,1,6,0,1,1,1,0
newASV45,0,0,0,0,0,0,2,0,0,0,0,0,0,0,37,0,0,0,0,0,0,0,0,0,0,0,0,0,0,0,0,0,0,0
newASV175,0,37,2,4,8,7,0,1,0,2,81,0,1,18,45,0,1,1,6,0,0,0,3,0,0,1,8,1,3,4,28,0,0,11
newASV361,4,77,116,11,9,4,30,3,5,29,15,28,14,19,141,14,31,6,12,10,1,21,3,37,1,8,2,74,92,44,13,2,73,36
newASV15617,44,38,72,117,21,37,66,86,206,107,38,72,91,39,43,63,262,23,46,61,56,65,151,239,118,93,49,88,50,201,87,46,42,116
newASV15908,46,39,90,126,25,30,63,71,172,108,41,64,78,33,51,58,235,20,43,60,44,93,134,217,102,88,60,63,36,145,79,31,26,77
newASV17488,25,29,49,130,22,26,30,68,127,90,28,64,63,24,22,66,195,23,66,42,44,85,145,186,89,93,36,55,43,129,65,34,26,93
newASV17822,35,49,58,129,24,22,49,54,160,96,30,72,72,25,33,46,267,11,57,48,50,71,143,195,90,97,65,80,44,156,63,33,35,109
newASV20026,0,27,40,1,3,3,1,0,0,0,1,0,0,8,15,0,0,70,0,0,1,0,1,1,0,0,20,2,7,2,2,0,4,0
newASV22892,47,60,113,156,36,31,58,106,233,120,56,83,109,49,61,77,294,21,69,87,80,91,228,270,118,114,64,93,60,173,112,44,52,136
newASV38463,27,25,47,130,25,19,48,51,153,82,43,61,87,30,23,55,245,13,48,42,60,73,162,172,95,79,50,56,32,143,56,29,19,79
newASV47101,121,82,210,302,51,51,124,136,450,247,66,162,193,76,103,134,598,34,88,149,119,182,354,492,259,206,109,156,85,425,159,72,79,185
