ASV,MQ201030-5,MQ201030-11,MQ201030-12,MQ201030-13,MQ201030-14,MQ201030-15,MQ201030-16,MQ201030-18,MQ201030-19,MQ201030-20,MQ201030-21,MQ201030-22,MQ201030-23,MQ201030-24,MQ201030-25,MQ201030-26,MQ201030-27,MQ201030-28
ASV1,1117,2957,995,598,1499,798,1021,1515,1017,735,666,424,449,455,739,822,440,795
ASV2,31,78,74,103,193,229,301,1032,576,446,663,475,466,255,271,206,1034,2008
ASV3,96,172,260,664,843,723,896,2295,4041,2666,3490,3620,3207,1802,2056,1137,2029,6201
ASV4,146,430,348,182,211,68,80,273,253,235,305,424,457,368,490,320,359,372
ASV5,20,71,47,70,149,178,224,638,321,317,353,157,131,62,69,55,59,77
ASV6,130,214,128,105,168,79,70,116,93,38,77,59,63,83,97,140,94,189
ASV8,160,285,390,637,805,73,75,163,222,206,276,245,162,95,120,85,197,361
ASV9,420,6,25,34,28,1,1,12,22,395,413,536,454,160,206,64,154,159
ASV10,12,35,15,4,14,19,21,44,14,11,6,6,7,6,8,21,15,17
ASV11,237,376,268,201,197,23,25,69,101,113,125,168,156,148,250,165,79,81
ASV12,262,601,227,162,363,155,187,330,187,213,212,153,152,207,346,352,139,230
ASV13,69,188,143,70,101,34,41,116,99,92,161,185,161,197,184,151,170,185
ASV14,21,68,23,7,27,4,16,30,15,9,4,8,8,14,27,21,13,31
ASV15,143,486,195,111,280,187,235,410,157,113,94,60,76,79,119,85,50,70
ASV16,39,77,78,88,139,41,65,118,208,153,311,331,278,405,695,989,456,644
ASV17,135,166,528,200,282,69,73,135,300,298,390,502,405,363,475,629,261,372
ASV18,225,100,144,248,288,28,16,11,93,21,64,75,62,55,44,21,14,66
ASV19,94,165,85,79,109,38,34,62,64,23,54,37,35,46,78,81,37,66
ASV20,48,43,42,64,56,8,16,26,42,25,47,39,30,42,67,105,107,127
ASV22,82,106,52,72,132,122,125,216,130,116,115,125,136,100,121,113,87,118
ASV24,100,11,12,19,25,1,3,4,59,139,103,125,95,69,62,66,78,50
ASV26,17,10,13,12,17,13,25,37,20,11,19,20,13,19,14,13,16,18
ASV27,18,30,36,30,81,100,112,333,181,174,177,74,65,27,29,22,21,46
ASV28,108,39,45,76,46,0,8,30,36,16,21,47,28,74,88,139,133,153
ASV29,267,438,247,327,498,229,334,458,380,164,262,194,181,201,260,285,164,293
ASV30,75,83,47,43,54,17,12,24,21,17,17,31,28,38,61,35,24,52
ASV32,100,204,171,378,509,138,201,355,341,233,277,246,246,215,252,216,200,491
ASV33,11,38,53,135,143,39,44,98,58,49,63,57,52,28,33,13,20,81
ASV35,719,1894,2182,2279,2911,215,174,131,144,64,94,96,77,48,82,104,330,543
ASV36,227,145,189,252,283,90,140,222,167,148,249,229,241,319,452,341,195,246
ASV38,58,68,65,66,98,30,46,71,70,25,31,58,41,38,31,41,40,40
ASV40,133,347,345,408,567,255,299,620,390,214,278,241,320,173,243,155,181,424
ASV41,17,72,21,29,67,42,39,91,49,43,33,24,15,19,15,16,20,32
ASV42,1358,55,152,188,223,22,48,89,129,925,1169,1254,1141,973,1180,658,738,683
ASV43,56,108,79,56,63,7,14,9,22,24,23,35,25,26,34,43,66,97
ASV45,14,11,22,32,35,4,6,16,19,30,60,58,41,37,39,37,41,41
ASV47,28,63,37,45,47,21,34,67,30,12,18,27,33,17,45,26,28,36
ASV50,184,391,180,123,251,104,159,301,145,108,113,52,86,50,73,89,52,79
ASV51,48,160,42,19,52,16,28,57,16,14,17,9,22,20,38,53,9,25
ASV52,89,94,89,172,179,50,62,141,120,97,131,107,121,102,113,85,39,66
ASV53,15,40,51,49,107,33,45,122,110,69,87,63,65,39,33,24,76,213
ASV54,266,297,280,328,352,154,188,303,256,199,293,302,324,354,503,402,263,276
ASV55,113,309,114,37,141,62,71,109,73,66,64,37,39,45,76,98,66,122
ASV57,6,20,10,11,44,49,37,83,58,49,29,32,17,15,18,12,4,19
ASV60,28,24,33,32,36,30,32,54,43,24,36,32,31,32,35,21,15,12
ASV62,6,15,10,15,41,50,60,132,93,74,83,27,28,10,11,8,25,31
ASV63,38,44,56,132,112,7,11,45,78,79,137,106,110,233,402,147,75,145
ASV65,51,69,40,36,66,33,14,37,21,9,22,18,23,30,49,46,23,21
ASV67,163,200,157,180,231,87,109,135,104,65,66,97,102,98,110,107,108,104
ASV69,60,63,94,125,159,4,8,23,33,54,75,93,48,69,99,60,33,66
ASV70,26,83,27,12,35,31,34,58,35,18,25,15,22,22,39,44,15,49
ASV71,240,418,359,269,301,43,60,73,93,53,80,84,86,85,135,117,206,314
ASV72,322,262,123,85,83,2,6,9,8,5,17,17,19,52,98,251,790,597
ASV74,14,34,39,114,110,49,31,77,71,49,78,68,62,39,45,22,16,21
ASV76,0,3,3,9,8,22,25,50,62,45,76,57,54,27,33,23,49,113
ASV78,6,13,7,11,18,60,65,199,117,67,59,39,50,42,39,37,20,29
ASV79,35,57,52,82,93,39,52,77,59,40,86,61,74,60,75,49,34,60
ASV81,177,147,142,255,293,41,21,71,84,95,124,100,131,141,183,232,169,227
ASV84,32,39,42,70,110,2,6,9,22,25,47,40,31,29,29,21,34,38
ASV88,126,117,142,182,256,28,27,65,75,85,90,62,76,93,120,128,112,136
ASV92,38,110,48,59,95,32,63,105,108,74,74,46,59,54,56,40,56,108
ASV96,82,123,118,132,220,59,66,147,232,222,252,166,176,117,170,139,151,194
ASV97,72,201,95,49,110,68,70,134,65,33,45,15,34,35,61,79,79,127
ASV98,21,38,20,19,41,18,17,34,23,5,16,14,18,10,17,11,14,20
ASV99,59,61,58,45,42,7,12,13,14,24,43,13,32,34,45,59,65,59
ASV103,14,1,0,4,0,0,0,0,2,5,17,21,17,24,50,69,49,60
ASV104,19,31,29,33,40,16,27,52,27,18,23,27,25,31,25,13,9,17
ASV106,66,97,72,95,105,24,39,55,30,21,23,26,30,34,50,51,30,51
ASV108,50,66,46,33,43,4,6,4,13,9,10,9,8,10,18,24,42,52
ASV109,2,6,7,12,12,4,6,5,18,7,15,21,15,15,13,13,5,12
ASV110,67,49,42,70,66,13,19,34,74,44,53,47,50,58,76,105,39,97
ASV111,29,16,11,62,29,6,21,8,49,36,76,111,48,99,70,76,23,24
ASV112,408,719,291,179,352,75,103,136,163,101,110,63,100,100,194,343,325,460
ASV113,10,30,19,9,15,6,9,17,26,19,27,26,32,31,17,21,19,23
ASV115,86,135,95,83,111,11,16,21,42,34,38,52,44,50,65,74,21,25
ASV116,17,42,33,21,76,98,117,267,202,82,68,35,33,24,39,24,12,56
ASV118,19,53,32,8,20,2,6,23,31,24,25,39,41,44,46,33,32,37
ASV119,9,23,17,15,22,8,7,9,11,3,9,12,10,9,9,13,3,16
ASV120,325,460,306,227,284,27,44,45,48,37,79,56,56,78,146,204,477,712
ASV122,159,106,93,357,359,100,118,274,284,216,389,348,482,482,721,629,240,419
ASV123,28,26,16,15,39,19,39,109,89,51,46,27,32,12,22,14,46,59
ASV127,96,117,100,121,146,36,41,87,103,134,223,256,183,211,639,715,139,166
ASV133,499,132,124,193,189,15,20,42,105,277,327,336,246,259,328,241,222,154
ASV134,19,31,28,30,29,19,19,26,14,14,18,21,23,14,23,11,15,27
ASV135,23,21,26,41,43,7,19,32,60,38,76,116,82,101,117,74,23,30
ASV136,125,410,482,412,453,39,23,19,32,7,20,29,12,9,27,21,34,141
ASV137,33,89,78,94,152,55,75,113,89,48,64,67,101,51,54,47,55,120
ASV138,10,36,44,42,55,8,7,4,10,2,10,9,2,12,6,8,9,27
ASV139,256,119,179,216,255,29,29,52,94,166,222,235,187,175,225,134,170,241
ASV142,95,69,107,98,132,12,15,34,39,67,85,92,56,47,76,50,50,81
ASV144,115,149,122,84,120,6,4,9,21,33,40,50,46,49,55,49,33,32
ASV145,24,33,20,34,33,10,11,53,35,30,41,50,39,39,58,45,24,35
ASV146,121,253,246,515,709,113,161,261,228,154,191,165,184,134,165,120,124,264
ASV147,31,48,32,28,44,36,40,77,48,23,26,24,27,39,33,88,34,53
ASV148,15,36,12,5,12,2,6,4,5,5,8,8,9,7,18,38,35,27
ASV149,38,67,76,84,185,12,15,28,52,113,167,148,129,100,162,100,69,204
ASV150,46,26,41,50,66,3,8,12,33,43,57,41,52,27,45,41,41,57
ASV151,3,2,2,4,4,7,9,26,30,30,65,63,59,37,19,22,67,68
ASV154,39,56,31,95,75,14,23,43,53,42,82,97,75,73,55,55,39,52
ASV155,131,144,155,232,277,21,21,52,61,55,71,73,49,70,122,163,104,162
ASV156,9,24,14,9,4,2,1,9,9,4,5,1,11,10,13,8,12,17
ASV157,27,45,32,24,26,10,13,16,10,4,2,3,5,5,13,9,9,27
ASV160,22,40,60,125,122,22,43,68,94,74,144,126,106,113,144,134,52,85
ASV162,15,40,36,19,27,6,14,28,41,21,38,48,54,36,56,46,44,55
ASV163,8,25,15,13,15,11,3,18,10,6,12,17,16,19,17,9,12,16
ASV165,16,42,19,18,58,29,49,87,52,32,22,15,29,26,27,20,16,25
ASV167,32,18,26,39,65,11,11,6,20,49,72,64,51,36,69,83,42,66
ASV168,80,67,83,46,85,25,32,88,79,49,50,44,47,66,77,106,66,131
ASV169,22,31,9,21,46,22,20,35,22,9,13,17,18,13,26,23,9,14
ASV171,43,82,57,97,83,16,15,31,66,69,86,96,78,93,98,76,78,64
ASV172,10,27,36,44,56,16,12,24,27,16,24,16,32,29,46,28,32,33
ASV174,75,97,73,111,188,68,80,149,95,67,89,104,105,101,144,74,36,64
ASV177,1,5,3,1,5,16,21,59,32,29,30,27,24,8,15,5,11,25
ASV178,23,55,36,32,39,7,6,20,19,16,35,26,28,27,38,36,25,20
ASV179,111,72,61,38,110,7,1,5,9,33,477,15,24,58,29,54,55,113
ASV182,17,55,53,60,95,31,25,62,93,53,78,80,67,45,57,44,45,115
ASV183,190,314,194,171,304,48,50,135,157,103,88,79,63,60,86,125,98,223
ASV184,183,353,295,215,242,25,31,59,62,69,111,92,100,125,175,163,64,105
ASV185,40,58,41,17,29,6,9,7,6,6,2,4,4,8,13,3,12,24
ASV186,9,13,5,1,6,6,3,8,9,5,5,5,9,5,9,5,6,6
ASV192,259,4,28,7,8,0,1,1,4,160,149,261,203,161,173,116,121,46
ASV194,40,24,37,87,108,16,12,27,32,39,86,46,63,85,163,184,81,168
ASV197,46,24,21,30,32,8,7,22,35,51,71,44,55,41,57,46,42,66
ASV198,17,6,14,25,40,22,22,32,69,35,44,23,34,14,31,30,25,36
ASV199,30,33,34,40,62,8,4,19,27,40,40,46,43,57,111,87,24,21
ASV200,105,160,126,85,74,8,11,8,13,25,16,27,30,13,21,39,41,46
ASV202,13,28,19,13,18,15,11,9,23,12,19,22,9,20,27,22,16,22
ASV204,89,125,75,40,47,6,7,15,28,35,41,42,29,29,63,68,79,47
ASV206,11,20,9,3,15,10,13,35,27,18,17,4,10,12,19,9,5,18
ASV207,21,38,38,52,71,6,10,30,34,42,64,58,48,30,41,19,23,41
ASV209,86,115,111,153,183,46,39,55,100,65,106,108,93,61,92,97,33,55
ASV212,12,14,10,13,30,8,9,19,9,4,12,15,13,10,9,8,4,9
ASV213,44,55,61,97,115,60,102,118,76,69,88,88,95,109,175,119,63,63
ASV214,32,9,26,33,28,2,2,12,20,79,95,107,90,224,105,148,50,116
ASV215,0,0,11,24,16,2,5,2,11,103,134,150,72,48,31,9,31,87
ASV217,10,14,11,31,36,13,23,48,40,38,66,53,87,84,119,91,60,94
ASV221,35,48,23,24,50,48,56,75,39,16,18,20,23,18,29,29,24,19
ASV222,28,40,21,22,41,6,8,17,7,6,16,9,5,15,16,23,30,47
ASV223,179,43,43,43,49,2,11,6,22,23,26,50,19,18,40,23,112,87
ASV226,40,30,26,46,63,8,5,18,42,70,83,89,80,68,77,58,48,60
ASV228,39,57,43,40,57,27,23,45,23,20,25,12,21,22,21,21,21,27
ASV230,12,11,2,4,12,5,6,16,6,2,4,7,4,10,6,6,4,12
ASV231,90,118,116,52,56,5,4,10,12,6,7,18,14,8,23,19,26,24
ASV235,9,21,24,5,17,4,7,16,13,8,15,24,21,22,22,13,28,20
ASV236,8,27,15,7,24,11,20,54,18,43,73,29,43,97,117,128,46,112
ASV239,22,42,34,42,49,11,19,20,38,18,28,28,32,16,31,44,38,46
ASV243,15,23,31,17,26,6,10,24,15,7,11,7,12,17,18,16,10,17
ASV244,7,18,7,14,11,8,9,26,11,5,6,8,6,20,11,10,9,13
ASV245,8,10,8,11,17,4,9,12,10,8,8,8,7,9,1,6,3,4
ASV247,21,33,48,63,80,4,4,1,11,15,18,16,8,5,13,16,19,33
ASV248,37,95,53,38,71,32,41,74,83,47,44,27,25,31,48,52,43,89
ASV250,0,3,3,3,8,10,13,34,34,21,31,25,19,14,15,11,4,7
ASV251,2,3,2,2,14,15,15,36,19,20,10,9,10,3,4,8,1,4
ASV253,6,5,9,25,23,4,9,30,36,59,74,90,55,42,44,17,57,181
ASV254,16,36,45,72,95,24,22,50,49,27,42,33,41,32,31,27,27,41
ASV256,7,52,16,9,25,19,25,33,23,10,6,9,5,9,9,7,4,13
ASV258,8,6,17,44,30,2,3,12,6,87,118,167,151,96,87,46,18,39
ASV259,53,82,70,43,53,8,4,11,7,9,16,12,13,19,11,15,22,23
ASV260,2,6,1,27,33,22,14,35,16,12,4,6,4,3,2,4,12,42
ASV261,8,11,32,34,60,4,6,3,11,19,31,46,41,38,72,64,23,22
ASV262,215,254,188,124,158,21,19,30,29,21,41,38,38,32,59,109,77,139
ASV264,133,171,180,185,239,67,95,120,85,49,54,36,43,29,40,51,52,59
ASV269,59,14,45,115,76,6,9,12,21,47,53,58,58,91,113,88,46,61
ASV272,6,9,10,8,5,2,5,5,3,2,6,3,5,3,8,3,4,5
ASV274,49,92,92,160,238,46,48,95,84,67,90,60,59,56,71,54,31,64
ASV279,13,59,22,39,69,14,16,26,12,11,11,5,3,1,2,2,15,25
ASV280,7,32,27,80,144,76,60,134,78,43,63,34,49,15,14,10,16,39
ASV283,18,20,21,24,33,31,34,71,44,34,34,37,38,27,34,20,11,16
ASV284,1,4,0,3,11,27,19,62,43,25,33,17,13,8,11,15,4,14
ASV286,104,64,47,48,37,2,3,14,26,28,45,37,24,33,32,49,30,57
ASV288,9,15,21,40,104,16,10,20,30,23,139,59,21,41,43,55,8,30
ASV289,60,12,27,36,37,2,4,12,18,36,90,62,55,50,41,37,74,56
ASV290,461,547,482,815,1166,207,238,323,184,124,146,141,179,203,370,325,199,248
ASV297,8,29,5,7,8,15,9,27,13,9,14,2,10,3,2,6,3,8
ASV298,66,50,59,32,33,2,2,11,7,14,6,15,16,12,21,39,15,5
ASV300,13,23,29,21,37,14,14,36,19,37,23,39,32,21,9,16,24,32
ASV301,37,26,23,33,34,4,8,7,25,17,34,27,27,29,37,62,26,32
ASV307,20,32,45,13,14,4,7,15,32,23,30,45,49,49,53,39,32,39
ASV308,4,15,12,7,11,8,4,15,4,4,10,7,6,3,11,8,7,12
ASV310,23,43,27,34,59,25,27,38,22,7,18,10,24,24,26,24,15,21
ASV311,7,5,4,7,13,2,1,1,9,13,14,19,10,16,47,75,72,87
ASV314,72,94,77,129,149,60,89,105,111,53,88,66,85,56,54,38,47,60
ASV315,44,43,35,44,72,7,5,14,15,24,23,24,19,21,23,20,30,65
ASV317,100,47,73,93,70,6,7,17,37,39,54,54,49,47,61,56,38,75
ASV319,23,13,10,24,30,9,15,30,84,40,47,27,59,58,70,66,30,63
ASV322,5,10,11,8,10,9,9,10,7,5,6,6,3,13,6,3,3,8
ASV328,52,50,39,65,95,56,36,100,72,34,48,46,57,44,53,65,50,62
ASV329,33,52,51,37,81,16,23,66,62,70,91,59,64,51,62,60,64,70
ASV333,10,13,6,1,6,11,1,16,10,1,2,2,1,6,7,13,3,7
ASV342,89,93,104,145,140,41,30,53,52,29,49,40,41,30,37,54,46,83
ASV343,16,15,21,29,22,1,6,5,7,18,25,22,36,42,70,62,11,13
ASV345,6,22,14,2,9,3,5,16,13,3,14,3,5,8,7,7,8,8
ASV354,36,6,6,12,10,3,1,3,8,28,18,27,17,12,11,10,8,7
ASV357,36,46,31,34,89,28,32,47,26,11,13,8,16,16,28,33,9,26
ASV360,7,22,16,16,22,12,6,21,19,9,17,12,16,11,25,24,5,11
ASV366,13,17,29,31,38,8,12,46,83,121,165,188,111,134,107,89,147,256
ASV369,28,37,39,49,65,29,30,66,50,41,58,45,35,41,38,20,24,66
ASV371,33,40,36,36,34,4,1,4,11,10,8,6,6,14,29,75,115,117
ASV372,29,58,46,52,44,12,25,45,40,17,27,27,41,41,72,44,16,25
ASV375,45,54,44,37,30,2,1,4,3,3,1,2,3,6,8,10,18,22
ASV378,18,14,11,10,8,3,2,37,10,37,35,65,43,50,26,9,25,9
ASV379,29,3,10,14,3,1,0,1,9,18,31,49,36,36,36,30,26,25
ASV381,27,45,108,36,48,8,9,17,32,22,31,64,74,92,43,38,49,27
ASV382,3,8,7,9,7,3,5,9,6,3,2,2,5,6,6,4,5,12
ASV384,52,70,92,221,233,37,44,61,34,37,48,40,36,36,75,43,86,98
ASV385,0,2,4,3,9,8,17,34,21,13,13,13,8,7,3,2,3,3
ASV386,52,74,42,73,77,46,53,49,36,30,28,15,27,29,44,36,45,41
ASV387,11,23,17,7,23,21,26,51,27,22,19,13,18,15,41,24,24,49
ASV388,23,15,3,10,20,7,9,11,16,5,19,10,27,25,50,57,44,64
ASV396,13,11,11,22,31,6,18,35,33,24,39,40,38,44,34,36,48,47
ASV397,12,11,5,3,7,9,10,7,7,7,5,9,12,8,11,8,10,11
ASV401,9,12,8,11,11,3,3,17,15,9,23,17,25,22,18,24,5,10
ASV403,4,2,57,3,3,1,0,1,5,16,14,31,29,54,128,11,38,20
ASV404,26,48,83,79,99,8,3,15,18,17,21,21,21,19,27,16,27,31
ASV413,3,17,8,5,19,8,11,14,6,5,5,4,6,10,9,8,6,8
ASV414,12,21,34,15,23,8,12,10,14,14,14,21,24,21,29,21,30,22
ASV415,8,23,16,19,20,9,5,21,30,36,64,57,47,29,45,33,56,92
ASV416,68,40,51,30,14,1,2,3,7,4,9,4,4,3,11,11,11,7
ASV419,3,6,13,1,4,5,9,4,1,1,3,0,5,1,3,5,4,2
ASV420,9,8,14,12,4,2,0,3,23,11,16,28,26,25,26,36,29,23
ASV421,81,9,19,16,18,2,2,7,7,46,40,31,45,14,40,12,17,21
ASV422,3,7,0,0,2,0,1,4,0,1,4,3,0,2,4,2,6,2
ASV423,16,0,1,1,1,0,0,1,5,6,10,28,11,37,25,32,12,23
ASV426,144,250,99,38,89,41,43,78,57,45,63,43,56,71,144,172,65,96
ASV428,24,5,15,23,32,4,3,5,24,40,57,54,52,73,113,87,29,41
ASV429,60,29,66,77,132,0,2,27,77,107,57,48,11,33,13,5,93,119
ASV431,1,8,17,19,22,15,17,81,72,54,50,46,24,21,11,6,20,28
ASV437,12,17,21,39,34,3,0,9,16,12,20,23,13,30,42,41,10,12
ASV439,62,68,86,102,134,23,24,36,61,52,83,76,89,57,97,87,65,130
ASV443,50,65,63,98,132,47,61,87,61,47,57,50,43,52,72,57,79,119
ASV445,3,8,7,11,9,2,3,13,2,2,3,6,4,1,3,0,1,4
ASV448,15,28,14,12,22,7,19,27,12,14,25,14,17,25,20,34,23,20
ASV449,2,1,50,55,45,4,1,5,4,32,37,36,16,1,3,5,41,35
ASV454,24,32,34,75,110,15,14,31,28,40,48,49,53,80,127,131,76,120
ASV455,35,47,18,46,120,33,33,54,23,10,12,22,15,21,28,52,14,26
ASV458,32,25,33,29,22,2,4,1,4,8,7,10,23,14,18,16,20,37
ASV459,186,303,268,221,241,28,26,52,72,69,88,98,77,87,166,128,85,119
ASV461,8,18,28,43,53,4,8,9,17,27,31,48,25,16,38,46,24,33
ASV463,70,25,60,57,58,11,7,9,22,41,56,71,51,46,67,44,63,86
ASV466,31,53,77,99,92,30,33,54,52,82,108,96,53,27,33,17,49,140
ASV469,10,5,6,9,20,6,15,40,25,5,14,16,13,10,18,5,1,5
ASV471,48,29,43,55,45,3,4,2,4,9,11,6,10,4,10,12,30,21
ASV476,7,7,3,14,15,12,8,22,21,13,11,9,17,22,20,32,20,51
ASV480,3,11,2,2,3,6,9,15,3,4,2,1,1,2,6,5,4,2
ASV483,11,5,7,24,26,1,1,4,8,30,28,37,27,20,47,24,54,59
ASV487,1,1,0,4,5,2,0,5,13,13,32,31,24,19,36,38,9,9
ASV489,0,0,1,0,0,1,0,7,6,17,28,43,34,17,17,12,22,71
ASV491,13,14,4,6,9,12,11,17,8,6,5,0,3,9,10,8,5,7
ASV492,4,6,6,2,4,3,2,3,2,2,6,9,14,9,14,15,11,1
ASV499,75,78,58,47,57,12,3,12,8,4,8,16,17,15,26,43,78,120
ASV507,17,25,94,27,24,6,7,12,10,12,19,24,43,50,57,22,25,21
ASV513,60,49,27,62,59,10,15,37,24,23,33,40,53,48,58,50,21,27
ASV524,73,52,51,58,58,15,22,51,35,38,47,51,51,40,70,64,85,62
ASV526,27,5,8,17,9,2,0,0,12,13,9,28,14,27,30,46,28,32
ASV534,2,7,8,10,17,8,18,21,24,16,16,21,29,18,17,8,17,30
ASV535,11,17,9,19,21,3,3,14,6,8,7,10,8,15,19,8,19,18
ASV541,0,3,2,4,1,0,2,1,0,0,0,2,3,2,1,2,1,0
ASV544,40,108,126,163,181,4,6,12,25,59,79,85,75,49,85,66,72,241
ASV550,277,342,177,149,273,96,129,144,94,41,57,34,61,63,80,110,99,131
ASV561,6,36,14,6,22,14,10,31,21,12,14,1,10,9,13,8,9,13
ASV568,11,23,15,19,37,11,19,20,13,10,11,6,17,16,17,12,7,18
ASV575,11,1,3,6,7,1,1,6,5,33,41,50,36,47,68,32,27,16
ASV576,36,5,2,4,4,0,1,1,3,6,10,20,10,7,11,24,6,21
ASV579,240,180,222,244,253,19,24,62,66,62,99,107,58,61,95,62,29,79
ASV583,1,2,3,3,12,14,18,27,18,32,18,22,28,24,14,8,3,11
ASV597,5,8,3,0,6,2,2,16,2,2,6,1,4,5,3,6,2,8
ASV601,17,2,4,16,11,1,1,2,4,48,36,53,59,16,7,5,6,5
ASV609,100,100,99,123,162,42,57,89,44,46,39,74,59,52,79,69,62,88
ASV612,0,14,2,1,0,0,0,0,0,0,0,1,1,9,10,41,8,0
ASV616,2,2,5,5,7,4,3,14,16,18,19,19,17,13,13,16,18,80
ASV620,104,55,75,84,87,11,16,19,37,36,44,41,36,38,56,21,18,42
ASV624,1,2,24,44,52,4,3,1,4,25,41,18,19,2,3,3,32,21
ASV639,27,28,18,22,36,4,6,30,37,19,26,31,36,43,42,28,33,29
ASV640,29,53,48,38,86,4,15,24,23,32,46,47,41,28,16,19,14,42
ASV646,47,67,75,58,95,19,35,43,39,52,59,52,42,32,39,38,28,50
ASV651,44,9,9,22,24,2,3,10,10,15,28,38,40,22,55,32,31,38
ASV659,34,76,62,39,57,3,3,10,9,11,8,13,9,7,13,14,16,48
ASV665,3,15,44,6,15,2,4,5,12,13,22,34,24,31,37,9,4,9
ASV666,60,82,80,35,36,6,1,10,55,80,68,75,55,34,33,43,100,71
ASV669,3,27,22,18,28,3,7,13,26,27,47,53,32,26,34,28,7,11
ASV672,87,57,25,31,31,37,21,72,51,65,104,112,133,145,132,54,70,42
ASV679,4,4,3,2,4,2,1,2,2,2,1,10,6,6,10,28,8,5
ASV680,0,1,0,5,5,19,16,20,7,2,3,0,2,0,2,0,0,2
ASV682,15,32,40,40,49,9,8,18,8,11,1,11,3,8,14,5,2,13
ASV683,9,33,2224,6,3,8,2,4,12,9,9,22,12,20,58,30,24,13
ASV691,3,1,3,7,2,0,0,2,1,2,1,0,0,1,1,1,1,2
ASV693,45,53,34,71,89,33,66,75,48,33,50,40,48,45,72,53,45,66
ASV695,3,10,17,2,8,4,8,19,4,6,5,5,4,6,6,17,2,6
ASV700,20,28,27,36,57,33,36,50,54,22,33,17,20,28,44,79,32,50
ASV708,5,17,19,26,34,18,31,46,37,23,23,29,17,28,20,12,15,46
ASV709,28,56,33,52,68,35,29,59,45,14,29,31,19,35,35,47,50,119
ASV723,15,19,19,28,42,19,21,38,30,14,16,22,22,14,17,13,9,12
ASV724,9,17,11,77,121,109,116,147,70,42,57,37,59,27,45,28,14,17
ASV726,2,3,3,0,3,1,0,3,6,12,15,12,10,13,17,25,15,10
ASV728,40,16,9,19,15,4,1,3,2,5,9,7,12,10,26,30,36,52
ASV730,43,69,44,24,48,4,6,13,14,18,20,31,18,28,38,31,14,21
ASV732,2,0,4,4,7,10,14,42,14,11,7,5,9,4,7,2,1,5
ASV738,20,16,20,31,59,15,10,9,35,23,31,30,43,21,17,26,12,61
ASV749,10,32,22,9,13,2,4,19,33,36,61,56,41,28,59,39,6,17
ASV751,27,41,24,23,46,16,14,35,17,18,13,7,6,11,15,16,4,24
ASV762,19,15,3,13,12,12,22,25,22,11,9,10,8,10,13,11,2,2
ASV767,56,39,19,19,23,7,6,16,16,7,20,11,15,16,48,43,27,67
ASV768,3,9,10,11,11,2,3,10,3,30,28,21,38,21,40,13,10,17
ASV769,20,27,27,37,63,9,9,22,40,38,58,36,33,42,38,33,31,47
ASV773,257,48,46,22,30,0,1,0,7,21,36,29,18,20,25,34,47,57
ASV776,3,16,8,3,11,13,17,29,22,13,13,4,13,20,19,25,6,9
ASV777,6,5,3,1,0,3,0,5,2,0,1,4,3,8,3,4,5,6
ASV779,9,25,7,9,14,10,16,54,14,14,19,10,14,10,13,14,13,32
ASV781,19,22,8,14,27,16,16,25,14,7,13,11,12,13,12,16,13,26
ASV782,13,9,4,20,6,1,2,6,7,9,13,22,32,13,16,6,3,13
ASV785,34,9,14,34,22,3,0,1,18,30,43,45,22,43,52,83,31,55
ASV791,7,9,6,5,7,0,0,0,7,1,8,4,8,9,6,21,45,42
ASV798,10,5,24,15,19,4,11,15,19,7,5,13,3,5,12,14,10,13
ASV800,150,4,19,4,0,0,0,3,4,72,96,107,95,61,66,33,58,23
ASV809,5,23,10,13,33,10,13,29,42,36,42,14,36,20,30,26,45,70
ASV810,7,10,10,14,5,2,6,13,9,10,21,20,30,12,32,20,9,10
ASV818,10,6,9,28,17,3,1,5,3,9,15,18,37,22,33,9,6,9
ASV823,7,15,17,13,28,15,18,30,27,20,19,16,23,10,16,7,9,25
ASV826,0,1,3,2,3,2,0,1,6,23,34,43,51,15,13,12,10,2
ASV827,9,8,5,6,16,7,8,18,12,8,6,6,9,8,12,20,6,7
ASV828,0,6,6,2,2,0,3,2,2,2,4,7,5,3,4,1,4,5
ASV836,12,16,12,10,31,10,19,19,14,7,8,8,13,12,8,7,6,9
ASV844,8,4,7,11,9,1,0,5,11,15,21,33,14,43,60,59,29,38
ASV846,3,2,5,2,1,2,4,8,5,0,0,4,2,2,4,5,1,1
ASV851,7,6,15,38,34,2,10,6,6,14,12,13,3,7,10,8,10,11
ASV860,10,19,16,27,52,51,55,71,67,43,52,38,35,31,38,61,45,121
ASV863,33,57,74,129,166,21,31,64,60,47,50,61,43,43,41,26,28,56
ASV871,9,12,8,13,11,4,2,7,12,19,27,34,17,38,40,23,8,15
ASV882,1,4,3,2,4,0,0,2,3,2,2,4,4,7,4,3,2,5
ASV892,67,61,67,93,85,12,6,12,15,10,9,8,13,7,27,17,19,60
ASV895,4,5,1,3,1,0,2,3,5,4,5,9,5,9,10,4,5,6
ASV899,1,0,1,3,2,0,0,2,0,2,1,3,2,1,2,1,2,3
ASV900,21,12,11,14,17,0,6,10,10,11,19,25,23,36,54,37,18,11
ASV901,1,5,5,2,3,0,0,3,2,1,2,3,2,4,3,6,3,5
ASV902,5,8,7,6,22,3,4,8,11,10,4,12,12,11,10,5,8,4
ASV904,51,41,28,17,23,3,2,8,4,15,15,27,17,6,20,13,9,11
ASV906,3,3,5,13,3,9,8,1,2,30,69,269,150,47,64,54,2,0
ASV907,22,22,20,36,39,2,4,7,3,21,21,26,14,28,56,53,44,29
ASV914,42,56,38,34,33,3,11,10,10,9,11,12,9,7,6,7,10,6
ASV922,1,3,5,2,0,1,0,4,3,1,1,6,1,4,3,3,2,2
ASV923,9,2,6,9,10,2,0,4,6,20,24,35,28,38,43,34,34,42
ASV928,8,19,18,20,43,21,16,26,23,11,14,5,7,22,24,16,9,15
ASV931,45,52,29,26,32,2,3,2,7,8,11,8,9,12,32,57,49,41
ASV941,6,10,20,23,31,15,20,27,64,88,127,104,67,49,34,28,60,106
ASV942,30,2,6,9,8,0,0,1,2,66,53,63,69,42,76,45,9,24
ASV947,17,3,7,13,9,0,0,2,1,13,20,30,30,25,61,28,2,12
ASV952,7,23,33,84,140,25,19,52,58,72,77,115,105,84,99,65,132,330
ASV959,25,22,19,52,44,16,12,14,10,7,13,13,13,4,14,17,18,33
ASV965,5,13,4,12,12,6,0,19,54,24,23,21,21,29,43,49,40,69
ASV973,41,35,30,9,14,0,1,4,4,7,5,16,5,5,9,10,10,2
ASV974,5,5,6,3,9,5,2,7,8,5,9,6,5,14,6,9,6,4
ASV980,77,97,45,18,30,3,0,3,0,0,4,0,2,1,13,52,22,11
ASV987,64,70,74,137,232,78,68,98,46,27,54,28,52,45,58,48,24,37
ASV997,2,5,2,4,6,6,2,7,5,5,15,15,9,22,11,9,7,8
ASV1000,2,0,0,1,1,1,0,1,1,1,2,2,1,5,5,1,80,101
ASV1010,4,10,46,5,5,1,3,1,6,7,12,29,22,27,50,9,10,11
ASV1012,149,133,106,147,183,57,55,113,59,45,66,73,105,95,99,84,50,66
ASV1014,2,9,3,7,7,2,1,6,7,12,8,9,10,8,14,6,6,6
ASV1024,3,6,0,5,5,2,3,4,6,6,7,3,1,6,5,17,5,5
ASV1025,13,9,8,7,8,0,2,3,1,12,18,29,24,44,72,47,6,18
ASV1031,1,1,0,0,0,0,0,0,1,3,1,6,1,14,18,38,18,41
ASV1038,2,6,4,4,0,0,1,0,0,1,0,4,4,10,47,36,19,9
ASV1046,25,53,31,19,29,0,1,5,7,8,13,13,19,12,19,21,7,8
ASV1052,5,24,87,57,61,2,7,2,6,9,1,4,4,2,0,0,62,37
ASV1056,3,2,3,4,12,3,1,11,7,17,7,14,9,11,15,14,5,9
ASV1064,13,7,16,49,47,19,11,19,17,5,16,15,16,3,9,4,12,28
ASV1090,2,2,1,1,5,9,22,23,16,7,13,5,6,8,5,7,1,11
ASV1091,10,4,8,15,21,0,3,14,38,29,31,27,16,39,33,40,17,38
ASV1109,23,11,10,14,16,1,3,10,10,9,16,16,9,22,9,9,4,11
ASV1115,10,31,19,45,50,18,20,27,25,15,18,14,21,21,29,25,14,28
ASV1117,1,12,6,4,3,5,2,5,7,3,5,6,1,3,6,3,4,4
ASV1121,3,6,4,8,8,0,4,3,11,5,9,17,10,19,22,11,3,7
ASV1122,3,4,4,2,5,6,5,10,3,3,6,6,4,5,3,8,6,6
ASV1143,3,3,24,25,21,0,0,2,0,9,14,19,22,19,18,13,41,26
ASV1150,6,5,3,1,7,3,1,9,4,4,3,11,9,8,12,4,4,9
ASV1152,33,10,13,24,19,1,7,5,6,15,22,13,29,18,21,16,25,18
ASV1153,12,18,18,27,32,1,1,3,3,13,14,13,24,21,42,19,58,25
ASV1166,4,6,1,2,2,0,0,8,6,8,22,15,18,11,17,30,17,16
ASV1167,4,6,294,17,18,4,2,4,40,13,22,25,22,18,23,18,8,21
ASV1170,4,8,40,31,34,0,2,2,4,12,16,21,14,16,24,20,26,23
ASV1176,0,1,3,2,4,17,28,80,52,38,31,24,18,17,17,13,2,16
ASV1177,0,8,45,0,0,0,1,5,0,1,5,2,2,11,2,3,1,1
ASV1193,5,3,2,1,2,0,0,1,2,3,3,4,4,5,3,8,0,3
ASV1195,180,245,203,152,189,17,34,33,27,20,36,24,25,30,39,40,42,24
ASV1202,5,8,0,8,15,3,5,8,6,5,6,5,7,11,10,18,2,6
ASV1217,4,9,29,10,7,1,1,2,6,7,13,18,17,19,22,8,12,11
ASV1224,5,13,9,29,30,12,22,29,24,11,7,20,30,20,24,29,17,36
ASV1236,6,4,7,6,3,1,5,14,12,7,11,15,18,13,11,7,8,15
ASV1241,17,31,22,36,53,6,5,12,18,14,23,14,8,18,16,22,19,36
ASV1252,41,45,29,38,31,2,1,5,5,5,9,4,6,11,20,33,13,9
ASV1253,2,3,7,3,8,0,1,4,5,5,12,14,23,11,28,15,8,3
ASV1259,7,13,5,6,18,13,19,22,18,5,9,10,10,4,13,13,10,15
ASV1260,2,5,4,2,3,2,0,6,2,3,3,8,9,6,9,10,5,7
ASV1262,0,0,0,0,0,0,0,0,1,0,0,1,0,0,3,2,1,1
ASV1275,1,5,1,3,5,4,1,12,3,8,5,2,5,1,3,4,0,1
ASV1276,72,132,69,68,152,63,78,128,80,34,26,29,25,27,38,51,21,52
ASV1294,1,0,3,6,5,18,16,18,19,15,24,16,8,5,5,4,4,5
ASV1295,1,4,3,1,6,0,0,5,4,1,7,2,2,3,3,5,3,4
ASV1307,5,3,30,11,7,2,5,7,11,12,17,11,9,21,16,20,10,9
ASV1310,6,2,13,14,24,4,5,7,18,19,25,39,24,17,14,27,14,11
ASV1312,4,3,10,4,11,7,2,14,4,2,2,8,1,2,6,6,2,4
ASV1353,17,23,28,40,56,9,7,9,6,3,7,3,6,4,11,5,21,30
ASV1391,10,18,29,41,65,50,36,108,95,73,99,91,110,109,106,74,29,27
ASV1405,5,5,9,2,7,3,3,6,7,2,4,8,3,11,14,6,3,9
ASV1420,8,2,8,3,7,1,1,3,2,13,11,20,26,12,91,3,13,5
ASV1453,6,9,2,13,13,3,0,4,9,12,10,8,13,6,15,7,6,13
ASV1456,11,4,67,7,6,2,2,7,10,11,42,51,35,31,47,22,13,108
ASV1469,1,11,51,5,5,6,1,7,9,14,22,24,24,26,33,9,6,14
ASV1486,4,9,5,7,9,1,2,6,11,7,7,9,11,16,10,11,9,7
ASV1495,6,3,3,0,1,0,0,1,0,10,12,24,27,26,46,41,5,3
ASV1497,16,1,5,2,1,0,0,15,3,28,16,48,24,25,16,6,16,9
ASV1517,35,9,4,13,13,2,3,1,13,17,21,16,13,4,12,19,7,17
ASV1519,50,23,42,51,53,1,4,7,1,6,8,17,9,10,7,14,16,41
ASV1538,39,31,44,29,32,4,2,9,12,10,12,9,7,4,11,6,35,97
ASV1543,11,7,42,26,12,0,2,2,1,14,19,37,23,8,45,8,11,5
ASV1548,22,44,26,20,49,11,8,10,19,7,12,9,8,12,15,15,16,30
ASV1574,2,8,10,14,22,9,5,17,26,31,43,36,41,37,60,29,80,190
ASV1584,3,9,10,6,8,0,2,5,7,3,4,6,3,6,12,10,4,5
ASV1586,2,6,1,6,5,1,2,3,6,4,5,10,6,4,8,15,1,5
ASV1595,7,13,53,35,49,1,3,1,16,5,8,5,12,3,5,2,1,9
ASV1602,0,0,0,1,3,17,16,23,13,5,10,8,4,0,4,3,1,0
ASV1605,0,0,0,13,18,22,11,19,18,16,18,19,16,6,6,1,0,2
ASV1619,2,3,1,2,2,3,0,4,4,3,5,8,3,5,12,5,0,4
ASV1650,1,0,16,87,83,17,20,32,29,21,34,41,14,17,11,3,20,50
ASV1673,0,1,0,0,0,2,0,0,0,0,1,1,2,1,0,3,0,0
ASV1679,1,0,0,1,0,0,0,0,0,0,0,1,0,0,0,0,0,0
ASV1686,3,3,46,3,5,4,0,2,13,26,17,17,10,14,52,8,5,4
ASV1738,14,55,31,35,62,11,6,13,22,9,12,9,13,10,5,12,34,62
ASV1739,2,4,4,7,6,0,1,6,10,2,11,8,10,8,15,5,1,8
ASV1743,67,97,110,61,40,0,2,2,4,3,3,1,2,8,7,23,57,49
ASV1751,9,7,39,9,13,6,2,2,22,9,8,19,9,17,13,13,12,10
ASV1779,3,2,3,4,2,0,0,0,1,0,3,1,1,0,0,1,0,3
ASV1781,0,0,0,0,0,0,0,0,1,0,0,0,0,0,0,1,0,0
ASV1787,2,1,3,1,4,1,2,7,3,2,5,8,6,4,10,2,2,6
ASV1792,0,1,1,0,0,15,10,13,19,17,37,29,8,7,7,2,0,0
ASV1817,37,49,63,32,38,2,4,5,29,32,42,38,19,8,8,8,36,34
ASV1840,0,4,2,5,6,4,5,3,1,3,1,1,6,3,6,4,1,4
ASV1846,4,10,19,15,23,3,4,6,7,4,1,1,3,2,5,1,3,7
ASV1865,6,5,4,3,6,0,1,4,10,7,9,19,9,10,9,11,4,8
ASV1884,9,12,182,11,10,0,1,4,27,5,9,25,16,8,13,10,6,16
ASV1903,0,2,3,5,5,0,1,4,3,4,4,3,5,3,6,4,2,7
ASV1909,1,1,2,0,0,0,0,0,1,0,1,5,12,5,12,5,7,13
ASV1912,1,0,0,0,1,1,0,1,2,2,4,1,8,4,7,10,7,2
ASV1920,1,3,4,0,2,0,1,3,4,2,2,7,3,5,4,3,1,3
ASV1922,1,2,1,1,4,0,0,2,2,2,4,5,5,4,5,3,1,2
ASV1925,3,7,15,25,19,2,4,8,6,1,4,3,3,3,0,2,2,5
ASV1938,1,1,1,3,0,0,1,0,1,1,0,4,2,2,1,2,1,3
ASV1954,0,2,1,2,1,2,2,4,3,0,0,2,0,1,2,1,1,0
ASV1955,25,18,27,58,59,20,21,33,58,53,71,84,77,59,64,34,48,118
ASV1972,0,5,6,0,2,1,0,0,0,0,2,2,1,6,7,1,1,0
ASV2009,14,3,7,19,24,2,2,3,13,7,14,10,11,15,4,15,8,13
ASV2032,10,12,13,16,28,18,16,23,16,6,9,4,8,9,6,10,2,12
ASV2043,27,18,20,38,17,1,0,3,3,26,30,19,23,24,23,16,1,0
ASV2062,3,3,13,8,19,4,4,8,20,24,28,42,21,7,14,2,11,19
ASV2082,3,5,3,2,3,1,2,4,5,5,3,6,5,8,10,10,3,4
ASV2083,16,7,3,15,13,29,34,40,39,49,97,96,99,65,54,21,16,96
ASV2123,2,5,2,8,12,21,37,47,31,10,19,8,5,6,6,3,1,12
ASV2129,2,4,5,20,14,10,12,14,40,31,35,37,19,11,11,7,16,7
ASV2150,1,0,1,1,0,1,0,0,1,0,0,0,1,0,1,1,0,1
ASV2155,0,0,2,37,26,0,0,1,3,5,2,2,2,4,0,0,0,0
ASV2167,5,1,1,0,2,1,0,5,1,2,6,5,2,2,7,4,3,3
ASV2171,11,27,56,42,34,1,3,5,8,7,13,11,4,5,17,18,10,4
ASV2178,1,2,4,2,3,0,3,3,6,2,7,7,6,5,9,13,5,8
ASV2180,3,4,3,2,10,1,4,5,2,2,6,6,7,9,12,2,5,5
ASV2182,1,1,0,1,1,0,0,0,2,1,2,1,3,6,4,15,5,7
ASV2189,5,3,1,4,3,0,0,0,0,44,12,7,0,4,14,18,4,3
ASV2203,4,4,2,3,3,1,3,4,3,4,9,11,4,7,12,7,4,5
ASV2211,41,11,11,14,17,7,6,7,4,9,14,13,8,2,6,3,9,13
ASV2224,3,9,9,5,8,1,1,10,8,5,5,5,0,4,2,1,3,3
ASV2228,10,2,37,17,31,6,1,8,12,5,6,6,7,9,10,10,5,10
ASV2234,1,6,8,3,3,0,2,0,1,6,10,7,7,10,7,5,4,3
ASV2239,6,3,2,4,3,0,0,4,2,3,5,8,5,8,2,2,2,4
ASV2248,2,6,7,7,2,1,4,2,2,3,5,1,2,4,6,4,1,1
ASV2259,0,1,1,6,4,1,1,2,0,4,7,3,6,2,3,1,2,3
ASV2262,1,0,0,9,3,0,0,7,4,4,6,4,10,7,9,11,5,9
ASV2291,0,5,0,1,1,2,2,3,3,4,2,1,2,1,1,0,3,0
ASV2292,4,0,0,1,0,0,0,0,0,2,1,0,1,4,26,56,7,8
ASV2301,2,4,14,6,16,5,4,7,5,5,11,7,13,9,11,6,7,7
ASV2321,21,52,10,2,8,2,2,12,9,6,2,6,5,8,17,18,7,7
ASV2330,0,1,0,0,2,1,3,2,1,0,0,0,1,0,1,2,0,2
ASV2345,0,0,1,0,1,1,0,0,2,0,0,0,2,0,2,0,0,0
ASV2353,0,1,3,12,7,1,0,1,0,3,4,10,3,16,30,43,3,12
ASV2378,1,3,2,3,3,1,0,2,0,1,1,4,0,1,4,1,4,0
ASV2384,0,1,1,2,0,0,1,1,0,0,0,0,0,1,0,1,2,0
ASV2391,20,27,7,14,14,27,23,40,18,11,17,12,15,16,24,24,14,37
ASV2396,1,3,3,1,2,1,1,6,4,6,5,6,1,3,7,2,3,7
ASV2403,1,3,5,2,3,1,1,4,4,1,1,2,2,3,0,1,0,3
ASV2426,4,4,23,1,2,0,1,0,9,2,7,7,5,11,12,9,2,4
ASV2451,3,3,2,1,3,1,0,2,5,2,2,12,3,6,4,9,4,3
ASV2489,49,4,3,7,3,1,1,0,8,19,14,41,23,33,35,16,15,21
ASV2494,0,1,0,1,4,0,1,1,1,1,0,2,2,2,0,0,2,0
ASV2550,6,4,7,5,5,0,1,1,1,2,7,5,2,3,6,2,1,2
ASV2583,47,54,80,89,89,17,23,27,40,35,60,80,80,80,91,53,15,24
ASV2620,0,0,0,0,1,0,4,16,5,7,17,27,38,26,35,7,1,2
ASV2621,28,42,21,53,63,9,26,30,41,20,30,34,43,33,40,33,13,14
ASV2681,26,10,21,39,38,4,5,11,17,21,23,45,20,37,26,19,32,94
ASV2691,1,2,1,3,3,0,2,4,7,3,4,13,12,4,6,10,4,5
ASV2778,0,0,0,0,0,0,0,0,0,0,0,5,1,2,2,8,0,0
ASV2790,2,3,3,4,3,0,0,1,3,4,4,5,0,2,3,1,1,1
ASV2791,2,1,5,4,3,0,1,1,1,0,5,5,5,6,8,1,1,1
ASV2807,9,7,9,6,8,2,3,3,2,1,5,5,2,1,2,2,1,5
ASV2811,3,2,2,0,3,3,1,3,6,2,6,5,4,2,4,1,2,2
ASV2819,0,0,1,1,2,0,2,3,1,1,1,1,0,0,1,0,1,0
ASV2820,3,1,1,2,0,0,0,2,4,1,3,4,4,7,3,2,1,0
ASV2852,1,2,3,3,2,0,1,3,3,1,5,6,6,4,3,3,2,4
ASV2864,26,40,43,46,48,3,3,11,23,23,43,32,35,34,35,50,56,61
ASV2872,4,4,1,1,2,1,1,4,1,1,1,5,4,3,1,4,1,3
ASV2944,0,1,0,3,3,2,3,3,7,3,10,9,9,12,13,16,48,67
ASV2948,12,0,2,6,3,0,1,0,10,37,21,32,17,30,21,16,10,25
ASV3015,5,2,27,5,3,0,0,4,7,9,6,17,10,13,72,1,2,5
ASV3059,7,4,11,10,3,3,4,4,10,7,22,38,33,39,48,50,8,12
ASV3076,1,0,2,0,1,3,0,2,5,3,4,4,1,8,7,6,1,4
ASV3106,0,0,0,0,0,2,4,3,6,2,2,1,5,8,5,8,0,1
ASV3113,2,3,2,1,2,1,0,0,5,1,7,5,7,7,4,6,0,3
ASV3177,4,3,6,7,8,3,1,2,1,2,1,1,1,1,1,1,1,4
ASV3191,1,1,1,4,0,0,3,1,3,1,4,8,12,33,39,22,56,58
ASV3193,1,3,0,1,3,0,0,0,1,2,5,5,6,3,6,9,2,7
ASV3198,18,40,49,54,85,28,51,63,74,55,83,82,48,27,64,46,31,54
ASV3208,46,25,59,94,82,3,2,2,4,12,18,18,11,5,6,1,1,5
ASV3220,9,8,18,41,44,3,3,2,10,10,49,8,4,5,6,5,12,33
ASV3237,1,0,3,0,2,0,1,1,1,2,3,1,2,2,4,4,0,3
ASV3263,2,3,2,0,0,0,0,3,0,0,0,1,3,2,2,0,1,1
ASV3281,3,0,1,1,2,1,0,1,2,6,4,3,3,3,7,9,0,0
ASV3306,2,1,7,4,4,1,1,0,2,3,3,4,2,4,1,3,0,3
ASV3329,0,2,1,1,0,0,1,2,2,1,0,2,2,1,4,4,7,3
ASV3366,0,1,2,2,1,0,2,2,1,0,2,1,1,1,6,4,2,1
ASV3371,0,1,0,3,1,0,1,2,2,1,5,4,1,2,5,2,1,0
ASV3383,0,4,0,0,1,0,4,2,1,3,1,3,0,0,1,0,1,1
ASV3392,1,2,8,12,0,1,1,0,6,5,3,6,2,1,19,3,3,5
ASV3399,1,1,1,2,2,0,1,5,5,2,2,5,1,2,5,6,1,2
ASV3491,2,1,8,4,4,0,0,2,2,2,1,4,4,5,4,3,1,1
ASV3498,3,3,0,1,1,2,0,3,1,3,2,4,3,2,12,4,2,1
ASV3550,1,1,0,0,0,0,0,0,0,0,0,2,5,10,43,11,1,2
ASV3565,0,1,0,3,2,1,1,2,1,2,1,1,2,1,1,3,0,1
ASV3638,2,18,63,32,44,5,3,6,7,3,4,0,1,1,1,0,10,8
ASV3657,0,1,2,3,2,0,0,5,2,2,0,3,0,0,5,3,0,3
ASV3700,2,6,10,30,45,3,1,13,14,6,8,15,7,46,20,17,1,9
ASV3704,0,0,4,52,35,0,1,0,0,9,2,3,6,1,0,1,0,2
ASV3714,4,0,2,7,2,0,0,3,5,3,3,7,7,12,5,6,0,6
ASV3755,4,2,3,3,4,1,0,5,2,3,8,9,6,10,14,3,2,1
ASV3823,1,0,1,1,0,0,0,0,1,0,0,1,1,0,1,0,0,1
ASV3845,40,50,35,21,14,7,2,1,3,1,2,1,2,0,3,5,8,7
ASV3863,1,1,1,2,3,1,0,1,1,3,1,4,10,1,2,1,2,0
ASV3921,2,2,0,1,2,2,0,1,1,2,2,3,3,2,1,8,0,0
ASV3927,0,1,3,2,0,0,0,1,0,0,0,3,3,0,1,5,1,1
ASV3936,4,1,2,3,3,0,1,0,1,1,2,4,5,4,0,3,0,1
ASV3947,33,38,48,26,25,2,2,2,1,0,0,1,1,4,10,7,66,49
ASV3990,16,3,2,8,6,2,1,4,2,8,5,21,10,7,12,15,6,11
ASV4005,1,1,0,0,1,1,0,3,1,0,1,1,4,4,0,1,0,2
ASV4015,0,1,1,1,1,0,0,4,2,0,0,0,2,3,0,1,1,1
ASV4043,0,0,0,0,0,4,10,41,53,49,99,95,70,27,19,4,0,0
ASV4060,0,2,2,2,1,1,2,2,3,2,1,5,2,5,10,3,0,1
ASV4083,3,2,3,0,3,0,0,0,1,3,4,4,4,8,3,6,1,0
ASV4113,1,0,2,3,2,0,0,1,0,1,4,3,5,2,3,1,2,2
ASV4124,2,6,1,5,9,2,2,3,0,2,0,4,7,2,1,1,3,2
ASV4171,0,0,1,3,2,0,0,1,0,0,0,1,2,1,2,3,1,1
ASV4214,1,10,6,6,4,1,0,5,3,0,3,3,2,1,1,2,0,9
ASV4364,1,0,1,0,1,0,0,2,0,1,1,0,1,0,0,1,0,0
ASV4393,2,2,0,1,2,1,0,2,2,0,4,1,2,2,2,1,2,2
ASV4433,3,0,4,7,2,1,0,0,4,9,4,8,9,11,9,3,7,5
ASV4438,1,0,2,3,5,0,0,1,0,3,1,0,0,0,2,0,0,4
ASV4442,0,0,0,0,1,0,0,0,0,0,1,0,0,0,0,0,0,0
ASV4444,2,4,6,2,2,0,0,1,3,1,7,6,2,4,3,1,0,0
ASV4558,8,0,0,1,1,0,2,0,1,6,7,24,42,14,23,25,13,3
ASV4568,0,0,3,7,1,1,0,2,1,1,2,1,0,0,0,0,0,1
ASV4580,0,2,0,0,2,0,0,0,1,1,1,0,0,1,1,10,0,4
ASV4609,5,0,2,1,0,1,0,1,0,0,3,2,1,0,2,3,0,3
ASV4625,1,0,0,0,1,1,0,1,0,0,3,4,4,1,4,2,0,2
ASV4634,1,1,5,0,1,0,1,0,2,2,3,4,5,7,5,0,0,1
ASV4684,1,0,0,2,3,0,0,0,0,5,0,0,5,1,0,0,0,1
ASV4710,1,0,0,0,1,0,0,13,1,0,0,0,0,0,0,0,0,0
ASV4728,0,0,0,0,0,0,0,0,0,0,1,2,1,5,7,3,2,2
ASV4730,38,48,35,50,72,12,9,15,14,8,13,15,26,28,71,91,57,73
ASV4898,0,1,2,1,2,0,0,1,0,1,0,2,1,2,2,2,1,2
ASV4914,0,0,1,0,0,0,1,1,0,1,2,1,4,3,0,2,0,1
ASV5058,1,1,1,0,0,1,2,1,1,0,1,0,4,5,1,4,0,1
ASV5081,44,66,72,68,72,6,1,6,16,14,20,22,17,19,40,37,96,175
ASV5128,0,0,2,1,0,0,0,0,0,2,3,3,4,1,1,1,0,0
ASV5344,48,73,73,94,109,8,6,20,26,29,38,45,39,48,91,76,21,27
ASV5471,0,1,2,3,1,0,1,0,1,1,1,0,0,0,0,0,1,1
ASV5500,11,16,46,20,29,4,3,3,10,5,4,6,6,2,1,2,6,5
ASV5582,0,11,18,18,18,1,1,1,2,0,0,2,2,1,1,0,35,16
ASV5733,20,22,15,12,23,16,10,23,23,17,29,12,26,24,37,31,14,10
ASV5780,2,2,1,3,2,0,2,4,2,0,5,1,6,5,4,4,0,1
ASV5785,6,33,27,47,60,5,4,7,12,24,22,22,16,9,15,12,2,7
ASV5814,0,0,2,15,21,16,11,12,8,4,8,4,1,4,1,0,0,0
ASV5854,0,1,1,1,2,0,0,1,2,1,1,2,2,1,0,0,0,2
ASV5895,1,0,1,1,2,0,1,4,2,1,4,1,4,1,1,1,3,1
ASV5934,1,0,1,3,3,1,1,1,4,4,2,9,2,6,6,0,1,1
ASV5936,1,0,0,2,1,1,0,0,0,1,0,1,0,2,4,2,1,3
ASV6084,1,1,1,2,1,0,0,0,0,3,4,4,3,6,2,2,2,2
ASV6145,0,0,0,0,0,0,0,0,0,0,0,0,0,0,0,0,0,0
ASV6203,0,0,1,0,1,0,0,1,1,1,0,1,0,0,0,0,1,0
ASV6294,0,0,0,0,1,0,0,0,0,2,1,3,9,4,4,0,1,0
ASV6456,0,0,0,2,0,0,0,0,0,3,0,1,0,1,0,4,1,2
ASV6577,3,1,1,2,3,0,0,2,1,8,3,5,3,1,6,9,1,5
ASV6584,0,2,0,0,2,0,0,1,1,7,2,8,0,3,0,0,4,2
ASV6619,1,1,0,0,1,0,0,2,0,0,2,3,1,1,0,0,1,1
ASV6711,0,0,1,0,0,0,3,4,1,1,2,2,5,4,3,42,0,2
ASV6778,1,3,0,1,1,0,0,2,2,1,1,1,3,1,4,1,0,0
ASV6873,1,0,1,0,0,0,0,0,2,1,1,2,0,2,3,1,0,2
ASV7001,1,2,0,0,1,0,1,1,0,0,0,5,1,0,4,0,0,0
ASV7187,11,21,24,15,20,11,22,27,8,14,13,12,10,10,23,10,3,7
ASV7196,0,0,2,0,4,1,0,1,0,0,2,0,2,0,3,2,0,0
ASV7271,1,0,1,3,1,0,1,0,4,4,1,4,3,3,3,2,1,3
ASV7421,4,9,10,14,29,13,16,29,25,12,13,12,15,12,20,17,23,59
ASV7425,0,0,0,0,0,0,0,4,1,1,0,1,0,2,2,2,0,0
ASV7675,0,1,0,0,0,0,0,0,1,0,0,0,0,3,0,1,0,0
ASV7718,5,1,3,0,3,0,0,1,0,0,4,0,2,1,2,2,0,1
ASV7797,4,1,5,12,6,0,1,3,3,6,3,12,34,34,33,7,1,4
ASV7915,0,0,0,1,0,0,0,1,1,1,1,1,1,0,1,1,1,0
ASV8018,2,2,1,2,0,0,1,2,1,0,4,4,6,0,4,3,1,2
ASV8115,0,0,0,0,0,0,0,12,0,1,0,1,1,0,2,0,2,0
ASV8132,0,2,1,1,0,1,1,1,1,0,1,2,5,1,1,0,1,3
ASV8602,5,11,5,5,24,2,9,12,9,11,11,10,8,12,19,41,8,15
ASV8686,1,4,1,5,4,1,0,2,0,4,2,0,1,0,2,1,2,1
ASV8771,1,2,4,3,4,4,6,0,2,2,1,3,2,1,0,2,0,2
ASV8784,3,0,1,1,3,0,0,2,1,0,1,1,1,8,4,0,0,1
ASV8797,62,69,44,10,13,0,1,0,1,1,1,0,1,0,4,40,20,7
ASV8853,0,0,0,0,0,0,0,0,0,0,0,1,1,1,1,0,0,0
ASV8907,0,0,1,1,2,0,1,0,0,5,0,2,2,2,1,1,0,0
ASV8955,0,1,1,4,3,0,0,0,3,3,2,3,7,1,4,8,0,5
ASV9257,0,1,0,0,0,0,1,1,0,0,0,0,0,0,0,0,0,0
ASV9275,0,0,8,1,4,0,1,0,1,2,0,0,0,0,0,3,0,0
ASV9318,0,0,0,1,1,0,0,0,0,0,0,0,0,0,0,0,0,1
ASV9350,0,0,1,1,0,0,0,0,0,0,0,0,1,0,0,0,1,0
ASV9429,0,0,0,0,0,0,0,0,0,0,0,0,0,0,5,43,0,0
ASV9895,0,1,0,0,0,0,0,0,0,0,1,0,0,0,0,1,0,0
ASV9970,1,0,6,1,0,0,0,2,2,0,1,0,1,3,1,0,2,1
ASV10017,0,0,0,0,0,0,0,0,0,1,0,0,0,0,0,0,0,0
ASV10133,0,1,0,1,1,1,0,1,0,4,4,4,3,3,1,2,2,1
ASV10233,0,0,0,0,0,0,0,0,2,0,2,0,1,2,1,1,1,1
ASV10353,3,0,1,2,3,1,0,0,0,1,2,1,1,0,2,2,0,2
ASV10429,6,9,7,2,3,1,0,0,0,0,0,2,0,0,0,0,1,0
ASV10501,0,0,1,0,0,0,0,0,0,2,1,6,3,1,1,0,1,0
ASV10508,0,0,0,0,0,0,0,1,0,0,0,0,0,1,0,2,0,0
ASV11175,0,0,0,2,0,0,0,0,0,1,0,4,2,2,1,0,0,1
ASV11327,24,78,187,124,116,8,9,9,10,3,2,2,1,1,0,1,0,2
ASV11360,1,0,1,0,0,0,0,0,1,0,0,4,2,1,3,2,1,3
ASV12091,4,1,0,0,1,0,0,1,1,0,0,0,0,2,0,0,0,1
ASV12610,2,0,0,2,1,0,0,2,2,2,1,2,2,1,2,2,0,1
ASV13521,0,0,0,0,0,0,0,4,1,0,0,0,2,7,1,1,0,1
ASV15308,0,1,1,7,11,1,3,5,5,3,4,4,5,3,7,13,4,3
ASV15531,0,0,0,0,0,0,0,0,0,0,0,0,0,0,0,0,0,1
ASV16470,0,6,0,2,4,0,1,2,1,1,3,1,1,2,3,11,2,11
ASV16715,4,3,1,2,7,4,0,2,3,1,3,0,0,3,6,12,2,2
ASV17237,0,1,1,4,5,2,2,4,9,6,1,8,4,3,2,2,2,0
ASV17293,0,0,0,0,0,0,0,0,0,0,0,0,0,0,0,0,1,0
ASV17564,4,3,0,0,0,0,0,1,2,0,0,0,0,1,0,1,0,0
ASV18170,0,3,1,0,0,0,0,0,2,0,0,1,1,0,4,1,0,0
ASV19563,0,0,0,0,0,0,0,0,0,0,1,0,0,0,0,0,0,0
ASV21050,0,0,0,0,0,0,0,0,0,1,0,0,0,0,1,1,0,0
ASV21335,0,0,0,0,0,0,0,0,0,0,0,0,0,0,0,0,0,0
ASV25090,0,0,0,0,0,0,0,0,0,0,0,0,0,1,0,0,0,0
ASV28888,0,0,0,0,0,0,0,0,0,0,0,0,0,0,0,0,0,0
ASV28952,1,0,0,0,0,0,0,0,0,0,0,0,0,0,0,0,0,0
ASV29486,0,0,0,0,0,0,0,0,0,0,0,0,0,0,0,0,0,0
ASV32803,1,0,0,3,1,1,1,2,3,3,1,2,1,0,0,0,0,0
ASV37940,0,0,0,0,0,0,0,0,0,0,0,0,0,0,0,0,0,0
ASV40584,0,0,0,0,0,0,0,0,0,0,0,0,0,0,0,0,0,0
ASV43141,0,0,0,0,0,0,0,0,0,0,0,0,0,0,0,0,0,0
ASV44394,0,0,0,0,0,0,0,0,0,0,0,0,0,2,0,0,0,0
ASV48892,0,0,0,0,0,0,0,1,0,0,0,0,0,0,0,0,0,0
ASV49704,0,0,0,0,0,0,0,0,0,0,0,0,0,0,0,0,0,0
ASV52360,1,7,1,0,0,0,0,0,0,0,0,0,0,0,0,0,0,0
ASV58238,0,0,0,0,0,0,0,0,0,0,0,0,0,0,0,0,0,1
ASV60999,0,0,0,0,0,0,0,0,0,0,0,0,0,0,0,0,0,0
ASV67897,1,2,0,0,0,0,0,0,0,0,0,0,0,0,0,0,0,0
ASV71174,0,0,0,0,0,0,0,0,0,0,0,0,0,0,0,0,0,0
ASV105600,4,3,3,2,5,1,1,2,3,7,5,8,6,21,30,44,24,33
ASV106008,4,0,0,2,0,1,0,1,0,1,4,1,7,0,3,0,0,3
ASV108102,2,2,1,0,1,0,0,0,1,0,0,3,2,1,3,2,0,1
ASV138035,6,25,29,11,12,8,4,21,23,17,24,23,25,21,30,25,22,26
newASV21,0,0,0,0,0,0,0,0,0,0,0,0,0,1,0,0,0,0
newASV45,138,85,141,132,139,10,15,46,67,76,95,115,73,66,95,41,75,163
newASV175,0,0,0,0,0,0,0,0,0,0,0,0,0,0,0,0,0,0
newASV361,0,0,0,0,0,0,0,0,0,0,0,0,0,0,0,0,0,0
newASV15617,0,1,1,0,0,0,1,0,0,1,0,1,0,1,1,0,1,1
newASV15908,0,0,0,0,1,0,0,2,0,0,0,1,0,0,1,1,0,0
newASV17488,0,0,0,0,0,0,0,0,0,0,0,0,0,0,0,0,0,0
newASV17822,0,0,0,0,0,0,0,0,0,0,0,0,0,0,0,0,0,0
newASV20026,0,0,0,0,0,0,0,0,0,0,0,0,0,0,0,0,0,0
newASV22892,0,0,0,0,0,0,0,0,0,0,1,0,0,0,0,0,1,0
newASV38463,1,9,1,1,0,0,0,2,2,0,0,3,1,7,3,2,4,2
newASV47101,7,11,3,2,2,2,1,6,8,6,7,9,10,10,13,4,4,13
