ASV,MQ210115-123,MQ210115-124,MQ210115-125,MQ210115-126,MQ210115-127,MQ210115-128,MQ210115-129,MQ210115-130,MQ210115-131,MQ210115-132,MQ210115-133,MQ210115-135,MQ210115-136,MQ210115-138,MQ210115-139,MQ210115-140,MQ210115-141,MQ210115-143,MQ210115-144,MQ210115-145,MQ210115-147,MQ210115-149,MQ210115-150,MQ210115-152,MQ210115-153,MQ210115-154,MQ210115-157,MQ210115-158,MQ210115-160,MQ210115-161,MQ210115-162,MQ210115-164,MQ210115-165,MQ210115-166,MQ210115-168,MQ210115-170,MQ210115-172
ASV1,404,258,222,271,117,85,185,93,1,101,175,142,130,229,181,167,156,23,84,111,64,106,58,151,194,141,89,70,197,200,0,186,0,143,439,0,0
ASV2,469,375,297,387,174,155,442,171,0,159,523,309,321,465,341,246,179,93,131,160,72,117,157,146,188,113,212,167,274,136,0,226,1,221,443,0,0
ASV3,73,40,18,26,40,58,25,95,0,103,161,175,212,357,342,363,297,154,200,292,184,191,215,182,247,158,63,33,139,151,1,90,0,56,84,0,0
ASV4,1473,1095,1543,650,414,449,1293,236,0,162,750,437,871,712,628,392,508,283,477,324,179,220,250,504,387,494,703,849,1773,438,1,1265,0,596,798,1,0
ASV5,110,89,76,72,28,34,75,30,0,46,195,115,114,203,174,142,142,41,88,81,48,46,65,45,64,30,90,70,119,58,0,82,0,77,202,0,0
ASV6,1152,797,1011,1194,1038,844,1042,440,0,448,570,425,424,566,462,477,389,98,208,201,173,194,231,414,409,369,580,260,1000,1155,2,665,3,554,1094,0,0
ASV8,88,45,34,37,15,25,32,34,0,50,228,167,221,476,514,309,248,135,170,165,109,63,68,93,101,86,58,30,100,71,0,150,0,78,115,0,0
ASV10,1362,658,734,873,829,586,474,271,0,324,715,391,468,745,1045,591,614,68,141,111,74,44,110,99,226,115,223,169,681,406,2,606,2,590,997,2,0
ASV11,1195,861,982,1018,618,715,963,450,0,424,1919,1105,1075,1448,1083,505,381,97,176,149,74,65,78,84,104,79,85,49,168,88,0,251,0,176,367,1,0
ASV13,814,696,823,527,376,391,1176,152,0,104,444,428,638,455,359,167,241,129,262,206,126,95,140,259,199,258,514,511,964,240,2,694,0,311,427,0,0
ASV15,67,37,43,79,56,52,7,31,0,35,47,57,43,72,66,53,45,5,24,30,24,23,21,54,44,37,30,9,37,36,0,28,0,28,45,0,0
ASV16,333,342,226,248,105,129,81,94,0,118,241,153,191,295,264,202,162,75,135,142,147,105,115,152,148,164,107,65,328,229,0,298,1,212,255,0,0
ASV17,461,1130,1883,360,143,203,282,110,0,161,273,164,220,304,290,277,174,249,834,154,318,207,261,295,438,451,156,171,929,315,1,458,1,332,371,2,0
ASV18,106,64,90,80,91,46,69,30,0,29,60,155,108,314,306,146,92,60,256,271,155,196,115,131,175,171,9,4,42,39,0,26,0,19,24,0,0
ASV19,380,353,329,492,360,384,220,179,0,196,220,250,265,308,247,220,207,41,167,125,104,91,124,206,204,181,154,98,360,343,0,290,1,259,448,0,0
ASV20,43,53,45,57,29,35,67,20,0,28,39,27,28,39,29,13,10,3,8,6,11,7,4,22,14,14,10,11,20,13,0,35,0,25,39,0,0
ASV21,10,7,12,24,8,12,0,12,0,7,38,18,44,51,36,36,30,28,19,25,11,19,17,60,46,31,0,1,5,0,0,4,0,4,5,0,0
ASV22,368,330,352,420,475,551,423,293,0,367,326,226,250,263,229,323,228,89,171,156,90,81,98,211,206,185,225,141,523,718,1,272,1,290,519,0,0
ASV26,838,767,1070,1539,1335,1275,1236,807,0,678,975,755,777,943,625,711,525,132,355,291,266,220,348,717,738,659,996,475,2026,2392,7,1628,3,1326,2519,1,0
ASV27,35,30,31,19,16,18,42,10,0,18,55,36,42,83,68,53,51,9,36,21,12,19,17,15,13,11,22,22,34,8,0,20,0,23,51,0,0
ASV28,29,54,46,70,25,53,56,15,0,42,100,52,111,126,82,34,52,27,16,21,14,9,5,9,5,16,5,1,1,5,0,6,0,15,19,0,0
ASV29,128,93,103,143,79,106,127,49,0,38,53,41,41,57,45,49,40,12,40,33,16,39,41,90,83,72,61,43,125,124,0,64,1,65,134,0,0
ASV30,45,36,43,26,56,36,50,41,0,43,25,38,26,29,23,38,23,8,11,22,12,13,9,17,19,14,11,14,55,83,0,26,0,25,53,0,0
ASV31,115,152,102,142,73,92,544,73,0,31,82,24,20,57,79,67,37,10,20,15,22,20,19,59,60,44,20,31,82,41,0,37,0,39,66,0,0
ASV33,45,40,21,31,35,30,13,20,0,29,64,50,69,132,111,90,59,52,80,88,40,60,59,50,48,44,34,27,55,62,0,41,0,38,78,0,0
ASV34,5,13,0,7,0,3,1,3,0,9,16,13,30,68,67,54,106,51,70,56,60,12,16,58,28,24,0,1,2,3,0,0,0,8,5,0,0
ASV35,36,26,11,28,25,36,41,29,0,24,79,60,82,197,168,153,97,36,62,69,24,20,40,38,48,43,30,25,163,59,0,155,0,158,257,1,0
ASV36,695,774,898,1015,861,874,429,419,0,376,260,246,203,230,174,166,118,43,87,47,41,39,54,109,99,101,157,104,576,891,1,419,0,411,851,1,0
ASV38,186,171,172,216,246,290,138,152,0,208,147,178,181,213,219,318,247,89,187,139,78,113,84,162,153,125,187,122,370,475,2,235,0,194,320,0,0
ASV41,49,58,39,62,29,30,18,16,0,19,56,63,68,141,94,72,88,17,72,47,23,34,34,32,43,14,21,12,61,36,0,52,0,44,101,0,0
ASV42,2,3,1,5,1,0,0,1,0,0,17,7,34,106,106,86,121,92,104,114,158,27,31,170,101,32,0,0,2,1,0,1,0,10,4,0,0
ASV44,71,59,59,45,21,33,4,19,1,17,96,53,81,172,165,126,134,31,47,56,41,33,38,39,56,55,62,41,94,33,0,70,0,30,72,0,0
ASV45,34,30,9,17,9,10,0,4,0,10,37,53,65,169,192,98,84,25,43,41,18,22,15,9,11,9,3,6,15,10,0,9,0,20,36,0,0
ASV47,50,39,41,45,47,62,47,54,0,25,37,38,52,49,37,46,45,21,30,39,23,18,21,39,25,38,43,32,76,90,1,60,0,39,74,0,0
ASV51,26,18,24,30,15,9,13,10,0,7,14,24,20,38,32,26,20,1,21,10,9,8,11,19,9,9,11,6,23,25,0,19,0,13,18,0,0
ASV52,41,51,18,42,40,82,14,52,0,84,63,78,67,78,91,148,118,55,117,143,71,70,82,190,148,109,17,7,73,97,0,67,0,32,63,0,0
ASV53,11,7,10,13,6,9,0,9,0,13,24,66,73,164,309,433,276,131,456,446,84,104,51,105,112,78,9,6,24,12,0,8,0,12,13,0,0
ASV54,169,162,125,171,157,222,89,127,0,159,132,98,121,169,133,168,162,69,98,112,77,43,68,170,145,123,47,23,162,220,1,144,0,140,263,0,0
ASV60,86,55,58,95,85,105,14,77,0,56,50,55,58,76,51,112,44,30,53,47,25,30,30,79,89,72,105,85,267,335,0,138,0,103,172,0,0
ASV62,16,23,9,17,7,4,13,2,0,8,33,30,19,34,47,26,27,9,10,13,6,5,9,8,8,7,10,14,17,8,0,3,0,15,27,0,0
ASV63,10,4,1,3,3,6,0,3,0,8,11,7,15,26,18,11,11,9,9,6,13,6,13,33,12,19,1,1,10,4,0,12,0,11,21,0,0
ASV65,152,138,141,211,153,189,208,93,0,87,97,76,64,63,44,54,51,14,55,61,40,26,16,75,57,35,40,19,90,130,0,55,0,70,104,0,0
ASV67,155,128,112,163,205,147,98,85,0,88,66,77,77,105,85,128,96,43,58,51,66,39,37,119,93,58,83,78,180,252,0,99,0,106,171,0,0
ASV69,4,6,0,2,3,0,0,0,0,2,5,12,14,34,45,30,51,21,26,40,14,5,5,14,13,9,0,2,4,3,0,5,0,1,4,0,0
ASV71,177,148,125,124,118,109,179,72,0,79,165,131,167,303,423,186,193,71,79,60,59,49,120,46,102,79,84,56,232,135,0,227,0,134,201,0,0
ASV72,120,100,98,122,53,59,43,34,0,20,36,19,26,46,27,12,7,14,13,14,8,6,10,18,7,15,6,1,13,7,0,8,0,26,36,0,0
ASV76,87,58,48,49,42,27,172,56,0,54,48,34,36,50,55,42,23,11,13,6,6,2,5,3,10,6,7,1,13,16,0,14,0,38,80,0,0
ASV81,8,8,3,3,7,4,3,1,0,8,18,5,26,38,29,37,40,33,41,43,52,21,20,35,24,23,2,2,16,9,0,18,0,17,22,0,0
ASV85,10,1,1,1,2,1,25,0,0,2,18,9,40,65,61,55,168,104,78,46,142,19,12,146,44,15,0,0,1,0,0,0,0,8,2,0,0
ASV88,7,9,1,8,2,6,0,0,0,8,14,11,27,46,43,49,42,27,26,51,43,10,20,37,27,26,5,2,12,3,0,16,0,13,21,0,0
ASV90,41,20,24,36,19,11,84,7,0,14,13,4,10,18,17,6,5,1,6,4,1,6,1,7,4,2,7,9,21,14,0,10,0,13,18,0,0
ASV92,42,31,34,33,17,20,90,16,0,14,44,37,41,65,64,53,71,13,52,43,47,33,34,49,70,50,29,28,70,22,0,40,0,40,75,0,0
ASV97,67,41,33,30,19,19,62,11,0,12,16,15,25,20,35,11,25,1,3,4,3,0,10,0,6,4,7,14,35,12,0,18,0,11,22,0,0
ASV98,40,27,27,40,45,25,0,28,0,23,26,30,16,42,29,37,25,11,25,17,17,12,18,44,39,23,27,23,50,53,0,29,0,33,51,0,0
ASV99,15,22,10,17,6,23,30,8,0,9,34,43,35,50,69,57,38,17,35,20,8,8,7,11,19,9,14,5,21,22,0,17,0,27,44,0,0
ASV100,51,58,35,56,23,42,20,17,0,25,79,103,165,224,263,184,179,78,164,154,94,89,84,119,94,86,42,20,61,52,1,70,0,50,88,0,0
ASV103,150,97,140,85,57,41,62,48,0,3,10,118,93,116,142,42,19,14,15,29,10,12,9,11,22,28,22,4,46,28,0,126,0,58,148,1,0
ASV104,42,40,38,44,48,97,44,104,0,80,148,120,139,184,207,203,159,47,146,111,51,72,83,99,113,84,44,28,137,121,0,84,0,65,106,0,0
ASV105,58,52,33,34,8,20,50,16,0,9,68,25,18,72,73,42,40,23,27,29,18,16,14,20,17,27,10,4,26,2,0,31,0,15,25,0,0
ASV107,227,231,298,400,327,387,270,209,0,168,204,166,150,166,138,138,125,24,77,56,44,48,76,117,105,86,111,84,230,314,0,189,2,183,303,1,0
ASV108,9,12,4,8,11,19,19,22,0,15,40,40,28,28,14,11,4,2,0,0,2,0,4,0,1,2,4,2,19,11,0,7,0,9,8,0,0
ASV109,4,3,2,3,0,1,0,0,0,1,1,2,2,5,2,0,2,1,0,0,1,0,3,2,1,1,0,1,1,0,0,3,0,1,1,0,0
ASV110,0,0,0,0,1,2,0,0,0,3,2,3,6,15,25,10,19,10,19,34,9,16,17,14,29,21,0,0,1,0,0,2,0,1,2,0,0
ASV112,16,30,28,36,12,19,6,18,0,3,16,5,6,8,8,7,6,0,6,6,5,9,5,27,10,14,13,8,11,6,0,5,0,2,1,0,0
ASV113,138,132,123,51,15,40,144,25,0,19,105,37,63,108,42,33,41,46,117,84,38,28,60,166,151,262,932,1210,1252,381,1,918,1,188,338,0,0
ASV115,47,51,33,47,30,33,39,28,0,28,93,51,55,110,67,43,41,21,32,34,43,60,55,69,76,73,21,12,51,20,0,40,0,23,49,1,0
ASV116,5,1,1,1,4,0,0,2,0,2,3,2,2,15,1,1,6,1,7,5,10,18,10,14,13,13,8,1,18,8,0,7,0,8,9,0,0
ASV118,164,109,138,51,25,23,144,22,0,8,60,30,36,59,58,46,62,27,23,30,25,19,22,33,34,33,37,58,91,18,0,64,0,37,65,0,0
ASV119,32,22,23,27,24,25,12,27,0,8,27,16,25,45,42,29,37,9,22,19,18,11,12,26,20,23,16,18,47,28,0,43,0,25,31,0,0
ASV120,112,52,79,107,59,66,45,27,0,40,95,41,53,99,97,54,48,14,15,28,9,8,14,8,14,6,7,2,12,3,0,3,0,7,11,0,0
ASV122,4,6,4,7,4,11,9,1,0,12,8,10,10,19,16,17,35,14,54,63,46,25,43,79,65,50,5,0,2,8,0,9,0,5,3,0,0
ASV130,67,66,77,98,76,72,54,36,0,33,45,18,23,28,17,23,17,5,18,12,20,6,14,33,22,28,27,23,53,63,0,32,0,39,71,0,0
ASV132,13,13,2,9,13,18,0,12,0,10,11,12,9,28,25,24,20,8,14,13,4,7,20,12,19,7,8,8,6,4,0,13,0,4,22,0,0
ASV134,40,38,23,35,18,19,2,21,0,16,32,30,37,36,39,39,29,13,24,18,14,15,16,34,28,13,29,19,52,40,0,39,0,29,53,0,0
ASV135,13,11,3,9,12,17,37,14,0,0,27,42,39,43,56,29,18,1,17,27,6,16,19,37,25,43,21,5,24,7,0,46,0,31,56,0,0
ASV138,42,23,10,19,10,17,7,12,0,11,27,26,37,63,76,77,66,19,46,54,22,27,33,39,30,23,13,8,30,12,0,22,0,9,24,0,0
ASV144,23,19,12,13,10,6,0,7,0,14,33,40,43,90,102,51,30,15,16,11,12,12,17,7,16,11,7,3,43,21,0,58,0,15,39,0,0
ASV145,42,33,28,51,18,22,124,15,0,7,10,26,29,27,21,24,28,10,22,15,18,8,14,16,14,18,11,3,49,30,0,27,0,14,33,0,0
ASV146,0,0,0,0,0,0,0,0,0,1,0,0,1,27,1,1,1,0,0,4,3,19,11,24,23,13,4,2,3,2,0,6,0,3,4,0,0
ASV147,55,115,56,53,43,80,49,37,0,41,63,64,67,95,79,93,99,12,85,61,56,39,61,120,112,82,62,32,157,257,0,83,0,77,162,0,0
ASV148,112,126,146,188,81,104,169,116,0,31,123,56,43,93,74,44,30,12,10,13,15,9,10,20,16,26,22,25,67,31,0,53,0,45,79,0,0
ASV149,20,11,5,3,7,7,0,6,0,5,13,9,30,45,32,14,22,10,19,35,19,23,16,31,25,21,11,10,15,8,0,30,0,22,37,0,0
ASV154,46,39,8,21,2,5,14,12,0,27,57,45,101,155,84,99,126,98,76,70,212,139,89,141,91,91,29,23,47,30,0,108,0,139,147,0,0
ASV156,34,36,218,27,13,17,9,18,0,18,35,22,23,36,55,33,16,36,19,16,20,9,3,7,14,10,12,8,28,19,0,47,0,34,54,0,0
ASV157,30,26,26,36,23,27,0,14,0,12,23,16,20,36,35,28,29,12,21,17,15,12,20,18,17,11,9,9,28,17,0,20,0,17,25,0,0
ASV159,36,38,35,34,55,59,5,32,0,33,30,21,20,26,23,22,22,5,19,14,14,19,12,45,33,54,27,24,80,115,0,32,0,39,51,0,0
ASV160,46,55,41,56,12,13,7,26,0,18,48,27,42,78,90,104,80,58,101,72,60,32,35,31,26,17,9,5,17,9,0,19,0,27,50,0,0
ASV162,149,100,128,50,24,31,96,14,0,9,59,31,51,60,52,27,30,26,41,44,22,22,28,34,50,52,86,176,254,75,0,215,0,74,97,0,0
ASV163,29,32,25,23,11,9,4,9,0,3,30,15,15,29,27,36,19,21,30,15,14,19,29,28,27,15,21,160,52,35,1,72,0,27,33,1,0
ASV166,140,159,157,150,135,163,156,71,0,86,69,71,40,61,29,36,12,6,24,12,12,16,18,27,34,31,36,21,112,153,0,66,0,76,111,0,1
ASV167,41,52,8,35,16,18,22,11,0,21,76,52,64,79,106,82,67,88,53,84,80,31,43,89,92,88,1,1,3,3,0,7,0,15,14,0,0
ASV169,69,63,68,97,100,106,32,51,0,51,28,25,32,33,23,48,34,7,30,34,29,26,30,76,69,36,49,37,101,144,0,50,0,81,118,0,0
ASV171,58,39,24,23,14,10,0,7,0,3,35,38,128,134,56,31,39,43,51,24,36,27,21,42,42,36,25,8,26,15,0,42,0,40,65,0,0
ASV172,73,85,62,65,95,118,114,104,0,88,87,72,70,95,82,114,56,24,47,43,17,34,36,63,59,47,34,27,90,120,0,48,0,40,66,0,0
ASV176,28,13,8,25,10,13,12,7,0,6,8,9,6,15,15,11,12,3,5,9,6,3,5,11,9,9,10,3,7,12,0,11,0,7,14,0,0
ASV179,50,99,33,28,27,12,0,104,0,228,29,14,16,26,21,9,8,693,8,11,16,8,8,11,26,39,6,7,40,33,0,44,0,47,50,1,0
ASV185,64,49,44,62,32,51,59,51,0,44,102,53,51,52,39,30,20,4,15,12,8,11,9,12,9,6,4,4,13,11,0,21,0,15,27,0,0
ASV186,59,55,47,28,19,17,21,12,0,6,20,24,18,40,37,24,20,6,15,25,12,18,21,28,39,28,51,24,84,30,0,86,0,46,95,0,0
ASV189,64,50,100,100,92,93,101,39,0,27,42,52,49,75,41,52,53,13,31,23,27,12,23,68,72,39,60,20,83,149,0,73,0,122,250,0,0
ASV191,6,3,0,2,1,2,0,0,0,1,2,3,3,7,14,10,9,4,17,14,8,16,23,25,23,29,7,2,5,4,0,1,0,4,1,0,0
ASV194,6,6,6,4,4,2,0,1,0,6,10,14,30,71,72,47,86,47,43,39,34,14,15,43,8,19,4,1,14,13,0,10,0,10,13,0,0
ASV196,48,72,46,58,39,35,40,28,0,18,34,24,30,49,34,25,27,11,6,9,10,5,6,16,23,20,11,23,62,26,0,35,1,33,56,0,0
ASV197,9,11,5,20,3,6,0,5,0,5,21,9,8,29,21,22,17,8,16,23,11,10,17,29,57,41,3,0,2,1,0,8,0,14,9,0,0
ASV201,0,0,0,0,0,0,0,0,0,0,1,1,3,8,8,6,39,20,32,25,18,5,0,13,6,3,0,0,0,0,0,1,0,0,0,0,0
ASV202,48,41,33,38,12,18,30,19,0,16,33,13,30,52,30,26,185,16,24,24,26,23,20,41,44,27,20,18,46,20,0,31,0,22,40,0,0
ASV206,52,37,31,36,56,38,5,26,0,45,103,69,54,59,26,41,18,7,22,27,31,18,27,44,55,36,43,43,150,113,0,68,0,44,101,0,0
ASV207,81,57,21,25,26,17,24,8,0,14,81,61,53,101,98,80,60,36,51,66,59,38,50,38,44,37,16,7,36,19,0,28,0,29,56,0,0
ASV208,20,33,16,28,10,29,22,20,0,50,97,121,130,172,143,113,61,11,35,42,17,28,25,19,28,14,12,7,39,52,0,24,0,13,30,0,0
ASV209,7,4,0,5,3,2,7,1,0,3,8,13,14,50,43,31,39,15,23,33,20,23,29,28,43,17,1,5,7,13,0,11,0,13,13,0,0
ASV210,27,32,32,25,38,35,60,33,0,20,25,32,19,30,28,38,15,3,18,22,7,11,20,13,10,12,11,12,37,39,0,20,0,25,46,0,0
ASV212,25,15,11,15,20,14,39,21,0,8,16,15,14,24,14,25,19,6,12,8,8,7,4,20,13,13,15,8,36,24,0,18,0,11,34,0,0
ASV213,104,104,109,104,116,103,65,35,0,41,42,36,29,34,19,24,10,6,10,15,9,6,3,21,30,16,29,10,58,117,0,43,1,59,125,0,0
ASV215,1,1,0,2,0,0,0,0,0,0,2,0,1,3,2,1,0,17,5,34,5,2,1,2,1,0,0,0,1,1,0,0,0,0,1,0,0
ASV217,80,87,85,153,102,101,25,103,0,62,53,39,31,62,26,64,56,32,60,75,42,37,37,113,93,91,16,6,39,68,0,42,0,44,80,0,0
ASV218,89,75,70,62,53,58,68,52,0,38,78,57,65,93,85,57,27,7,13,15,6,11,7,4,9,8,11,13,42,31,0,41,0,29,41,0,0
ASV219,61,129,50,36,28,22,75,31,0,18,31,29,18,41,35,39,39,5,19,24,3,6,16,27,38,23,37,27,97,89,0,55,0,43,183,0,0
ASV221,44,37,37,57,62,47,38,21,0,35,27,28,36,44,21,48,33,5,43,28,24,12,22,58,47,33,18,10,76,87,1,48,0,51,68,0,0
ASV222,45,42,34,57,48,44,28,15,0,18,35,38,34,33,27,33,42,20,69,52,34,30,31,40,30,45,32,12,58,34,0,27,0,29,62,0,0
ASV223,1,0,0,1,2,2,0,0,0,7,34,17,25,43,57,27,43,15,11,20,11,9,5,11,13,14,0,0,0,0,0,3,0,8,9,0,0
ASV226,8,22,6,18,11,18,0,5,0,11,31,17,38,48,83,42,51,51,81,100,66,40,43,93,67,63,4,1,12,1,0,22,0,18,30,0,0
ASV228,55,41,31,55,52,87,0,29,0,35,48,58,58,58,39,67,36,9,32,24,15,17,13,31,46,23,35,15,55,92,0,33,0,55,75,0,0
ASV230,25,19,19,15,18,21,16,9,0,19,21,9,21,22,28,25,23,10,11,13,12,10,9,11,12,17,22,16,47,30,0,24,0,18,42,0,0
ASV231,33,39,30,15,15,28,97,11,0,17,68,24,26,49,48,26,33,12,14,19,12,13,8,10,33,31,6,8,25,9,0,25,0,5,8,0,0
ASV234,7,5,6,4,2,0,0,2,0,0,0,5,4,13,15,5,0,1,4,4,0,1,0,1,4,4,9,4,25,13,0,41,0,17,30,0,0
ASV235,90,85,89,46,12,27,86,15,0,13,70,19,57,85,44,22,36,94,174,97,27,29,58,158,124,212,913,1248,1090,241,0,549,2,129,276,0,0
ASV242,33,26,40,57,21,24,0,11,0,12,20,22,8,21,17,9,13,6,13,8,9,4,7,23,18,23,23,13,40,42,0,36,0,26,37,0,0
ASV243,28,19,11,22,17,19,0,15,0,10,23,22,24,30,20,32,16,6,11,16,3,9,6,22,13,7,11,14,34,34,0,14,0,20,33,0,0
ASV244,14,12,14,18,17,16,0,13,0,14,15,16,10,22,5,15,21,7,13,11,5,5,9,16,3,10,8,6,21,39,0,21,0,8,20,0,0
ASV245,18,20,10,17,16,14,56,10,0,20,17,12,9,22,14,23,9,7,8,6,6,4,5,12,12,7,13,5,23,27,0,7,0,12,12,0,0
ASV246,89,30,16,11,14,15,0,5,0,15,32,22,23,43,77,31,19,8,10,24,7,23,13,29,39,55,1,0,17,6,0,5,0,8,9,0,0
ASV247,28,21,6,11,3,3,25,2,0,1,22,6,15,59,49,11,14,6,20,22,11,7,13,12,11,11,8,4,16,0,0,54,0,23,26,0,0
ASV248,6,10,2,2,2,3,10,2,0,3,21,12,16,55,53,37,27,11,37,45,16,32,37,35,28,17,12,4,44,19,0,13,0,10,18,0,0
ASV249,20,16,17,11,3,4,38,2,0,8,13,6,10,15,10,11,13,2,4,2,8,6,4,8,12,7,14,10,31,22,0,25,0,22,30,0,0
ASV253,14,9,5,6,1,0,0,0,0,1,4,6,28,71,101,44,51,31,110,103,51,65,47,21,34,20,6,1,9,1,0,13,0,26,27,0,0
ASV255,59,47,69,72,61,71,74,44,0,36,48,39,35,46,39,41,33,7,19,30,15,10,19,25,43,30,55,23,62,74,0,57,1,58,102,0,0
ASV259,37,31,30,26,23,27,0,24,0,20,54,54,45,65,49,41,30,11,19,14,6,5,7,12,11,9,11,4,36,31,1,46,0,55,62,0,0
ASV261,10,10,4,6,3,2,19,0,0,6,8,10,19,18,23,11,12,8,7,6,2,13,10,6,13,11,3,6,44,24,0,42,0,37,65,0,0
ASV266,4,5,4,3,2,6,0,2,0,13,31,37,19,36,33,27,18,5,14,23,10,19,13,19,34,13,8,4,10,3,0,7,0,5,5,0,0
ASV272,14,9,11,10,20,17,7,10,0,9,6,9,12,16,13,15,6,10,7,7,7,4,1,11,8,8,15,3,16,20,0,12,0,11,14,0,0
ASV279,40,23,20,29,17,11,0,2,0,10,41,37,36,55,91,93,91,7,64,64,30,27,14,23,35,12,26,19,48,26,0,38,0,38,80,0,0
ASV282,26,20,16,18,6,5,12,15,0,9,20,35,33,36,47,20,9,8,6,14,3,1,5,6,4,1,2,2,2,2,0,7,0,3,8,0,0
ASV283,4,4,4,2,4,9,0,0,0,3,5,3,4,8,9,16,14,7,15,11,13,4,9,14,14,9,18,4,26,46,0,17,0,9,17,0,0
ASV287,17,8,10,12,14,5,33,8,0,14,30,21,16,27,25,9,12,7,6,9,17,12,12,21,22,15,23,15,40,30,0,23,0,22,40,0,0
ASV288,3,18,8,5,4,3,23,3,0,7,6,5,10,12,13,15,6,18,14,8,23,15,15,32,25,45,8,5,76,26,0,45,0,22,21,0,0
ASV289,14,11,13,6,0,6,0,4,0,2,11,5,6,18,6,5,3,18,5,6,7,8,13,16,16,26,8,6,8,7,0,14,0,6,7,0,0
ASV298,4,4,6,4,1,9,0,2,0,8,38,17,25,46,37,17,18,6,4,12,9,3,3,3,4,2,1,0,1,1,0,1,0,2,2,0,0
ASV299,44,25,25,21,39,39,0,44,0,35,37,39,25,28,35,43,44,5,25,19,19,14,19,22,26,18,31,21,95,105,1,45,1,50,67,0,0
ASV302,38,16,23,16,4,5,2,1,0,0,5,23,21,46,41,17,4,3,12,16,1,10,14,4,18,19,30,8,28,22,0,65,0,30,55,0,0
ASV304,12,15,10,19,18,27,0,12,0,27,33,15,31,23,28,35,38,6,15,16,7,0,3,10,11,5,1,1,5,5,0,9,0,15,12,0,0
ASV306,5,2,2,0,1,0,12,4,0,3,2,8,7,10,7,4,2,0,1,11,0,0,2,2,1,2,0,1,0,2,0,2,0,0,1,0,0
ASV307,144,54,22,54,24,13,53,5,0,7,27,92,36,37,35,22,112,13,24,22,16,14,19,28,16,24,6,11,47,10,0,37,0,24,38,0,0
ASV308,11,8,12,6,17,14,5,5,0,11,9,11,10,17,14,18,7,3,5,12,3,6,1,5,6,5,7,8,20,19,0,13,0,13,21,0,0
ASV312,56,48,63,78,94,75,44,41,0,39,39,29,20,30,21,28,22,4,13,6,6,15,17,28,26,19,35,15,47,47,1,25,0,28,60,0,0
ASV314,23,31,26,35,46,31,40,12,0,15,26,33,30,23,24,44,24,7,15,16,17,4,5,18,22,22,28,10,41,86,0,40,0,40,68,0,0
ASV315,8,12,5,2,1,6,0,1,0,5,8,18,39,91,95,84,86,41,87,64,34,17,10,19,28,23,9,1,4,7,0,29,0,35,33,1,0
ASV316,18,12,13,16,25,21,5,15,0,13,9,6,10,11,20,28,42,5,12,14,7,5,6,15,23,15,1,1,22,25,0,15,0,13,13,0,1
ASV319,0,3,0,1,3,9,13,2,0,11,22,18,26,41,26,19,22,3,28,29,7,10,11,6,7,5,1,0,1,0,0,2,0,2,1,0,0
ASV322,14,12,13,11,7,17,38,5,0,11,9,13,15,12,8,13,6,8,9,3,9,7,6,11,7,4,5,5,18,21,0,22,0,15,23,0,0
ASV333,39,32,43,27,18,14,0,14,0,7,28,21,19,44,47,43,38,8,12,14,10,8,16,66,48,25,19,16,67,70,0,47,0,34,102,0,0
ASV335,33,38,30,29,31,48,77,20,0,28,35,21,28,33,32,35,37,9,22,15,11,5,14,21,17,10,16,18,40,42,0,21,0,24,36,0,0
ASV337,28,32,9,24,27,37,61,29,0,34,43,45,31,59,57,44,48,14,28,33,7,28,17,21,32,14,18,5,78,93,0,35,0,24,56,0,0
ASV338,12,13,14,8,1,0,0,1,0,2,3,5,6,20,18,9,0,0,5,8,1,8,5,1,13,11,19,6,19,8,0,59,0,21,47,0,0
ASV341,16,16,7,9,3,2,0,0,0,1,3,5,15,19,9,6,7,1,3,1,0,6,1,3,0,1,1,5,3,8,0,5,0,8,14,0,0
ASV342,51,16,5,9,14,7,0,4,0,15,16,15,25,72,64,56,55,29,40,32,17,17,20,9,11,4,3,5,14,16,0,17,0,12,18,0,0
ASV345,15,21,40,9,6,9,12,17,0,8,20,8,14,17,26,9,11,4,13,4,11,11,7,15,8,13,13,2,21,9,0,17,0,11,20,0,0
ASV346,8,21,15,16,12,7,0,8,0,2,27,9,23,25,11,6,7,16,9,6,2,2,2,5,0,1,1,1,2,0,0,2,0,2,4,0,0
ASV350,26,27,25,30,38,44,58,38,0,39,28,34,32,60,43,66,60,22,49,39,37,36,56,121,95,84,31,14,98,107,0,43,0,32,61,0,0
ASV353,7,2,3,3,2,2,4,8,0,8,10,8,11,24,28,40,39,7,35,24,10,21,22,20,35,32,5,3,30,17,0,14,0,18,27,0,0
ASV357,53,72,64,77,59,111,45,28,0,38,24,29,27,29,32,41,30,12,50,58,40,30,39,63,62,48,41,36,85,100,0,61,0,64,156,0,0
ASV360,10,10,13,6,2,4,10,9,0,3,5,5,7,18,10,23,10,18,19,17,12,26,19,24,28,21,24,21,56,20,0,25,0,7,23,0,0
ASV361,6,4,1,5,3,7,0,1,0,9,31,34,25,27,32,8,15,14,12,12,11,5,7,5,7,3,0,0,0,1,0,1,0,2,6,0,0
ASV362,54,42,68,52,73,68,54,40,1,38,42,24,37,29,24,27,21,5,15,7,8,7,9,14,9,4,10,8,53,44,0,23,1,26,33,0,0
ASV364,29,21,22,20,41,49,91,59,0,36,50,36,26,37,32,53,27,8,25,21,13,14,19,40,40,17,25,14,34,35,0,21,0,23,23,0,0
ASV367,27,19,25,19,23,28,39,13,0,11,13,16,11,19,12,24,19,3,14,16,20,28,40,83,71,67,51,35,132,124,1,59,0,58,108,0,0
ASV368,10,11,15,9,6,13,0,8,0,10,8,7,7,20,11,8,15,6,9,4,4,6,7,6,9,1,10,7,13,14,0,7,0,1,16,0,0
ASV370,20,20,19,30,24,38,16,15,0,14,26,28,20,53,25,30,29,3,15,8,9,7,4,11,24,16,11,6,8,3,0,15,0,19,25,0,0
ASV372,22,14,9,23,26,24,10,31,0,41,36,16,21,35,33,21,22,4,17,12,5,12,2,8,10,7,6,5,22,26,1,7,0,9,26,0,0
ASV378,2,3,1,2,0,1,0,1,0,0,1,3,4,10,3,12,9,22,18,5,7,1,6,13,11,11,4,1,4,4,0,1,0,1,3,0,0
ASV380,43,30,26,29,28,46,83,33,0,28,67,33,66,94,75,67,61,36,27,21,33,9,16,49,27,29,10,1,29,18,0,17,0,27,45,0,0
ASV381,49,28,33,18,9,20,29,16,0,8,23,14,20,25,24,37,17,4,104,24,26,8,34,18,24,58,0,5,43,51,0,14,0,13,15,0,0
ASV382,12,5,13,8,10,10,0,9,0,4,7,3,6,8,12,16,12,5,2,7,2,6,5,7,11,4,7,3,10,15,0,13,0,6,21,0,0
ASV384,22,22,15,21,5,5,0,10,0,5,6,15,12,28,29,38,20,12,41,29,16,25,33,23,21,16,7,5,21,20,0,10,0,11,32,0,0
ASV386,50,58,38,65,63,75,35,37,0,44,54,53,44,57,48,62,39,20,45,45,28,33,45,84,76,46,27,13,67,76,0,51,0,52,92,0,0
ASV387,15,12,6,14,8,2,0,3,0,5,12,10,17,25,32,24,25,4,8,9,2,3,4,7,10,3,7,12,17,15,0,9,0,5,13,0,0
ASV389,100,103,118,125,80,112,118,43,0,52,34,20,26,28,17,24,15,6,9,8,6,3,4,11,18,14,20,6,50,78,0,26,0,36,69,0,0
ASV392,88,103,62,99,92,108,78,81,0,44,42,25,28,52,30,30,33,12,26,28,30,21,27,30,55,56,11,14,40,51,0,18,0,33,38,0,0
ASV394,0,0,0,1,0,0,0,0,0,0,0,0,1,6,5,2,16,23,21,8,26,0,0,32,1,4,0,0,0,0,0,0,0,0,0,0,0
ASV397,32,25,32,27,32,27,9,21,0,20,25,19,24,51,28,35,23,14,32,30,17,14,26,31,26,22,20,17,42,65,0,22,0,17,54,0,0
ASV399,42,51,45,41,34,55,33,30,0,40,63,53,56,72,52,63,45,18,21,15,13,19,12,9,21,16,21,15,30,23,0,25,0,14,42,0,0
ASV401,15,15,6,16,6,8,25,3,0,3,7,8,11,19,6,9,7,3,12,5,4,4,5,14,8,3,5,6,21,13,1,18,0,4,8,0,0
ASV402,3,5,2,9,1,5,3,3,0,8,12,24,41,58,64,51,25,10,34,44,9,29,15,15,15,3,5,0,6,4,0,5,0,4,5,0,0
ASV403,10,4,1,3,1,4,28,3,0,4,3,4,2,3,2,4,2,5,3,0,0,0,2,1,1,10,0,0,2,1,0,1,0,1,1,0,0
ASV406,37,37,30,42,44,59,37,37,0,28,37,18,12,28,18,32,29,0,15,26,18,18,12,43,25,26,33,18,73,61,0,16,0,43,70,0,0
ASV413,11,10,18,15,18,20,0,17,0,10,8,15,10,13,7,15,11,6,7,8,4,7,9,13,6,9,10,6,21,22,0,9,0,8,18,0,0
ASV414,37,29,67,53,19,31,79,15,0,24,32,17,27,319,28,28,632,13,19,24,22,10,44,49,46,41,48,33,122,152,0,45,0,38,82,0,0
ASV419,6,12,14,14,6,4,8,9,0,4,8,9,6,16,16,27,13,7,12,10,10,26,14,16,27,11,8,5,19,23,0,15,0,13,29,0,0
ASV420,66,68,72,88,36,51,48,29,0,22,30,38,33,46,25,16,25,4,19,13,14,6,19,13,13,19,9,14,71,39,0,52,1,31,67,1,0
ASV422,40,43,37,97,34,22,38,12,0,27,25,26,14,18,6,11,33,4,7,6,3,0,2,8,10,8,5,6,19,39,0,33,0,28,40,0,0
ASV427,3,2,6,1,3,3,0,6,0,5,14,21,17,27,41,18,14,15,43,44,29,14,15,16,14,15,0,0,2,1,0,4,0,1,4,0,0
ASV434,54,57,37,37,31,39,25,28,0,18,53,34,50,84,78,39,42,11,14,25,14,12,16,18,24,28,31,23,98,59,0,75,0,52,81,0,0
ASV436,8,11,13,15,9,14,4,8,0,6,33,9,14,21,16,9,9,3,3,2,0,0,6,4,9,10,19,4,38,15,0,39,0,17,35,0,0
ASV442,114,124,128,161,158,174,259,96,0,129,98,129,112,130,107,180,132,45,67,61,33,50,39,104,102,60,110,62,237,328,0,141,2,139,231,1,0
ASV444,0,0,1,0,2,0,0,0,0,2,0,3,7,9,12,10,5,0,8,11,5,2,2,0,1,1,1,2,4,4,0,1,0,6,8,0,0
ASV445,12,8,6,9,4,7,0,4,0,3,7,11,6,4,2,9,7,1,7,6,3,5,4,4,5,1,2,4,19,14,0,7,0,9,12,0,0
ASV448,24,30,24,53,50,51,60,52,0,39,45,63,65,90,79,83,82,30,110,94,42,27,30,61,45,31,28,12,55,89,0,39,0,38,75,0,0
ASV453,11,10,5,16,2,3,0,9,0,4,25,17,22,38,70,46,32,1,15,16,5,6,9,5,14,8,2,0,7,6,0,9,0,6,15,0,0
ASV454,1,1,0,0,0,0,14,0,0,1,3,4,7,19,15,13,19,16,13,7,8,5,3,19,5,11,0,0,4,4,0,6,0,5,8,0,0
ASV455,83,41,43,59,107,44,10,30,0,34,31,18,14,16,20,23,21,11,20,22,10,6,7,12,7,3,7,6,18,30,0,13,0,19,28,0,0
ASV456,18,12,7,21,6,10,32,15,0,9,23,18,16,44,54,32,35,14,31,40,15,23,20,23,23,31,5,2,16,6,0,5,0,7,8,0,0
ASV460,20,9,10,12,10,14,6,14,0,9,7,5,6,18,20,16,8,1,10,5,8,11,10,15,20,12,7,12,30,90,0,18,0,19,32,0,0
ASV461,19,15,11,14,1,2,0,2,0,2,28,19,22,76,63,26,33,16,30,28,29,13,13,15,17,7,22,10,28,8,0,40,0,19,28,0,0
ASV464,26,23,8,11,9,5,43,15,0,11,28,37,41,115,63,68,27,21,61,51,23,73,68,29,72,67,8,1,22,21,0,25,0,18,21,0,0
ASV465,5,6,9,9,13,8,0,2,0,5,4,5,6,10,6,9,17,2,3,6,1,3,7,10,7,7,5,6,18,17,0,8,0,11,11,0,0
ASV469,11,11,12,14,12,29,0,2,0,20,11,21,14,25,24,30,27,8,12,15,12,13,14,19,30,16,15,16,53,73,0,16,0,31,41,0,0
ASV472,82,44,53,56,38,28,0,7,0,17,35,12,16,37,42,14,100,11,8,10,12,2,6,22,11,8,25,18,51,28,0,48,0,23,28,0,0
ASV473,27,13,18,14,16,24,27,8,0,14,42,44,41,45,25,26,25,5,9,15,8,14,18,12,17,10,17,12,41,35,0,32,0,15,28,0,0
ASV475,0,2,2,0,0,0,0,0,0,0,0,8,28,36,22,27,35,17,28,24,26,3,1,30,0,2,3,0,3,0,0,1,0,3,1,0,0
ASV476,44,64,23,53,67,61,52,61,0,71,63,46,71,77,58,72,71,24,68,66,41,29,45,93,76,71,3,3,15,49,0,29,0,34,35,0,0
ASV479,2,2,2,4,1,0,9,0,0,1,5,14,12,30,25,33,21,2,2,1,7,0,0,1,3,1,11,14,31,37,0,36,0,38,26,0,0
ASV480,14,14,8,6,9,6,0,7,0,5,3,6,6,23,13,17,14,4,6,6,10,12,9,31,7,16,16,35,61,34,0,25,0,13,44,0,0
ASV481,69,62,61,74,111,120,40,95,0,115,132,117,123,148,176,251,236,58,145,125,84,54,87,156,142,110,22,20,142,210,0,133,0,100,127,0,0
ASV484,29,19,14,18,13,10,52,5,0,7,24,14,19,41,42,36,42,5,21,28,14,9,18,37,28,12,22,21,45,16,0,25,0,30,58,0,0
ASV485,24,22,28,35,31,38,41,27,0,36,12,7,14,24,34,22,30,4,14,11,4,8,12,22,20,28,25,21,65,100,0,26,0,24,54,0,0
ASV486,4,1,1,3,2,3,7,1,0,5,18,5,7,6,7,15,10,4,3,7,2,5,0,3,5,31,0,0,3,3,0,6,0,2,4,0,0
ASV489,26,25,19,13,4,5,38,13,0,2,9,6,4,30,20,32,23,11,7,4,1,0,0,2,0,2,0,0,1,6,0,2,0,6,20,0,0
ASV491,41,19,30,36,23,19,0,16,0,30,33,24,24,49,31,35,42,6,31,19,15,11,21,36,35,30,22,24,42,58,0,29,0,27,312,0,0
ASV492,165,143,180,209,188,186,33,78,0,60,51,24,27,19,27,19,15,4,10,5,4,10,10,18,17,16,46,58,194,398,1,163,0,170,291,0,0
ASV493,5,3,4,6,6,5,0,1,0,7,5,2,8,10,5,8,5,4,3,1,5,2,1,2,10,2,5,4,6,13,0,6,0,4,10,0,0
ASV499,55,36,30,59,52,44,13,44,1,30,32,44,38,67,41,58,33,19,80,59,32,20,25,44,23,32,23,16,39,39,0,24,0,19,31,0,0
ASV503,27,24,16,27,14,11,7,12,0,14,75,33,55,126,126,89,75,11,47,42,14,19,18,17,21,15,5,2,12,5,0,16,0,7,23,0,0
ASV505,194,127,123,124,175,193,111,128,0,107,107,47,37,52,66,58,49,4,15,18,17,11,11,29,34,20,7,12,44,77,0,43,0,42,67,0,0
ASV507,34,20,30,11,9,7,0,7,0,6,9,3,22,23,14,23,17,6,90,24,8,18,22,14,11,34,3,6,26,33,0,12,0,13,12,0,0
ASV513,16,24,8,18,13,34,22,7,0,45,47,31,42,47,29,42,18,7,23,13,8,12,13,19,26,18,2,1,8,20,0,14,0,6,17,1,0
ASV521,36,14,13,10,10,10,25,15,0,2,15,12,11,13,20,17,41,5,6,7,9,3,4,13,11,8,11,24,16,7,0,12,0,10,22,0,0
ASV525,9,9,11,12,7,11,36,1,0,4,6,6,11,10,5,7,5,2,7,8,1,1,5,7,12,8,15,9,27,30,1,16,0,26,39,0,0
ASV528,143,63,106,128,78,81,92,28,0,41,37,39,35,29,16,25,27,7,16,9,6,3,3,13,8,12,18,11,41,39,0,18,0,24,28,0,0
ASV530,17,17,3,10,5,7,29,9,0,9,10,9,9,21,17,27,18,5,21,7,2,6,18,18,23,10,14,9,34,34,0,26,0,14,42,0,0
ASV531,6,8,6,21,5,10,18,6,0,11,81,56,142,167,132,101,139,50,49,30,23,7,6,21,16,9,8,1,2,4,0,2,0,11,10,0,0
ASV532,70,47,41,63,59,72,25,19,0,25,20,17,14,9,11,12,10,0,4,1,2,1,2,2,1,0,6,5,11,5,0,6,0,5,8,0,0
ASV535,22,13,7,11,7,11,0,5,0,6,8,12,16,20,36,21,8,5,5,4,8,4,8,6,12,8,7,6,17,17,0,10,0,18,30,0,0
ASV541,6,1,7,7,4,4,4,0,0,0,7,2,4,0,2,3,2,1,2,1,0,0,6,2,0,0,1,0,2,3,0,0,0,3,1,0,0
ASV543,20,19,15,26,5,13,5,12,0,13,29,10,27,63,37,31,29,9,10,17,19,15,14,16,13,14,7,2,7,5,0,12,0,7,10,0,0
ASV552,40,35,46,48,24,19,31,17,0,16,40,13,16,24,25,21,17,6,9,18,3,9,5,15,20,8,16,12,39,18,0,19,0,21,46,0,0
ASV554,12,20,17,11,10,7,63,6,0,3,6,6,3,7,8,3,3,1,0,0,1,1,3,4,3,3,2,2,3,1,0,8,0,1,4,0,0
ASV557,37,18,14,26,20,22,28,15,0,11,20,26,27,53,67,54,61,17,38,22,14,9,27,15,18,11,6,4,41,10,0,20,0,23,44,0,0
ASV559,1,5,5,8,4,6,0,0,0,0,4,1,0,3,0,2,0,1,0,0,1,2,1,2,8,6,1,0,6,1,0,6,0,7,0,0,0
ASV563,14,12,8,6,12,14,20,5,0,10,12,10,6,11,11,11,9,4,5,7,4,5,4,10,10,6,14,4,16,17,0,11,0,11,23,0,0
ASV568,72,47,58,56,68,50,93,16,0,48,23,29,24,35,41,32,32,7,21,14,12,5,5,13,16,1,9,6,32,32,1,3,0,16,10,0,0
ASV571,32,14,11,19,29,35,0,28,0,11,17,21,22,19,21,29,15,9,19,12,15,20,13,31,22,19,34,32,70,90,0,36,0,30,50,0,0
ASV572,32,39,48,47,23,20,52,10,0,17,37,27,28,28,29,15,14,2,6,8,5,5,2,4,14,8,5,11,23,11,0,13,0,18,29,0,0
ASV578,1,16,1,1,2,8,3,1,0,20,31,46,39,79,77,87,63,20,66,67,26,34,36,31,45,26,11,5,24,8,0,12,0,23,18,0,0
ASV587,22,8,11,16,5,35,0,39,0,30,5,9,24,23,27,31,19,14,22,18,9,13,9,42,49,30,15,5,38,47,0,26,0,22,16,0,0
ASV588,20,15,12,14,26,21,5,12,0,13,9,10,9,11,12,15,11,4,9,6,5,6,8,19,15,18,11,10,28,56,0,16,0,20,18,0,0
ASV589,19,37,37,43,22,20,21,16,0,17,62,27,31,62,43,29,25,12,18,18,11,16,22,35,37,28,43,16,53,16,0,41,0,14,26,0,0
ASV597,42,43,29,31,18,21,5,18,0,12,27,30,23,39,32,43,26,3,14,13,3,1,5,15,29,10,20,17,39,59,0,34,0,20,83,0,0
ASV608,10,12,3,7,0,6,12,1,0,7,22,21,63,64,73,51,56,72,38,17,35,40,32,26,28,41,2,4,24,23,0,81,0,73,52,0,0
ASV611,40,29,22,25,41,61,2,24,0,26,46,32,21,22,17,25,11,8,19,22,20,31,24,86,99,85,30,30,191,304,0,110,0,53,127,0,0
ASV612,11,10,2,2,2,0,0,0,0,0,1,0,0,1,1,0,0,0,0,0,0,0,0,0,0,1,0,0,5,0,0,9,0,2,6,1,0
ASV613,14,11,13,22,16,14,0,14,0,12,8,3,1,3,0,4,0,1,1,2,6,1,4,8,9,7,7,9,30,56,0,18,0,41,70,0,0
ASV634,57,38,62,72,62,70,57,40,0,57,53,37,59,69,48,70,41,14,25,25,20,14,14,32,44,36,70,64,285,311,0,148,0,132,201,0,0
ASV636,17,19,25,37,37,36,67,34,0,25,34,32,28,38,35,48,33,11,29,15,15,15,20,52,49,39,17,14,48,61,2,18,0,39,66,1,0
ASV639,12,9,4,4,1,3,0,0,0,7,5,3,2,20,15,8,31,14,19,16,25,2,11,11,10,16,2,0,4,0,0,3,0,2,3,0,0
ASV645,44,21,14,17,5,4,8,0,0,6,13,7,11,28,25,26,24,7,10,13,2,11,15,9,25,15,12,14,27,11,0,22,0,12,20,0,0
ASV647,43,26,30,14,16,11,0,11,0,6,36,26,31,88,82,66,60,32,42,52,28,27,22,28,35,25,30,21,91,22,0,71,0,42,60,0,0
ASV649,38,38,31,19,5,5,47,2,0,5,15,12,15,60,39,14,9,7,11,13,2,4,7,6,11,4,20,11,21,2,0,31,0,5,20,0,0
ASV654,30,13,7,10,10,7,0,5,0,6,30,30,40,56,61,41,34,21,41,46,38,31,36,29,27,19,15,8,27,10,0,18,0,26,29,0,0
ASV655,12,17,7,8,5,4,1,4,0,8,9,10,7,13,5,4,8,2,1,2,2,2,2,1,1,3,1,1,2,2,0,2,0,4,5,0,0
ASV656,30,32,35,37,48,47,30,32,0,38,34,33,34,28,25,60,33,18,52,25,26,23,19,62,66,36,31,22,70,79,1,29,0,36,63,0,0
ASV657,4,6,3,5,4,6,0,0,0,4,8,10,17,19,14,21,16,12,13,16,20,21,12,29,21,15,11,4,21,9,0,7,0,5,16,0,0
ASV659,6,2,1,0,0,1,0,2,0,0,7,9,14,30,43,21,6,4,13,12,6,7,8,2,9,10,6,7,18,2,0,4,0,1,3,0,0
ASV664,5,3,0,0,2,4,20,1,0,14,41,39,13,24,22,9,14,4,13,2,0,3,8,5,5,1,0,1,0,3,0,0,0,0,2,0,0
ASV665,17,11,7,9,2,3,0,4,0,2,7,0,8,12,9,2,4,0,30,2,5,4,9,7,7,7,1,8,4,7,0,8,0,5,7,0,0
ASV666,0,1,1,3,4,2,0,3,0,3,13,4,7,20,25,16,7,12,10,5,1,11,19,11,7,9,0,0,3,0,0,3,0,1,4,0,1
ASV668,8,5,5,2,7,4,0,6,0,5,6,4,3,3,7,10,3,3,4,6,1,2,1,5,5,4,5,2,5,7,0,6,0,3,5,0,0
ASV675,11,13,9,12,8,9,0,0,0,5,6,3,4,4,9,13,3,1,7,4,8,21,6,9,13,15,9,11,29,25,0,15,0,10,49,0,0
ASV678,51,29,29,35,7,12,32,14,0,10,24,22,21,48,37,57,43,7,16,13,14,6,14,15,28,16,11,10,30,11,0,20,0,18,49,0,0
ASV679,100,155,102,150,119,122,63,24,0,41,50,32,28,19,21,9,12,6,9,8,11,4,2,7,8,8,16,20,56,71,0,42,0,65,81,0,0
ASV682,1,0,0,1,1,0,0,0,0,1,0,0,1,8,4,4,5,4,8,10,11,12,10,15,7,22,3,5,9,4,0,3,0,0,1,0,0
ASV683,14,16,16,9,2,2,0,2,0,1,48,9,16,12,9,23,9,5,22,10,9,9,2,11,7,14,0,0,1,0,0,2,0,1,2,0,0
ASV685,58,68,54,58,75,87,33,34,0,52,47,50,45,56,51,68,59,16,54,33,24,21,24,59,49,51,46,43,88,166,0,59,0,42,83,0,0
ASV687,13,8,9,5,7,7,7,6,0,6,10,6,8,8,12,12,13,1,7,5,2,2,0,16,8,8,3,3,12,12,0,8,0,6,15,0,0
ASV688,45,41,25,18,11,13,21,8,0,16,58,23,41,85,75,38,33,30,35,70,24,53,50,70,79,69,73,47,243,87,1,210,0,68,168,1,0
ASV689,6,7,2,5,7,9,22,1,0,5,22,22,30,63,54,25,19,4,6,2,2,2,1,1,0,1,0,0,0,1,0,0,0,2,1,0,0
ASV692,22,6,9,2,4,6,0,4,0,0,19,15,15,32,43,20,22,9,23,31,36,32,16,37,29,20,1,0,6,3,0,0,0,2,5,0,0
ASV693,8,4,17,10,16,18,14,14,0,9,8,11,12,10,7,10,6,3,6,3,1,4,5,12,9,6,20,8,39,55,0,14,1,19,30,0,0
ASV695,5,3,2,10,17,15,0,8,0,11,6,3,4,6,2,49,12,9,3,7,6,6,11,28,20,18,19,14,38,36,0,14,0,5,29,0,0
ASV700,36,23,18,23,39,54,10,23,0,38,44,18,28,34,35,22,28,8,18,12,13,18,32,42,49,41,6,3,21,50,0,21,0,28,36,0,0
ASV703,11,12,8,1,8,9,20,4,0,3,2,4,4,10,23,17,30,2,5,6,5,4,6,6,7,8,13,21,38,19,0,22,0,26,40,0,0
ASV704,7,22,2,3,3,4,29,4,0,2,5,5,14,13,25,11,8,3,14,19,17,21,6,20,16,24,2,0,8,6,0,4,0,6,6,0,0
ASV709,17,15,15,14,20,16,47,20,0,14,18,11,13,29,18,35,25,7,23,10,10,6,11,13,12,8,6,7,31,29,0,16,0,19,13,0,0
ASV712,8,4,3,11,4,7,0,0,0,3,2,5,4,8,7,14,4,1,13,6,4,3,4,6,7,3,2,4,12,24,0,7,0,11,10,0,0
ASV726,28,68,17,23,11,13,0,2,0,5,12,15,13,15,13,6,11,3,6,8,11,6,7,3,6,11,1,11,86,4,0,16,0,13,13,0,0
ASV729,43,47,26,39,16,19,0,1,0,17,18,43,30,49,32,15,3,2,10,7,1,13,19,30,33,26,1,2,11,15,0,6,0,7,7,0,0
ASV730,24,18,12,25,12,10,30,11,0,10,62,41,36,59,37,22,24,5,10,9,6,5,9,8,11,6,14,3,11,10,0,19,0,21,35,0,0
ASV738,4,2,1,6,1,0,0,0,0,0,1,20,10,4,9,9,12,16,14,14,39,13,27,13,38,20,3,4,21,8,0,10,0,4,3,0,0
ASV758,58,37,52,81,68,79,38,16,0,44,35,31,31,23,28,37,29,9,20,15,10,5,6,20,11,5,20,12,60,50,0,36,0,29,66,0,0
ASV759,5,8,9,8,6,9,0,6,0,4,17,7,17,23,17,24,29,5,18,18,17,17,10,57,34,27,7,5,13,4,0,8,0,10,12,0,0
ASV760,32,38,39,49,72,51,8,34,0,33,29,34,23,42,32,42,28,14,20,26,13,25,24,37,29,24,27,19,83,137,0,54,0,50,77,0,0
ASV764,9,10,5,7,7,3,37,7,0,5,4,4,4,17,7,13,5,5,5,5,6,3,5,1,3,4,5,0,9,17,0,12,0,6,12,0,0
ASV765,122,68,86,104,40,67,66,28,0,25,50,40,32,34,27,15,12,20,13,6,5,1,2,1,6,0,0,4,12,2,0,15,0,14,17,0,0
ASV777,54,26,33,44,14,26,77,6,0,6,14,25,7,13,6,9,44,2,3,2,2,2,1,3,4,5,4,8,25,16,0,32,0,16,30,0,0
ASV782,0,0,0,3,0,0,0,0,0,1,0,0,2,4,1,5,1,7,0,2,5,3,1,1,4,2,0,0,3,1,0,1,0,0,0,0,0
ASV785,2,9,9,5,1,1,0,0,0,3,5,1,5,7,4,4,2,4,0,0,1,1,0,3,7,7,0,1,0,6,0,3,0,2,6,0,0
ASV788,10,15,17,21,31,21,62,8,0,19,19,22,19,19,13,26,19,7,15,9,9,6,9,18,11,15,21,12,59,63,1,30,0,26,48,0,0
ASV792,3,1,1,2,0,0,0,1,0,2,9,18,16,49,63,24,20,9,32,21,19,5,18,10,5,11,1,0,3,1,0,3,0,4,3,0,1
ASV794,53,48,58,70,40,49,52,35,0,33,158,97,94,159,129,50,46,13,22,22,12,10,15,22,15,13,14,6,46,14,0,46,0,34,66,0,0
ASV798,6,12,10,5,3,0,7,0,0,0,4,5,8,29,15,4,17,10,14,12,3,10,15,6,6,9,3,1,2,0,0,4,0,2,2,0,0
ASV802,8,5,9,8,3,8,40,25,0,7,9,10,12,10,5,5,4,4,5,7,11,5,8,38,38,30,18,14,73,85,0,37,0,42,43,0,0
ASV807,24,25,17,23,11,12,65,9,0,5,8,2,5,12,7,7,4,1,1,2,0,1,6,2,2,2,4,1,11,5,0,4,0,1,5,0,0
ASV810,10,12,7,14,4,5,52,3,0,6,9,5,4,14,5,8,11,1,6,7,12,2,3,10,7,8,7,5,9,9,0,10,0,9,15,0,0
ASV811,30,14,17,18,21,34,2,21,0,24,22,12,10,14,29,27,24,2,28,10,13,19,14,45,38,32,20,32,56,78,0,24,0,23,40,0,0
ASV813,4,5,1,0,1,2,13,2,0,3,12,12,10,15,24,16,9,9,19,28,13,12,27,9,12,7,1,0,1,1,0,2,0,7,0,0,0
ASV815,20,17,9,11,5,5,0,12,0,6,33,16,19,58,62,29,26,26,30,32,16,17,18,27,30,16,20,3,33,14,0,29,0,10,17,0,0
ASV818,0,0,0,0,0,0,0,0,0,0,0,3,4,0,0,2,2,6,1,4,3,0,0,1,3,2,0,0,1,0,0,0,0,0,0,0,0
ASV822,83,38,55,63,30,21,5,42,0,21,113,73,89,157,170,76,67,6,37,40,6,13,9,21,16,14,2,3,13,5,0,12,0,15,12,0,0
ASV824,21,12,6,10,8,10,9,4,0,11,33,18,30,43,55,57,45,25,28,19,11,7,7,13,12,11,0,1,10,7,0,8,0,2,4,0,0
ASV827,27,16,40,29,43,41,10,18,0,7,27,15,21,17,16,16,22,13,25,15,9,8,6,16,19,19,21,14,58,68,1,50,0,37,74,0,0
ASV828,13,12,15,10,2,2,13,4,0,1,13,4,10,15,10,4,1,1,6,4,3,3,4,3,4,5,1,4,13,4,0,16,0,7,10,0,0
ASV829,2,0,1,1,2,0,0,0,0,0,0,0,2,0,1,2,1,0,0,0,0,2,3,2,3,2,0,1,4,0,0,3,0,0,1,1,0
ASV831,50,44,53,54,54,87,83,47,0,53,56,31,27,39,44,58,40,12,37,15,15,16,17,39,32,46,42,16,98,129,0,21,0,27,72,1,0
ASV838,0,1,0,2,1,3,0,3,0,0,1,1,0,1,0,1,0,0,0,0,0,2,0,9,0,1,2,2,5,4,1,1,0,1,2,0,0
ASV841,3,3,3,13,20,22,25,27,0,42,38,668,1330,1546,1577,1581,1180,314,980,691,274,803,668,1171,1428,1867,361,170,279,158,1,18,0,2,0,0,0
ASV842,16,24,13,22,10,17,36,19,0,14,36,27,27,28,16,17,8,5,14,12,6,4,8,7,5,1,3,2,7,5,0,8,0,3,14,0,0
ASV871,4,6,12,10,3,3,0,2,0,2,5,6,9,10,5,15,14,6,5,4,4,2,4,9,10,9,1,1,4,7,0,8,0,8,10,0,0
ASV872,7,2,4,1,3,9,0,18,0,8,10,14,22,42,26,52,35,17,24,30,22,16,18,21,29,24,21,8,36,63,0,16,1,15,11,0,0
ASV878,38,56,51,64,60,45,21,38,0,29,18,27,9,19,6,7,10,6,4,2,0,2,2,3,3,5,11,7,29,43,1,23,0,15,59,0,0
ASV879,21,17,20,27,31,25,10,9,0,11,20,9,14,19,11,16,13,2,9,4,7,4,9,15,10,8,7,5,21,29,0,10,0,7,13,0,0
ASV882,8,5,2,0,0,1,0,3,0,1,3,0,1,2,4,1,0,0,0,3,2,2,4,4,6,1,0,1,5,0,0,5,0,5,1,0,0
ASV895,24,14,18,5,1,2,26,0,0,0,6,4,8,10,14,6,14,16,6,8,1,3,2,6,5,7,3,5,11,4,0,8,0,5,8,0,0
ASV899,9,0,2,4,4,2,0,1,0,1,1,4,2,2,0,0,2,2,2,0,0,0,2,1,1,1,0,0,1,1,0,1,0,2,2,0,0
ASV900,5,7,3,8,6,5,0,3,0,3,2,2,12,11,15,10,13,8,6,5,9,1,11,13,11,6,1,2,2,3,0,6,0,9,5,0,0
ASV901,4,10,8,2,1,0,25,0,0,4,1,3,6,10,14,5,19,3,4,4,7,4,3,5,5,5,9,4,6,13,0,8,0,6,8,0,0
ASV902,7,1,2,2,0,1,10,1,0,1,5,3,2,5,4,5,10,6,9,17,12,13,19,28,26,23,12,10,15,16,0,8,0,1,3,0,0
ASV913,6,8,2,26,8,7,0,0,0,3,30,22,31,67,52,46,39,10,26,24,11,8,20,28,33,19,3,0,5,1,0,2,0,24,14,0,0
ASV924,2,0,0,2,0,1,0,0,0,6,9,0,1,3,1,1,1,0,0,2,0,0,3,3,1,1,0,5,3,9,0,5,0,3,0,0,0
ASV928,7,11,5,10,13,8,0,19,0,13,4,11,12,14,19,20,15,3,17,15,4,3,13,19,17,12,9,4,24,35,1,14,0,8,5,0,0
ASV931,10,12,7,28,11,3,0,3,0,4,9,5,10,16,11,6,7,5,11,26,30,17,21,41,30,19,6,4,9,7,0,6,0,14,13,0,0
ASV932,5,7,3,2,4,9,0,3,0,0,4,2,5,6,4,6,4,1,3,4,3,3,0,1,4,1,0,6,6,5,0,5,0,2,6,0,0
ASV933,10,6,6,13,7,9,0,6,0,8,18,32,20,40,26,18,9,0,4,6,4,3,6,5,3,2,4,2,9,11,0,3,0,2,4,0,0
ASV951,200,184,202,318,497,500,663,284,1,208,252,239,317,308,187,184,207,38,130,109,116,80,99,117,119,73,179,140,539,636,0,368,0,214,374,1,0
ASV953,10,9,4,12,5,8,29,6,0,12,0,8,20,11,15,32,30,18,33,25,36,29,21,49,26,44,13,8,42,46,1,31,0,15,22,0,0
ASV964,20,27,26,19,21,15,4,12,0,9,11,9,7,11,6,7,3,0,2,3,1,2,7,1,4,5,4,1,10,21,0,6,0,5,13,0,0
ASV970,16,23,24,27,31,34,15,33,0,14,11,11,7,15,8,12,13,3,12,9,3,2,3,13,13,9,14,8,31,43,0,24,0,27,44,0,0
ASV972,13,10,4,11,9,7,8,11,0,14,24,22,27,33,29,31,10,5,14,24,9,18,9,11,17,12,5,0,17,14,0,11,0,3,3,0,0
ASV974,11,11,3,9,1,3,6,3,0,0,5,2,2,4,1,2,4,2,2,1,1,4,3,4,2,5,2,3,3,3,0,4,0,5,8,0,0
ASV981,17,32,22,6,8,6,0,8,0,4,22,8,13,11,15,3,8,4,4,0,5,2,2,2,5,6,6,6,54,5,0,30,0,12,13,0,0
ASV985,20,13,24,24,26,28,2,15,0,16,16,13,12,10,4,6,3,0,1,1,5,1,3,6,8,21,34,25,95,121,0,27,0,36,52,0,0
ASV989,12,10,9,8,10,20,0,7,0,6,19,4,14,28,26,13,19,3,5,4,3,5,1,13,10,5,6,12,28,11,0,12,0,21,25,0,0
ASV991,75,76,92,113,43,38,185,50,0,20,38,21,21,46,56,26,22,13,18,14,15,23,23,46,46,54,28,23,81,24,0,45,0,27,92,0,0
ASV997,8,8,11,7,11,3,35,2,0,2,4,3,4,16,3,7,12,1,5,7,10,4,10,5,4,7,5,5,11,3,0,12,0,10,5,0,0
ASV1001,11,22,22,13,18,16,0,21,0,14,11,9,9,12,5,20,8,4,2,8,10,5,2,8,5,6,10,7,21,27,0,10,0,6,13,0,0
ASV1002,15,8,8,9,11,14,29,3,0,14,14,14,15,25,25,36,26,7,29,20,14,12,8,26,31,15,24,17,59,66,0,20,0,28,48,0,0
ASV1014,11,7,6,4,2,2,31,0,0,1,3,2,5,4,2,3,9,2,7,6,6,6,5,4,6,8,5,3,12,6,0,8,0,2,6,0,0
ASV1023,1,5,0,2,0,0,0,0,0,3,6,2,0,8,4,6,4,4,15,5,16,8,18,46,20,27,7,0,3,4,0,1,0,1,1,0,0
ASV1024,5,13,9,6,0,2,21,0,0,3,1,3,1,1,2,4,4,3,2,3,4,1,4,4,3,1,8,6,14,9,0,8,0,3,2,1,0
ASV1026,13,436,23,27,5,16,0,7,0,9,13,13,8,56,18,10,12,2,9,4,20,9,10,11,19,25,19,10,40,24,0,43,0,16,27,0,0
ASV1041,0,1,1,6,3,6,24,1,0,15,50,108,141,127,180,170,108,149,278,208,159,40,37,48,38,17,2,2,0,0,0,1,0,2,0,0,0
ASV1047,22,10,12,22,11,5,0,3,0,4,29,13,21,36,33,18,13,11,6,9,9,7,9,10,13,12,4,1,20,12,1,26,0,9,22,0,0
ASV1052,8,11,5,1,0,1,47,1,0,0,1,1,0,6,6,6,7,1,11,4,1,5,1,1,2,0,1,0,0,0,0,1,0,2,1,0,0
ASV1053,2,13,5,17,11,18,38,16,0,20,9,13,8,7,2,20,10,2,2,3,1,1,2,8,4,5,6,3,17,21,0,4,0,8,19,0,0
ASV1054,33,29,22,42,58,32,13,28,0,38,30,41,49,56,55,79,45,18,38,46,25,26,31,50,48,28,31,22,73,93,0,39,0,37,75,0,0
ASV1056,12,6,9,11,5,3,19,0,0,5,6,4,5,8,5,5,4,4,7,7,6,4,4,9,12,3,5,1,12,4,0,6,0,4,6,0,0
ASV1061,7,6,4,10,6,3,0,0,0,4,1,5,12,12,21,6,6,1,6,4,2,2,6,1,6,2,2,3,7,4,0,11,0,3,3,0,0
ASV1063,5,9,1,2,2,1,0,0,0,2,2,2,6,25,30,21,20,13,21,14,8,14,14,16,33,20,10,15,42,21,0,26,0,8,31,0,1
ASV1064,4,6,2,1,2,1,16,2,0,2,2,1,1,3,1,1,1,0,1,0,2,2,1,2,1,1,1,2,5,23,0,25,0,34,44,0,0
ASV1065,13,4,9,11,5,22,28,23,0,31,38,25,22,36,36,59,63,12,42,24,18,17,12,22,25,16,2,0,7,19,0,6,0,7,11,0,0
ASV1067,1,1,0,1,0,2,0,1,0,6,36,25,49,37,77,49,43,63,108,148,150,59,69,114,73,37,0,1,2,1,0,3,0,5,3,0,0
ASV1071,111,116,136,123,112,128,167,47,0,53,29,33,35,41,25,38,26,9,11,14,5,5,5,14,12,17,28,9,78,114,2,44,0,74,169,0,0
ASV1073,1,6,6,5,5,12,16,9,0,3,6,10,9,13,11,17,14,47,9,5,16,25,19,42,25,36,12,4,22,45,0,9,0,7,11,0,0
ASV1078,0,1,0,0,0,0,0,0,0,2,15,24,23,40,44,33,22,8,21,17,11,11,5,8,17,10,0,0,1,0,0,0,0,5,0,0,0
ASV1081,28,35,9,25,6,16,1,13,0,14,76,26,61,86,120,59,92,26,55,73,43,40,43,116,104,89,17,8,24,13,0,35,0,28,51,0,0
ASV1085,8,20,21,14,9,6,25,8,0,10,14,8,5,26,13,10,20,2,21,22,7,7,6,18,11,38,24,7,30,19,0,14,0,63,16,0,0
ASV1097,64,46,28,54,55,71,60,66,0,49,47,31,35,58,45,83,59,25,47,32,13,27,24,42,37,26,17,9,55,97,0,44,0,52,84,0,0
ASV1100,0,0,0,0,0,0,0,0,0,0,0,1,0,94,0,1,0,0,0,0,0,0,1,0,2,2,1,1,1,4,0,0,0,2,2,0,0
ASV1109,3,3,9,5,1,1,0,0,0,3,1,30,7,8,4,7,14,6,18,23,15,32,21,14,31,40,4,0,8,3,0,8,0,1,2,0,0
ASV1111,1,8,4,19,3,4,0,1,0,3,20,17,24,35,35,24,26,16,11,17,9,8,12,15,24,8,4,4,5,1,0,4,0,6,12,0,0
ASV1114,1,4,2,3,6,13,38,4,0,5,3,2,3,6,4,4,7,2,5,4,5,4,3,3,3,2,3,1,4,5,0,2,0,1,2,0,0
ASV1117,16,10,9,10,7,4,0,7,0,4,6,33,6,10,5,12,12,3,12,11,9,4,7,11,6,7,7,7,24,15,0,6,0,9,7,0,0
ASV1119,5,2,1,11,14,10,0,5,0,12,12,12,24,25,32,49,41,4,15,19,5,6,14,33,26,9,6,1,3,3,0,2,0,8,11,0,0
ASV1121,5,1,1,5,2,0,10,2,0,0,2,0,3,1,2,2,4,0,1,2,0,4,5,5,3,10,5,4,4,1,0,0,0,1,1,0,0
ASV1122,12,15,15,8,11,15,8,7,0,11,9,3,3,8,2,10,4,5,10,4,11,6,7,21,10,16,21,23,32,55,0,12,0,11,31,0,0
ASV1149,14,16,13,15,15,14,0,17,0,8,14,5,10,7,9,17,11,3,8,14,10,18,19,39,28,27,27,8,20,30,0,5,1,9,14,0,0
ASV1150,7,3,6,3,3,3,10,3,0,2,5,3,6,4,5,4,4,4,2,7,7,0,2,1,8,4,1,5,12,6,0,7,0,5,6,0,0
ASV1151,6,8,5,3,1,1,0,3,0,1,8,2,4,20,17,25,18,1,14,20,2,14,17,19,19,15,14,12,36,10,1,31,0,23,41,0,0
ASV1156,30,28,24,34,37,28,19,18,0,27,15,22,22,27,21,26,14,2,22,13,5,5,16,10,18,11,23,20,50,87,0,45,0,26,43,0,0
ASV1160,5,2,1,3,1,0,0,1,0,0,1,2,9,40,23,9,37,29,18,13,22,1,1,18,8,2,0,0,0,0,0,0,0,0,0,0,0
ASV1166,19,33,15,6,1,18,16,0,0,4,8,11,16,7,10,5,6,7,5,2,8,6,3,6,4,8,2,3,112,9,1,11,0,7,11,0,0
ASV1167,0,1,1,3,0,0,0,0,0,0,1,3,2,2,1,3,7,7,1,9,13,6,5,15,16,30,1,1,8,1,0,5,0,2,1,0,0
ASV1177,21,39,41,8,11,31,22,7,1,9,6,3,4,12,13,7,7,3,115,7,5,0,4,11,8,4,3,1,23,18,0,11,0,5,10,0,0
ASV1182,4,3,2,3,2,1,16,2,0,1,1,0,1,2,3,4,2,0,0,1,0,0,2,5,2,2,0,0,1,1,0,3,0,0,3,0,0
ASV1184,17,11,14,12,13,15,44,13,0,13,23,14,20,27,27,29,15,5,13,7,4,11,16,10,19,11,6,3,27,38,0,16,0,11,31,0,0
ASV1186,16,10,16,13,26,39,13,6,0,15,11,8,12,3,4,5,7,1,13,10,11,22,11,21,24,14,30,26,118,207,0,107,0,128,215,0,0
ASV1187,43,33,24,51,66,51,14,42,0,34,35,39,35,46,31,40,38,10,16,6,2,5,6,14,7,6,2,2,3,9,0,2,0,4,6,0,0
ASV1193,3,1,2,3,1,0,0,0,0,0,2,1,0,1,1,0,1,0,0,0,2,0,1,2,1,3,1,0,2,1,0,3,0,0,0,0,0
ASV1202,14,25,18,14,19,15,7,8,0,9,7,7,6,6,6,14,15,2,3,3,10,12,8,17,14,11,17,28,53,68,0,26,0,17,28,0,0
ASV1217,12,6,14,3,1,3,0,2,0,3,3,5,9,5,1,8,8,1,31,13,7,4,6,7,4,9,0,1,11,11,0,4,0,0,3,0,0
ASV1221,10,4,7,8,5,10,15,5,0,3,2,5,1,12,11,33,22,11,14,19,10,14,13,34,29,26,19,12,44,48,1,12,0,9,36,0,0
ASV1232,0,0,0,0,0,0,0,0,0,0,0,0,0,0,0,0,0,2,0,0,0,6,3,32,36,10,7,2,17,18,0,5,0,3,2,0,0
ASV1235,6,5,5,6,17,21,22,18,0,10,18,25,17,42,34,26,29,7,23,17,9,10,7,11,13,12,24,8,41,53,0,20,0,28,43,1,0
ASV1236,14,6,6,10,2,5,28,2,0,3,4,3,3,3,2,7,6,4,4,4,5,2,7,3,7,3,5,1,12,2,0,13,0,3,7,0,0
ASV1238,13,17,8,13,8,12,42,0,0,2,2,0,2,3,2,4,0,2,1,1,0,0,0,0,2,0,0,0,0,1,0,1,0,0,2,0,0
ASV1245,19,16,14,32,23,29,0,40,0,22,17,15,9,11,8,14,12,1,9,4,1,6,2,10,7,2,6,0,11,9,0,5,0,8,8,0,0
ASV1258,39,15,18,13,7,8,0,2,0,11,12,11,10,17,17,16,21,2,3,9,5,2,4,9,17,9,3,2,8,5,1,7,0,8,8,0,0
ASV1259,24,26,31,38,29,23,36,20,0,17,23,11,17,13,16,21,8,3,10,6,4,3,5,12,14,12,10,5,20,37,0,12,0,22,49,0,0
ASV1260,5,5,10,6,1,2,0,0,0,4,4,3,2,2,4,2,2,2,2,2,5,2,2,2,8,8,4,2,5,1,0,7,0,4,6,0,0
ASV1262,11,16,7,14,11,8,0,6,0,5,6,2,3,2,2,4,3,3,1,0,0,0,0,0,0,0,0,0,5,2,0,4,0,0,9,0,0
ASV1263,22,24,16,17,11,24,54,13,0,8,16,11,18,19,22,11,13,3,7,7,3,7,5,6,3,4,4,4,7,2,0,8,0,3,10,0,0
ASV1275,2,5,2,10,4,1,0,1,0,0,2,10,3,1,6,2,7,3,8,6,4,7,6,13,9,12,3,3,13,3,0,3,0,2,9,0,0
ASV1278,0,0,1,0,1,3,0,0,0,0,1,1,0,1,2,1,0,0,0,0,34,1,0,1,1,0,0,0,4,2,0,2,0,0,0,0,0
ASV1279,20,20,43,31,23,20,97,7,0,0,4,1,0,3,1,4,1,1,9,13,4,3,3,10,4,8,2,1,16,8,0,4,0,4,3,0,0
ASV1281,28,21,18,19,19,24,17,26,0,12,11,12,8,9,6,5,3,0,4,0,0,2,0,1,8,2,1,1,8,7,0,3,0,4,5,0,0
ASV1288,16,10,7,15,15,11,20,15,0,7,8,9,8,7,8,4,6,2,4,7,1,2,0,6,5,4,6,11,34,56,0,17,0,19,29,0,0
ASV1295,6,11,6,6,3,2,28,2,0,0,1,0,1,3,7,2,6,2,2,5,0,3,2,0,7,3,4,5,12,6,0,7,0,2,4,0,0
ASV1307,3,7,5,9,3,1,0,1,0,10,3,1,7,13,2,9,4,9,3,6,126,7,15,12,20,16,2,2,20,6,0,7,0,7,8,0,0
ASV1310,0,0,0,0,0,1,0,0,0,29,1,0,0,2,1,3,10,15,12,9,12,10,8,37,15,3,0,1,1,1,0,0,0,0,1,0,0
ASV1312,56,30,14,15,15,17,0,16,0,15,17,7,5,19,13,10,38,3,5,0,6,5,5,3,9,8,16,8,23,39,1,7,0,8,20,0,0
ASV1313,53,59,45,103,65,61,23,59,0,64,31,30,27,28,21,29,27,9,9,20,13,6,5,16,7,7,6,6,17,18,0,11,0,14,22,0,0
ASV1331,26,28,48,38,26,37,24,13,0,11,25,14,13,15,13,11,11,2,9,5,11,3,6,6,8,18,5,4,21,25,0,17,0,14,29,0,0
ASV1343,17,9,11,10,11,5,38,6,0,11,9,12,14,16,13,14,12,3,7,4,1,9,6,13,22,9,11,12,46,25,0,21,0,6,26,0,0
ASV1349,9,5,11,2,7,8,0,2,0,0,12,7,5,13,12,36,6,18,13,7,23,17,10,24,20,25,17,7,40,31,0,15,0,11,130,0,0
ASV1370,5,5,5,9,7,6,0,3,0,2,4,7,4,7,1,4,1,1,3,0,7,4,6,4,9,8,4,7,44,22,0,48,0,10,18,0,0
ASV1372,14,24,51,9,7,10,0,5,0,2,16,2,5,6,2,2,2,0,3,2,0,1,2,1,0,3,13,43,150,62,0,115,0,37,38,0,0
ASV1381,35,19,17,34,4,14,29,14,0,7,23,18,14,38,48,13,24,13,25,20,12,13,18,28,31,22,17,6,31,18,0,17,0,15,24,0,0
ASV1384,36,38,39,64,39,25,27,8,0,8,14,10,9,14,8,5,7,1,4,3,14,7,9,25,19,17,49,49,179,224,1,87,0,83,125,0,0
ASV1395,4,1,1,7,2,2,0,2,0,4,7,3,5,12,8,15,3,5,17,13,10,8,11,39,31,35,22,16,27,40,0,16,0,27,46,0,0
ASV1403,24,28,21,32,27,21,41,13,0,27,23,18,19,15,11,15,19,4,17,8,7,10,11,28,17,19,21,12,55,74,0,39,0,35,52,0,0
ASV1404,2,6,3,12,57,171,138,134,0,53,32,27,28,30,8,21,30,4,22,11,4,1,1,3,0,0,0,0,1,1,0,0,0,0,1,0,0
ASV1405,26,27,11,23,11,23,0,5,0,5,9,8,6,21,7,5,63,5,5,7,11,10,22,43,19,8,19,16,24,56,0,10,1,12,17,0,0
ASV1420,0,0,0,0,0,0,0,0,0,0,1,0,1,1,0,1,1,2,0,0,1,0,0,0,0,0,0,0,1,0,0,0,0,0,0,0,0
ASV1423,0,0,0,1,0,0,0,4,0,0,1,0,1,0,0,0,1,0,5,0,1,1,9,1,5,4,4,1,2,2,0,1,0,0,6,0,0
ASV1428,7,18,14,9,10,13,0,10,0,8,6,4,3,7,8,6,6,1,9,1,5,6,7,13,9,20,6,3,26,24,0,15,0,8,37,0,0
ASV1453,2,4,0,4,3,1,0,0,0,1,0,6,3,18,4,4,6,17,18,3,11,21,8,7,20,30,3,3,24,25,0,0,0,1,0,0,0
ASV1462,22,25,21,31,20,40,21,21,0,17,18,18,18,24,23,14,8,0,6,14,9,15,41,30,62,49,16,6,14,27,0,18,0,9,15,0,0
ASV1469,15,6,2,1,1,1,6,3,0,0,4,2,1,8,1,6,6,0,10,0,3,4,4,4,7,9,3,8,3,1,0,1,0,0,3,0,0
ASV1486,7,8,4,9,2,2,13,4,0,5,1,3,8,10,8,1,7,2,7,4,6,5,3,5,5,5,2,2,4,3,0,5,0,1,11,0,0
ASV1496,24,35,15,36,41,25,2,30,0,12,23,11,14,12,20,8,8,7,5,4,1,4,1,6,4,3,8,9,22,39,0,14,0,18,25,0,0
ASV1501,24,21,23,33,30,28,75,8,0,16,21,17,37,41,29,38,29,17,34,45,20,14,22,34,31,18,21,32,62,140,0,54,0,56,96,0,0
ASV1514,16,13,22,7,16,18,38,21,0,11,5,8,2,1,7,8,4,0,3,1,0,0,1,1,3,1,4,0,10,5,0,1,0,4,3,0,0
ASV1515,1,1,2,2,3,1,0,1,0,4,5,6,3,10,7,9,7,4,1,2,3,0,0,2,2,0,3,1,14,16,1,4,0,1,5,0,0
ASV1526,8,12,10,10,4,3,0,1,0,9,2,1,2,5,4,1,0,45,0,0,0,0,0,0,1,0,0,0,0,0,0,2,0,1,0,0,0
ASV1536,54,31,61,48,40,54,44,14,0,15,10,7,17,6,6,10,10,4,4,2,1,0,0,0,1,0,4,2,5,8,0,3,0,4,6,0,0
ASV1540,7,4,2,2,3,9,0,1,0,1,4,5,5,11,13,6,15,2,13,18,14,27,19,21,19,14,21,9,29,23,0,18,0,19,29,0,0
ASV1551,5,7,7,31,27,33,0,7,0,8,11,19,25,17,5,8,1,2,12,1,8,18,11,54,46,170,201,204,1016,1627,3,404,0,337,157,0,0
ASV1561,17,27,7,22,11,30,43,3,0,39,56,45,46,81,62,70,25,10,26,27,11,13,13,20,14,17,12,6,23,39,1,20,0,18,30,0,0
ASV1586,9,5,5,6,2,2,18,2,0,1,0,7,5,3,3,3,2,0,8,2,1,1,0,2,2,1,2,1,1,5,0,8,0,3,1,0,0
ASV1595,2,0,2,0,0,1,0,0,0,0,1,3,12,8,6,8,8,12,159,6,32,10,14,21,12,10,8,2,7,0,0,2,0,7,8,0,0
ASV1602,3,0,0,1,3,1,62,2,0,0,1,0,0,0,1,0,1,1,1,0,1,2,2,4,3,0,1,1,7,8,0,7,0,6,7,0,0
ASV1609,6,6,5,8,16,13,18,21,0,16,6,10,6,16,8,14,18,6,14,4,5,6,6,11,13,15,11,8,31,34,0,14,0,11,26,0,0
ASV1612,9,9,4,7,6,6,0,13,0,9,11,15,12,16,20,22,18,5,17,25,7,15,12,20,41,14,8,3,27,17,0,7,0,10,9,0,0
ASV1618,2,8,2,5,6,11,0,6,0,12,34,27,32,45,39,41,20,2,12,11,1,4,2,6,4,4,3,1,5,10,0,5,0,8,13,0,0
ASV1619,8,7,6,5,2,3,7,0,0,2,8,4,7,1,0,5,5,1,2,5,4,4,6,7,2,6,0,2,9,1,0,5,0,3,3,0,0
ASV1628,38,23,15,29,18,27,35,30,0,21,20,13,15,17,18,14,19,2,7,8,6,6,1,5,4,4,0,0,12,16,0,6,0,9,12,0,0
ASV1648,13,14,13,32,28,28,23,17,0,14,13,16,11,22,8,26,7,2,5,3,1,3,7,6,4,8,8,10,44,59,0,20,0,30,55,0,0
ASV1661,1,6,5,3,2,3,0,11,0,20,20,13,8,5,1,1,3,2,1,1,0,0,0,1,2,1,1,0,2,1,0,6,0,17,22,0,0
ASV1677,9,29,36,41,28,19,12,22,0,15,4,4,3,4,1,2,3,1,4,1,3,0,1,2,5,5,15,18,47,87,0,40,0,43,59,0,0
ASV1680,4,3,2,1,5,0,22,1,0,3,12,33,23,30,42,26,16,11,12,19,7,14,9,9,11,3,0,0,0,0,0,0,0,2,1,0,0
ASV1710,27,21,25,7,32,25,27,9,0,12,15,17,15,12,26,29,25,2,18,8,9,4,9,18,19,21,7,17,9,23,0,18,0,13,13,0,0
ASV1720,6,36,8,7,5,4,0,6,0,6,8,6,3,9,5,13,5,0,6,4,6,3,2,13,15,8,11,6,10,17,0,3,0,12,14,0,0
ASV1739,6,6,7,6,3,4,8,1,0,0,6,5,6,10,5,7,6,3,2,3,8,3,4,6,6,2,0,1,6,4,0,5,0,6,6,0,0
ASV1751,6,15,4,6,5,0,0,1,0,4,5,5,13,8,5,4,4,3,8,6,14,15,21,10,11,11,3,3,10,5,0,7,0,0,4,0,0
ASV1771,3,1,0,3,1,3,0,0,0,5,6,8,5,5,3,9,9,2,8,10,10,10,9,14,13,19,6,4,15,37,0,2,1,8,7,0,0
ASV1779,8,6,11,10,8,4,0,2,0,7,8,3,7,9,31,13,37,3,1,3,6,4,8,2,3,7,15,41,137,111,0,74,0,19,36,0,0
ASV1787,13,7,6,8,4,2,15,2,0,2,2,4,10,6,2,2,4,3,2,2,1,1,5,6,11,2,3,0,10,7,0,9,0,2,8,0,0
ASV1815,1,1,0,1,0,0,0,1,0,3,5,16,14,26,22,27,9,10,22,16,8,10,30,9,22,18,0,0,0,1,0,1,0,1,1,0,0
ASV1827,23,28,6,20,13,9,0,5,0,5,6,2,5,8,3,6,22,0,2,5,5,1,2,3,9,6,8,7,24,23,0,24,0,5,18,0,0
ASV1833,45,37,22,23,15,25,46,11,0,10,31,25,29,67,57,70,36,10,34,44,20,15,20,22,39,20,9,6,14,6,0,12,0,13,25,0,0
ASV1836,1,1,1,0,1,7,23,4,0,8,16,6,12,16,8,9,6,3,4,4,13,18,12,10,6,3,2,2,3,12,0,5,0,11,10,0,0
ASV1843,5,0,6,2,3,1,0,8,0,1,0,11,6,12,15,4,0,1,3,4,0,6,5,3,10,7,14,3,64,30,0,47,1,4,29,0,0
ASV1846,0,0,0,0,0,0,0,0,0,0,0,0,0,1,3,2,0,4,3,4,6,1,3,5,1,3,0,1,4,0,0,0,0,0,0,0,0
ASV1865,10,1,3,6,0,0,10,2,0,2,0,1,3,3,1,3,2,0,3,1,2,2,1,4,2,4,1,3,3,3,0,4,0,2,4,0,0
ASV1878,15,5,17,19,4,5,0,5,0,3,3,6,8,6,2,3,3,1,2,0,2,1,2,0,0,0,1,2,9,3,0,8,0,7,9,0,0
ASV1884,2,3,1,3,1,2,0,0,0,1,3,9,7,8,7,8,11,10,6,4,10,8,11,3,7,17,2,1,13,4,0,2,0,5,1,0,0
ASV1892,0,5,4,3,0,0,0,4,0,1,1,0,2,2,0,2,14,2,0,3,0,1,1,0,3,1,1,1,5,2,0,1,0,2,10,0,0
ASV1900,5,10,7,8,5,1,0,0,0,2,0,1,0,5,1,1,1,0,0,2,0,1,1,1,3,1,3,2,5,5,0,1,0,5,5,0,0
ASV1901,33,37,22,50,29,34,47,17,0,23,16,17,17,19,13,17,8,5,10,3,9,5,7,15,15,13,20,11,21,41,0,27,0,36,35,0,0
ASV1912,20,25,22,15,11,14,11,0,0,0,6,3,5,3,3,2,8,2,2,3,4,1,1,0,1,0,0,10,70,2,0,63,0,9,13,0,0
ASV1920,1,3,2,2,2,1,0,1,0,0,2,1,2,2,0,1,4,2,1,2,1,1,1,1,3,0,0,1,5,0,0,3,0,0,4,0,0
ASV1922,4,2,2,3,3,0,36,0,0,1,1,1,2,5,5,2,5,2,3,0,2,2,1,1,3,4,5,0,2,3,0,9,0,1,4,0,0
ASV1924,7,15,10,32,29,44,38,28,0,26,27,36,29,23,15,24,22,4,8,8,4,3,6,6,12,20,19,4,24,55,1,20,0,20,30,0,0
ASV1925,1,0,0,0,0,0,0,0,0,0,1,0,2,0,3,2,3,1,5,3,3,5,13,2,5,7,0,0,1,3,0,0,0,0,0,0,0
ASV1935,12,16,13,21,22,3,8,2,0,27,104,66,300,284,147,151,27,62,193,197,42,55,38,42,103,78,0,1,0,2,0,1,0,0,1,0,0
ASV1938,8,1,5,4,2,0,0,0,0,0,3,2,2,1,1,3,1,1,2,0,1,0,0,1,2,0,0,1,1,1,0,0,0,3,3,0,0
ASV1944,15,20,17,21,30,58,47,41,0,21,15,11,13,13,13,19,23,2,7,4,0,6,8,10,11,13,4,5,22,40,0,10,0,12,41,0,0
ASV1963,15,10,15,10,37,50,0,41,0,18,7,18,17,27,24,50,65,3,48,48,15,14,17,16,29,23,3,5,30,65,0,14,0,21,220,0,0
ASV1972,9,8,9,5,7,5,0,1,0,1,6,36,1,3,2,0,1,1,4,1,0,1,1,1,1,0,0,0,2,1,0,4,0,2,4,0,0
ASV2013,11,27,6,8,14,8,8,10,0,6,13,3,10,7,10,26,10,4,30,10,16,29,27,51,32,27,11,16,25,12,0,13,0,5,8,0,0
ASV2014,23,24,20,13,6,9,3,1,0,0,1,1,2,3,0,0,0,0,0,0,0,1,0,2,1,1,2,2,4,2,0,8,0,19,57,0,0
ASV2019,51,38,30,21,8,5,9,6,0,1,13,17,12,16,14,8,8,2,3,5,6,2,7,5,4,10,18,7,44,10,0,41,0,20,31,0,0
ASV2049,3,8,1,1,0,2,15,2,0,1,3,3,10,14,6,3,5,5,2,3,2,13,4,4,5,7,4,5,9,18,0,11,0,5,8,0,0
ASV2063,8,5,3,1,8,3,0,0,0,2,3,4,4,7,27,6,5,2,5,0,3,2,2,2,2,0,1,2,17,4,0,6,0,9,13,0,0
ASV2065,13,82,18,13,22,17,45,21,0,16,8,7,6,27,16,11,223,3,2,7,5,7,8,16,18,6,6,7,37,32,0,16,0,13,20,0,0
ASV2082,7,9,4,6,1,2,0,1,0,1,4,4,4,0,2,4,5,2,2,6,7,4,2,5,4,7,2,2,3,0,0,3,0,4,8,0,0
ASV2091,4,2,2,4,0,2,0,5,0,1,2,5,0,2,3,0,15,0,1,0,0,0,0,2,5,1,1,1,3,3,0,1,1,3,4,0,0
ASV2092,1,1,0,0,2,0,0,1,0,0,9,17,22,51,45,21,14,13,39,14,2,5,2,3,3,4,2,0,6,0,0,3,0,0,0,0,0
ASV2103,2,3,1,5,8,6,0,9,0,4,2,12,13,9,11,9,5,2,4,5,1,3,1,2,2,0,0,1,0,1,0,1,0,1,2,0,0
ASV2104,35,46,39,48,21,27,38,11,0,10,31,23,19,25,20,3,5,4,9,2,5,2,0,3,4,1,0,1,4,3,0,10,0,15,14,0,0
ASV2116,17,10,10,20,3,5,0,7,0,10,15,12,6,25,30,23,11,1,11,6,13,23,19,34,33,24,23,13,34,16,0,15,0,11,24,0,0
ASV2125,15,18,12,18,35,40,17,26,0,14,12,14,7,5,3,6,2,0,2,2,0,0,3,3,2,5,1,4,18,30,0,3,0,10,14,0,0
ASV2131,7,7,4,4,3,3,0,6,0,0,0,3,0,1,10,4,6,1,4,2,2,3,5,5,11,9,4,9,66,72,1,53,0,28,32,0,0
ASV2149,38,15,7,16,69,10,13,6,0,36,33,10,13,11,12,14,8,5,3,23,7,3,12,20,8,6,0,0,6,12,0,4,0,2,6,0,0
ASV2150,9,3,5,4,5,2,0,6,0,2,9,5,3,4,1,2,92,1,2,1,3,3,1,2,5,1,5,7,2,5,0,3,0,3,9,0,0
ASV2166,14,3,11,7,7,15,0,10,0,14,18,16,16,16,8,22,17,6,13,8,22,19,13,45,14,12,15,14,24,26,0,12,0,12,28,0,0
ASV2167,4,2,3,1,0,0,10,0,0,2,2,0,2,5,1,3,2,1,0,3,0,1,0,1,3,5,1,0,3,4,0,8,0,0,5,0,0
ASV2178,9,3,1,3,1,1,0,0,0,0,1,4,0,1,1,3,3,0,0,0,3,1,1,2,2,1,0,0,6,4,0,2,0,2,4,0,0
ASV2180,3,2,2,2,2,3,0,0,0,1,4,2,2,5,2,2,4,3,2,0,3,2,2,3,1,3,4,1,7,1,0,2,0,5,4,0,0
ASV2182,25,23,12,13,12,14,31,0,0,5,3,1,8,6,2,1,6,1,0,1,2,1,2,2,0,2,1,2,128,4,0,35,0,10,9,0,0
ASV2184,7,2,12,1,2,3,0,4,0,1,1,1,4,4,2,2,4,0,2,0,0,6,1,0,1,2,1,2,9,2,0,12,0,3,9,0,0
ASV2203,7,3,3,3,1,1,0,0,0,3,1,1,8,5,1,1,3,0,1,0,0,0,0,2,3,2,2,0,8,2,0,1,0,1,3,0,0
ASV2212,9,18,7,6,5,2,33,2,0,5,8,2,6,10,9,5,6,5,6,5,7,14,9,13,14,10,5,13,14,6,0,10,0,5,65,0,0
ASV2228,5,3,0,4,0,0,0,0,0,1,3,6,7,5,4,2,4,3,3,1,14,7,12,8,21,9,3,2,5,1,0,2,0,2,1,0,0
ASV2232,23,10,6,12,11,11,0,6,0,6,5,10,8,25,5,14,8,1,6,8,5,8,7,3,11,11,8,7,27,11,0,4,0,5,16,0,0
ASV2234,7,1,3,5,4,2,16,0,0,1,1,6,4,11,2,6,3,0,15,1,6,1,4,12,2,2,1,8,4,0,0,7,0,2,3,0,0
ASV2259,4,5,2,3,1,2,6,0,0,1,0,1,3,5,1,2,3,0,2,3,3,1,1,1,1,4,0,5,10,5,0,5,0,2,2,0,0
ASV2262,1,5,2,1,3,1,0,2,0,38,0,1,3,2,1,3,0,1,1,2,1,4,4,2,22,17,0,3,2,0,0,1,0,1,2,0,0
ASV2268,17,7,14,29,9,13,0,26,0,7,15,18,15,17,19,14,33,6,15,8,4,6,4,15,14,10,10,8,16,22,0,12,0,10,16,0,0
ASV2288,50,45,31,22,14,17,52,19,0,7,45,18,20,25,15,15,8,2,4,3,3,0,2,0,2,0,1,0,3,2,0,0,0,1,3,0,0
ASV2291,8,11,13,17,6,5,8,2,0,1,1,0,9,6,4,7,5,0,6,3,3,1,5,4,4,24,4,5,4,5,0,3,0,4,6,0,0
ASV2345,7,8,8,5,2,5,5,5,0,3,2,3,3,0,1,1,4,4,2,3,1,3,1,3,2,5,6,6,7,7,0,3,0,3,9,0,0
ASV2384,21,9,18,14,10,7,0,2,0,5,13,7,10,22,37,22,34,10,8,5,6,2,4,4,3,2,6,6,24,15,0,15,0,9,21,0,0
ASV2396,6,6,5,1,3,1,7,1,0,0,3,0,0,3,0,1,1,1,2,3,2,2,2,2,6,3,1,2,3,2,0,2,0,1,4,0,0
ASV2401,0,1,0,1,0,0,0,0,0,0,0,0,5,7,8,8,6,1,6,3,1,2,0,2,3,2,0,1,0,1,0,1,1,3,8,0,0
ASV2409,4,1,3,0,3,0,0,3,0,0,4,2,3,3,2,0,5,1,2,0,0,4,2,2,1,3,0,7,3,1,0,3,0,2,4,0,0
ASV2419,8,12,5,15,23,19,21,11,0,29,15,19,24,17,12,29,12,5,14,7,4,8,9,17,20,16,16,11,36,57,0,26,0,23,41,0,0
ASV2423,12,11,11,12,7,13,25,10,0,7,8,5,7,13,9,22,1161,3,11,6,9,4,7,9,37,8,11,9,24,26,0,8,0,4,10,0,0
ASV2426,3,0,1,1,1,0,0,0,0,1,0,2,2,6,1,1,1,0,2,0,0,1,1,3,1,4,1,0,0,2,0,0,0,2,1,0,0
ASV2428,0,2,2,6,3,11,6,1,0,6,9,8,11,8,3,3,1,1,2,1,2,2,6,7,5,11,12,12,51,95,0,47,0,56,112,0,0
ASV2449,1,0,0,1,0,1,0,3,0,1,6,0,3,15,11,12,31,20,37,49,18,7,8,10,4,1,0,0,1,5,0,2,0,0,1,1,0
ASV2450,11,9,11,26,31,40,14,12,0,24,16,11,27,14,9,18,20,3,7,8,4,2,7,5,4,4,7,4,8,14,0,5,0,6,8,0,0
ASV2451,2,2,1,0,0,1,0,0,0,0,3,2,4,1,0,0,4,1,0,1,1,2,2,2,1,3,0,0,2,0,0,3,0,2,6,0,0
ASV2460,1,1,2,4,0,1,0,0,0,3,4,7,2,33,60,143,93,9,11,7,2,3,2,5,4,4,11,6,14,14,0,14,0,7,8,0,0
ASV2462,7,3,7,7,9,7,11,9,0,7,8,11,8,10,8,5,5,1,4,0,0,1,2,13,11,3,7,10,85,26,0,22,0,12,41,0,0
ASV2470,8,9,8,4,0,1,0,2,0,1,3,7,7,11,7,9,9,2,9,2,6,4,6,11,8,9,8,2,17,13,0,11,0,10,28,0,0
ASV2479,41,18,12,10,5,3,13,2,0,5,12,6,2,2,5,1,2,2,1,1,1,0,1,0,1,0,4,3,8,1,0,24,0,15,10,0,0
ASV2481,64,32,31,18,39,27,62,14,0,19,39,20,36,45,32,25,11,4,10,3,1,1,1,1,5,2,1,4,20,18,0,22,0,26,58,0,0
ASV2492,5,4,7,8,9,3,0,17,1,1,8,6,5,10,4,10,9,1,6,2,1,0,3,6,11,6,4,2,17,9,0,3,0,3,14,0,0
ASV2494,6,1,2,5,5,2,0,0,0,2,1,1,0,2,3,3,4,0,3,4,4,5,6,33,22,23,7,9,35,46,0,19,0,16,16,0,0
ASV2501,1,2,0,0,1,0,0,0,0,1,1,1,2,4,4,0,0,0,2,2,1,1,0,1,0,2,1,2,4,2,0,4,0,2,4,0,0
ASV2508,4,3,2,6,5,8,0,3,0,6,8,3,12,19,18,31,29,12,36,53,9,4,5,15,9,9,6,4,10,20,0,6,0,13,13,0,0
ASV2527,8,5,3,3,2,0,88,1,0,1,4,1,4,3,6,5,3,2,1,2,0,0,0,0,2,1,2,2,9,4,0,4,0,5,4,0,0
ASV2531,37,20,12,21,9,2,0,1,0,2,5,3,0,1,1,2,1,0,0,1,0,0,0,0,0,1,0,1,6,0,0,6,0,3,10,0,0
ASV2545,16,11,16,20,16,26,8,12,0,16,8,8,7,21,14,21,13,10,16,11,13,12,6,18,39,16,16,13,44,57,0,20,0,12,23,0,0
ASV2549,34,18,33,40,54,43,31,18,0,18,24,18,17,10,7,16,7,3,10,10,4,4,5,11,4,6,7,7,23,28,0,6,0,10,19,0,0
ASV2558,7,7,2,2,4,0,0,0,0,1,13,12,6,10,12,13,111,7,5,3,8,3,4,2,11,11,7,8,51,5,0,5,0,6,5,0,0
ASV2572,39,40,30,36,25,21,0,9,0,11,2,7,18,38,15,6,10,2,7,9,4,6,6,6,10,17,14,12,23,23,0,25,0,20,9,0,0
ASV2580,4,11,6,10,9,10,12,8,0,5,5,8,9,14,6,4,11,0,5,5,160,13,3,5,0,2,6,4,9,37,0,6,0,9,12,0,0
ASV2613,1,0,0,1,2,1,0,1,0,3,0,0,8,5,3,5,3,1,1,0,1,0,0,2,1,1,1,0,4,3,0,2,0,3,1,0,0
ASV2622,4,2,0,4,0,0,0,2,0,0,0,0,4,14,5,4,0,3,2,1,1,0,3,1,1,1,3,1,5,3,0,1,0,0,2,0,0
ASV2646,6,4,6,21,14,13,0,2,0,6,12,32,58,64,26,38,23,0,4,0,0,0,0,2,0,4,2,0,1,1,0,9,0,7,8,0,0
ASV2663,31,50,15,17,3,12,19,0,0,3,5,4,4,10,2,1,2,3,1,3,1,3,2,2,2,5,1,7,20,6,0,12,0,8,11,0,0
ASV2685,14,24,19,17,13,15,23,6,1,4,6,3,1,1,0,0,1,1,1,0,0,1,0,1,0,0,0,0,0,0,0,0,0,0,2,0,0
ASV2691,3,3,3,6,0,1,0,0,0,2,2,1,1,3,4,0,2,3,1,1,4,1,2,2,2,2,0,0,3,2,0,3,0,5,3,0,0
ASV2699,17,8,6,10,9,14,0,8,0,9,12,9,7,19,16,11,9,3,8,8,5,4,2,7,7,7,7,9,25,66,0,16,0,15,19,0,0
ASV2703,0,0,0,0,0,2,0,0,0,0,4,2,11,5,11,7,8,38,53,93,155,78,54,26,22,9,0,0,1,0,0,0,0,0,0,0,0
ASV2736,3,415,1,9,1,3,4,1,0,3,8,12,14,8,19,16,10,1,4,7,3,4,6,7,6,5,2,0,3,4,0,2,0,1,4,0,0
ASV2753,1,0,0,0,0,0,0,0,0,0,1,2,1,4,4,6,2,3,7,8,14,9,9,46,25,4,16,4,10,14,0,3,0,1,4,0,0
ASV2754,11,11,18,19,16,31,37,5,0,13,12,10,8,6,5,4,4,1,1,2,0,0,0,6,4,5,5,4,13,15,1,8,0,13,20,0,0
ASV2764,6,3,0,6,3,2,0,0,0,0,2,1,9,3,7,2,4,2,0,0,3,4,4,1,2,3,3,16,4,2,0,4,0,1,2,0,0
ASV2778,38,26,25,23,9,7,0,0,0,3,4,2,1,1,0,9,0,1,0,0,0,0,0,0,1,1,0,0,23,5,0,52,0,5,3,0,0
ASV2790,9,5,8,3,2,4,15,0,0,1,6,5,5,8,3,3,1,0,4,3,1,1,6,18,9,23,64,67,118,37,0,101,0,23,26,0,0
ASV2791,0,0,0,0,0,0,0,0,0,0,0,2,0,0,0,0,0,2,1,0,0,1,0,1,0,1,1,0,0,0,0,0,0,0,0,0,0
ASV2799,2,13,8,6,7,2,0,0,0,5,8,3,4,9,9,10,17,3,2,6,13,7,2,15,12,3,8,7,34,30,0,10,0,9,9,0,0
ASV2802,2,1,1,0,3,1,0,3,0,2,0,0,0,0,1,0,0,0,2,3,1,2,1,5,6,2,4,2,61,118,0,89,2,123,169,0,0
ASV2805,1,26,1,2,1,0,0,2,0,1,3,0,2,6,1,2,2,0,1,0,1,2,1,2,1,1,1,0,0,1,0,0,0,0,2,0,0
ASV2807,0,0,0,0,0,0,0,0,0,0,0,1,0,0,0,2,2,0,3,4,3,3,4,0,2,4,0,1,2,1,0,0,0,0,0,0,0
ASV2852,5,1,2,3,0,1,0,4,0,0,1,2,5,1,0,2,2,0,0,0,0,0,2,2,2,1,0,0,2,2,0,2,0,1,3,0,0
ASV2857,17,26,17,12,12,27,11,27,0,10,41,14,14,30,14,11,1,2,4,0,0,0,0,0,0,1,0,0,0,0,0,1,0,0,0,0,0
ASV2861,7,9,2,4,3,4,10,0,0,0,1,1,1,0,1,0,0,0,0,0,0,0,0,0,0,0,0,0,0,0,0,0,0,0,0,0,0
ASV2865,0,1,0,5,1,3,0,0,0,1,4,1,9,3,3,5,6,3,4,3,8,4,6,3,8,6,0,2,6,1,0,3,0,2,0,0,0
ASV2872,2,1,0,1,3,0,0,1,0,0,1,1,0,1,1,0,1,1,1,0,0,0,2,0,0,1,3,0,3,0,0,2,0,1,1,0,0
ASV2881,7,11,3,2,8,2,0,1,0,1,2,3,1,4,5,0,13,0,1,0,0,2,0,2,2,1,0,0,3,1,0,5,0,4,7,0,0
ASV2939,17,12,9,18,27,30,49,20,0,19,10,15,17,18,20,17,8,3,15,13,9,2,6,16,15,7,11,5,37,52,0,14,0,13,30,0,0
ASV2947,1,0,3,0,2,0,0,1,0,1,2,3,0,2,3,4,1,0,1,2,1,0,1,6,2,6,1,1,2,6,0,0,0,3,0,0,0
ASV2988,3,11,8,24,20,10,14,30,0,13,9,2,1,13,4,3,30,1,0,3,1,1,0,2,3,7,1,4,9,8,1,0,0,1,8,0,0
ASV2997,3,4,2,4,2,8,44,5,0,7,6,7,8,7,9,16,15,0,3,5,4,5,2,9,11,6,2,0,9,9,0,6,0,3,19,0,0
ASV3004,5,14,5,11,10,11,0,4,0,3,8,7,1,6,2,11,4,1,4,4,0,2,4,7,9,7,3,5,11,14,0,1,0,4,14,0,0
ASV3021,8,8,7,11,13,5,0,1,0,2,2,1,3,0,4,0,0,1,0,0,2,0,0,0,1,0,1,0,3,6,0,2,0,2,7,0,0
ASV3039,7,7,4,4,1,5,5,0,0,0,0,1,2,0,0,1,0,0,2,0,0,0,0,0,0,0,0,5,1,1,0,3,0,0,4,0,0
ASV3076,7,5,3,3,2,3,14,0,0,0,1,3,0,2,0,2,2,2,1,0,1,1,1,2,2,3,0,1,5,2,0,2,0,0,2,0,0
ASV3077,13,38,8,11,4,14,44,10,0,9,8,5,13,10,2,9,41,0,2,3,2,1,0,5,2,3,3,1,12,13,0,7,0,3,12,0,0
ASV3091,2,7,5,7,4,7,14,2,0,4,2,3,3,4,2,4,3,3,4,1,2,1,2,2,4,0,4,3,6,11,0,4,0,5,9,0,0
ASV3103,10,8,5,8,15,11,14,12,0,9,12,7,5,5,7,10,14,7,2,7,10,12,6,9,17,12,18,8,54,64,0,14,0,20,30,0,0
ASV3106,15,5,5,8,18,37,0,8,0,4,5,2,2,3,1,0,6,0,13,2,2,2,5,7,6,13,9,21,42,46,0,28,0,11,21,0,0
ASV3144,15,23,23,29,34,38,53,12,0,22,15,16,21,20,19,13,18,2,10,13,9,8,11,23,22,20,25,9,52,55,0,23,0,33,54,0,0
ASV3177,0,0,0,0,0,0,0,0,0,0,0,0,0,0,0,0,2,0,0,3,0,1,1,1,1,1,1,0,1,0,0,0,0,0,0,0,0
ASV3193,8,14,17,7,5,9,0,2,0,7,5,5,9,12,5,7,5,1,5,4,106,4,1,4,2,6,3,5,11,6,0,3,0,7,8,0,0
ASV3213,0,3,0,0,0,2,0,0,0,1,1,0,3,1,3,2,5,0,1,0,2,3,4,0,12,3,2,3,0,2,0,1,0,0,4,0,0
ASV3248,11,12,21,23,21,7,74,2,0,7,6,4,3,2,6,0,0,0,0,1,0,0,1,0,0,0,1,1,4,0,0,0,0,0,0,0,0
ASV3263,4,3,1,4,3,4,0,0,0,0,0,3,0,2,1,0,4,0,1,0,1,0,0,1,5,0,2,1,1,0,0,1,0,1,1,0,0
ASV3270,4,0,1,2,0,0,49,0,0,1,0,1,0,1,1,0,1,1,1,1,1,1,2,1,0,1,0,0,0,2,0,1,0,0,3,0,0
ASV3292,11,28,10,11,22,20,0,12,0,10,7,2,1,0,0,0,0,0,1,0,0,0,0,0,1,0,6,14,34,95,0,26,0,53,35,0,0
ASV3329,5,5,5,0,1,0,17,0,0,2,0,0,1,2,2,1,0,3,3,0,4,3,0,2,2,1,1,0,0,1,0,1,0,3,1,0,0
ASV3340,5,11,10,6,7,9,0,6,0,5,11,7,8,9,13,9,5,1,3,8,8,2,6,9,16,15,11,3,15,15,1,22,0,2,13,0,0
ASV3363,2,4,2,10,4,1,0,3,0,0,3,0,0,1,0,1,1,0,2,0,0,0,0,0,0,0,0,0,2,0,0,2,0,2,5,0,0
ASV3366,2,6,4,2,0,2,0,0,0,0,0,0,1,3,0,2,0,0,1,0,3,0,3,2,1,4,2,0,4,1,0,0,0,1,1,0,0
ASV3371,5,2,0,4,0,2,0,2,0,0,4,2,1,0,2,1,1,0,2,0,0,0,2,1,3,1,0,0,1,2,0,3,0,3,0,0,0
ASV3372,0,1,0,0,0,0,0,0,0,1,0,0,0,0,0,1,0,0,0,0,0,0,0,0,0,0,1,0,6,4,0,5,0,8,2,0,0
ASV3383,3,2,0,2,3,0,0,1,0,0,1,1,3,0,1,2,2,1,1,2,1,4,1,16,3,6,5,1,10,19,0,0,0,3,9,0,1
ASV3392,8,2,0,0,0,0,0,0,0,3,2,4,6,1,2,0,3,0,3,1,3,0,8,0,12,5,2,5,9,18,0,2,0,4,5,0,0
ASV3399,5,4,2,2,2,1,0,0,0,2,3,0,0,2,1,1,3,0,1,1,3,2,4,2,0,0,2,1,2,1,0,1,0,0,1,0,0
ASV3423,4,3,1,2,1,1,0,0,0,0,5,3,8,1,1,5,2,5,10,2,2,9,3,7,4,1,0,0,5,4,0,1,0,3,0,0,0
ASV3442,0,0,0,0,0,0,0,0,0,0,0,0,0,1,0,0,0,0,2,3,15,5,12,25,19,39,0,0,1,1,0,0,0,0,0,0,0
ASV3448,23,9,21,18,40,35,78,21,0,10,25,11,12,8,10,13,8,1,2,1,0,0,0,1,0,0,1,2,3,2,0,0,0,0,2,0,0
ASV3468,3,10,7,7,6,8,0,2,0,2,8,4,2,6,6,11,8,1,0,6,1,4,2,0,2,1,1,3,12,4,0,0,0,2,9,0,0
ASV3498,5,3,5,5,4,2,0,2,0,0,1,0,0,2,1,2,1,2,2,0,1,2,1,1,3,3,0,0,5,2,0,3,0,4,2,0,0
ASV3522,7,4,5,16,14,21,12,29,0,18,12,26,30,20,17,13,9,3,3,0,2,0,2,3,4,5,2,1,6,10,0,3,0,2,8,0,0
ASV3531,0,0,0,1,0,0,0,0,0,0,0,2,0,0,1,1,2,0,3,1,1,3,2,12,3,5,6,4,10,20,0,4,0,4,4,0,0
ASV3624,10,13,22,10,11,21,0,14,0,4,7,3,4,4,1,3,7,0,0,2,0,0,1,2,1,2,1,2,5,8,0,4,0,2,5,0,0
ASV3667,3,6,0,0,1,1,13,4,0,0,3,3,0,4,0,2,8,0,1,0,1,1,0,0,1,2,0,0,0,0,0,0,0,0,2,0,0
ASV3712,0,0,1,9,1,1,0,0,0,0,1,36,2,3,0,1,3,3,1,2,2,6,8,0,3,4,4,1,5,1,0,2,0,0,2,0,0
ASV3755,1,4,3,5,2,1,10,0,0,1,0,2,0,1,0,0,2,1,1,2,1,1,0,4,2,0,0,0,3,2,0,3,0,4,4,0,0
ASV3772,20,7,1,6,155,12,0,15,0,2,7,1,2,2,2,0,0,0,0,0,0,0,0,0,0,0,0,0,3,3,0,7,0,7,9,0,0
ASV3823,2,0,2,0,1,0,0,1,0,1,0,1,0,0,0,0,0,0,0,0,0,0,1,2,1,0,0,1,0,0,0,1,0,2,2,0,0
ASV3863,0,0,0,0,0,1,0,0,0,1,0,0,0,0,0,0,0,1,0,0,0,0,0,0,1,0,0,0,0,0,0,0,0,0,0,0,0
ASV3902,3,3,6,7,38,4,1,6,0,3,2,1,2,0,0,0,1,0,0,0,0,0,0,0,0,0,5,36,29,44,0,11,0,22,22,0,0
ASV3911,8,9,15,20,16,19,0,10,0,11,10,22,9,10,10,15,13,1,6,10,6,11,4,14,17,11,9,9,40,63,1,23,0,24,44,0,0
ASV3928,30,38,43,54,68,44,10,24,0,26,25,17,30,28,26,34,22,13,15,23,26,13,15,27,30,15,29,26,39,75,0,43,0,41,36,0,0
ASV3965,12,9,4,7,2,7,46,3,0,4,3,4,7,16,12,6,5,5,5,1,2,2,1,1,1,2,1,1,4,4,0,5,0,1,7,0,0
ASV3975,4,1,2,5,0,0,0,1,0,1,1,0,7,6,2,0,2,1,0,1,0,0,0,0,0,0,0,0,0,0,0,4,0,1,0,0,0
ASV3981,10,9,2,7,6,2,43,6,0,0,0,0,1,1,0,0,0,0,0,0,0,0,0,0,0,0,0,0,0,0,0,0,0,0,0,0,0
ASV3982,0,0,0,0,0,0,0,4,0,0,0,0,0,0,0,0,0,1,0,0,1,0,0,0,23,0,8,5,2,6,0,40,0,25,15,0,0
ASV3990,2,1,0,1,0,0,0,0,0,0,0,0,2,2,0,2,1,1,2,1,2,0,1,2,1,2,0,0,1,0,0,0,0,0,1,0,0
ASV3991,8,4,6,3,2,1,48,12,0,0,1,1,0,1,0,0,2,1,0,0,2,0,0,0,0,0,1,0,0,0,0,0,0,0,0,0,0
ASV4005,2,4,2,2,4,1,0,0,0,0,1,0,2,2,2,1,0,0,1,4,2,0,1,3,1,2,0,0,2,1,0,2,0,1,0,0,0
ASV4018,0,1,0,0,0,0,0,0,0,0,3,4,7,5,4,12,14,7,27,41,14,7,6,14,4,0,2,2,8,5,0,0,0,1,1,0,0
ASV4026,8,5,6,5,7,3,29,21,0,2,9,5,7,28,24,33,23,18,15,28,10,6,10,9,11,11,4,4,20,17,0,12,0,9,14,0,0
ASV4052,24,5,5,3,5,8,16,4,0,3,6,11,8,7,2,4,3,0,0,1,0,0,0,0,0,0,3,1,6,5,1,7,0,9,15,0,0
ASV4055,8,9,4,6,1,1,76,10,0,0,4,2,2,12,11,3,3,3,3,3,1,2,2,0,1,0,1,1,1,0,0,0,0,0,1,0,0
ASV4083,3,1,3,1,0,0,6,0,0,2,0,0,0,1,0,1,3,1,1,0,2,0,0,1,2,2,1,1,2,2,0,0,0,0,0,0,0
ASV4113,1,0,0,0,0,0,0,0,0,0,0,0,0,1,0,0,0,0,0,0,0,0,0,0,0,0,0,0,0,0,0,0,0,0,0,0,0
ASV4117,11,3,0,1,1,2,48,2,0,0,1,0,1,1,1,0,3,1,3,0,0,2,0,0,0,1,3,0,2,0,0,4,0,1,3,0,0
ASV4135,9,10,9,13,17,25,147,31,0,3,8,12,5,4,2,6,3,0,3,3,6,3,0,8,12,6,9,3,25,36,0,12,0,7,27,0,0
ASV4171,7,1,0,1,3,1,11,0,0,2,1,1,2,4,7,2,4,0,2,4,1,1,3,5,4,1,6,0,0,3,0,3,0,0,1,0,0
ASV4209,14,10,14,14,16,21,8,13,0,13,17,17,10,8,12,15,15,4,8,5,1,4,4,21,18,8,16,12,38,50,0,17,0,16,21,0,0
ASV4214,0,0,1,0,0,0,0,0,0,0,2,1,1,2,0,0,3,1,5,1,0,2,1,1,1,2,0,2,1,0,0,0,0,0,0,0,0
ASV4299,0,0,0,0,0,0,0,0,0,0,0,0,0,1,0,0,0,2,0,3,1,9,23,20,14,10,2,2,5,2,0,2,0,0,1,0,0
ASV4319,1,2,4,1,9,28,83,5,0,11,11,4,7,11,3,6,2,0,6,3,1,1,3,0,0,0,0,0,5,2,0,2,0,1,1,0,0
ASV4324,3,4,5,4,6,13,73,9,0,7,14,4,12,12,10,7,9,6,11,9,2,7,2,3,5,4,0,1,3,6,0,2,0,6,13,0,0
ASV4329,5,1,1,1,2,6,0,0,0,3,0,2,1,3,0,11,1,1,34,1,0,0,0,18,5,2,4,0,4,15,0,1,0,4,2,0,0
ASV4352,0,0,0,0,0,0,0,0,0,0,0,0,0,0,0,0,3,1,4,8,23,57,72,37,14,0,5,2,19,3,0,1,0,0,5,0,0
ASV4391,2,2,2,4,1,1,0,0,0,2,1,0,0,2,0,2,1,0,0,0,2,1,1,5,1,1,3,8,4,10,1,5,0,4,4,0,0
ASV4401,10,7,8,7,9,15,19,25,0,6,3,3,5,4,6,6,6,0,8,4,3,5,6,14,10,20,5,1,19,7,0,8,0,8,21,0,0
ASV4484,2,2,4,1,0,1,0,1,0,1,1,19,3,13,3,1,50,1,0,1,3,0,3,1,6,2,8,3,10,3,0,7,0,1,6,0,0
ASV4493,2,5,3,2,4,0,0,0,0,2,0,17,2,3,8,4,4,0,1,1,1,0,0,2,0,0,0,1,7,12,0,6,0,5,11,0,0
ASV4543,16,7,7,13,9,21,0,8,1,9,4,3,0,6,1,5,5,0,3,0,0,0,2,1,7,6,2,1,10,18,0,6,0,3,10,0,0
ASV4583,0,36,0,1,0,0,0,0,0,1,0,0,1,1,1,0,0,0,3,0,1,0,0,1,0,0,0,0,1,0,0,1,0,0,1,0,0
ASV4584,4,3,5,1,0,6,0,2,0,1,8,5,1,2,3,3,4,3,2,1,3,0,3,0,0,2,2,1,3,1,0,2,0,1,2,0,0
ASV4599,1,1,0,2,1,0,0,0,0,0,0,1,2,4,10,2,4,1,0,0,0,0,0,0,0,0,0,1,4,6,0,1,0,4,7,0,0
ASV4678,8,13,10,8,2,3,159,14,0,1,8,8,5,17,22,11,13,8,8,9,6,2,5,6,1,4,1,4,2,0,0,1,0,0,3,0,0
ASV4818,8,1,3,4,8,44,0,2,0,2,2,3,2,3,8,3,1,0,1,2,1,6,5,4,7,7,1,4,12,12,0,7,0,3,2,0,0
ASV4831,0,0,2,1,1,4,0,0,0,6,3,7,8,3,5,7,3,2,10,5,9,1,2,5,2,3,3,2,9,23,0,8,0,9,7,0,0
ASV4856,16,18,17,15,8,10,4,7,0,5,36,14,28,43,50,39,23,14,22,24,15,21,9,28,30,14,29,13,33,11,0,22,0,19,19,0,0
ASV4876,19,10,3,9,2,1,0,0,0,0,4,0,0,0,0,2,0,0,0,0,0,0,0,0,0,0,0,0,0,0,0,3,0,1,4,0,0
ASV4937,1,1,3,2,3,9,0,10,0,4,4,8,7,10,5,9,5,3,1,3,2,2,2,4,3,2,0,1,6,4,0,1,0,2,1,1,0
ASV4950,1,0,0,1,1,0,0,1,0,0,3,1,6,0,2,6,1,3,6,2,3,7,2,5,13,5,4,0,4,4,0,3,0,1,1,0,0
ASV4987,0,94,0,0,1,0,0,0,0,0,0,0,1,1,1,0,1,1,0,1,0,0,0,1,0,1,0,0,0,0,0,1,0,0,0,0,0
ASV5002,9,19,8,8,15,7,40,6,0,1,7,2,1,3,0,3,0,1,1,0,3,0,1,3,2,1,3,1,0,9,0,3,0,1,6,0,0
ASV5071,14,8,2,3,1,5,210,7,0,0,2,2,3,0,1,0,0,0,0,1,0,0,0,0,0,0,0,0,0,0,0,0,0,0,0,0,0
ASV5083,10,5,4,13,6,16,22,4,0,1,0,9,6,16,8,3,1,0,1,1,0,2,0,1,0,2,1,1,6,14,0,24,0,14,7,0,0
ASV5159,3,1,0,0,2,0,8,0,0,1,3,0,0,1,1,3,5,1,2,3,4,2,4,8,6,4,1,7,8,9,0,1,0,0,2,0,0
ASV5194,7,4,4,5,10,7,18,4,0,7,5,8,5,9,5,13,6,4,5,2,4,4,3,7,12,4,6,6,9,23,1,5,0,3,12,0,0
ASV5256,0,0,0,0,0,0,0,16,0,30,1,0,0,0,0,0,0,0,0,0,0,0,0,0,0,0,0,0,0,0,0,1,0,0,0,0,0
ASV5259,15,20,5,8,8,14,0,4,0,2,8,7,14,65,73,111,268,114,513,478,168,36,48,23,20,7,11,8,33,20,0,12,0,124,328,0,0
ASV5333,1,0,0,0,0,1,60,3,0,0,0,2,0,0,1,1,0,0,0,1,0,0,3,4,5,1,1,0,1,2,0,1,0,1,1,0,0
ASV5368,6,4,12,8,22,25,0,14,0,22,27,32,23,25,18,25,22,0,8,8,3,7,3,9,17,21,21,9,45,97,0,47,1,31,44,0,0
ASV5415,2,7,0,6,10,4,3,3,0,3,5,0,7,3,9,8,14,7,14,6,1,3,2,2,6,1,1,1,3,5,0,2,0,11,19,0,0
ASV5505,0,0,0,0,0,0,0,0,0,0,0,0,0,0,0,0,0,0,0,0,0,0,0,0,0,0,0,0,0,0,0,3,0,3,11,0,0
ASV5521,1,0,0,0,0,1,0,1,0,0,0,0,1,0,0,0,0,0,0,0,0,1,0,0,1,0,2,0,4,9,0,5,0,5,4,1,0
ASV5563,0,1,3,0,0,12,11,0,0,0,1,0,2,10,3,7,23,16,62,42,24,26,16,36,9,14,7,6,6,5,0,0,0,8,7,0,0
ASV5658,1,0,0,0,1,0,0,0,0,1,1,3,3,1,1,1,0,1,4,1,0,0,3,2,1,0,2,0,2,2,0,0,0,2,2,0,0
ASV5696,4,2,0,4,0,2,0,0,0,1,1,1,0,7,0,4,1,1,6,1,5,4,6,4,8,5,6,2,12,4,0,2,0,2,1,0,0
ASV5751,0,0,0,0,0,0,0,0,0,0,0,0,0,1,1,1,1,3,15,43,35,61,62,55,48,43,0,0,1,0,0,0,0,0,1,0,0
ASV5854,2,0,0,0,0,0,0,0,0,0,1,0,2,1,0,0,1,1,0,0,0,0,1,3,0,0,0,0,1,1,0,2,0,1,0,0,0
ASV5895,1,0,2,1,0,1,0,0,0,0,2,0,1,1,2,1,0,0,0,0,0,1,1,0,1,0,0,0,0,1,0,0,0,2,1,0,0
ASV5977,0,0,1,0,0,0,52,0,0,0,1,0,0,0,0,0,0,0,1,0,0,0,0,1,1,1,3,1,1,0,0,1,0,0,2,0,0
ASV5989,4,4,2,3,0,1,4,0,0,0,1,11,0,2,0,0,0,1,0,0,1,0,0,2,0,1,2,1,4,0,0,0,0,1,1,0,0
ASV6011,0,0,0,0,0,0,0,0,0,0,0,0,4,3,2,0,2,0,1,0,1,1,2,1,0,0,0,0,1,0,0,0,0,0,0,0,0
ASV6088,17,19,11,15,14,12,78,14,0,15,35,12,17,16,6,8,6,1,3,0,0,1,0,0,2,2,4,1,17,6,0,4,0,2,4,0,0
ASV6145,4,0,2,0,1,1,0,0,0,0,1,1,1,0,0,0,0,0,1,2,0,0,1,1,3,0,2,2,4,7,0,10,0,40,81,1,0
ASV6253,41,8,14,13,17,7,0,3,1,5,7,6,6,5,3,8,4,0,1,3,0,1,2,2,0,3,2,2,1,4,0,2,0,1,5,0,0
ASV6366,26,29,21,40,40,74,13,68,0,47,51,46,25,35,33,53,72,19,27,17,13,8,25,34,23,21,8,4,11,14,0,8,0,3,5,0,0
ASV6452,5,14,5,16,21,12,3,22,0,9,8,11,9,9,6,13,10,4,5,3,5,3,5,4,8,7,1,1,14,33,0,13,0,7,22,0,0
ASV6456,7,2,1,2,1,2,0,0,0,0,0,0,0,1,1,0,1,0,0,0,1,0,0,0,0,0,0,0,3,0,0,2,0,2,3,0,0
ASV6550,0,0,1,0,0,0,0,0,0,0,1,5,9,69,18,9,5,1,9,9,1,5,2,1,0,1,0,0,2,0,0,2,0,0,2,0,0
ASV6687,136,138,210,280,632,971,1400,432,0,177,920,111,133,29,8,23,24,6,9,5,10,3,4,3,2,3,13,3,6,11,0,0,0,59,49,0,0
ASV6762,0,0,1,0,0,0,0,1,0,0,6,13,9,20,11,4,9,1,9,18,10,24,34,23,25,14,5,3,10,2,0,3,0,1,4,0,0
ASV6867,53,170,143,637,811,1383,1189,813,0,281,184,176,130,49,40,27,18,0,0,1,1,1,4,1,0,3,1,0,5,1,0,0,0,0,3,0,0
ASV6927,41,44,42,55,18,26,2,22,0,6,31,17,28,36,20,15,17,5,18,14,6,7,11,11,14,7,8,5,6,3,0,5,0,2,4,0,0
ASV6980,0,1,3,1,2,0,0,5,0,0,0,3,1,3,0,1,1,1,1,0,0,0,0,0,0,0,1,0,0,0,1,0,0,0,1,0,0
ASV7050,0,1,0,4,1,1,0,1,0,1,1,0,0,2,0,3,3,0,0,0,0,0,0,1,2,2,2,0,12,35,0,17,0,13,117,0,0
ASV7059,1,0,0,0,0,1,0,0,0,1,0,0,0,0,1,0,0,0,0,0,0,0,2,1,1,2,1,5,17,17,1,7,0,12,16,0,0
ASV7163,6,1,6,7,7,10,0,2,0,4,8,1,9,15,3,8,4,3,8,12,6,2,4,2,2,3,3,1,7,10,0,3,0,11,3,0,0
ASV7190,16,23,16,18,3,3,56,3,0,0,2,1,0,1,0,0,0,0,0,0,0,0,0,0,0,0,0,0,0,0,0,1,0,0,2,0,0
ASV7251,5,5,2,6,4,5,0,1,0,1,1,4,2,0,0,0,1,0,0,1,0,0,0,0,0,0,1,1,1,2,1,3,0,0,0,0,0
ASV7255,4,3,2,3,1,5,0,0,0,2,3,0,1,0,1,2,0,1,1,0,0,0,1,0,3,2,5,4,10,15,0,9,1,5,17,0,0
ASV7307,1,2,4,2,1,1,0,2,0,1,0,0,1,10,1,3,40,1,1,1,0,0,1,0,0,1,0,1,3,3,0,0,0,1,7,0,0
ASV7314,1,23,2,5,5,4,0,0,0,1,2,2,1,0,7,4,1,0,0,0,0,1,0,2,0,0,0,1,1,1,0,1,0,1,2,0,0
ASV7565,2,3,1,1,2,1,0,0,0,0,0,1,3,1,2,1,0,1,0,0,0,1,3,1,0,1,2,1,1,3,0,3,0,0,1,0,0
ASV7599,1,0,1,4,0,0,0,0,0,0,1,0,0,1,0,1,0,0,0,0,2,0,0,3,3,1,0,1,2,1,0,1,0,1,0,0,0
ASV7608,281,260,372,394,529,373,267,195,0,217,212,138,149,164,183,139,145,25,73,53,37,46,55,69,89,49,215,149,620,661,1,421,2,466,588,1,0
ASV7675,1,1,1,0,1,3,0,0,0,0,2,0,0,1,0,0,2,0,2,0,2,0,2,2,144,6,2,0,3,6,0,0,0,2,1,0,0
ASV7965,0,0,0,1,1,1,0,0,0,1,0,0,0,1,1,2,0,0,0,0,1,0,1,0,0,0,0,2,0,1,0,1,0,1,2,0,0
ASV7973,2,0,3,1,0,0,0,0,1,0,1,1,1,1,0,0,0,0,0,0,0,1,0,1,0,3,0,0,0,0,0,0,0,0,0,0,0
ASV8022,3,0,2,2,1,0,0,0,0,2,0,2,0,1,0,0,0,0,0,0,0,1,0,0,0,0,0,1,0,0,0,0,0,0,2,0,0
ASV8077,0,0,0,1,0,0,0,1,0,0,1,2,0,0,1,0,43,0,0,0,0,0,0,0,0,0,0,1,0,0,0,0,0,1,0,0,0
ASV8346,6,10,16,22,53,64,262,45,0,10,10,6,2,14,2,4,3,0,2,0,0,1,2,0,1,0,0,0,0,0,0,0,0,0,2,0,0
ASV8418,0,0,0,1,1,0,0,1,0,0,0,0,1,0,4,4,4,0,4,4,24,98,135,686,806,836,666,461,1605,2749,8,982,1,647,1064,0,0
ASV8433,1,3,4,0,6,1,0,0,0,0,1,0,0,1,0,0,0,0,0,0,0,1,0,0,0,0,0,0,0,0,0,0,0,0,0,0,0
ASV8473,2,1,1,0,2,0,0,0,0,2,0,2,3,2,1,2,1,0,1,0,8,10,8,16,20,16,30,24,47,114,0,55,0,32,28,0,0
ASV8524,0,0,0,0,0,0,0,0,0,0,0,0,0,1,0,0,0,0,0,0,0,0,0,0,0,0,0,0,0,0,0,1,0,0,10,0,0
ASV8707,4,1,4,11,12,19,0,16,0,16,26,61,75,73,41,47,64,17,55,74,66,74,65,71,64,67,56,17,72,68,0,31,1,31,29,0,0
ASV8871,1,4,4,6,9,24,0,25,0,24,28,34,37,41,26,17,23,4,26,15,10,13,9,12,16,7,10,6,20,24,0,21,0,14,25,0,0
ASV8918,6,1,5,2,6,6,10,16,0,22,53,42,35,48,41,14,24,4,10,7,3,3,6,4,2,13,1,0,5,6,0,9,0,1,1,0,0
ASV8944,0,2,1,0,0,0,0,0,0,0,0,0,0,0,0,0,7,0,2,0,0,2,1,0,0,1,25,0,1,0,0,0,0,0,0,0,0
ASV9028,0,0,0,0,0,0,0,0,0,0,0,0,0,167,49,1,2,0,1,1,1,1,1,2,0,0,0,0,2,0,0,1,0,0,0,0,0
ASV9121,31,4,3,4,7,10,15,3,0,16,34,22,20,13,15,7,8,2,0,0,2,1,2,4,1,2,0,0,0,0,0,3,0,1,4,0,0
ASV9122,2,0,1,2,0,2,0,0,0,1,1,2,1,2,1,1,2,0,3,1,0,0,1,4,2,1,3,1,7,8,1,0,0,0,2,0,0
ASV9138,15,20,9,19,3,6,8,0,0,1,8,0,7,33,19,61,97,65,224,210,81,24,23,3,3,4,4,3,14,10,0,6,0,37,105,1,0
ASV9237,1,3,0,3,2,4,0,3,0,0,4,2,1,3,2,5,9,2,8,7,0,3,4,9,26,26,43,20,102,169,0,45,0,26,58,0,0
ASV9252,0,0,1,2,0,1,0,0,0,1,0,0,0,0,0,1,0,0,0,3,144,2,1,1,0,0,0,1,2,3,0,3,0,2,5,0,0
ASV9257,0,1,1,2,2,5,4,4,0,2,7,3,6,21,2,11,8,2,12,21,9,3,1,10,4,4,2,1,9,12,0,4,0,4,24,0,0
ASV9395,3,3,3,6,10,13,0,23,0,13,9,6,11,8,7,4,14,1,12,6,1,2,1,5,5,4,3,1,6,2,0,5,0,0,4,0,0
ASV9403,0,1,0,0,0,0,0,0,0,0,0,0,0,0,0,0,0,0,0,0,1,0,1,0,0,0,0,0,0,1,1,0,0,0,0,0,0
ASV9404,5,1,7,0,2,0,0,2,0,2,1,0,0,0,0,0,0,0,0,0,0,1,0,0,0,1,0,0,0,4,0,2,0,0,1,0,0
ASV9542,2,0,4,2,3,11,83,14,0,20,17,14,52,42,22,7,25,7,4,3,5,2,3,2,0,0,2,0,0,6,0,3,0,15,25,0,0
ASV9601,3,1,1,0,3,9,0,8,0,11,10,6,15,15,11,13,10,1,7,12,15,12,10,15,9,3,5,6,7,29,0,25,0,23,60,0,0
ASV9857,0,0,0,0,0,0,0,0,0,0,0,0,0,0,0,0,0,0,0,15,0,53,12,1,0,0,0,0,0,0,0,0,0,0,0,0,0
ASV9915,0,0,0,0,0,0,0,0,0,1,5,12,19,7,22,37,3,0,6,4,3,1,0,1,2,0,0,0,0,0,0,0,0,0,0,0,0
ASV10159,2,3,2,7,2,1,0,0,0,1,0,0,6,0,0,0,0,1,1,0,0,0,2,1,3,0,0,0,2,2,0,0,0,1,0,0,0
ASV10166,0,1,3,2,4,15,0,10,0,13,9,11,12,10,9,6,12,1,9,7,3,4,6,2,3,0,2,1,9,15,0,3,0,35,89,0,0
ASV10404,0,0,1,2,9,0,0,2,0,2,2,5,8,24,5,20,14,4,15,22,34,28,14,9,8,9,1,2,3,9,0,1,0,2,5,0,0
ASV10426,13,19,8,18,23,46,46,18,0,19,14,5,6,9,9,8,10,1,3,7,1,0,1,4,0,1,1,0,3,4,0,0,0,1,4,0,0
ASV10539,2,0,2,0,0,3,0,0,0,0,1,0,0,1,0,0,4,0,100,0,1,1,0,0,0,1,0,0,3,1,0,1,0,0,1,0,0
ASV10613,2,0,0,1,0,0,0,0,0,0,0,0,1,0,2,0,1,0,0,1,0,1,1,2,0,0,0,0,0,0,0,2,0,0,0,0,0
ASV10635,6,6,7,6,1,6,70,4,0,2,9,7,5,13,15,10,12,8,4,11,6,7,2,3,3,3,2,1,4,0,0,3,0,0,3,0,0
ASV10885,1,0,2,1,5,3,0,3,0,0,2,2,2,0,1,2,0,0,1,0,185,1,0,1,0,1,1,1,4,5,0,1,0,4,8,0,0
ASV10894,0,0,2,0,1,2,0,8,0,17,8,16,28,33,41,33,36,4,10,2,0,1,1,0,0,0,0,0,0,0,0,1,0,0,0,0,0
ASV10918,4,3,3,5,9,12,94,14,0,10,9,7,6,4,3,1,4,4,4,5,0,2,2,1,4,2,3,2,9,21,0,10,0,4,17,0,0
ASV10935,0,0,0,0,0,0,0,0,0,0,0,0,10,8,4,1,0,0,3,1,0,1,3,2,2,1,1,3,10,7,0,3,0,1,0,0,0
ASV11180,0,1,1,0,0,0,0,7,0,2,1,1,0,0,3,0,1,0,0,1,0,0,0,1,56,0,1,0,0,4,0,0,0,0,4,0,0
ASV11182,0,0,0,0,0,0,0,0,0,0,0,0,0,0,0,0,1,0,2,1,1,2,3,1,0,1,0,1,1,2,0,3,0,2,2,0,0
ASV11243,0,0,0,0,0,1,6,3,0,4,13,12,2,7,0,1,1,0,2,1,0,0,0,0,0,3,0,0,0,0,0,0,0,1,1,0,0
ASV11502,0,0,0,2,2,0,0,0,0,5,7,19,8,7,6,11,6,4,7,8,14,10,15,28,40,48,17,13,17,25,0,8,0,6,9,0,0
ASV11674,0,0,0,0,0,0,0,0,0,1,0,0,0,2,0,0,0,0,0,1,0,0,0,0,0,0,36,0,1,0,0,0,0,0,0,0,0
ASV11867,0,0,0,0,0,0,0,0,0,0,0,1,4,8,3,0,0,0,2,2,3,1,3,1,3,3,7,3,5,4,0,2,0,0,0,0,0
ASV11920,0,0,0,0,2,0,0,0,0,0,0,0,1,0,0,0,2,0,1,1,1,0,0,0,0,0,0,0,1,0,0,6,0,2,1,0,0
ASV11953,2,1,2,3,0,0,0,0,1,1,3,1,0,2,0,4,0,0,1,0,1,0,1,1,0,0,1,1,2,2,0,1,0,4,1,0,0
ASV12041,2,3,2,0,0,3,0,1,0,8,10,8,12,11,9,3,12,0,3,1,0,0,0,0,0,0,1,0,2,26,0,8,0,4,2,0,0
ASV12678,7,5,10,5,13,16,27,3,0,16,12,29,32,24,10,10,8,0,3,3,0,0,0,0,1,0,0,1,1,0,0,1,0,1,1,0,0
ASV12745,0,0,0,0,1,0,0,34,0,0,1,0,1,0,1,0,7,0,0,0,0,0,0,1,0,0,0,0,1,2,0,0,0,1,1,0,0
ASV12777,1,2,2,1,1,1,0,0,0,0,1,0,0,0,0,0,1,0,0,0,1,1,0,0,0,0,0,0,0,0,0,0,0,0,1,0,0
ASV12842,0,0,0,0,0,0,0,0,0,0,0,0,0,0,0,0,0,0,0,0,0,0,0,0,0,0,5,22,9,5,0,14,0,10,12,0,0
ASV12855,2,0,0,0,0,0,0,0,0,0,0,0,0,0,0,0,0,0,0,0,24,1,0,0,0,0,0,1,0,0,0,0,0,2,0,0,0
ASV12922,5,3,0,3,3,5,0,0,0,1,2,2,21,26,7,6,7,2,4,3,1,1,0,3,3,2,0,0,6,1,0,3,0,3,8,0,0
ASV12988,0,0,0,1,0,0,0,0,0,0,1,1,0,114,0,1,0,0,0,1,0,2,0,0,1,3,0,0,1,0,0,0,0,1,0,0,0
ASV13164,16,7,7,9,8,3,4,7,0,3,16,8,10,19,21,11,20,8,24,26,11,11,11,28,42,19,22,14,54,30,0,32,0,37,51,0,0
ASV13655,3,2,0,0,4,0,10,1,0,2,3,1,8,5,0,3,20,7,16,11,55,29,24,5,6,4,24,15,54,44,0,18,0,42,47,0,0
ASV13994,0,0,0,0,0,0,0,0,0,0,0,0,0,3,0,0,5,5,23,60,55,31,17,26,7,1,1,1,3,3,0,1,0,1,0,0,0
ASV14075,0,0,0,0,0,0,0,0,0,2,0,0,0,0,0,0,45,0,0,0,0,0,0,0,0,0,0,0,0,0,0,0,0,0,3,0,0
ASV14100,4,5,2,5,2,4,0,5,0,2,6,4,2,5,5,3,2,0,3,6,8,7,5,8,10,16,11,15,33,21,0,51,0,17,21,0,0
ASV14309,2,0,0,0,0,1,0,0,0,0,0,1,1,4,2,1,0,0,1,0,0,0,0,0,0,0,0,0,2,0,0,5,0,1,3,0,0
ASV14454,2,1,0,2,1,0,12,1,0,1,0,2,10,5,2,2,5,0,2,6,21,3,11,6,2,1,4,6,12,12,0,23,0,91,115,0,0
ASV14590,2,0,0,0,0,0,0,1,0,0,2,1,1,3,1,1,2,1,8,2,6,4,9,7,5,3,5,1,6,0,0,1,0,36,50,0,0
ASV14988,0,1,0,0,1,0,0,0,0,2,1,2,2,2,3,2,5,2,1,1,0,0,4,5,0,0,0,0,0,1,0,0,0,2,0,0,0
ASV15053,21,23,15,22,28,27,67,40,1,21,17,14,12,11,13,8,9,3,3,9,3,9,3,5,4,4,4,0,2,3,0,1,0,1,1,0,0
ASV15094,0,2,3,2,0,0,11,0,0,0,0,0,0,1,0,0,0,0,60,0,0,0,0,0,0,0,0,0,1,0,0,1,0,0,1,0,0
ASV15670,1,0,0,1,0,0,0,0,0,2,2,0,0,0,1,0,0,1,0,0,0,0,0,0,1,0,0,0,4,0,0,0,1,0,1,0,0
ASV15701,0,1,1,4,0,0,38,0,0,1,2,0,0,0,0,0,0,1,2,0,0,0,0,0,1,0,0,0,0,1,0,0,0,0,1,0,0
ASV15711,7,5,9,3,8,16,45,16,0,8,17,31,44,60,21,9,22,3,9,7,4,0,2,2,3,2,2,0,5,7,0,16,0,4,9,0,0
ASV16140,0,0,0,0,0,0,0,0,0,0,0,1,0,0,0,1,4,1,16,16,1,6,2,12,13,1,26,16,26,17,0,10,0,15,7,0,0
ASV16180,0,0,0,0,0,0,0,11,0,1,0,0,0,0,0,0,0,0,0,0,0,0,0,0,0,0,0,0,0,0,0,0,0,0,0,0,0
ASV16205,0,0,0,0,0,0,0,0,0,0,0,0,0,0,0,0,0,0,0,0,0,0,0,0,0,0,0,0,0,0,1,0,0,0,0,0,0
ASV16253,0,1,0,0,0,5,0,0,0,6,19,32,15,23,11,6,6,1,1,1,1,0,0,0,0,1,0,5,12,13,0,0,0,3,1,0,0
ASV16269,0,0,1,0,0,0,0,0,0,0,0,0,1,0,0,0,50,0,0,0,0,0,0,0,0,0,0,0,3,0,0,0,0,0,0,0,0
ASV16340,14,10,9,17,14,11,0,7,0,7,6,6,10,8,14,19,16,3,7,12,6,10,21,12,29,25,32,35,153,161,2,88,0,79,122,0,0
ASV17060,0,0,0,0,0,0,0,0,0,2,1,18,14,7,4,3,1,0,0,0,0,1,0,0,0,0,0,0,7,53,0,16,0,1,5,0,0
ASV17089,2,2,2,0,8,11,0,20,0,10,10,17,15,9,6,12,18,6,6,15,6,8,8,10,7,5,8,6,23,29,0,5,0,5,11,0,0
ASV17177,0,0,0,0,3,0,0,0,0,1,0,0,0,1,1,3,5,2,86,93,158,223,282,337,280,222,65,32,87,149,0,145,1,160,127,0,0
ASV17320,0,1,4,2,3,4,0,10,0,2,3,1,7,10,19,28,10,9,34,49,41,25,24,27,13,30,14,15,54,100,0,38,0,161,396,0,0
ASV17356,0,1,0,0,3,3,0,1,0,1,2,2,1,3,1,1,0,0,1,1,5,3,5,4,8,5,10,0,8,12,0,4,0,5,6,0,0
ASV17577,1,0,1,0,3,1,0,1,0,0,1,3,6,4,9,1,6,1,1,0,4,3,3,4,1,2,1,1,2,3,0,9,0,0,1,0,0
ASV17802,45,56,36,38,16,12,0,11,0,10,10,9,3,8,5,6,3,1,4,0,1,1,0,1,3,2,0,0,1,0,0,1,0,0,0,0,0
ASV17836,4,1,7,6,9,25,19,26,0,22,51,44,27,39,20,13,12,0,9,3,0,0,0,0,2,0,1,0,0,0,0,0,0,2,1,0,0
ASV18099,4,1,6,2,1,0,39,2,0,0,0,1,4,3,4,0,0,0,1,0,0,0,0,0,0,0,0,0,4,1,0,9,0,2,12,0,0
ASV18170,2,3,1,3,0,0,0,0,0,0,1,4,2,1,0,0,1,0,0,0,0,0,0,0,0,0,0,0,0,0,0,0,0,0,1,0,0
ASV18368,0,2,0,0,0,0,0,1,0,1,0,0,0,0,0,0,0,0,0,0,0,0,0,0,0,0,1,0,0,0,0,2,0,0,1,0,0
ASV18639,0,0,3,6,5,9,7,2,0,2,6,10,12,16,5,1,6,0,1,1,2,2,0,3,1,1,3,0,7,4,0,4,0,2,4,0,0
ASV18822,0,0,0,0,0,0,0,0,0,0,0,0,0,0,1,0,0,0,1,1,3,0,1,0,86,0,0,0,0,1,0,1,0,1,1,0,0
ASV19227,13,13,7,5,1,0,130,2,0,0,4,5,5,5,4,2,1,3,2,1,2,2,1,1,0,1,0,0,0,0,0,0,0,0,0,0,0
ASV19337,1,0,0,0,0,0,0,0,0,0,0,1,0,1,0,1,0,1,0,0,0,0,0,0,0,0,0,0,0,1,0,1,0,0,0,0,0
ASV19848,8,16,11,26,22,27,23,12,0,7,9,10,10,12,5,8,9,0,3,2,5,8,8,18,18,13,19,9,32,52,0,27,0,40,85,0,0
ASV19853,0,0,1,0,0,1,31,0,0,1,0,0,1,3,2,0,0,0,2,0,1,0,1,0,0,1,1,1,0,6,0,1,0,1,1,0,0
ASV20126,0,0,0,0,0,0,0,0,0,0,0,0,0,0,0,0,0,0,0,0,0,0,0,0,0,0,0,0,0,0,0,0,1,0,0,0,0
ASV20518,0,1,0,0,1,0,0,0,0,0,3,14,10,3,4,4,12,10,40,28,9,1,0,0,1,0,0,0,0,0,0,0,0,0,0,0,0
ASV20814,0,0,0,0,0,5,1,6,0,9,9,19,38,50,17,18,24,6,22,9,6,6,8,10,6,6,3,0,0,2,0,1,0,4,2,0,0
ASV21335,0,0,0,0,0,0,0,32,0,0,0,0,0,0,0,0,0,0,0,0,0,0,0,0,36,0,0,0,0,0,0,0,0,0,0,0,0
ASV21415,0,3,1,0,1,5,66,1,0,2,0,0,0,0,0,0,0,0,0,0,0,0,0,0,0,0,0,0,0,0,0,0,0,0,0,0,0
ASV21557,0,0,0,0,0,0,0,0,0,0,0,0,1,0,1,1,3,0,0,0,0,0,0,0,0,0,0,0,0,0,0,0,0,2,5,0,0
ASV21709,2,2,6,5,11,23,40,21,0,8,8,7,7,11,5,5,5,0,8,11,5,2,7,18,18,19,16,14,15,25,0,21,0,34,24,0,0
ASV22020,0,0,2,3,0,0,0,0,0,0,0,0,0,0,0,1,0,0,0,0,0,0,0,0,0,1,1,0,2,1,0,0,1,0,1,0,0
ASV22399,1,0,0,1,0,0,0,0,0,0,1,0,1,0,0,0,0,0,0,0,0,0,0,0,0,1,0,0,0,0,0,0,0,2,0,0,0
ASV22702,6,11,15,15,17,36,15,16,0,7,10,6,3,5,5,7,4,4,8,2,4,0,4,5,7,8,13,4,25,32,0,15,0,7,24,0,0
ASV23158,0,0,0,1,3,2,0,9,0,17,15,32,43,40,20,26,28,11,30,36,25,27,25,35,18,23,10,9,49,86,1,33,0,23,20,0,0
ASV23913,0,0,0,0,0,0,0,0,0,0,0,0,0,0,0,0,0,0,0,0,0,0,0,0,0,0,0,0,0,0,0,1,0,2,2,0,0
ASV23994,4,4,7,4,4,0,46,1,0,1,2,1,6,6,12,10,10,14,10,9,4,4,3,8,8,1,1,1,4,2,0,2,0,0,3,0,0
ASV24854,3,3,2,1,0,1,62,7,0,0,2,0,6,10,3,5,2,1,1,2,1,1,0,0,0,0,0,1,0,0,0,0,0,0,0,0,0
ASV25545,4,4,6,6,7,5,0,9,0,4,4,4,14,101,126,184,255,63,249,261,300,228,273,255,134,93,37,26,119,97,0,18,0,89,181,0,0
ASV26455,0,0,0,0,0,0,0,0,0,1,0,0,0,1,0,0,0,0,0,0,0,0,0,0,0,0,0,1,7,9,0,42,0,29,21,0,0
ASV26645,23,17,17,12,10,14,114,14,0,0,11,5,7,6,7,2,2,2,2,7,3,1,1,2,2,0,2,0,0,1,0,1,0,0,1,0,0
ASV28377,0,0,0,0,0,0,0,1,0,8,11,11,7,2,1,3,4,0,0,0,0,0,0,0,0,0,0,0,0,0,0,1,0,2,2,0,0
ASV28533,4,6,4,5,13,20,24,21,0,21,23,16,10,13,5,3,12,3,17,15,12,6,12,3,5,1,1,2,8,26,0,11,0,9,2,0,0
ASV29764,0,1,0,0,0,0,0,0,0,0,0,0,0,0,0,0,52,0,0,0,0,0,0,0,0,0,0,0,1,1,0,0,0,0,0,0,0
ASV29817,0,0,0,0,0,0,0,0,0,0,0,0,0,0,0,0,0,0,0,0,0,0,0,0,0,0,0,0,0,0,0,0,0,0,0,0,0
ASV29898,0,0,0,0,1,0,0,0,0,0,0,0,1,0,0,0,0,1,0,0,0,1,0,0,3,3,3,2,9,20,0,8,1,6,14,0,0
ASV30144,1,1,1,0,0,7,0,5,0,3,2,1,6,3,2,0,0,0,1,0,2,4,3,3,2,3,2,0,1,4,0,0,0,0,0,0,0
ASV30789,0,2,2,0,2,2,0,1,0,1,2,1,2,0,0,0,1,1,0,6,4,2,6,7,11,10,23,6,32,42,0,17,0,17,24,0,0
ASV30894,3,4,4,5,2,2,0,5,0,3,5,6,5,11,4,7,9,1,8,10,12,19,17,25,14,12,5,4,27,14,0,6,0,4,4,0,0
ASV31549,0,1,0,0,0,0,45,2,0,0,1,1,0,0,0,0,0,0,1,0,0,0,0,0,1,0,0,0,0,0,0,1,0,0,0,0,0
ASV31902,0,1,0,0,0,0,0,0,0,0,0,0,0,0,1,0,0,0,2,7,4,30,14,10,4,1,0,0,13,11,0,1,0,7,20,0,0
ASV34585,0,1,1,0,0,1,2,0,0,0,1,3,0,1,1,2,0,0,0,1,0,0,1,1,1,0,1,0,3,4,1,0,0,0,2,0,0
ASV35057,0,6,2,1,4,8,5,5,0,7,18,33,37,22,8,13,10,0,7,0,0,0,0,0,0,0,0,0,1,0,0,0,0,0,0,0,0
ASV35574,0,0,1,0,1,1,0,0,0,4,0,1,13,22,21,82,93,13,144,59,5,18,13,37,11,14,2,2,1,2,0,0,0,3,9,0,0
ASV36382,0,0,0,0,0,0,0,23,0,0,0,0,0,0,0,0,0,0,0,2,4,0,0,0,1,0,0,0,0,0,0,1,0,0,0,0,0
ASV36473,0,0,0,0,0,0,0,0,0,1,0,5,5,1,1,0,1,0,1,0,0,0,0,0,0,0,1,0,1,2,0,0,0,1,0,0,0
ASV37607,0,0,0,0,0,0,0,0,0,1,4,1,18,28,29,13,20,19,52,43,44,53,37,33,19,9,1,0,2,2,0,8,0,36,86,0,0
ASV38051,0,0,1,0,0,0,0,0,0,0,0,0,3,7,2,5,0,0,0,1,0,0,0,0,0,0,0,0,0,0,0,0,0,2,2,0,0
ASV38745,0,0,1,0,0,0,0,0,0,0,0,0,0,0,0,0,0,0,0,0,0,0,0,0,188,0,0,0,0,0,0,0,0,0,0,0,0
ASV38956,0,0,0,0,0,0,0,0,0,0,0,1,3,1,1,1,0,0,0,0,0,0,0,0,0,0,0,0,0,0,0,0,0,0,0,0,0
ASV39132,0,0,0,0,0,0,0,0,0,0,0,0,0,0,0,0,1,5,79,180,19,10,5,9,3,2,0,0,2,0,0,0,0,0,2,0,0
ASV39352,0,1,0,0,0,0,0,0,0,1,0,0,0,1,0,1,1,1,0,1,0,0,0,1,0,0,1,0,0,1,1,3,0,0,3,0,0
ASV39837,3,4,4,1,2,6,30,4,0,2,7,2,7,2,4,4,9,4,20,24,22,20,13,16,9,10,10,6,12,2,0,2,0,2,15,0,0
ASV41718,3,1,1,2,6,12,0,8,0,23,20,16,14,9,1,10,16,13,17,13,17,10,10,20,15,4,5,4,25,63,0,20,0,15,22,0,0
ASV42375,0,0,0,0,0,1,0,0,0,0,0,0,0,0,0,0,0,0,0,0,0,0,0,0,0,0,0,0,0,0,0,0,0,0,0,0,0
ASV43944,0,0,0,0,0,1,0,0,0,0,0,1,1,0,0,0,0,0,0,0,0,0,0,0,2,1,2,3,29,29,0,21,0,9,23,0,0
ASV44650,0,0,0,0,0,0,0,0,0,0,2,2,7,3,0,2,6,6,4,17,11,18,13,6,5,3,1,1,1,0,0,1,0,0,0,0,0
ASV44841,0,0,0,0,1,0,0,0,0,3,2,2,19,14,8,10,11,12,53,38,16,5,2,2,2,1,0,0,2,1,0,4,0,5,6,0,0
ASV45510,0,0,0,0,0,0,0,0,0,2,0,0,1,2,0,6,6,0,14,6,4,4,4,3,1,1,2,0,3,0,0,1,0,1,5,0,0
ASV45656,3,1,1,5,4,26,0,10,0,10,24,9,7,5,2,5,10,0,1,3,0,1,0,0,0,0,0,0,0,0,0,0,0,0,4,0,0
ASV46733,0,0,0,0,0,0,0,0,0,0,0,0,0,0,0,0,0,0,0,0,0,0,0,0,120,0,0,1,0,0,0,0,0,0,0,0,0
ASV49479,1,0,0,0,0,0,0,0,0,0,0,0,0,0,0,0,0,0,0,0,0,0,0,0,0,0,0,0,0,0,0,0,1,1,1,0,0
ASV49814,0,0,0,0,1,1,0,0,0,2,1,2,2,4,0,14,34,47,308,295,33,15,10,41,13,9,4,1,0,30,0,0,0,3,2,0,0
ASV50968,0,2,1,0,1,1,46,2,0,0,0,0,0,0,0,0,0,1,0,0,1,1,0,1,0,0,0,0,0,0,0,0,0,0,0,0,0
ASV51008,0,0,0,0,0,0,0,0,0,0,0,0,0,0,0,0,0,0,0,0,0,0,0,0,0,0,0,0,0,1,0,0,0,0,0,0,0
ASV51171,0,0,0,0,0,1,0,0,0,0,0,1,0,0,2,0,0,0,0,0,2,0,0,2,0,1,1,0,4,3,0,2,0,1,1,0,0
ASV53890,0,1,0,0,1,1,0,0,0,0,0,0,0,1,0,1,0,0,0,0,0,0,0,0,0,0,0,0,1,1,1,0,0,0,0,0,0
ASV54265,13,12,22,39,125,592,547,319,1,340,868,338,349,124,39,40,29,14,110,128,34,9,12,19,11,7,14,4,17,16,0,6,0,4,7,0,0
ASV57808,0,1,0,3,0,0,0,0,0,0,1,0,7,7,8,1,1,0,0,1,0,0,0,0,0,0,0,0,0,1,0,1,0,0,0,0,0
ASV61152,0,0,0,0,0,0,0,0,0,0,0,0,0,0,0,1,0,0,0,0,0,1,3,8,17,10,8,0,3,0,0,1,0,0,0,0,0
ASV63727,32,39,8,12,12,26,26,19,0,24,41,48,126,213,396,272,103,401,117,702,97,38,56,52,71,30,32,18,70,62,0,45,0,16,39,0,0
ASV65845,1,3,9,11,9,9,0,6,0,11,32,18,14,23,9,5,6,0,7,3,4,0,1,0,0,1,1,0,2,4,0,1,0,2,0,0,0
ASV65890,0,0,0,0,0,1,0,0,0,0,1,0,0,0,1,3,2,0,13,6,11,9,7,7,3,4,2,0,1,1,0,0,0,0,0,0,0
ASV66216,1,0,0,0,1,0,18,0,0,1,5,0,2,0,1,3,0,0,1,0,0,0,0,0,0,0,0,0,0,0,0,0,0,0,0,0,0
ASV69719,5,3,2,0,1,2,0,0,0,0,0,0,1,0,0,1,1,0,0,0,0,0,1,0,0,0,1,1,0,1,1,0,0,0,2,0,0
ASV70803,0,0,0,0,0,0,0,0,0,0,0,0,0,0,0,0,0,0,0,0,0,0,1,0,0,0,0,0,0,0,0,0,0,0,0,0,0
ASV72754,2,1,0,0,0,0,0,0,0,0,0,0,0,0,0,0,0,0,0,0,0,0,0,0,0,0,0,2,0,0,0,1,0,0,1,0,0
ASV75652,0,0,0,0,0,0,0,0,0,0,0,0,0,0,0,0,0,0,0,0,0,0,0,0,0,0,0,0,0,0,0,0,0,0,28,0,0
ASV78785,0,0,0,0,0,0,0,0,0,0,0,2,52,19,38,60,30,3,8,5,2,4,4,1,1,0,1,0,0,0,0,3,0,5,0,0,0
ASV83276,0,0,0,0,0,0,0,0,0,0,0,0,0,0,0,0,0,1,56,106,93,140,115,110,50,21,6,1,10,5,0,0,0,0,1,0,0
ASV106230,4,4,1,11,9,4,33,2,0,1,4,8,9,7,2,4,6,1,18,21,19,21,14,31,13,9,2,2,7,4,0,3,0,3,0,0,0
ASV106366,0,0,1,0,1,0,8,0,0,0,1,0,0,0,0,1,0,0,0,2,4,5,3,12,27,22,35,6,26,16,0,10,0,3,3,0,0
ASV106518,0,1,0,0,0,0,0,8,0,0,0,2,0,0,0,0,1,0,0,0,0,0,0,0,123,0,0,0,0,0,0,0,0,0,0,0,0
ASV108102,0,0,0,1,0,0,0,2,0,0,0,0,2,3,0,0,0,0,0,2,0,1,1,0,0,4,1,0,3,0,0,1,0,1,0,0,0
ASV108864,2,2,0,0,1,0,0,0,0,0,3,1,4,6,1,4,9,4,9,7,4,0,8,7,14,16,12,7,14,11,0,7,0,8,9,0,0
ASV109338,4,13,12,8,11,11,0,14,0,13,10,11,17,20,22,20,21,7,13,11,4,8,11,16,19,9,20,11,31,49,0,13,0,5,17,0,0
ASV109606,15,16,8,8,26,36,0,10,0,7,9,10,2,1,3,0,2,0,0,1,0,0,0,0,0,0,0,0,1,1,0,0,0,0,1,0,0
ASV110230,2,0,1,0,1,0,0,1,0,6,1,4,18,4,6,2,4,3,4,3,1,1,3,2,0,1,0,1,1,1,0,0,0,8,9,0,0
ASV114698,0,0,0,1,0,0,0,0,0,0,0,1,1,1,2,0,1,1,0,0,1,0,2,7,7,6,2,3,6,5,1,8,0,7,17,0,0
ASV118654,1,1,0,1,1,0,9,0,0,0,0,0,0,0,0,2,10,8,6,9,15,10,13,9,4,3,7,5,7,3,0,3,0,0,2,0,0
ASV119732,14,12,14,12,15,20,10,32,0,9,5,12,11,8,7,3,5,1,2,2,0,0,0,0,1,2,1,0,3,3,0,1,0,1,1,0,0
ASV121338,1,4,0,2,1,7,28,5,1,39,74,92,108,67,47,16,10,2,6,1,2,1,1,1,3,16,9,8,10,6,0,20,0,10,7,0,0
ASV126718,0,0,0,0,0,0,0,0,0,0,0,0,0,0,0,0,1,0,0,0,0,0,0,0,0,0,0,0,0,0,0,0,0,0,0,0,0
ASV128287,1,3,2,3,3,11,0,5,0,8,19,32,32,18,12,6,6,0,0,0,0,0,0,0,0,0,0,0,0,0,0,1,0,0,0,0,0
ASV128887,1,2,1,1,6,5,0,12,0,10,5,17,11,19,14,30,39,1,27,14,11,11,11,24,12,3,0,1,1,1,0,0,0,0,0,0,0
ASV129251,0,1,5,3,10,30,0,32,0,18,10,10,8,7,4,6,9,0,5,5,7,3,3,10,5,3,1,2,9,9,0,2,0,10,6,0,0
ASV130609,1,1,1,5,2,14,0,1,0,14,16,34,36,19,20,6,12,0,2,0,0,0,0,0,0,0,0,0,0,0,0,0,0,0,0,0,0
ASV138035,74,56,54,20,14,13,45,12,0,7,39,15,20,30,33,13,16,16,19,12,7,14,22,20,19,14,22,25,43,18,0,38,0,17,28,0,0
ASV138137,3,6,0,2,0,1,88,2,0,0,1,0,0,2,1,1,0,0,0,1,0,1,3,0,1,0,0,0,1,0,0,0,0,0,0,0,0
ASV138161,0,0,0,0,0,0,0,0,0,0,0,0,0,1,1,3,0,1,1,0,0,0,0,0,3,4,12,18,16,31,0,35,0,78,80,0,0
ASV138168,0,0,0,0,0,0,0,0,0,0,0,0,0,0,0,0,0,0,0,0,0,0,0,0,0,0,0,1,0,1,0,2,0,114,118,0,0
ASV138172,0,2,0,2,0,2,0,0,0,0,1,0,0,0,0,0,0,0,0,0,0,0,0,0,0,0,3,8,2,11,1,1,0,3,4,0,0
ASV138182,0,0,0,2,1,1,0,2,0,0,1,0,3,2,0,1,3,4,7,11,12,20,21,24,9,11,8,6,24,44,0,14,0,28,40,0,0
ASV138188,0,0,0,0,0,1,0,0,0,3,0,0,3,2,1,8,15,9,70,77,80,44,28,51,27,19,4,0,3,1,0,1,0,4,17,0,0
ASV138281,1,0,0,1,1,1,0,1,0,2,10,4,1,0,5,6,26,1,9,9,7,15,16,15,11,10,6,2,1,2,0,0,0,8,13,0,0
ASV138353,0,0,0,0,0,0,0,0,0,1,0,3,5,9,6,6,21,3,21,24,11,9,9,10,6,6,4,0,6,23,0,4,0,5,1,0,0
ASV138386,0,0,0,0,0,1,0,0,0,0,0,0,0,0,0,0,0,0,0,0,0,0,0,2,5,0,9,1,14,20,0,5,0,19,66,0,0
ASV138894,0,0,0,0,0,0,0,0,0,0,0,0,0,0,0,0,0,0,0,0,1,0,0,0,92,0,0,1,0,0,0,0,0,0,0,0,0
ASV139538,0,0,0,0,0,0,39,0,0,0,0,0,0,0,0,0,0,0,0,0,0,0,0,0,0,0,0,0,0,0,0,0,0,0,0,0,0
ASV139706,0,0,0,0,0,0,0,0,0,0,0,0,24,15,3,2,0,0,0,0,2,0,1,0,0,0,1,0,0,0,0,1,0,0,0,0,0
ASV140759,0,0,0,0,0,0,0,0,0,0,0,0,0,0,0,0,0,0,1,1,4,2,3,10,3,2,4,1,0,1,0,0,0,2,2,0,0
ASV140764,0,1,0,0,1,1,10,0,0,2,0,2,5,2,1,1,0,0,0,0,0,1,0,1,0,0,0,0,0,1,0,0,0,1,0,0,0
ASV140911,1,0,3,3,4,7,0,1,0,0,1,1,0,1,1,0,0,0,0,0,0,0,0,1,0,0,0,3,11,8,0,3,1,1,1,0,0
ASV141123,0,0,0,0,0,1,0,0,0,0,0,1,0,1,0,0,1,0,0,0,0,0,1,0,1,0,0,1,1,0,1,0,0,0,0,0,0
ASV142669,0,1,0,0,0,0,0,23,0,0,0,0,0,0,0,0,0,0,0,0,0,0,0,0,0,0,0,0,0,0,0,0,0,0,0,0,0
ASV143026,2,0,1,4,1,2,0,0,0,0,3,2,12,3,3,3,1,0,1,0,0,0,0,0,0,0,0,0,0,0,0,0,0,0,0,0,0
ASV143302,0,0,0,0,0,0,0,0,0,1,0,0,0,2,1,0,0,0,0,0,0,0,0,0,0,0,0,0,0,1,1,1,0,0,1,0,0
ASV145087,0,0,0,0,0,0,0,0,0,0,0,0,1,4,2,3,3,1,1,0,0,0,0,1,0,0,0,0,0,0,0,0,0,0,0,0,0
ASV146907,0,1,0,1,0,0,0,0,0,0,1,0,2,0,0,0,0,0,0,0,0,0,0,0,0,2,1,0,1,1,0,0,0,0,0,0,0
ASV147736,0,0,0,0,0,0,0,0,0,0,0,0,0,0,0,0,0,0,0,0,0,0,0,0,37,0,0,0,0,0,0,0,0,0,0,0,0
ASV148745,0,0,0,0,0,0,0,0,0,0,0,0,0,0,0,0,0,0,0,0,0,0,0,0,0,0,0,0,0,0,0,0,1,0,0,0,0
newASV3,11,14,5,4,4,5,13,3,0,12,39,19,31,52,51,32,24,22,18,23,23,21,23,24,28,17,20,16,40,18,0,37,0,17,31,0,0
newASV61,1,2,3,6,6,8,0,5,0,1,1,3,17,12,8,11,7,4,59,73,15,3,3,8,6,4,4,3,14,30,0,11,0,12,13,0,0
newASV70,4,2,1,2,3,8,0,6,0,3,10,6,12,13,0,4,0,2,3,0,2,2,1,0,1,1,4,0,2,5,0,3,0,2,0,0,0
newASV89,0,1,0,1,0,1,12,6,0,8,10,10,15,27,16,19,21,11,37,26,23,14,16,15,14,25,1,0,1,0,0,3,0,0,1,0,0
newASV130,1,0,1,1,4,4,0,2,0,5,3,5,9,9,6,14,22,3,34,31,24,9,8,6,2,1,4,1,5,10,0,5,0,26,25,0,0
newASV548,1,0,3,5,10,9,0,9,0,2,1,2,4,2,1,3,1,0,1,1,4,3,3,8,5,10,4,6,17,19,1,7,0,14,37,0,0
newASV610,0,0,0,0,0,0,0,0,0,0,0,0,0,0,0,0,0,0,0,0,0,0,0,0,0,0,0,0,0,0,0,0,0,0,0,0,0
newASV613,0,0,0,0,0,0,0,0,0,0,0,1,4,1,1,2,1,0,1,0,0,0,0,0,0,0,0,0,1,0,0,0,0,1,0,0,0
newASV658,0,0,0,0,1,0,0,0,0,0,0,0,0,0,0,0,1,0,0,0,0,0,0,0,0,0,0,0,1,2,1,1,0,0,4,0,0
newASV743,0,0,0,0,0,0,0,0,0,0,0,0,0,0,0,0,0,0,0,0,0,0,0,0,0,0,0,1,0,0,0,0,0,0,0,0,0
newASV1964,0,0,0,0,0,0,0,0,0,0,0,0,0,0,0,0,0,0,0,0,0,0,0,0,0,0,0,0,0,0,0,0,0,0,0,1,0
newASV4809,8,8,17,14,30,33,0,2,0,5,40,9,13,0,0,0,2,1,2,0,2,1,1,0,0,0,0,0,2,0,0,0,0,5,5,0,0
newASV4990,3,1,2,2,3,6,0,3,0,1,3,1,1,1,2,0,0,0,0,1,2,1,2,1,1,0,0,3,10,3,1,1,0,5,4,0,0
newASV6124,0,0,0,0,0,0,0,0,0,0,0,0,0,0,0,0,0,0,0,0,0,0,0,0,0,0,0,0,0,0,0,0,0,0,0,0,0
newASV19607,0,0,0,0,0,0,0,0,0,0,0,0,0,0,0,0,0,0,0,0,0,0,0,0,0,0,0,0,0,0,0,0,0,1,0,1,0
newASV20487,5,4,13,2,0,2,0,0,0,0,3,6,59,11,5,3,3,1,5,1,2,0,2,25,18,20,83,51,129,29,0,80,0,23,25,0,0
newASV21236,1,1,2,0,0,0,0,0,0,0,0,0,0,0,0,0,0,0,0,0,1,0,0,0,0,0,1,5,1,0,0,3,0,1,0,0,0
newASV25261,1,0,0,0,0,0,0,0,0,0,0,1,6,2,0,0,0,0,0,0,0,0,0,3,1,3,6,7,10,4,0,5,0,1,4,0,0
newASV29610,10,5,6,4,0,3,11,0,0,0,5,4,5,5,8,4,6,3,0,1,1,2,1,6,1,0,6,4,26,10,0,32,0,2,7,0,0
newASV34156,0,0,0,0,0,0,0,0,0,0,0,0,0,0,0,0,0,0,0,0,0,0,0,0,0,0,0,0,0,0,0,0,0,0,0,1,0
newASV34583,0,0,0,0,0,1,0,0,0,0,0,0,0,0,0,0,0,0,0,0,0,0,0,0,0,0,1,1,0,0,0,0,0,0,0,0,0
newASV36218,0,0,1,0,0,0,0,0,0,0,0,0,1,0,0,1,0,1,0,0,0,0,0,0,0,0,1,0,2,0,0,1,0,1,0,0,0
newASV38463,22,28,75,11,4,4,18,2,0,3,15,5,15,14,9,5,3,2,9,5,2,4,4,12,13,13,66,123,109,25,1,57,0,20,38,0,0
newASV40163,0,0,0,1,1,3,2,0,0,0,0,1,0,1,0,0,0,1,0,1,0,0,0,1,0,0,3,1,3,3,0,7,0,3,3,0,0
newASV40696,0,0,0,0,1,2,3,0,0,0,0,0,1,0,1,0,1,0,0,0,0,0,0,1,1,0,0,1,4,1,0,2,0,1,0,0,0
newASV41531,0,4,12,7,20,23,85,13,0,3,9,6,48,19,6,4,1,6,6,5,2,0,6,22,12,25,79,72,141,29,0,90,0,30,27,0,0
newASV44594,0,0,0,0,0,0,0,0,0,0,0,0,2,0,0,0,0,0,0,0,0,0,0,0,0,2,3,5,2,0,0,4,0,1,0,0,0
newASV45127,0,0,0,0,0,0,0,0,0,0,0,0,0,0,0,0,0,0,0,0,0,0,0,0,0,0,0,1,0,0,0,0,0,0,0,0,0
newASV45519,0,1,1,0,0,0,0,0,0,0,0,0,0,0,0,0,0,0,0,0,0,0,0,0,0,0,0,1,1,0,0,1,0,1,0,1,0
newASV46215,0,0,1,0,0,0,0,1,0,1,0,1,3,1,0,0,0,0,0,0,0,0,0,0,1,0,4,1,0,1,0,0,0,0,0,0,0
newASV47101,18,11,22,11,0,2,46,5,0,4,15,5,3,6,4,4,4,4,4,2,3,3,3,6,3,3,6,7,11,5,0,15,0,8,6,0,0
