ASV,MQ210528-1,MQ210528-3,MQ210528-5,MQ210528-7,MQ210528-9,MQ210528-11,MQ210528-13,MQ210528-15,MQ210528-17,MQ210528-19,MQ210528-21,MQ210528-23,MQ210528-25,MQ210528-27,MQ210528-33,MQ210528-35,MQ210528-37,MQ210528-39,MQ210528-41,MQ210528-43,MQ210528-45,MQ210528-47,MQ210528-49,MQ210528-55,MQ210528-59,MQ210528-61,MQ210528-63,MQ210604-1,MQ210604-3,MQ210604-5,MQ210604-7,MQ210604-9,MQ210604-11,MQ210604-13,MQ210604-15,MQ210604-17,MQ210604-19,MQ210604-21
ASV4,14894,13848,9708,23052,8030,9608,13588,9060,17808,11219,11722,6630,7920,15231,12874,8606,3157,6397,8238,8094,4416,6182,16968,7505,6332,14897,5339,7537,19586,20277,11268,7483,14826,11195,3010,8358,7987,9118
ASV5,0,2,0,2,0,0,1,0,0,1,0,3,1,1,2,2,0,10,0,0,1,22,4,0,0,0,1,0,0,1,0,0,0,0,0,0,0,0
ASV6,33,25,26,17,28,12,51,16,35,20,34,7,21,48,22,21,23,31,33,40,5,277,29,59,20,18,33,41,58,30,80,45,42,41,8,32,16,31
ASV10,32,48,43,123,50,45,66,26,50,56,51,76,74,159,81,103,21,87,80,44,21,58,58,64,48,35,73,63,114,60,129,54,62,57,6,40,17,50
ASV13,5844,5552,3623,9217,3106,3907,5367,3605,7108,4564,4951,2654,3172,6395,5098,3161,1174,2410,3335,3011,1661,2553,6838,2867,2399,5786,1967,3212,7782,7731,4110,2989,6108,4687,1321,3526,3363,3488
ASV17,5147,3756,3368,2741,2314,2725,3428,1915,3437,3347,2740,1053,1687,2612,1530,618,759,532,769,1016,642,1092,2081,1207,1206,2638,1050,338,780,2138,986,1939,1593,2025,708,968,1107,1091
ASV26,13,23,17,18,14,12,27,17,25,9,14,4,20,22,13,18,16,10,22,87,10,267,26,33,25,18,58,30,39,13,81,52,14,40,9,19,13,28
ASV27,0,0,0,0,1,0,0,0,1,0,0,0,0,1,0,0,0,11,0,0,0,2,0,0,1,0,0,1,0,0,0,0,0,0,0,0,0,0
ASV31,0,2,0,0,0,0,0,0,0,0,0,0,0,0,0,0,0,6,0,0,2,11,1,0,0,0,0,0,0,0,0,0,0,0,0,0,0,0
ASV38,1,4,0,1,5,0,6,3,0,0,1,1,1,0,2,2,1,4,20,2,1,135,1,2,0,0,3,2,1,3,12,1,1,1,0,2,1,0
ASV47,294,409,221,516,285,311,218,285,330,229,243,5255,221,446,433,311,262,358,288,412,214,356,443,559,293,352,387,796,629,615,1183,329,946,484,167,202,216,494
ASV98,136,224,105,136,130,148,114,81,196,99,148,299,90,174,180,136,98,160,109,250,68,722,246,226,217,145,141,477,269,226,682,145,344,182,126,101,117,183
ASV109,81,103,112,54,57,74,84,78,78,64,68,68,38,156,103,71,46,62,73,104,88,221,146,97,85,74,135,759,278,127,98,74,221,90,109,58,73,133
ASV113,819,808,765,1075,463,609,696,588,975,745,684,574,531,949,737,573,178,493,481,454,262,337,1424,585,365,855,315,591,953,1197,676,447,932,626,229,476,416,542
ASV118,1353,1212,853,2035,771,928,1297,876,1562,1004,1011,493,757,1451,1226,842,278,542,833,784,397,568,1532,582,588,1447,547,771,1877,1943,1087,767,1534,1119,346,807,724,869
ASV119,104,132,106,162,87,123,100,82,123,63,98,1388,91,132,152,131,107,169,108,139,72,279,161,186,98,106,99,459,228,176,630,127,278,128,61,68,68,123
ASV122,3,0,5,0,1,0,4,0,0,1,1,0,3,2,2,0,3,0,1,0,0,1,0,0,1,1,1,1,0,1,0,1,0,2,0,1,0,0
ASV134,197,270,111,323,156,236,166,153,189,140,171,1995,158,267,210,164,93,188,174,314,106,209,210,325,171,216,205,586,414,321,1037,197,480,307,99,126,153,254
ASV140,2,8,9,0,2,0,1,1,1,4,1,0,1,0,1,11,2,11,19,1,5,20,5,11,16,6,5,6,8,3,17,6,1,5,0,0,1,14
ASV145,1087,1338,648,512,757,518,733,676,1091,787,761,217,388,1191,568,641,430,435,570,849,487,325,804,858,573,768,871,447,1496,1205,1026,774,569,703,296,429,361,859
ASV147,273,109,255,92,133,59,149,37,57,103,256,54,78,88,112,127,74,70,72,114,62,59,78,175,104,74,55,108,89,59,121,99,107,181,28,19,37,84
ASV154,0,0,0,0,0,0,0,0,0,0,0,0,0,0,0,0,0,0,0,0,0,9,0,0,0,0,0,0,0,0,0,0,0,0,0,1,0,0
ASV156,174,89,104,153,84,61,147,87,178,79,109,34,76,149,107,94,24,63,78,43,6,35,95,53,29,54,19,50,223,52,228,32,78,62,24,76,49,34
ASV162,1164,1124,676,1927,719,793,1047,753,1459,934,978,477,631,1343,982,558,233,504,626,638,361,564,1671,523,529,1404,440,545,1459,1921,831,717,1405,1179,286,818,776,697
ASV163,461,315,370,421,281,256,288,171,268,226,342,684,337,428,315,864,300,591,509,761,136,239,879,657,529,566,291,763,1236,546,867,466,502,413,101,235,312,749
ASV167,449,304,270,287,279,171,310,114,612,329,408,128,158,380,178,125,87,106,163,153,69,57,133,252,162,167,70,120,174,180,377,171,213,248,79,124,53,112
ASV174,1,2,0,0,0,0,0,0,2,1,0,7,0,0,0,1,0,0,1,1,0,5,0,0,0,0,4,10,2,0,5,0,3,1,1,0,1,1
ASV179,478,824,246,684,421,469,618,609,526,1007,350,224,215,853,303,47,28,42,50,136,36,127,206,65,42,221,146,42,61,121,139,226,79,128,85,59,106,74
ASV186,120,47,100,104,58,53,109,48,45,35,94,162,58,95,116,142,58,153,175,137,36,57,143,145,119,125,81,134,276,169,229,129,112,113,27,78,74,130
ASV191,0,0,0,0,0,0,0,0,0,0,0,0,0,0,0,0,0,0,0,0,0,0,0,0,0,0,0,0,0,0,0,0,0,0,0,0,0,0
ASV196,70,83,46,185,78,113,124,87,99,102,137,221,110,198,114,40,24,40,85,35,17,71,55,53,39,68,30,61,115,45,137,38,88,79,32,135,62,44
ASV197,0,0,5,0,2,0,1,0,0,0,0,0,0,1,0,2,2,9,0,2,2,4,1,56,3,0,1,2,1,1,7,0,4,0,0,0,0,5
ASV202,547,424,442,619,462,404,533,218,435,371,571,2138,418,629,589,841,425,764,533,773,238,274,653,839,686,589,343,933,1488,685,1095,450,803,467,132,321,315,845
ASV206,97,86,269,160,77,104,127,59,77,106,167,167,124,220,155,353,154,291,233,362,109,142,337,548,400,304,251,388,545,309,584,288,137,191,37,110,91,357
ASV212,121,157,69,179,113,110,98,94,101,90,76,1764,109,129,145,103,80,126,68,161,66,111,140,185,89,140,125,266,213,210,387,99,330,179,76,66,76,149
ASV218,0,0,6,0,1,0,0,1,0,0,1,0,0,0,0,1,0,5,3,2,0,0,1,0,2,0,1,1,0,3,3,1,0,1,0,1,0,0
ASV221,15,167,274,38,42,21,628,146,152,31,52,14,260,157,927,4708,427,1912,76,2268,998,70,198,2316,493,34,733,847,169,17,1086,466,32,28,10,8,18,557
ASV226,311,303,248,180,205,154,204,48,313,251,515,420,89,236,111,91,216,198,90,134,49,35,33,292,104,80,35,50,71,62,369,93,225,149,113,153,38,132
ASV230,60,79,76,75,53,59,56,33,51,61,99,261,63,106,88,139,86,119,115,197,44,92,108,155,134,114,66,244,204,81,360,99,212,96,29,79,50,88
ASV235,834,724,592,1046,489,586,681,504,987,550,701,377,463,846,766,642,163,377,561,486,267,314,1053,480,377,777,317,525,1191,1027,715,432,817,582,169,449,387,571
ASV236,0,1,0,0,0,0,0,0,7,0,0,3,0,0,0,0,0,0,0,0,0,192,0,0,0,0,0,0,0,0,0,0,0,87,108,6,45,0
ASV243,159,344,114,308,154,242,142,180,219,180,126,2395,146,245,182,117,112,130,117,221,67,179,157,281,138,204,212,395,344,287,539,137,638,359,138,131,186,210
ASV244,116,158,75,177,76,117,84,87,114,85,107,1854,107,148,175,121,82,131,93,128,60,103,143,183,84,122,124,275,218,200,414,122,306,135,77,69,77,138
ASV245,158,183,65,205,97,158,116,100,125,121,123,1592,91,156,159,140,96,123,103,168,77,166,165,192,114,137,130,314,263,256,445,134,274,245,57,79,96,178
ASV272,96,140,72,142,83,97,74,79,109,64,83,1235,66,142,115,101,72,69,70,82,48,83,130,148,73,93,113,242,225,175,344,108,185,169,35,45,63,154
ASV279,0,1,1,2,1,0,0,0,0,0,0,1,1,0,0,1,0,7,1,10,0,34,0,0,3,1,1,2,2,0,3,0,0,0,0,0,0,1
ASV280,0,1,2,0,0,0,0,0,0,0,1,0,0,1,0,1,0,3,2,0,0,0,0,1,0,0,0,0,0,0,1,0,0,0,0,0,0,0
ASV288,2053,456,2771,431,1026,280,1412,345,381,525,717,243,556,1085,448,244,181,237,408,549,185,216,314,462,423,281,295,276,257,245,435,371,114,198,162,111,100,298
ASV289,242,168,241,143,261,108,174,76,137,232,191,306,87,225,62,56,59,106,205,108,47,30,66,104,166,69,103,40,105,116,128,165,74,155,73,23,72,91
ASV291,1,3,0,1,0,1,0,0,0,0,0,0,0,0,0,0,5,2,5,5,2,0,4,14,1,0,8,1,0,0,31,3,0,0,0,0,0,8
ASV297,0,0,0,0,1,1,0,0,0,0,0,1,2,0,2,3,0,4,1,1,2,0,1,3,1,1,2,0,1,0,1,0,0,1,1,0,0,2
ASV307,1943,1470,1234,2672,1286,1344,1581,2555,2023,1327,1580,777,1481,2385,2121,670,335,681,1517,797,542,783,1352,814,1366,2317,1167,720,2065,2357,848,3335,4892,1295,640,861,1059,2366
ASV308,81,126,35,135,53,98,65,71,72,61,51,1282,68,96,112,67,53,91,76,109,31,55,80,145,68,100,102,210,146,127,274,82,235,103,41,43,60,139
ASV314,8,3,3,0,5,0,11,1,4,1,14,0,1,11,2,4,2,6,30,4,1,30,6,13,8,3,5,11,12,0,13,3,0,2,0,0,0,15
ASV322,74,99,45,111,80,77,55,59,75,68,71,1184,46,102,71,56,56,87,81,108,45,69,104,138,53,79,71,179,128,114,282,81,231,108,38,50,42,116
ASV333,44,73,70,136,79,109,93,36,80,68,120,155,114,135,139,172,99,147,137,193,48,83,160,218,158,125,206,216,362,150,254,126,141,165,25,103,101,292
ASV345,47,55,48,74,48,29,57,46,85,30,122,45,40,90,46,87,43,118,74,82,28,52,107,103,60,85,44,147,181,80,176,54,99,77,12,89,39,115
ASV360,93,97,127,84,78,85,53,52,71,105,50,217,64,59,84,293,138,154,144,313,89,69,173,218,229,184,113,343,400,162,277,342,147,104,27,51,105,309
ASV368,56,80,48,117,48,85,47,35,50,37,60,575,47,101,60,46,52,56,60,83,25,74,78,79,43,54,55,262,120,101,284,69,150,153,19,33,36,73
ASV381,3012,1309,1436,601,1049,455,1783,980,1853,891,1180,123,712,1384,677,808,280,432,943,1007,362,302,986,609,1093,760,536,243,1332,1309,962,802,179,464,211,418,449,638
ASV382,77,111,54,102,57,82,57,51,72,62,69,1344,79,109,94,81,63,66,56,87,58,68,82,137,61,77,89,210,128,91,221,73,204,89,39,42,56,94
ASV387,8,6,7,14,5,2,8,5,6,3,8,17,7,9,8,8,16,7,14,15,9,23,16,16,9,11,22,144,27,10,224,40,25,28,7,6,9,11
ASV392,197,247,150,237,99,115,135,93,161,128,147,55,87,74,68,79,50,49,96,93,44,131,129,137,76,145,49,43,119,203,125,137,183,142,112,119,189,97
ASV397,104,145,174,224,138,145,156,148,124,134,210,240,150,279,156,233,66,219,192,292,91,94,217,270,219,215,138,249,387,317,345,210,373,213,47,149,113,287
ASV398,0,0,0,0,0,0,0,0,0,0,0,0,0,0,0,0,0,0,0,0,0,0,0,0,0,0,0,0,0,0,0,0,0,0,0,0,0,0
ASV401,476,674,279,243,326,241,347,274,481,353,353,100,171,524,264,296,186,149,262,337,181,118,327,378,220,306,339,178,667,509,467,318,239,315,114,190,165,387
ASV403,766,599,326,728,365,387,207,507,1226,805,325,485,372,330,581,51,12,68,193,33,27,27,49,48,51,114,109,21,217,245,114,62,88,186,104,72,121,43
ASV404,0,0,0,0,0,0,0,0,0,0,0,0,0,0,0,0,0,0,0,0,0,0,0,0,0,0,0,0,0,0,0,0,0,0,0,0,0,0
ASV413,82,129,52,148,73,95,61,60,95,67,65,1428,74,119,119,71,62,97,70,109,37,98,93,130,77,98,72,185,147,138,331,70,245,107,47,39,61,117
ASV414,328,530,307,274,212,173,432,222,280,302,320,47,143,611,166,521,189,178,297,364,141,274,309,533,281,338,272,370,499,355,449,400,1176,369,128,222,179,259
ASV420,337,508,170,321,201,277,410,290,513,507,297,138,186,486,209,23,38,17,60,38,52,144,112,26,36,241,124,36,73,245,81,133,265,347,93,199,187,39
ASV422,134,348,64,552,141,444,204,168,322,483,195,316,169,357,305,46,22,26,53,27,17,102,88,36,23,133,32,21,98,132,88,38,618,248,59,144,175,26
ASV429,144,63,61,76,76,31,61,63,120,57,85,24,51,37,59,73,19,27,61,71,29,13,48,147,43,18,22,10,166,76,334,60,19,83,22,32,41,116
ASV445,61,91,46,90,66,77,58,33,71,51,57,640,67,85,66,57,40,47,57,81,46,66,81,93,52,72,59,158,116,114,210,53,155,109,33,51,43,73
ASV465,36,52,27,32,18,46,30,28,57,28,30,69,35,48,51,22,20,47,35,46,17,201,53,69,49,42,25,98,56,45,190,46,76,64,36,18,21,54
ASV472,83,278,79,343,128,226,181,115,171,190,133,378,117,359,130,53,87,48,86,59,40,187,254,103,57,240,200,77,121,188,137,199,523,361,115,98,191,107
ASV491,39,51,78,77,39,73,39,20,26,57,46,62,35,84,59,98,20,36,21,73,14,26,71,78,47,24,76,68,234,105,106,238,103,49,10,22,19,80
ASV492,36,66,14,108,22,72,74,45,67,82,74,13,19,76,19,10,40,13,13,9,13,199,155,23,27,160,100,36,22,136,38,236,223,229,38,130,140,28
ASV493,47,60,23,89,41,55,56,20,46,37,37,377,29,64,67,51,32,33,43,70,30,67,77,53,43,51,41,154,96,75,276,39,136,80,15,34,36,65
ASV507,2099,935,899,513,784,314,1192,748,1307,621,795,68,500,992,465,553,159,275,641,668,268,190,678,405,643,536,340,147,834,895,654,472,113,297,148,298,314,454
ASV521,100,96,80,168,92,90,108,68,116,95,131,367,104,164,160,149,50,169,88,114,34,53,88,95,81,95,50,90,238,103,174,69,159,123,22,65,44,140
ASV525,0,0,0,0,0,0,0,0,0,0,0,0,0,0,0,1,0,0,0,0,0,0,0,0,0,0,0,1,1,0,0,0,0,0,0,0,0,0
ASV541,228,348,161,333,308,192,182,290,491,337,279,223,303,438,415,434,273,270,265,339,163,171,423,191,241,261,308,548,586,459,477,348,1398,200,200,310,168,299
ASV559,106,266,69,451,186,421,148,35,192,396,218,742,89,224,89,2,137,18,18,20,43,2706,548,13,29,632,116,0,31,396,85,346,252,149,77,139,183,10
ASV560,15,19,31,20,15,24,16,8,29,13,63,304,11,40,17,31,52,78,47,49,14,43,45,95,46,80,40,142,79,55,126,40,68,24,14,67,14,72
ASV563,62,78,39,80,37,50,48,34,62,48,54,1006,49,76,68,60,49,62,40,92,37,68,84,91,50,64,62,149,117,100,206,70,193,79,24,29,38,74
ASV571,9,19,47,23,13,34,14,11,18,243,8,4,7,19,8,12,10,19,32,12,5,72,5,36,12,8,7,15,13,4,48,12,21,30,3,8,8,15
ASV587,183,51,178,84,35,26,63,11,29,11,44,21,96,19,58,72,31,78,57,214,32,41,53,112,182,63,13,197,166,64,404,73,16,20,20,38,80,135
ASV613,48,25,21,25,78,6,232,24,9,11,104,1,73,258,76,5,8,2,5,7,3,25,30,10,13,32,24,17,13,24,13,55,9,26,8,7,2,15
ASV622,61,14,9,12,25,22,19,18,40,17,28,24,21,10,24,37,19,31,49,39,15,16,18,101,32,12,16,76,141,20,246,24,37,31,9,12,7,43
ASV626,0,0,0,0,0,0,0,0,0,0,0,0,0,0,0,0,0,0,0,0,0,0,0,0,0,0,0,0,0,0,0,0,0,0,0,0,0,0
ASV648,9,2,9,3,4,0,6,0,1,4,3,0,0,3,2,0,0,1,2,1,2,0,1,1,0,0,1,2,3,0,6,1,0,2,0,3,0,0
ASV665,377,189,240,297,157,155,173,98,211,132,225,175,178,210,227,55,79,48,106,210,116,109,388,44,75,379,124,168,201,318,118,206,570,226,92,177,180,66
ASV667,0,0,0,0,1,0,0,0,0,0,0,0,0,0,0,0,0,0,0,0,0,34,0,0,0,0,0,0,0,0,1,0,0,0,0,0,0,0
ASV679,85,276,58,378,80,328,186,152,343,438,127,123,53,182,94,26,14,7,29,19,16,150,51,25,16,136,45,16,59,62,91,106,166,186,40,107,113,42
ASV682,719,90,694,70,341,47,208,66,85,53,215,37,95,162,143,1294,267,515,968,2166,488,95,501,1597,1390,209,282,1470,2619,396,795,715,95,120,30,50,75,2438
ASV683,359,581,245,360,244,296,328,860,573,288,347,92,532,588,252,108,24,29,204,149,367,102,91,85,55,115,59,30,229,109,308,88,817,600,48,211,85,67
ASV687,27,36,28,69,44,55,41,37,47,25,46,397,29,59,57,32,18,33,25,49,21,113,49,67,24,38,48,111,67,64,392,34,97,66,34,21,21,57
ASV695,38,35,39,27,44,18,29,26,33,32,28,8,17,39,14,47,30,28,46,83,14,76,80,104,347,47,42,73,73,29,89,72,45,30,11,20,22,39
ASV704,136,65,122,74,55,18,32,10,45,34,39,18,34,7,15,47,65,34,34,105,20,21,60,188,101,44,16,23,46,12,81,117,27,16,23,11,28,58
ASV709,4,6,10,6,10,2,2,2,10,17,3,3,6,7,3,3,1,4,17,4,1,41,4,12,9,2,7,4,4,2,11,3,2,6,5,2,3,1
ASV712,38,54,31,87,38,47,37,36,42,36,39,752,38,55,61,54,36,46,41,60,20,52,43,84,37,38,55,116,88,100,194,46,139,64,20,32,23,68
ASV724,0,0,0,0,0,0,0,0,0,0,0,0,0,0,0,0,0,0,0,0,0,0,0,0,0,0,1,0,0,0,0,0,0,0,0,0,0,0
ASV726,797,784,594,621,377,475,476,385,742,650,295,216,381,313,429,56,42,41,64,82,68,87,228,92,63,206,58,65,91,255,226,166,74,160,84,84,124,67
ASV737,13,0,74,9,16,1,11,3,2,8,8,1,7,11,15,3,0,4,0,0,2,4,1,9,0,4,1,0,3,3,5,1,25,9,12,2,17,0
ASV738,792,406,1273,191,462,163,403,294,375,324,300,94,243,227,278,193,110,171,270,477,220,152,203,469,607,146,219,130,163,184,266,359,41,93,68,51,79,263
ASV751,0,0,0,0,0,0,0,0,2,1,0,0,0,2,0,0,0,2,4,0,0,1,1,3,1,0,0,3,2,2,2,1,0,0,0,0,0,1
ASV756,0,0,1,0,1,0,1,0,0,0,0,0,0,0,0,0,0,0,5,0,0,0,0,0,0,0,0,0,0,0,0,1,0,0,2,0,0,3
ASV765,130,212,46,219,76,222,534,162,597,241,110,36,121,383,155,8,1,2,18,6,3,19,7,1,1,15,2,2,12,7,18,1,92,60,12,65,27,2
ASV777,104,181,68,367,111,375,151,122,221,261,155,450,140,409,185,53,19,29,54,34,34,78,108,52,29,184,49,38,113,143,71,56,306,242,42,99,203,47
ASV778,167,4,606,1,249,2,58,5,2,6,27,2,19,62,22,17,107,27,500,419,1040,1116,848,28,412,849,8355,28,164,530,46,1014,4,10,16,1,2,455
ASV782,2235,500,1165,572,1172,273,216,267,1399,778,790,477,420,571,918,395,170,689,892,560,215,83,226,715,500,343,323,241,1317,1018,673,353,358,300,228,213,222,550
ASV784,0,0,0,0,0,0,0,0,0,0,1,0,0,0,1,2,1,2,2,0,0,7,0,8,2,0,1,3,0,0,3,1,0,0,0,0,0,0
ASV798,70,57,85,17,49,13,71,33,113,38,156,17,14,96,12,108,121,116,123,113,33,44,88,121,68,52,34,173,211,48,219,69,176,93,32,146,54,147
ASV802,3,2,3,2,0,3,3,0,1,1,7,0,0,7,1,8,7,6,13,4,1,6,6,11,14,4,9,10,10,5,15,3,8,6,2,0,1,12
ASV810,507,786,257,321,312,316,374,397,604,466,431,114,165,449,189,301,271,192,262,376,208,193,371,575,293,421,410,331,771,574,470,402,804,369,186,248,224,439
ASV818,2082,496,1162,575,1027,279,239,243,1398,731,747,472,410,526,896,392,171,612,827,503,252,71,202,684,437,368,340,244,1200,959,655,309,384,282,171,220,189,564
ASV820,288,582,756,338,245,341,260,289,323,409,255,608,209,572,322,15,36,30,43,54,37,24,55,26,74,94,97,19,17,80,25,146,45,64,56,14,47,92
ASV828,137,153,98,252,91,100,134,88,177,162,106,92,104,177,141,66,31,73,84,74,30,75,109,59,48,137,34,80,205,132,105,81,174,103,33,87,75,70
ASV831,1,2,9,4,5,2,1,1,6,1,5,2,3,3,0,9,5,10,19,7,1,77,6,17,1,3,1,7,13,1,17,2,4,1,0,2,0,5
ASV846,17,23,18,17,12,9,33,10,16,35,12,46,18,40,18,101,54,56,28,92,14,22,63,124,253,79,49,87,106,67,88,132,36,26,8,18,20,70
ASV856,22,38,15,29,19,30,17,19,23,19,22,429,19,32,23,33,24,25,22,38,13,27,33,44,26,38,30,79,64,35,101,29,87,31,13,11,14,46
ASV871,832,1246,428,405,577,449,583,632,851,813,669,208,267,666,390,331,333,242,334,463,256,280,587,748,338,440,413,246,817,789,572,519,673,433,228,355,328,581
ASV882,269,187,185,263,180,171,280,127,207,131,265,194,173,234,185,131,85,100,161,192,102,109,505,143,181,180,167,212,317,247,246,176,273,156,45,111,146,224
ASV895,225,270,182,388,161,143,198,173,315,188,194,140,155,238,223,150,53,117,128,148,87,93,281,147,112,261,102,134,271,396,172,173,251,177,70,139,121,160
ASV896,0,0,0,0,0,0,0,0,0,0,0,0,0,0,0,0,0,0,0,0,0,0,0,0,0,0,0,0,0,0,0,0,0,0,0,0,0,0
ASV899,137,223,91,220,231,112,121,192,323,199,180,136,233,288,239,241,142,177,199,242,103,115,250,144,185,178,213,365,385,296,273,251,924,135,143,195,114,203
ASV900,1079,1503,507,488,667,521,668,825,1153,1006,687,242,331,698,435,339,370,288,396,575,262,337,667,888,324,511,626,270,1061,1021,706,606,891,492,313,389,336,664
ASV901,130,90,96,122,106,63,171,48,92,78,112,206,90,163,90,170,34,101,102,156,47,68,167,166,111,145,80,229,332,153,197,119,185,100,38,71,56,123
ASV902,71,28,53,19,49,11,24,8,21,12,23,86,27,34,18,157,58,79,109,215,38,49,117,144,166,95,68,207,224,89,128,116,43,56,12,21,13,205
ASV908,0,0,0,0,0,0,0,0,0,0,0,0,0,0,0,0,0,0,0,0,0,0,0,0,0,0,0,0,0,0,0,0,0,0,0,0,0,0
ASV915,0,1,0,0,0,0,0,0,1,0,0,0,0,0,0,0,1,0,1,0,0,0,0,0,0,0,0,1,1,0,0,0,0,0,0,0,0,0
ASV922,44,33,42,28,20,17,34,14,33,16,48,166,24,37,36,88,60,75,50,112,29,25,89,109,120,62,50,125,167,52,161,73,92,45,9,43,29,147
ASV929,6,1,4,1,2,1,4,0,1,2,2,0,0,2,0,3,1,4,17,10,1,0,1,20,4,1,4,1,4,1,13,5,5,3,0,0,0,6
ASV932,26,32,22,39,19,35,29,29,35,20,24,489,32,48,42,25,22,43,30,33,12,35,29,64,18,28,28,92,55,49,135,30,80,34,18,7,16,33
ASV935,22,32,16,42,18,25,17,31,21,8,25,421,19,28,32,22,17,33,18,32,17,17,39,54,13,27,19,59,45,46,77,29,84,33,14,22,10,33
ASV951,13,14,37,6,9,4,29,2,6,5,18,0,9,12,10,21,21,36,87,30,6,3,38,73,35,4,74,49,53,6,140,44,2,2,0,5,4,29
ASV953,457,152,307,149,115,49,230,80,123,54,133,24,116,65,137,305,124,160,224,332,121,90,130,587,306,334,78,74,522,206,739,222,7,79,56,63,64,327
ASV957,2,19,2,9,5,9,4,11,9,51,5,2,1,11,2,1,5,6,17,8,1,224,2,8,13,10,7,7,7,4,15,2,12,18,2,5,4,5
ASV974,197,260,125,92,146,104,143,140,224,128,147,33,76,221,86,139,76,83,121,153,95,64,132,192,110,127,151,71,242,250,216,173,94,107,54,82,81,180
ASV981,225,190,150,133,168,61,68,66,273,213,164,115,66,115,50,9,20,17,21,17,11,17,22,14,13,47,27,10,9,57,25,33,82,66,79,28,30,18
ASV989,37,59,42,96,36,106,51,37,57,63,44,191,168,93,117,73,28,77,70,112,22,32,69,158,46,58,47,54,221,57,78,68,113,76,10,46,33,32
ASV997,400,623,246,224,250,165,251,286,403,313,264,62,136,454,208,305,198,197,191,302,139,164,360,395,224,381,382,312,584,522,401,318,667,215,147,207,189,327
ASV999,0,0,0,0,0,0,0,0,0,0,0,0,0,0,0,0,0,0,0,0,0,0,0,0,0,0,0,0,0,0,0,0,0,0,0,0,0,0
ASV1014,451,491,229,295,256,202,243,246,379,277,278,148,178,396,253,289,202,190,224,265,151,158,427,345,205,507,329,366,646,509,418,322,1134,269,148,181,187,387
ASV1024,225,397,174,171,196,173,210,205,248,236,202,221,124,406,167,163,114,116,144,254,107,110,203,212,166,164,220,313,475,241,256,249,510,182,85,88,86,177
ASV1056,393,551,219,191,283,231,295,234,426,335,362,144,112,456,209,284,243,196,229,404,153,202,447,393,283,454,427,363,637,626,355,421,829,343,147,217,220,565
ASV1077,39,286,31,148,26,207,38,67,178,305,21,358,21,55,30,2,9,10,6,15,4,32,31,4,3,36,32,1,7,17,9,72,54,73,73,20,45,10
ASV1102,2,5,2,4,5,4,1,2,0,28,6,1,2,4,4,0,3,2,0,1,0,1,1,3,0,2,1,1,1,2,0,1,11,11,12,6,7,2
ASV1109,218,100,183,122,156,55,172,147,165,70,182,50,114,161,134,239,78,102,216,289,84,90,111,456,342,133,120,269,469,124,252,132,63,105,47,26,128,266
ASV1117,79,56,95,103,82,66,107,48,83,83,77,76,77,140,85,195,88,162,150,156,44,69,161,242,152,149,97,153,296,139,325,143,79,78,23,58,64,209
ASV1122,50,78,74,53,47,41,123,44,54,94,61,8,37,149,38,111,71,57,58,128,32,62,195,194,135,55,83,153,122,96,111,134,46,70,16,31,21,96
ASV1150,252,346,137,195,211,159,226,186,296,195,259,109,95,292,109,89,128,65,90,163,95,122,227,215,93,208,211,66,223,292,142,218,233,167,81,128,96,154
ASV1166,686,553,643,420,300,314,340,318,488,441,170,128,345,191,403,17,19,18,58,40,59,35,78,39,73,116,75,10,22,57,50,151,21,95,45,101,55,31
ASV1167,287,142,253,66,165,100,140,129,163,104,87,62,89,96,79,85,56,41,71,160,84,35,87,195,167,207,75,62,102,83,138,129,35,94,41,21,31,95
ASV1171,0,0,0,0,0,0,0,0,0,0,0,0,0,0,0,0,0,0,0,0,0,0,0,0,0,0,0,0,0,0,0,0,0,0,0,0,0,0
ASV1177,24,21,15,18,17,43,40,12,12,26,46,43,8,45,23,10,18,13,11,16,6,30,41,40,34,74,43,19,53,56,11,26,356,74,84,38,54,27
ASV1193,92,76,74,81,50,58,69,41,55,91,46,44,31,119,67,67,41,54,56,74,68,44,109,44,75,62,102,110,175,53,108,254,658,30,25,89,100,59
ASV1200,10,119,24,26,9,70,6,12,78,90,2,295,2,3,6,5,4,3,2,7,1,12,24,0,2,29,27,2,4,20,2,38,51,39,26,8,43,4
ASV1201,18,40,19,34,18,19,20,19,18,10,12,312,17,17,29,18,15,24,21,24,15,12,31,25,16,17,28,40,51,35,58,12,48,30,4,15,13,30
ASV1202,65,117,50,71,80,82,181,64,65,151,105,21,43,223,60,120,82,88,58,103,53,70,168,168,88,91,142,445,199,106,139,257,101,107,17,44,36,100
ASV1217,723,273,355,148,280,86,486,281,429,203,264,20,162,356,159,183,81,107,232,225,104,87,313,151,253,175,130,68,364,399,263,199,37,140,42,101,122,173
ASV1235,0,0,0,0,0,0,0,0,0,0,0,0,0,0,0,0,0,0,0,1,0,1,0,0,1,0,0,0,0,0,0,0,20,0,0,0,0,0
ASV1236,312,421,192,260,227,205,194,203,309,252,250,104,122,296,147,108,118,115,143,173,94,126,251,261,114,213,224,82,269,325,167,195,303,219,89,167,102,201
ASV1253,104,46,60,37,88,42,19,11,69,69,80,148,17,23,23,4,27,16,18,30,29,21,26,12,24,99,48,1,9,171,8,72,71,109,54,14,42,33
ASV1255,111,50,73,69,53,62,64,32,47,44,56,140,49,59,75,123,46,165,101,132,25,46,211,119,106,126,61,140,211,115,223,69,114,77,21,47,56,163
ASV1260,246,323,132,185,183,141,135,184,247,219,183,99,95,238,152,89,101,62,104,156,71,92,202,200,91,164,181,48,229,246,137,183,220,168,72,112,112,123
ASV1275,67,51,69,65,63,53,98,55,42,61,80,131,55,93,81,202,104,189,119,170,80,57,182,282,222,135,110,194,299,161,217,155,108,99,35,48,53,169
ASV1276,0,0,0,0,0,0,0,0,0,0,0,0,0,0,0,0,0,1,1,0,0,0,0,0,0,0,0,0,0,0,0,0,0,0,0,0,0,0
ASV1293,28,33,31,17,7,15,14,12,16,10,9,17,10,25,20,22,14,13,25,51,115,20,41,23,29,39,228,42,61,33,25,700,1519,11,104,11,217,29
ASV1294,0,0,0,0,0,0,0,0,0,0,0,0,0,0,0,0,0,0,0,0,0,0,0,0,0,0,0,0,0,0,0,0,0,0,0,0,0,0
ASV1295,148,205,85,115,136,127,100,127,152,95,140,96,81,194,96,138,72,94,106,173,88,87,156,138,101,200,149,172,332,245,158,151,419,129,62,77,66,134
ASV1307,172,85,212,24,106,50,116,58,75,48,71,11,69,61,44,77,17,25,36,96,33,23,79,153,68,55,220,31,76,33,63,97,6,30,5,23,15,85
ASV1312,104,66,82,45,193,41,196,20,57,91,236,47,55,286,79,154,123,191,80,225,35,101,80,335,120,66,99,256,90,44,140,101,266,108,18,63,42,92
ASV1320,0,0,0,0,0,0,0,0,0,0,0,0,0,0,0,0,0,0,0,0,0,0,0,0,0,0,0,1,0,0,0,0,0,0,0,0,1,0
ASV1350,0,1,0,0,0,0,0,0,0,0,0,0,0,0,0,0,0,0,0,0,0,0,0,0,0,0,0,0,0,0,0,0,0,0,0,0,0,0
ASV1363,0,0,1,0,0,0,0,0,0,0,0,0,0,0,0,0,0,0,0,0,0,0,0,0,0,0,0,0,0,0,0,0,0,0,0,0,0,0
ASV1381,38,27,23,12,28,10,39,12,26,20,28,4,14,28,9,25,22,22,28,29,6,16,39,32,16,15,13,26,72,21,63,27,39,37,3,28,13,33
ASV1384,23,22,14,29,18,28,23,16,65,31,38,8,8,30,7,5,42,10,15,48,7,95,90,22,23,139,107,12,20,86,54,175,77,90,28,42,37,29
ASV1398,1,1,1,0,0,0,0,0,0,0,0,0,2,0,0,0,0,0,0,0,0,0,0,2,2,0,0,0,0,0,1,1,0,0,0,0,0,0
ASV1405,165,183,150,152,110,101,231,132,167,181,155,56,62,238,81,125,93,123,165,199,71,122,196,215,140,264,113,161,294,276,208,195,377,252,41,67,158,172
ASV1420,363,58,167,98,196,47,41,30,154,97,129,345,69,51,117,40,20,54,169,99,36,28,50,28,88,99,89,31,128,306,88,66,87,167,59,53,179,136
ASV1445,47,33,40,47,58,30,39,18,42,36,51,34,33,64,37,65,37,47,64,62,12,40,38,64,45,45,15,158,167,47,228,89,55,56,14,32,35,53
ASV1453,347,98,208,94,128,51,132,72,106,61,141,25,91,96,91,270,67,133,229,292,80,74,108,362,389,126,85,332,285,133,264,101,28,125,42,21,92,228
ASV1456,818,404,198,384,572,305,94,98,749,707,465,610,202,359,316,70,181,263,218,203,98,52,159,246,190,208,301,106,181,479,183,382,124,306,227,90,159,222
ASV1469,246,107,124,148,108,85,108,92,119,96,189,97,135,113,147,27,23,20,67,64,62,47,135,29,58,128,29,32,99,153,49,90,305,99,31,87,51,48
ASV1486,326,443,170,182,248,184,215,278,394,307,261,72,116,313,133,168,146,137,190,235,87,122,274,313,196,293,224,191,422,345,255,227,528,226,94,168,143,302
ASV1503,0,0,0,0,0,0,0,0,0,0,0,0,0,0,0,0,0,0,0,0,0,0,1,0,0,0,1,0,0,0,0,0,0,0,0,0,0,0
ASV1505,151,653,178,302,87,317,78,277,338,509,49,347,66,76,70,3,5,6,7,3,6,22,24,4,8,29,18,2,14,26,17,28,24,27,43,20,25,10
ASV1525,14,57,9,17,10,18,8,3,19,61,3,2,9,5,8,1,0,0,5,0,0,0,0,0,0,0,0,0,0,0,0,0,0,0,1,0,0,0
ASV1526,127,142,97,98,38,57,20,61,75,199,37,182,14,54,26,6,12,13,12,33,27,13,71,26,58,35,42,8,15,31,17,104,48,67,22,6,38,34
ASV1543,177,25,122,33,85,30,12,11,76,38,67,56,20,22,52,64,29,107,157,173,33,18,72,94,125,78,67,60,183,247,98,70,22,51,22,19,44,217
ASV1565,189,971,171,579,106,440,185,348,498,704,123,321,94,180,132,23,10,13,32,113,17,44,48,50,27,68,36,20,49,24,108,61,55,78,77,26,97,22
ASV1586,470,616,307,170,346,183,338,371,454,428,311,93,141,494,157,256,178,147,235,358,201,173,355,366,219,462,400,338,734,571,369,325,963,233,159,215,171,342
ASV1595,202,45,273,34,120,62,121,34,58,37,86,19,50,59,33,60,29,69,92,134,74,19,21,141,209,48,190,103,76,31,131,69,22,27,24,13,16,104
ASV1598,5,1,7,0,4,0,0,1,3,1,4,0,0,3,0,1,1,0,4,0,0,0,0,1,1,0,0,1,0,0,4,0,0,0,1,0,0,2
ASV1603,0,0,0,0,0,0,0,0,0,0,0,0,0,0,0,0,0,0,0,0,0,0,0,0,0,0,0,0,0,0,0,0,0,0,0,0,0,0
ASV1619,263,292,125,108,153,100,165,171,248,188,215,88,77,261,119,154,136,133,144,222,104,115,253,212,136,270,206,215,343,382,152,209,495,224,80,140,135,231
ASV1673,74,119,38,91,130,45,60,73,147,84,75,70,92,124,122,127,98,77,179,104,55,50,131,53,74,67,87,187,165,138,123,124,423,75,66,87,60,93
ASV1679,50,50,38,63,98,22,31,85,153,61,54,40,105,91,125,149,84,49,109,97,58,43,79,77,64,77,95,160,100,137,132,134,421,50,50,123,23,48
ASV1705,22,27,15,31,16,17,22,29,21,16,19,403,14,38,26,22,14,21,20,35,9,31,25,31,30,22,15,65,46,42,96,25,46,31,13,20,18,24
ASV1739,254,294,132,119,142,140,158,193,251,215,195,50,67,226,95,128,121,95,124,197,68,91,184,214,130,210,163,172,313,286,210,162,395,119,63,103,103,221
ASV1751,487,263,314,241,258,153,322,171,387,141,256,72,294,308,275,225,108,192,395,243,148,136,232,327,323,348,173,94,553,300,465,315,118,326,70,93,163,364
ASV1781,51,59,39,49,99,17,29,55,118,61,37,29,105,110,129,94,56,41,75,97,59,56,103,72,72,65,107,141,123,104,108,88,399,41,37,70,25,41
ASV1787,303,408,172,112,191,159,214,195,291,221,213,70,91,266,93,174,129,106,170,217,118,146,266,262,137,233,254,201,406,357,239,213,457,220,85,153,131,248
ASV1827,32,178,23,173,39,106,72,49,88,83,37,250,41,80,48,72,35,48,27,55,34,81,181,58,52,103,97,29,104,104,88,125,149,189,89,80,117,59
ASV1846,208,50,276,35,127,37,99,40,103,36,101,26,52,84,82,439,109,217,306,815,182,52,166,521,410,86,147,521,882,167,327,254,82,63,14,16,36,737
ASV1865,523,641,316,274,335,205,335,289,454,412,383,104,166,591,241,266,109,103,235,308,171,127,254,263,206,388,363,244,578,358,365,271,601,188,162,171,158,247
ASV1875,7,25,20,0,5,1,1,1,25,6,1,0,1,1,0,6,14,6,29,15,9,37,3,18,26,1,18,8,4,1,5,21,0,4,1,0,1,15
ASV1884,334,179,228,153,203,120,178,99,200,92,211,49,162,264,169,150,84,99,193,151,58,65,166,241,198,254,90,81,265,258,244,156,67,219,43,70,95,178
ASV1909,257,397,80,277,170,314,44,92,492,275,146,291,84,99,116,13,4,20,27,11,9,15,21,25,12,27,79,6,45,78,28,46,76,126,40,54,59,7
ASV1912,107,227,53,110,77,114,142,75,155,110,58,21,98,151,120,31,14,49,21,35,4,42,57,47,12,59,10,35,82,45,61,28,42,112,14,29,54,8
ASV1920,131,203,86,119,105,78,99,110,154,131,110,73,70,143,104,107,67,57,63,105,53,78,132,109,97,133,98,117,260,232,133,102,281,128,54,76,75,111
ASV1922,177,221,103,95,113,73,86,105,153,153,113,28,58,187,58,118,68,84,107,124,56,79,153,146,89,164,164,166,256,249,166,132,256,85,58,85,74,154
ASV1925,260,41,257,22,114,39,78,23,38,35,87,20,49,71,59,477,100,148,340,931,224,28,228,511,532,97,133,472,878,174,308,316,51,33,6,10,10,984
ASV1926,24,8,7,7,22,1,6,18,11,5,10,16,3,11,8,14,5,6,28,6,6,7,8,35,17,0,5,29,44,3,212,14,6,14,4,6,0,9
ASV1938,76,117,57,69,65,57,60,81,74,71,47,88,40,117,61,81,57,64,61,75,36,47,91,79,62,76,81,121,169,121,117,68,328,86,43,62,51,68
ASV1943,6,31,6,36,5,22,8,15,199,103,1,3,1,13,2,0,0,0,0,0,0,0,0,0,0,0,0,0,0,0,0,0,5,25,14,7,65,0
ASV1955,0,0,0,0,0,0,0,0,0,0,0,0,0,0,0,0,0,0,0,0,0,0,0,0,0,0,0,0,0,0,0,0,0,0,0,0,0,0
ASV1972,96,153,49,231,59,328,103,138,160,201,103,237,87,141,95,25,15,14,33,10,12,39,56,19,19,120,32,15,88,106,29,61,176,179,50,109,96,25
ASV1986,0,0,0,0,0,0,0,0,0,0,0,0,0,0,0,0,0,0,0,0,0,0,0,0,0,0,0,1,0,0,0,0,0,0,0,0,0,0
ASV2009,239,142,326,69,104,37,137,69,169,121,77,17,68,68,75,56,22,38,54,157,45,20,56,143,147,49,43,51,41,40,70,77,7,23,18,9,15,62
ASV2082,299,483,163,168,245,166,227,262,368,276,259,97,92,342,127,165,135,83,123,169,105,132,286,216,139,209,229,158,409,296,192,249,421,174,77,148,110,237
ASV2103,0,0,0,0,0,0,0,0,0,0,0,0,0,0,0,0,1,0,0,0,1,0,0,0,0,0,0,1,0,0,1,0,0,0,1,0,0,0
ASV2104,35,73,24,47,26,41,47,34,135,57,42,15,27,116,17,4,1,1,11,4,5,23,14,4,0,19,5,4,11,25,11,2,30,45,5,1039,22,2
ASV2143,45,36,55,51,39,16,43,11,32,22,43,35,29,52,38,66,26,42,38,55,5,28,36,60,48,39,27,133,121,28,140,58,27,43,12,12,14,59
ASV2167,212,296,96,112,164,121,130,134,216,156,138,58,78,245,99,126,86,65,100,168,92,71,113,106,96,150,148,122,232,181,147,133,292,103,52,88,89,148
ASV2178,373,476,271,195,237,149,217,204,373,280,281,103,91,455,185,207,67,109,155,199,124,99,210,174,122,248,286,169,453,293,267,184,427,162,111,112,124,243
ASV2180,243,314,107,130,166,105,155,150,224,177,158,62,80,268,134,139,88,73,123,189,101,72,139,123,132,174,188,145,271,228,208,147,360,117,62,85,99,190
ASV2182,171,214,115,162,70,98,113,74,126,108,69,19,61,107,111,76,4,108,33,32,17,59,167,120,29,74,12,56,85,60,191,35,53,103,16,107,54,20
ASV2203,442,561,260,214,307,208,258,243,421,342,308,96,157,487,154,218,108,94,189,237,147,114,208,202,147,253,318,174,480,330,314,216,497,169,107,136,136,242
ASV2228,152,92,120,58,86,59,91,50,125,66,65,25,69,62,79,176,107,100,157,261,89,53,148,327,305,150,164,121,140,150,275,232,42,114,25,18,67,302
ASV2234,125,60,86,82,47,44,58,53,60,24,68,68,54,51,55,20,18,21,33,87,41,31,415,48,29,62,42,61,84,86,54,74,512,51,15,33,41,25
ASV2239,318,406,199,215,169,132,126,172,310,152,95,158,121,167,141,56,52,47,95,104,80,45,103,149,62,76,112,5,102,153,90,128,26,84,88,83,78,145
ASV2248,49,45,42,57,38,32,49,25,45,40,44,29,30,42,36,115,26,62,70,86,30,31,87,85,81,66,48,111,216,99,95,73,66,43,10,28,35,96
ASV2250,18,2,24,4,42,5,6,1,4,4,10,5,4,5,2,2,0,0,2,2,0,3,2,0,1,0,0,0,1,3,8,2,0,0,0,2,2,1
ASV2256,0,0,0,0,0,0,0,0,0,0,0,0,0,0,0,0,0,0,0,0,0,0,0,0,0,0,0,0,0,0,0,0,0,1,0,0,0,0
ASV2259,204,197,84,97,109,98,86,102,134,112,97,67,57,126,86,91,56,71,77,79,58,69,130,121,70,142,125,119,246,216,138,135,310,86,69,74,78,132
ASV2289,0,0,0,0,0,0,0,0,0,0,0,2,0,0,0,0,0,0,0,0,0,0,0,0,0,0,0,0,0,0,0,0,0,0,0,1,0,0
ASV2291,48,110,70,81,67,58,64,37,55,70,62,243,87,165,76,172,30,48,61,133,33,25,62,115,111,155,82,79,161,62,116,153,134,44,26,17,20,88
ASV2301,38,13,19,9,31,15,499,24,8,7,20,9,12,15,6,25,22,53,42,64,33,24,45,88,53,36,30,79,93,44,55,51,67,20,5,9,14,71
ASV2367,4,20,5,19,6,12,6,4,12,9,7,193,11,17,18,9,10,14,8,13,5,12,18,15,4,9,4,21,15,8,40,12,31,23,5,3,2,7
ASV2376,26,31,29,17,15,18,18,9,23,5,21,7,10,25,10,37,43,38,36,50,31,39,53,35,52,31,24,129,64,55,87,39,75,26,8,28,12,60
ASV2378,137,127,75,84,85,75,68,108,121,99,92,51,62,136,90,92,72,53,59,106,47,60,100,108,64,72,108,123,168,145,107,106,220,63,48,66,56,86
ASV2380,12,41,46,11,20,19,6,4,29,42,2,0,2,5,18,1,1,4,18,0,2,1003,12,0,1,59,26,1,3,24,6,2,4,32,19,4,15,1
ASV2390,0,0,0,0,0,0,0,0,0,0,0,0,0,0,0,0,0,0,0,0,0,0,0,0,0,0,0,0,0,0,0,0,0,0,0,0,0,0
ASV2396,255,314,148,78,160,96,189,152,210,188,157,46,69,217,92,121,96,96,119,138,88,102,185,158,104,171,190,141,303,261,182,151,365,112,69,101,96,169
ASV2430,34,18,51,25,53,22,29,26,36,20,38,41,24,73,33,70,42,63,77,124,34,21,169,183,116,84,76,107,111,67,125,107,55,94,29,22,37,125
ASV2451,387,477,210,184,225,174,192,242,372,269,281,87,105,422,158,181,90,94,143,191,124,87,189,162,140,238,246,159,446,282,262,226,456,138,119,120,119,218
ASV2490,0,0,0,0,0,0,0,0,0,0,0,0,0,0,0,0,0,0,0,0,0,0,0,0,0,0,0,0,0,0,1,0,0,0,0,0,0,0
ASV2516,0,0,0,0,0,0,0,0,0,0,1,0,0,0,0,0,0,0,0,1,0,0,0,0,0,0,0,1,0,0,0,0,0,0,0,0,0,0
ASV2517,4,1,3,1,6,0,1,0,0,0,6,0,0,2,0,0,2,1,6,0,0,0,0,4,1,0,1,0,1,0,3,1,0,1,0,0,0,0
ASV2531,36,206,10,217,29,243,39,82,169,303,19,71,15,27,26,0,0,0,3,0,1,21,2,0,0,45,1,0,5,10,2,6,316,111,28,91,99,0
ASV2561,177,32,743,54,162,20,42,327,87,42,50,35,28,122,152,11,30,56,58,30,63,11,25,22,146,40,117,27,23,41,30,143,17,22,40,4,4,95
ASV2584,0,0,0,0,0,0,0,0,0,0,0,0,0,0,0,0,0,0,0,0,0,0,0,0,0,0,0,0,0,0,0,0,0,0,0,0,0,0
ASV2594,5,21,10,18,4,16,12,2,8,7,9,92,6,10,5,20,2,17,7,31,7,9,64,16,9,12,10,24,267,8,44,14,38,23,2,8,6,9
ASV2598,83,104,51,45,45,39,53,36,53,55,54,31,35,83,35,35,41,33,39,51,24,42,51,67,23,59,57,112,131,109,59,60,193,43,35,38,39,65
ASV2663,160,296,97,187,74,118,142,141,293,209,105,35,70,148,65,50,58,54,37,140,48,104,169,97,54,104,96,40,80,124,256,120,70,136,49,52,104,136
ASV2691,260,350,102,118,159,92,187,178,234,188,187,52,62,264,86,106,95,84,140,193,87,107,177,182,102,163,195,122,391,267,177,151,381,145,59,96,78,199
ASV2692,144,91,83,93,149,63,227,60,81,102,84,11,87,164,50,20,15,12,60,69,15,9,46,48,19,11,8,26,54,6,81,31,18,68,4,15,19,35
ASV2703,0,0,4,0,0,0,2,0,0,0,0,0,1,0,0,0,1,0,2,0,0,0,1,0,1,0,0,0,0,0,0,0,0,0,0,0,0,0
ASV2764,40,59,34,92,14,51,20,30,35,24,30,37,30,42,23,11,7,9,9,19,43,21,132,10,14,32,15,26,45,45,20,24,458,34,31,17,23,14
ASV2765,0,0,0,0,0,0,0,0,0,0,0,0,0,0,0,0,0,0,0,1,0,0,0,0,0,0,0,0,0,0,0,0,0,0,0,0,0,0
ASV2769,244,57,219,30,27,38,84,95,44,33,25,22,34,48,31,15,23,45,55,92,79,52,96,8,79,74,218,20,28,31,10,171,97,45,55,15,104,75
ASV2778,46,213,13,146,86,238,45,58,574,143,64,34,25,54,57,1,2,2,10,1,4,53,29,1,3,103,13,0,10,199,5,19,102,126,31,50,76,1
ASV2791,608,152,361,177,363,77,77,69,470,258,206,182,121,153,290,113,62,180,270,125,65,13,56,240,132,101,109,64,391,297,204,109,117,108,64,64,79,170
ASV2805,78,123,7449,158,652,54,761,3092,140,76,92,19,97,6716,206,64,1531,152,1626,502,11596,1181,835,1046,948,1289,11684,943,1775,1135,482,6285,217,808,41,85,136,1274
ASV2807,81,10,114,10,42,11,35,6,12,10,32,5,16,24,13,277,33,156,175,493,111,16,105,396,310,58,77,347,418,88,156,163,18,22,8,6,16,520
ASV2819,60,74,39,41,73,53,86,77,59,80,53,32,26,72,57,60,32,738,50,45,35,45,88,65,46,69,55,82,151,115,83,91,195,53,36,37,30,71
ASV2832,284,51,1083,57,222,26,59,488,117,44,58,53,31,194,210,10,49,40,70,47,110,8,33,25,181,41,134,38,14,52,25,171,14,12,55,10,5,138
ASV2837,0,0,1,0,0,0,0,0,0,0,0,0,0,0,0,0,0,0,0,0,0,1,0,0,0,0,0,0,0,0,0,0,0,0,0,0,0,0
ASV2852,249,315,159,154,167,118,148,178,241,182,173,47,113,296,117,140,64,87,109,158,90,63,132,120,94,190,184,105,294,167,192,150,335,104,71,82,76,130
ASV2870,0,0,0,0,0,0,0,0,0,0,0,0,0,0,0,0,0,0,0,0,0,0,0,0,0,0,0,0,0,0,0,0,0,0,0,0,0,0
ASV2872,209,266,132,94,154,69,163,182,184,168,157,60,48,260,62,121,94,69,102,188,92,83,231,181,129,179,162,151,335,292,176,172,396,115,63,102,76,168
ASV2873,162,18,883,49,142,14,80,76,22,65,52,39,28,91,91,8,27,159,44,51,47,5,6,80,53,9,28,44,28,10,57,25,54,11,26,4,12,67
ASV2897,0,0,0,0,0,0,0,0,0,0,0,0,0,0,0,0,0,0,0,0,0,0,0,0,0,0,0,0,0,0,0,0,0,0,0,0,0,0
ASV2968,0,0,0,0,0,0,1,0,0,0,0,0,0,0,0,1,1,0,2,0,0,0,0,0,0,0,0,0,0,0,0,0,0,0,0,1,0,0
ASV3015,381,84,247,106,185,37,38,47,248,121,109,72,67,66,141,89,30,137,131,96,47,13,39,135,132,69,52,64,222,157,137,73,40,42,32,33,32,113
ASV3058,0,0,0,2,3,0,0,0,0,0,0,0,0,0,0,0,0,0,0,0,0,0,0,0,0,0,0,0,0,0,0,0,0,0,0,0,0,0
ASV3076,155,247,98,88,127,85,120,125,193,165,163,50,54,180,92,107,96,72,101,126,70,88,184,145,90,170,167,116,241,239,153,130,304,135,38,90,81,141
ASV3106,40,48,60,91,46,62,51,29,57,98,43,14,20,80,15,19,44,14,31,35,23,79,131,53,43,195,107,15,34,118,46,263,82,86,38,37,71,27
ASV3132,3,0,0,3,0,0,0,0,0,2,0,0,0,1,1,0,0,1,3,0,0,0,0,2,0,0,0,0,0,0,0,0,0,0,0,0,0,0
ASV3135,0,107,0,1,0,2,0,0,243,3,0,2,0,1,0,0,0,0,0,0,0,0,0,0,1,0,0,0,0,0,0,0,15,93,10,8,28,0
ASV3177,94,21,98,17,40,10,27,17,16,12,34,2,31,39,17,168,38,91,83,292,46,11,70,178,154,37,67,245,366,103,173,101,40,23,5,7,17,203
ASV3192,0,0,0,0,0,0,0,0,0,0,0,0,0,0,0,0,0,0,0,0,0,0,0,0,0,0,0,0,0,0,2,0,0,0,0,0,0,0
ASV3194,0,0,0,0,0,0,0,0,0,0,0,0,0,0,0,0,0,0,0,0,0,0,0,0,0,0,0,0,0,0,0,0,0,0,0,0,0,0
ASV3206,137,566,550,4338,782,2989,5743,67894,190,770,181,2407,1177,10482,2685,22,29,43,289,83,34,453,956,52,27,156,1431,11,56,862,79,5820,6020,149,185,110,31,50
ASV3229,0,0,0,0,0,0,0,0,0,0,0,0,0,0,0,0,0,0,0,0,0,0,0,0,0,0,0,0,0,0,0,0,0,0,0,0,0,0
ASV3265,17,22,362,29,62,7,10,25,11,9,35,11,23,99,84,87,10,101,31,68,49,1,11,13,48,1,46,13,16,2,83,61,8,2,0,3,5,59
ASV3290,0,0,0,0,0,0,0,0,0,0,0,0,0,0,0,0,0,0,0,0,0,0,0,0,0,0,0,0,0,0,0,0,0,0,0,0,0,0
ASV3395,0,0,0,0,0,0,0,0,0,0,0,0,0,0,0,0,0,0,0,0,0,0,0,0,0,0,1,0,0,0,0,0,0,0,0,0,0,0
ASV3399,144,208,77,76,79,64,78,89,141,109,102,40,49,112,56,87,50,66,68,105,43,83,110,116,61,105,120,52,198,172,136,93,180,76,34,76,57,72
ASV3412,46,12,244,60,30,14,72,16,34,13,18,31,15,34,29,25,245,22,43,74,674,44,44,101,233,57,336,288,61,25,78,97,35,50,16,23,10,209
ASV3423,114,84,96,74,64,57,93,54,111,49,79,45,64,78,72,42,29,116,45,57,25,51,86,71,49,82,49,25,108,118,60,75,43,76,13,11,32,57
ASV3442,406,213,329,106,471,176,303,37,68,31,443,50,263,324,249,71,129,56,29,308,181,31,393,434,694,12395,102,86,807,230,90,219,9,1224,88,20,34,292
ASV3491,115,152,83,75,56,70,67,86,129,94,64,51,35,97,67,98,44,77,82,92,44,33,93,145,62,82,61,67,154,124,141,71,179,47,43,36,42,107
ASV3498,113,182,49,66,71,71,93,115,138,107,108,47,28,116,53,86,67,54,53,70,47,67,154,87,54,133,99,71,218,190,93,115,223,100,38,75,76,117
ASV3502,0,0,0,0,0,0,0,0,0,0,0,0,0,0,0,0,0,0,0,0,0,0,0,0,0,0,0,0,0,0,0,0,0,0,0,0,0,0
ASV3510,0,0,0,0,0,0,0,0,0,0,0,0,0,0,0,0,0,0,0,0,0,0,0,0,0,0,0,1,0,0,0,0,0,0,0,0,0,0
ASV3592,116,135,35,137,65,113,30,34,189,131,57,140,57,54,73,3,10,4,22,6,4,7,3,9,2,16,12,2,21,40,11,5,36,52,29,12,22,5
ASV3642,368,2077,9798,402,1064,183,792,711,412,21,203,345,530,915,1265,8858,299,4300,1751,9896,4932,271,827,9453,5170,86,2234,685,1922,257,10913,2030,243,476,24,211,248,15749
ASV3650,0,0,0,0,0,0,0,0,0,0,0,0,0,0,0,0,0,0,0,0,0,0,0,0,0,0,0,0,0,0,0,0,0,0,0,0,0,0
ASV3714,521,297,381,146,459,92,57,92,296,245,254,102,178,379,192,8,20,64,28,17,79,11,12,52,28,32,31,15,25,30,54,66,88,25,52,21,16,37
ASV3716,0,0,0,0,0,0,0,0,0,0,1,0,0,0,0,3,0,1,0,1,0,3,0,0,4,1,1,1,0,0,0,2,0,0,0,0,1,0
ASV3733,0,0,0,0,0,0,0,0,0,0,0,0,0,0,0,0,0,0,0,0,0,0,0,0,0,0,0,0,0,0,0,0,0,0,0,0,0,0
ASV3745,0,0,0,0,0,0,0,1,1,0,0,0,0,0,0,0,0,0,0,0,0,0,0,0,0,0,0,0,0,0,1,0,0,0,0,0,0,0
ASV3755,138,241,81,85,113,130,40,110,197,196,139,90,55,110,70,23,54,23,43,52,30,46,63,123,53,59,74,10,61,105,57,84,119,56,69,52,51,70
ASV3813,5,1,4,0,2,0,1,2,1,0,1,0,1,1,1,0,2,7,5,4,0,1,3,3,3,1,1,6,3,0,1,1,7,2,0,0,0,4
ASV3823,25,14,19,33,11,19,20,19,16,10,29,22,15,23,13,69,4,98,19,21,20,15,31,22,11,14,14,36,30,31,27,10,70,9,6,17,3,19
ASV3827,196,62,239,32,76,18,163,43,115,24,68,12,52,96,54,34,22,28,35,63,29,2,46,82,44,21,13,23,48,6,41,23,2,20,7,2,7,31
ASV3854,0,0,1,0,0,0,0,0,0,0,0,0,0,1,0,0,2,0,0,0,1,0,0,0,0,1,0,0,2,0,0,0,0,1,0,0,0,0
ASV3863,383,75,296,94,189,44,40,31,185,115,162,60,72,96,149,80,24,146,163,107,50,9,43,157,117,65,49,56,231,136,155,77,40,42,33,26,32,112
ASV3902,13,36,7,36,7,26,8,11,29,34,10,7,1,10,6,0,24,1,1,1,3,240,83,0,6,246,32,0,1,68,3,106,124,111,125,51,53,6
ASV3930,0,0,0,0,0,0,0,0,0,0,0,0,0,0,0,0,0,0,0,2,0,0,0,0,0,0,0,0,1,0,0,0,0,0,0,0,1,0
ASV3936,204,30,181,50,96,14,31,14,88,36,56,43,44,52,74,122,30,237,139,131,45,12,26,248,137,30,42,79,266,83,130,61,20,23,22,16,22,165
ASV3937,0,0,1,0,1,0,0,1,0,0,0,0,0,0,0,0,0,0,5,0,0,1,0,4,0,0,0,2,0,1,7,0,0,0,0,0,0,0
ASV3957,0,0,0,0,0,0,0,0,0,0,0,0,0,0,0,0,0,0,0,0,0,0,0,0,0,0,0,0,0,0,0,0,0,0,0,0,0,0
ASV3972,0,0,0,0,0,0,0,0,0,0,0,0,0,0,0,0,0,0,0,0,0,0,0,0,0,0,3,0,0,0,0,0,0,0,0,0,0,0
ASV3975,2,7,22,2,3,4,1,1,1,0,3,3,3,13,1,0,16,0,4,7,51,22,336,2,3,13,638,7,11,33,0,146,232,1,14,6,6,1
ASV3990,523,602,261,243,308,210,300,336,516,398,392,100,227,391,257,45,77,76,109,104,150,75,96,151,149,112,146,13,149,186,150,178,52,51,94,36,51,119
ASV4058,0,0,0,0,0,0,0,0,0,0,0,0,0,0,0,0,0,0,0,0,0,0,0,0,0,0,0,0,0,0,0,0,0,0,0,1,0,0
ASV4083,208,292,97,110,132,88,118,111,220,169,138,40,61,218,87,113,42,58,85,107,69,48,120,78,71,133,134,78,218,164,148,87,233,92,56,56,66,111
ASV4099,1,0,0,0,3,0,0,0,0,1,0,0,1,0,1,3,0,1,3,1,1,0,0,6,4,0,0,0,2,0,1,1,0,2,0,0,0,0
ASV4113,334,72,227,88,191,47,37,40,195,132,143,78,73,97,147,75,31,109,149,75,43,9,31,137,91,58,57,42,236,168,141,68,58,48,36,40,46,95
ASV4166,0,0,0,0,0,0,0,0,0,0,0,0,0,0,0,0,0,0,0,0,0,0,0,0,0,0,0,0,0,0,0,0,0,0,0,0,0,0
ASV4212,2,1,0,0,0,0,0,0,0,1,0,0,0,0,0,0,1,1,4,0,1,1,1,2,2,0,1,2,0,5,5,0,1,0,1,1,0,0
ASV4214,46,36,62,50,135,15,85,390,36,16,53,9,64,29,28,42,42,97,64,227,30,29,55,90,411,98,76,76,188,59,48,38,104,14,22,21,23,966
ASV4249,0,0,0,0,0,0,0,0,0,0,0,0,0,0,0,0,0,0,0,0,0,0,0,0,0,0,0,0,0,0,0,0,0,0,0,0,0,0
ASV4287,5171,330,2845,990,209201,931,10664,369,9129,322,59058,375,102182,329,3578,905,20426,2253,16593,3136,17563,39668,710,1161,8130,1515,1018,58,14454,1846,4582,1166,1783,119277,107266,50729,89278,6700
ASV4303,0,0,0,0,0,0,0,0,0,0,0,0,0,0,0,0,0,0,0,0,0,0,0,0,0,0,0,0,0,0,0,0,0,0,0,0,0,0
ASV4319,65,68,53,61,99,22,130,21,33,35,66,2,48,304,59,17,27,23,150,38,10,9,24,87,29,12,52,44,57,13,86,25,37,64,1,7,12,29
ASV4348,352,47,231,59,224,24,268,96,29,70,154,20,138,241,102,68,24,43,90,104,32,6,63,98,95,22,67,37,53,11,119,79,6,8,1,7,3,63
ASV4351,101,10,708,32,82,14,60,56,16,63,32,37,16,68,107,4,8,33,30,25,37,1,5,26,28,10,15,25,7,13,18,16,20,4,6,5,6,46
ASV4376,0,0,0,0,0,0,0,0,0,0,0,0,0,0,0,0,0,0,0,0,0,0,0,0,0,0,0,0,0,0,0,0,0,0,0,0,0,0
ASV4388,0,0,0,0,0,0,0,0,0,0,0,0,0,0,0,0,0,0,0,0,0,0,0,0,0,0,0,0,0,0,0,0,0,0,0,0,0,0
ASV4417,0,0,0,0,0,0,0,0,0,0,0,0,0,0,0,0,0,0,0,0,0,0,0,0,0,0,1,0,0,0,0,0,0,0,0,0,0,0
ASV4418,0,0,0,0,0,0,0,0,0,0,0,0,0,0,0,0,0,0,0,0,0,0,0,0,0,0,0,0,0,0,0,0,0,0,0,0,0,0
ASV4429,0,0,0,0,0,0,0,0,0,0,0,0,0,0,0,0,0,0,0,0,0,0,0,0,0,0,0,0,0,0,0,0,0,0,0,0,0,0
ASV4433,574,316,246,234,399,124,73,175,383,261,225,201,157,323,204,19,54,53,51,28,38,18,28,60,31,47,54,11,44,85,47,73,83,35,87,47,28,27
ASV4438,22,8,28,5,10,9,12,2,4,6,7,4,11,20,11,69,19,52,39,130,25,10,30,90,67,7,31,142,124,23,60,28,14,8,2,4,5,90
ASV4448,0,0,0,0,0,0,0,0,0,0,0,0,0,0,0,0,0,0,0,0,0,0,0,0,0,0,0,0,0,0,0,0,0,0,0,0,0,0
ASV4466,0,0,0,0,0,0,0,0,0,0,0,0,0,0,0,0,0,0,0,0,0,0,0,0,0,0,0,0,0,0,0,0,0,0,0,0,0,0
ASV4568,44,21,66,20,46,34,37,9,28,22,17,4,36,48,46,228,50,79,83,276,71,22,108,169,225,58,45,282,434,64,166,124,47,35,11,12,39,269
ASV4604,71,160,36,118,41,75,134,80,125,145,83,16,66,164,71,59,41,50,44,81,49,43,169,58,27,35,46,41,48,58,86,77,33,66,12,14,47,56
ASV4612,0,1280,0,119,0,47,0,20,466,27,0,554,0,3,1,0,0,15,0,0,0,10054,4,1,0,115,1,0,0,5,0,0,373,48,52,5,30,0
ASV4675,0,0,0,0,0,0,0,0,0,0,0,0,0,0,0,1,0,0,0,1,1,0,0,0,0,0,0,1,0,0,0,1,0,0,0,0,0,0
ASV4684,176,33,148,24,80,13,13,18,72,38,57,47,28,36,67,101,24,206,139,121,47,5,29,198,117,34,50,81,213,114,138,59,16,41,18,18,14,128
ASV4689,12,7,7,6,4,20,8,4,11,17,6,4,6,3,1,2,2,11,2,9,0,0,0,1,2,2,0,1,13,2,11,1,10,6,1,6,3,5
ASV4796,0,0,0,0,0,0,0,0,0,0,0,1,0,0,0,0,0,0,0,0,0,0,0,0,0,0,0,0,0,0,0,0,0,0,0,0,0,0
ASV4840,0,0,0,0,0,0,0,0,0,0,0,0,0,0,0,0,0,0,0,0,0,0,0,0,0,0,0,0,0,0,0,0,0,0,0,0,0,0
ASV4890,64,1022,2106,2463,376,808,928,3603,581,468,120,325,498,1014,1228,3174,1331,1926,743,2491,2338,6240,13860,2011,1806,960,17367,255,221,3340,1188,10987,1707,549,245,175,541,3301
ASV4899,0,0,0,0,0,0,0,0,0,0,0,0,0,0,0,0,0,0,2,0,0,0,0,0,0,0,0,0,0,0,0,0,0,0,0,0,0,0
ASV4902,0,0,0,0,0,0,0,0,0,0,0,0,0,0,0,0,0,0,0,0,0,0,0,0,0,0,0,0,0,0,0,0,0,0,0,0,0,0
ASV4944,0,0,0,0,0,0,0,0,0,0,0,0,0,0,0,0,0,0,0,0,0,0,1,0,0,0,0,0,0,0,0,0,0,0,0,0,0,0
ASV4948,0,0,0,0,0,0,0,0,0,0,0,0,0,0,0,0,0,0,0,0,0,0,0,0,0,0,0,0,0,0,0,0,0,0,0,0,0,0
ASV5065,1,0,0,2,0,0,0,0,0,1,1,0,0,0,0,3,0,0,0,0,1,0,0,1,0,0,0,1,0,0,2,0,0,0,1,0,0,0
ASV5083,45,29,37,171,37,7,135,5,4,7,42,11,16,11,37,5,17,3,180,34,358,55,44,1,372,113,53,101,957,13,157,397,12,33,11,10,92,320
ASV5096,0,0,0,0,0,0,0,0,0,0,0,0,0,0,0,0,0,0,0,0,0,0,1,0,0,0,0,0,0,0,0,0,0,0,0,0,0,0
ASV5105,62,163,504,257,166,49,267,316,284,170,69,11,149,282,148,0,6,0,3,0,7,217,527,0,1,89,522,1,5,127,1,151,22,65,32,26,328,3
ASV5133,0,0,0,0,0,0,0,0,0,0,0,0,0,0,0,0,0,0,0,0,0,0,0,0,0,0,0,0,0,0,0,0,0,0,0,0,0,0
ASV5139,0,0,0,0,0,0,0,0,0,0,0,0,0,0,0,0,0,0,0,0,0,0,0,0,2,0,0,0,0,0,0,0,0,0,0,0,0,0
ASV5381,0,0,0,0,0,0,0,0,0,0,0,2,0,0,0,0,0,0,0,0,0,0,2,0,0,0,2,2,0,0,0,0,0,0,0,1,0,0
ASV5394,0,0,0,0,0,0,0,0,0,0,0,0,0,0,0,0,0,0,0,0,0,0,0,0,0,0,1,0,1,0,0,0,0,0,0,0,0,0
ASV5397,0,1,0,1,0,0,0,0,1,0,0,0,0,0,0,2,0,0,1,0,1,0,0,0,1,0,0,0,0,1,2,0,0,0,0,0,0,1
ASV5439,0,0,0,0,1,0,0,0,0,0,1,0,1,0,0,0,0,1,0,0,0,0,0,0,0,0,0,0,0,0,3,0,0,0,0,0,0,0
ASV5457,0,0,0,0,0,0,0,0,0,0,0,0,0,0,0,0,0,0,0,0,0,0,0,0,0,0,0,0,0,0,0,0,0,0,0,0,0,0
ASV5484,0,0,0,0,0,0,0,0,0,0,0,0,0,0,0,0,0,0,0,0,0,0,0,0,0,0,0,0,0,0,0,0,0,0,0,0,0,0
ASV5512,0,0,0,0,0,0,0,0,0,0,0,0,0,0,0,0,0,0,0,0,0,0,0,0,0,0,0,0,0,0,0,0,0,0,0,0,0,0
ASV5538,0,0,0,0,0,0,0,0,0,0,0,0,0,0,0,0,0,0,0,0,0,0,2,0,0,0,2,0,0,0,0,0,1,0,0,0,0,0
ASV5563,81,24,81,63,89,23,97,47,21,38,91,2,27,131,21,37,50,34,29,76,20,28,65,149,98,42,109,77,60,18,68,115,18,63,18,8,11,63
ASV5607,0,0,0,0,0,0,0,0,0,0,0,0,0,0,0,0,0,0,0,0,0,0,0,0,0,0,0,0,0,0,0,0,0,0,0,0,0,0
ASV5642,0,0,0,0,0,0,0,0,0,0,0,0,0,0,0,0,0,0,0,0,0,0,0,0,0,0,0,0,0,0,0,0,0,0,0,0,0,0
ASV5687,0,0,0,0,0,0,0,0,0,0,0,0,0,0,0,0,0,0,0,0,0,0,0,0,0,0,0,0,0,0,0,0,0,0,0,0,0,0
ASV5691,0,5,1,4,0,4,0,0,4,8,0,3,1,2,2,0,0,0,0,0,0,4,0,0,0,0,0,0,0,0,0,0,0,0,1,0,0,0
ASV5718,26,134,616,110,32,21,819,53,274,76,25,5,153,206,541,210,66,397,276,348,73,3003,61,400,169,166,146,34,19,151,135,88,8,84,47,24,43,145
ASV5752,16,13,24,3,8,5,8,9,12,6,29,8,3,23,3,20,14,9,20,19,4,22,26,29,14,11,16,137,30,28,310,14,13,43,12,16,9,13
ASV5780,236,132,197,62,210,50,42,49,143,115,100,57,87,166,105,2,14,22,21,11,27,4,6,21,17,19,19,5,11,22,30,22,35,12,28,20,8,21
ASV5854,102,145,62,96,74,70,74,100,125,73,73,77,75,119,119,71,66,46,81,90,62,44,93,98,61,106,106,91,213,146,101,118,288,98,49,62,40,110
ASV5934,306,191,149,163,203,96,43,92,196,157,126,96,89,180,130,10,23,40,25,17,19,6,11,26,16,18,29,9,24,42,29,42,40,27,39,24,11,12
ASV5977,10,24,12,2,4,0,2,2,15,11,21,3,2,10,2,19,122,23,12,27,17,22,42,88,18,22,47,66,61,21,83,44,323,27,21,31,14,27
ASV6011,3,1,4,0,2,3,0,5,1,1,1,0,1,3,0,0,3,0,0,3,24,15,96,1,3,3,492,4,1,4,1,143,34,5,20,2,3,4
ASV6036,1,0,0,0,0,0,0,0,0,0,0,0,0,0,0,0,0,0,0,0,0,0,0,0,0,2,0,0,0,0,0,0,0,0,0,0,0,1
ASV6075,0,0,0,0,0,0,0,0,0,0,0,0,0,0,0,0,0,0,0,0,0,0,0,0,0,0,0,0,0,0,0,0,0,0,0,0,0,0
ASV6084,232,122,151,81,246,58,38,42,122,83,111,77,92,140,152,16,24,34,18,13,35,5,19,28,15,14,20,15,22,16,32,29,51,12,39,16,12,16
ASV6085,0,0,0,0,0,0,0,0,0,0,0,0,0,0,0,0,0,0,0,0,0,0,0,0,0,0,0,0,0,0,0,0,0,0,0,0,0,0
ASV6105,1,1,1,0,3,1,1,0,0,1,7,0,2,4,1,0,0,0,6,2,0,0,1,1,0,0,0,1,4,0,4,0,0,0,0,1,0,1
ASV6130,0,0,0,1,0,0,0,0,0,0,0,0,0,0,0,0,0,0,0,0,0,0,0,0,0,0,0,0,0,0,0,0,0,0,0,0,0,0
ASV6247,44,12,5436,119,440,17,141,449,21,11,209,24,628,2589,1596,186,90,166,78,145,342,15,27,136,178,3,1215,10,29,10,379,635,88,163,42,50,55,208
ASV6352,59,9,498,29,55,6,39,34,7,52,9,10,13,32,56,3,11,52,18,17,29,3,3,35,19,4,5,18,13,4,15,13,13,5,2,0,6,21
ASV6380,287,732,7528,283,2108,81,613,954,140,20,338,51,764,12386,4677,903,284,2225,253,392,9384,11,53,303,315,7,184,51,476,15,3232,1314,235,82,108,77,79,276
ASV6425,0,0,0,0,0,0,0,0,0,0,0,0,0,0,0,0,0,0,0,0,0,0,0,0,0,0,0,0,0,0,0,0,0,0,0,0,0,0
ASV6456,61,107,20,194,57,72,53,71,115,78,53,126,57,108,156,9,6,12,29,15,4,43,23,12,10,42,37,23,56,75,25,31,159,46,13,41,29,11
ASV6496,22,41,114,40,18,29,38,30,74,29,30,51,167,48,43,103,56,51,42,73,99,652,88,45,78,120,257,19,22,62,57,124,46,78,64,21,31,52
ASV6576,0,0,0,0,0,0,0,0,0,0,0,0,0,0,0,0,0,0,0,2,0,0,0,10,0,1,2,1,1,0,0,0,0,0,0,0,0,0
ASV6577,347,360,122,205,209,127,132,164,299,276,196,81,115,196,144,24,30,30,55,48,54,33,34,62,54,54,55,4,70,93,52,87,27,32,44,21,25,63
ASV6610,0,0,0,0,0,0,0,0,0,0,0,0,0,0,0,0,0,0,0,0,0,0,0,0,0,0,0,0,0,0,0,0,0,0,0,0,0,0
ASV6616,0,0,0,0,0,0,0,0,0,0,0,0,0,0,0,0,0,0,0,0,0,0,0,0,0,0,0,0,0,0,1,0,0,0,0,0,0,0
ASV6623,0,1,3,1,1,1,2,0,2,3,4,1,4,2,1,4,1,10,6,13,0,5,10,14,6,3,4,3,2,1,15,5,5,4,0,1,0,2
ASV6628,0,0,0,0,0,0,0,0,0,0,0,0,0,0,0,0,0,0,0,0,0,0,1,0,0,0,0,0,0,0,0,0,0,0,0,0,0,0
ASV6663,0,0,0,0,1,0,0,0,0,0,0,0,0,0,0,1,0,0,4,1,0,0,0,0,0,0,0,0,0,0,0,0,0,1,0,0,0,0
ASV6677,0,0,0,0,0,0,0,0,1,0,0,0,0,0,0,0,0,0,0,0,0,0,0,0,0,0,0,0,0,0,0,0,0,0,0,0,0,0
ASV6732,92,347,1496,483,273,107,812,1086,339,361,94,35,287,1660,1427,2032,470,1236,586,2473,1405,4497,781,1734,950,417,3119,613,262,286,910,1790,800,403,93,124,153,1017
ASV6899,1,0,2,0,1,1,0,0,1,0,0,0,0,1,0,18,1,0,3,2,1,0,0,9,0,0,1,3,0,1,1,1,0,0,0,1,0,1
ASV6925,0,0,0,0,1,0,0,0,0,0,0,0,0,0,0,0,0,0,7,0,0,0,0,0,0,0,0,0,2,0,1,0,0,0,0,0,0,0
ASV6934,0,0,0,0,0,0,0,0,0,0,0,0,1,0,0,0,0,0,0,0,0,0,1,1,0,0,0,0,0,0,1,0,0,0,0,0,0,0
ASV6944,0,0,1,0,0,0,0,0,0,0,0,0,0,0,0,0,1,0,0,0,0,0,0,0,0,0,0,0,0,1,0,2,0,0,0,0,0,0
ASV7042,1,0,0,0,0,0,0,0,0,0,0,0,0,0,0,0,0,0,0,0,0,0,0,0,0,0,0,0,0,0,2,0,0,0,0,0,0,0
ASV7046,0,0,0,0,0,0,0,0,0,0,0,0,0,0,0,0,0,0,0,0,0,0,0,0,0,0,0,0,0,0,0,0,0,0,0,0,0,0
ASV7078,2,4,8,1,7,4,3,0,5,2,2,3,2,5,2,4,1,4,7,4,1,2,2,13,4,1,10,0,6,0,10,3,0,0,0,1,1,3
ASV7192,3,1,8,5,2,0,1,0,1,1,1,1,2,4,3,0,0,3,2,0,2,0,0,0,1,1,0,0,0,0,2,1,0,0,0,0,0,0
ASV7252,0,6,0,8,0,3,1,26,0,1,0,264,1,1,0,0,0,1,0,0,0,2,0,0,1,1,0,1,0,0,0,2,0,0,0,0,1,0
ASV7271,225,129,82,84,161,46,32,61,126,107,98,60,55,132,61,9,14,35,23,19,23,3,6,31,11,14,29,5,18,33,23,33,41,20,28,19,10,15
ASV7342,239,43,182,12,29,40,77,99,34,28,10,18,30,51,32,0,20,46,42,96,80,68,119,7,82,71,241,16,42,31,8,221,88,46,50,21,170,112
ASV7351,0,0,0,0,0,0,0,0,0,0,0,0,0,1,0,0,0,0,0,0,0,0,0,0,0,0,0,0,0,0,0,0,0,0,0,0,0,0
ASV7365,8,5,7,2,3,2,5,0,8,6,3,0,5,8,3,24,13,19,17,40,17,10,27,43,25,33,17,25,22,17,31,31,7,9,2,3,3,25
ASV7415,0,0,0,0,0,0,0,0,0,0,0,0,0,0,0,0,0,0,0,0,0,0,0,0,0,0,0,0,0,0,0,0,0,0,0,0,0,0
ASV7466,0,0,0,0,0,0,0,0,0,0,0,0,0,0,0,0,0,0,0,0,0,0,0,0,0,0,0,0,0,0,0,0,2,0,0,0,0,0
ASV7491,144,121,1983,83,498,57,129,99,59,23,92,70,175,199,400,1135,376,1536,160,5202,1995,174,707,1890,2787,28,2800,208,196,128,938,3959,113,410,34,137,204,10974
ASV7504,1,0,0,1,0,0,1,1,0,1,0,0,1,0,0,0,0,0,0,3,1,0,0,0,0,0,1,0,0,0,4,1,0,1,0,0,1,1
ASV7517,0,0,0,0,0,0,0,0,0,2,0,1,0,0,0,1,0,0,0,0,0,0,0,0,0,0,0,1,0,0,0,0,0,0,0,0,0,0
ASV7541,0,0,0,0,0,0,0,0,0,0,0,0,0,0,0,0,0,0,0,0,0,0,0,0,0,0,0,0,0,0,0,0,0,0,0,0,0,0
ASV7561,0,0,0,0,0,0,0,0,0,0,0,0,0,1,0,0,0,0,0,0,0,0,0,0,0,0,3,0,0,0,0,0,0,0,0,0,0,0
ASV7827,0,0,0,0,0,0,0,0,0,0,0,0,0,0,0,0,0,1,0,1,0,0,0,0,0,0,0,0,1,0,0,0,0,0,0,0,0,0
ASV7878,1339,35,2469,71,13,6,40,8319,80,80,7,59,54,49,31,7,823,377,10563,104,677,4217,5503,67,23,371,522,1456,2406,794,300,4013,4,29,382,78,88,199
ASV7882,0,0,0,1,0,0,0,0,0,1,0,0,0,0,0,0,0,0,0,0,0,0,0,0,0,0,0,0,1,0,0,0,0,0,2,0,0,0
ASV7911,11,4,11,0,4,3,6,3,3,1,4,0,2,4,3,107,31,41,9,110,21,1,11,109,184,5,11,64,53,9,86,28,1,3,1,2,2,95
ASV7971,3,4,5,13,4,2,1,5,12,5,3,0,4,3,3,2,10,7,12,20,1,153,1,24,10,3,3,16,1,1,9,5,4,101,46,20,29,10
ASV8018,242,249,114,120,180,99,120,138,192,167,152,68,106,179,104,19,32,28,55,49,53,23,47,70,54,37,48,9,70,87,63,67,23,37,30,23,24,51
ASV8019,3,0,6,1,1,0,0,0,2,1,2,0,0,1,1,0,0,0,2,0,0,0,0,0,0,0,0,0,0,0,1,0,2,0,0,0,0,0
ASV8050,0,1,5,0,0,0,0,0,2,0,0,0,0,0,0,0,0,0,2,0,0,4,0,0,0,0,0,0,0,1,0,0,0,1,0,0,0,0
ASV8143,0,0,0,0,1,0,2,0,0,0,0,0,0,1,0,0,0,0,1,0,0,0,0,0,0,0,1,0,0,0,2,0,0,0,0,0,0,0
ASV8192,0,0,0,0,0,0,0,0,1,0,0,0,0,0,0,0,0,0,1,0,0,0,0,0,0,0,0,0,0,0,0,0,0,0,0,0,0,0
ASV8267,0,1,0,2,0,0,0,0,0,0,0,0,2,1,0,0,2,0,1,0,0,0,0,2,2,0,2,1,0,1,7,0,1,1,1,1,1,0
ASV8287,39,27,58,34,7,28,11,6,8,4,25,11,13,19,24,31,33,8,18,233,79,6,204,20,13,21,57,110,43,16,67,32,310,17,13,15,13,12
ASV8295,2,4,11,7,2,0,0,5,7,2,2,0,0,1,1,7,2,13,16,12,1,16,0,5,11,3,0,0,4,0,4,1,0,2,1,3,1,0
ASV8312,17,3,27,9,9,6,22,6,7,4,12,3,4,27,7,40,33,34,52,48,21,5,30,117,47,1,52,73,37,9,80,29,5,7,1,4,0,37
ASV8341,1,0,0,0,0,0,0,0,0,0,0,0,0,1,0,0,0,4,6,3,1,0,0,6,1,0,4,1,0,0,9,2,0,0,0,0,0,7
ASV8379,1,1,1,1,0,0,1,0,0,0,0,0,0,0,2,0,0,0,0,0,0,0,0,0,0,0,1,0,0,0,0,0,0,1,0,0,0,0
ASV8492,0,0,0,0,0,0,0,0,0,0,0,0,0,0,0,0,0,0,0,0,0,0,0,0,0,0,0,0,0,0,0,0,0,0,0,0,0,0
ASV8570,8,3,5,3,21,5,3,1,5,4,4,6,6,8,4,30,2,2,9,1,0,0,1,9,4,1,4,7,6,4,19,1,1,1,2,2,4,1
ASV8673,19,65,68,88,15,29,4,16,71,108,5,5,1,13,9,54,49,47,309,76,53,229,17,32,85,10,76,14,30,15,60,29,2,18,7,1,6,36
ASV8686,180,191,101,89,158,97,99,103,170,151,122,105,92,100,87,31,31,29,48,36,39,13,29,97,33,49,44,3,53,78,55,59,78,38,57,28,21,41
ASV8692,0,0,0,0,0,0,0,0,0,0,0,0,0,0,0,0,0,0,0,0,0,1,0,0,0,0,0,0,0,0,0,0,0,0,0,0,0,0
ASV8726,0,0,0,0,0,0,0,0,0,0,0,0,0,0,0,0,0,0,0,0,0,0,0,0,0,0,2,0,0,0,0,0,0,0,0,0,0,0
ASV8760,111,22,329,21,123,11,65,109,49,29,18,1,24,150,156,1,0,0,1,0,0,73,82,0,0,53,825,0,0,46,0,73,4,14,11,2,21,0
ASV8772,0,3,0,0,0,0,1,1,0,0,0,0,0,0,0,1,0,0,0,0,0,0,0,0,0,0,0,0,0,0,0,1,1,0,0,0,0,1
ASV8866,0,0,0,1,0,0,0,0,0,0,0,0,0,0,0,0,0,0,0,0,0,0,0,1,0,0,0,0,0,0,0,0,0,0,0,0,0,0
ASV8871,2,2,8,1,0,0,0,0,0,0,3,0,1,3,2,4,1,8,8,7,0,4,1,12,6,1,2,5,0,2,14,1,2,2,0,1,0,6
ASV8935,0,0,0,0,0,0,0,0,0,0,0,0,0,0,0,0,0,0,0,0,0,0,0,0,0,0,0,0,0,0,0,0,0,0,0,0,0,0
ASV8947,0,0,1,0,0,0,0,0,0,0,0,0,0,0,0,0,0,0,0,0,0,0,0,0,0,0,0,0,0,0,0,0,0,0,0,0,0,0
ASV8972,0,0,0,0,0,0,0,0,0,0,0,0,0,0,0,0,0,0,0,0,0,0,0,0,0,0,0,0,0,0,0,0,0,0,0,0,0,0
ASV9030,3,1,14,3,5,2,5,2,2,10,5,3,5,5,4,1,3,2,3,10,6,4,8,42,7,1,10,1,4,0,4,12,0,3,0,1,0,4
ASV9118,0,0,0,0,0,0,0,0,0,0,0,0,0,0,0,0,0,0,0,0,0,0,0,0,0,0,0,0,0,0,0,0,0,0,0,0,0,0
ASV9183,4,48,3,37,0,21,0,3,48,127,0,1,0,4,2,7,2,7,13,31,2,396,2,10,13,15,1,4,1,10,3,3,20,41,10,14,8,12
ASV9228,0,0,0,0,0,0,0,0,0,0,0,0,0,0,0,0,0,0,0,0,0,1,0,0,0,0,0,0,0,0,1,0,0,0,0,0,0,1
ASV9236,13,9,80,24,19,6,9,25,2,36,2,1,4,14,17,13,5,23,34,25,15,29,9,10,30,5,22,8,4,8,7,14,3,8,10,4,8,34
ASV9346,13,17,86,21,16,13,14,14,29,56,5,8,8,13,13,12,16,16,39,46,31,254,27,40,49,49,80,4,2,31,10,29,49,26,24,6,13,35
ASV9376,70,15,364,21,64,6,20,143,39,10,12,16,11,43,64,0,20,14,23,16,31,0,7,5,57,6,29,13,0,24,6,34,6,4,14,1,1,28
ASV9474,0,0,0,0,0,0,0,0,0,0,0,0,0,0,0,0,0,0,0,0,0,0,0,0,0,0,0,0,0,0,0,0,0,0,0,0,0,0
ASV9500,0,0,1,1,0,0,0,0,1,0,0,0,1,2,0,0,0,0,0,0,0,2,0,0,0,0,0,0,0,0,0,1,0,0,0,0,0,0
ASV9784,1,0,0,0,0,0,0,0,0,0,0,0,0,0,0,0,0,0,1,0,0,0,1,0,0,0,0,0,0,0,0,0,0,0,0,0,0,0
ASV9947,52,428,20,229,81,185,313,112,218,377,91,63,61,375,75,17,11,17,19,16,7,24,35,31,8,13,38,10,29,18,55,21,32,161,32,21,46,16
ASV9968,0,0,0,1,0,1,2,0,0,1,0,1,2,0,0,0,2,0,0,2,0,0,0,2,0,0,2,1,5,1,1,3,0,0,1,0,0,1
ASV10057,0,0,0,0,0,0,0,0,0,0,0,0,0,0,0,0,0,0,0,0,0,0,1,0,0,0,1,1,0,0,0,0,0,0,0,0,0,0
ASV10080,27,0,153,0,10,0,3,0,6,0,0,0,0,0,1,0,21,6,91,38,17,10,4,8,15,3,9,1,4,0,3,9,0,1,1,0,1,1
ASV10130,0,0,0,0,0,0,0,0,0,0,0,0,0,0,0,0,0,0,0,0,0,0,0,0,0,0,0,0,0,0,0,0,0,0,0,0,0,0
ASV10134,39,1,131,0,7,0,0,0,13,0,1,0,1,0,1,7,10,8,100,43,18,13,1,7,16,1,12,2,6,1,3,16,0,0,0,0,0,11
ASV10225,0,0,0,0,0,0,0,0,0,0,0,0,0,0,0,0,0,0,0,0,0,0,0,0,0,0,0,0,0,0,0,0,0,0,0,1,0,0
ASV10248,16,45,265,93,53,6,162,11,30,10,4,2,65,200,97,0,5,0,37,173,6,141,51,3,91,165,722,21,12,39,5,474,0,29,3,24,62,327
ASV10270,18,5,13,26,5,11,5,10,6,45,6,9,1,19,12,59,17,15,110,79,31,34,8,25,52,0,41,15,17,19,142,18,5,9,6,9,2,98
ASV10277,0,0,0,0,0,0,0,0,0,0,0,0,0,0,0,0,0,0,0,0,0,0,0,0,0,0,0,0,0,0,0,0,0,0,0,0,0,0
ASV10321,0,0,0,0,0,0,0,0,0,0,0,0,0,0,0,0,0,0,0,0,0,0,0,0,0,0,0,0,0,0,0,0,0,0,0,0,0,0
ASV10458,0,0,0,0,0,0,0,0,0,0,0,0,0,0,0,0,0,1,2,0,0,0,0,1,0,0,0,3,0,0,0,0,0,0,0,0,1,1
ASV10597,0,0,0,0,0,0,0,0,0,0,0,0,0,0,0,0,0,0,0,0,0,0,0,0,0,0,0,0,0,0,0,0,0,0,0,0,0,0
ASV10626,78,113,72,117,2395,202,362,69,4514,94,1266,92,2392,166,186,42,20025,55,439,472,16016,12947,796,59,3804,802,3262,10,677,932,1249,15593,1102,79390,35437,45071,60180,1983
ASV10644,34,46,14,32,45,30,30,30,132,65,42,101,21,28,12,54,34,30,50,34,19,35,46,181,10,28,27,46,101,47,102,58,118,61,61,47,16,36
ASV10649,56,32,21,115,80,24,177,69,44,31,65,78,12,162,40,6,3,11,3,11,5,44,67,29,0,128,8,9,39,96,60,6,367,17,9,2,24,9
ASV10819,0,0,0,0,0,0,0,0,0,0,0,0,0,0,0,0,0,0,0,0,0,0,0,0,0,0,0,0,0,0,0,0,0,0,0,0,0,0
ASV10878,0,0,0,0,0,0,0,0,0,0,0,0,0,0,0,0,0,0,0,0,0,0,0,0,0,0,0,0,0,0,0,0,0,0,0,0,0,0
ASV11108,35,13,59,16,397,15,24,3,55,34,7,8,3,5,59,3,14,5,92,733,229,478,323,15,377,212,1348,58,66,40,19,57,10,262,26,50,61,173
ASV11145,0,0,0,0,0,0,0,0,0,0,0,0,0,0,0,0,0,0,3,0,0,0,1,1,0,0,0,0,1,0,1,0,0,0,0,0,0,0
ASV11172,0,0,0,0,0,0,0,0,0,0,0,0,0,0,0,0,0,0,0,0,0,0,0,0,0,0,0,1,0,0,0,0,0,0,0,0,0,0
ASV11218,0,0,0,0,1,0,0,0,0,0,0,0,0,0,0,0,0,3,7,0,0,0,0,2,0,0,0,0,0,0,0,0,0,2,0,0,1,0
ASV11391,80,7,4185,27,295,8,37,61,37,9,18,9,142,7,63,35,28,20,153,46,42,51,93,16,19,16,114,1,34,22,37,194,40,27,2,8,9,40
ASV11440,1,9,6,0,1,0,2,0,8,10,0,0,0,6,0,0,0,5,4,0,0,52,2,2,4,4,1,2,0,1,1,1,3,6,4,1,6,0
ASV11540,0,0,0,0,0,0,0,0,0,0,0,0,0,0,0,0,0,0,0,0,0,0,0,0,0,0,0,0,0,0,0,0,0,0,0,0,0,0
ASV11608,0,0,0,0,0,0,0,0,0,0,0,0,0,0,0,0,0,0,0,0,0,0,0,0,0,0,0,0,0,0,0,0,0,0,0,0,0,0
ASV11721,0,0,0,0,0,0,0,0,0,0,0,0,0,0,0,0,0,0,0,0,0,0,0,0,0,0,0,0,0,0,2,0,0,0,0,0,0,0
ASV11750,0,1,16,2,0,0,1,6,13,3,1,0,2,1,1,1,2,5,9,12,4,18,0,2,4,1,4,0,0,2,2,0,0,2,2,0,1,4
ASV11780,0,0,0,0,0,0,0,0,0,0,0,0,0,0,0,0,0,0,0,0,0,0,0,0,0,0,0,0,0,0,0,0,0,0,0,0,0,0
ASV11832,0,0,0,0,0,0,0,0,0,0,0,0,0,0,0,0,0,0,0,0,0,0,0,0,0,0,0,0,1,0,0,0,0,0,0,0,0,0
ASV11911,8,54,106,43,14,3,125,15,51,14,12,11,192,22,176,13,14,31,47,217,36,323,113,26,72,26,105,6,4,39,10,34,17,32,12,2,12,207
ASV11975,0,0,0,0,0,0,0,0,1,1,0,0,0,0,0,0,0,0,0,0,0,0,0,0,0,0,0,0,0,0,0,0,0,0,0,1,3,0
ASV12001,52,48,267,16,32,14,59,119,31,25,37,11,18,75,22,13,24,17,48,27,10,75,55,13,17,53,28,25,60,31,26,74,80,22,16,13,22,34
ASV12024,0,0,0,0,0,0,0,0,0,0,1,0,0,0,0,0,0,0,0,0,0,0,0,0,0,0,0,0,0,0,1,0,0,0,0,0,0,0
ASV12235,0,0,2,0,0,0,1,0,0,0,0,0,0,0,1,0,0,0,0,0,0,0,3,2,0,0,5,0,0,1,0,0,3,0,0,0,0,1
ASV12255,199,13,328,7,43,2,65,10,10,3,32,0,74,43,45,99,64,224,76,64,63,2,45,167,142,1,82,44,101,14,345,63,2,4,5,2,1,122
ASV12280,0,0,0,0,0,0,0,0,0,0,0,0,0,0,0,0,0,0,0,0,0,0,0,0,0,0,0,0,0,0,0,0,0,0,0,0,0,0
ASV12669,0,0,0,0,0,0,0,0,0,0,0,0,0,0,0,0,0,0,0,0,0,0,0,0,0,0,0,0,0,0,0,0,0,0,0,0,0,0
ASV12751,0,0,0,0,0,0,0,0,0,0,0,0,0,0,0,0,0,0,0,0,0,0,0,0,0,0,0,0,0,0,0,0,0,0,0,0,0,0
ASV12778,192,559,432,633,134,147,55,85,686,411,43,39,103,95,115,3,0,3,254,8,0,2,0,2,0,0,0,0,28,0,21,0,33,73,3,19,4,2
ASV12796,141,32,350,5,30,2,29,3,8,0,36,3,18,6,7,23,11,24,249,21,18,8,28,23,31,11,35,4,112,14,323,62,0,14,15,2,9,20
ASV12823,0,0,0,0,0,0,0,0,0,0,0,0,0,0,0,0,0,0,0,0,0,0,0,0,0,0,0,0,0,0,0,0,0,0,0,0,0,0
ASV12955,0,0,0,1,0,0,0,0,0,0,0,0,0,0,0,0,0,0,0,0,0,0,0,0,0,0,1,0,0,1,0,2,0,0,0,0,0,0
ASV12973,0,0,0,0,0,0,0,0,0,0,0,0,0,0,0,0,0,0,0,0,0,0,0,0,0,0,0,0,0,0,0,0,0,0,0,0,0,0
ASV13128,0,0,0,0,0,0,0,0,0,0,0,0,0,0,0,0,0,0,0,0,0,0,0,0,0,0,0,0,0,0,0,0,0,0,0,0,0,0
ASV13288,0,0,0,0,0,0,0,0,0,0,0,0,0,0,0,0,0,0,0,0,0,0,0,0,0,0,0,0,0,0,0,0,0,0,0,0,0,0
ASV13370,0,0,0,0,0,0,0,0,0,0,0,0,0,0,0,0,0,0,0,1,0,0,0,0,0,0,0,0,0,0,0,0,0,0,0,0,0,0
ASV13373,0,0,0,0,0,0,0,0,0,0,0,0,0,0,0,0,0,0,0,0,0,0,0,0,0,0,0,0,0,0,0,0,0,0,0,0,0,0
ASV13397,0,0,0,0,0,0,0,0,0,0,0,0,0,0,0,0,2,0,0,0,2,0,0,0,0,0,0,0,0,0,0,10,0,0,0,0,0,0
ASV13594,0,0,0,0,0,0,0,0,0,0,0,0,0,0,0,0,0,0,0,0,0,0,0,0,0,0,0,0,0,0,0,0,0,0,0,0,0,0
ASV13631,0,0,0,0,0,0,0,0,0,1,0,0,0,0,0,0,0,0,0,0,0,0,0,0,0,0,0,0,0,0,0,2,0,0,0,0,0,0
ASV13803,0,0,0,0,0,0,0,0,0,0,0,0,0,0,0,0,0,0,0,0,0,0,0,0,0,0,0,0,0,0,0,0,0,0,0,0,0,0
ASV14026,0,0,0,0,0,0,0,0,0,0,0,0,0,0,0,0,0,0,0,0,0,0,0,0,0,0,0,0,0,0,0,0,0,0,0,0,0,0
ASV14043,0,0,0,0,0,0,0,0,0,0,1,0,1,0,1,2,0,0,0,0,0,0,0,1,0,0,0,0,0,0,0,0,0,0,0,0,0,0
ASV14070,0,0,0,0,0,0,0,0,0,0,0,0,0,0,0,0,0,0,0,0,0,0,0,0,0,0,1,0,0,0,0,1,0,0,0,0,0,0
ASV14113,0,0,0,0,0,0,0,0,0,0,0,0,0,0,0,0,0,0,0,0,0,0,0,0,0,0,0,0,0,0,0,0,0,0,0,0,0,0
ASV14265,0,0,0,0,0,0,0,0,0,0,0,0,0,0,0,0,0,0,0,0,0,0,0,0,0,0,1,0,0,0,0,0,0,0,0,0,0,0
ASV14377,0,0,0,0,0,0,0,0,0,0,0,0,0,0,0,0,0,0,0,0,0,0,0,0,0,0,0,0,0,0,0,0,0,0,0,0,0,0
ASV14427,44,19,27,21,20,23,14,2,17,8,20,13,22,15,20,1,3,4,8,2,2,8,5,7,12,6,11,1,2,6,8,10,11,5,14,3,5,2
ASV14457,0,1,0,0,0,0,0,0,1,0,0,0,0,0,0,0,0,2,0,0,0,0,0,0,0,0,0,0,0,0,0,0,0,0,0,0,0,0
ASV14558,0,0,0,0,0,0,0,0,0,0,0,0,0,0,0,0,0,0,0,0,0,0,0,0,0,0,0,0,6,1,0,8,65214,77,10,31,38,0
ASV14595,0,0,0,0,0,0,0,0,0,0,0,0,0,0,0,0,0,1,0,0,0,0,0,0,0,0,2,0,1,0,3,2,0,0,0,0,0,0
ASV14608,0,0,0,0,0,0,0,0,0,0,0,0,0,0,0,0,0,0,0,0,0,0,0,0,0,0,0,0,0,0,0,0,0,0,0,0,0,0
ASV14648,0,0,0,0,0,0,2,0,0,0,0,0,0,0,0,0,1,0,0,0,0,0,0,0,2,0,0,0,0,0,2,0,0,0,0,0,0,0
ASV14690,0,0,0,0,0,1,0,0,0,0,0,0,0,0,0,0,1,0,3,0,0,0,0,1,0,0,0,0,0,0,0,0,0,0,0,0,0,0
ASV14755,39,137,1031,151,434,55,97,276,55,20,182,53,215,695,579,305,35,367,44,162,441,7,15,50,247,5,160,27,22,11,395,232,43,37,12,5,27,340
ASV14794,0,0,0,0,0,0,0,0,0,0,0,0,0,0,0,0,0,0,0,0,0,0,0,0,0,0,0,0,0,0,1,0,0,0,0,0,0,0
ASV14795,0,0,0,0,0,0,0,0,0,0,0,0,0,0,0,0,0,0,0,0,0,0,0,0,0,0,0,0,0,0,0,0,0,0,0,0,0,0
ASV14876,0,0,0,0,0,0,0,0,0,0,0,0,0,0,0,0,0,0,0,0,0,0,0,0,0,0,0,0,0,0,0,0,0,0,0,0,0,0
ASV15015,28,71,283,86,39,20,55,25,58,52,13,4,48,20,46,17,38,28,104,106,65,883,89,24,62,67,216,7,31,83,35,88,22,60,40,6,25,76
ASV15076,41,94,608,193,93,23,345,10,62,26,18,17,163,363,226,0,5,6,96,299,9,292,125,4,155,326,1409,60,7,89,11,809,0,63,22,34,140,624
ASV15279,0,0,0,0,0,0,0,0,0,0,0,0,0,0,0,0,0,0,0,0,0,0,0,0,0,0,0,0,0,0,0,0,0,0,0,0,0,0
ASV15451,0,0,0,0,0,0,0,0,0,0,0,0,0,0,0,0,0,0,0,0,0,0,0,0,0,0,0,0,0,0,0,0,0,0,0,0,0,0
ASV15474,0,0,0,0,0,0,0,0,0,0,0,0,0,0,0,0,0,0,0,0,0,0,0,0,0,0,0,0,0,0,1,0,12,2,0,0,2,0
ASV15534,27,27,42,76,28,14,9,17,30,50,13,15,8,23,27,0,0,3,21,0,0,447,33,0,0,51,16,0,4,37,2,0,14,42,14,13,19,0
ASV15545,0,0,0,0,0,0,0,0,0,0,0,0,0,0,0,0,0,0,0,0,0,0,0,0,0,0,0,0,0,0,0,0,0,0,0,0,0,0
ASV15644,3,6,1,54,35,1,254,2,2,3,2,0,5,3,26,1,1,3,53,72,9,21,0,6,241,15,3,5,7,7,28,5,11,2,4,4,1,147
ASV15689,0,0,0,0,0,0,0,0,0,0,0,0,0,0,0,0,0,0,1,0,0,0,0,0,0,0,0,0,0,0,0,0,0,0,0,0,0,0
ASV16033,0,0,0,0,0,0,0,0,0,0,0,0,0,0,0,0,0,0,0,0,0,0,0,0,0,0,0,0,0,0,0,0,0,0,0,0,0,0
ASV16034,60,403,1900,220,454,295,302,328,332,57,158,666,332,154,1206,21,85,58,20,109,165,219,378,24,52,174,600,7,3,153,25,466,295,78,42,85,107,44
ASV16201,77,517,431,1700,121,388,107,142,383,992,81,500,224,190,259,8,0,0,639,6,0,38,0,0,0,0,0,0,64,0,32,0,176,610,55,170,125,3
ASV16202,0,0,0,0,0,0,0,0,0,0,0,1,0,0,0,0,0,0,0,0,0,0,0,0,0,0,0,0,0,0,0,0,0,0,0,0,0,0
ASV16383,0,0,0,0,0,0,0,0,0,0,0,0,0,0,0,0,0,0,0,0,0,0,0,0,0,0,0,0,0,0,0,0,0,0,0,0,0,0
ASV16511,0,1,2,0,0,0,0,0,0,0,0,0,0,0,0,0,0,0,2,1,1,0,0,1,0,0,0,0,0,0,0,0,0,1,0,0,0,0
ASV16678,0,0,0,0,0,0,0,0,0,0,0,0,0,0,0,0,0,0,0,0,0,0,0,0,0,0,0,0,0,0,0,0,0,0,0,0,0,0
ASV16752,0,0,0,0,0,0,0,0,0,0,0,0,0,0,0,0,0,0,0,0,0,0,0,0,0,0,0,0,0,0,0,0,0,0,0,0,0,0
ASV16949,0,0,0,0,0,0,0,0,1,1,0,0,0,0,0,0,0,0,0,2,0,0,0,0,0,0,0,0,0,0,0,0,0,0,0,0,0,0
ASV16977,3,16,33,8,4,6,6,15,11,49,0,3,0,20,1,48,26,156,91,154,26,26,10,189,57,14,32,61,52,2,77,13,13,11,3,3,5,84
ASV17117,0,0,0,0,0,0,0,0,0,0,0,0,0,0,0,0,0,0,0,0,0,0,0,0,0,0,0,0,0,0,0,0,0,0,0,0,0,0
ASV17392,1076,128,3091,572,421,593,374,3143,381,355,135,410,50,211,1521,4,193,9,1507,2512,9137,2662,2021,11,3055,3650,9477,5100,471,2246,107,4137,999,334,1092,631,3746,4059
ASV17605,0,0,0,0,0,0,0,0,0,0,0,0,0,0,0,0,0,0,0,0,0,0,0,0,0,0,0,0,0,0,0,0,0,0,0,0,0,0
ASV17892,0,0,0,0,0,0,0,0,0,0,0,0,0,0,0,0,0,0,0,0,0,0,0,0,0,0,0,0,0,0,0,0,0,0,0,0,0,0
ASV17968,28,31252,219,12416,131,58852,2327,5438,8767,4210,80,10243,1034,3457,1702,381,40,41,21,26,56,1383,2642,7,41,279,2701,3,24,1299,72,2025,36,7,36,2,16,69
ASV17985,0,55,2,26,3,33,2,16,74,280,0,5,1,7,1,4,1,0,0,4,0,18,1,3,5,1,1,2,0,0,5,1,36,52,42,13,25,1
ASV18057,3,8,13,5,10,40,30,12,8,130,10,6,4,18,17,34,16,3,9,25,26,17,32,182,42,44,81,26,1,23,39,17,71,20,6,7,14,30
ASV18066,130,1588,3598,38,1921,53,320,41,1273,10,1320,862,581,78,906,1966,10,8348,287,1462,343,13,9,4195,1453,6,14,33,692,1,2745,15,0,5,5,1,3,2317
ASV18246,5,28,3,0,0,2,10,0,2,0,16,0,0,0,3,6,173,0,0,2,0,1,0,3,3,1,0,1,0,1,3,0,0,0,0,0,0,4
ASV18448,0,0,0,0,0,0,0,0,0,1,0,0,0,0,0,0,0,0,0,0,0,0,0,0,0,0,0,0,0,0,0,0,0,0,0,0,0,0
ASV18600,8,23,231,53,16,6,47,87,14,15,22,3,17,54,54,101,80,83,36,178,218,44,79,113,76,10,240,37,20,11,57,73,86,12,23,6,14,106
ASV18791,0,3,0,1,0,0,0,0,1,0,0,1,0,0,0,0,0,0,0,0,0,1,0,0,0,0,0,0,0,0,0,0,0,0,0,1,1,0
ASV18901,14,186,97,7,17,7,29,21,5,22,45,9,38,219,493,101,3,7,1,1,23,0,5,141,0,0,16,1,0,11,1,1,28,13,0,2,3,19
ASV18918,0,0,0,0,0,0,0,0,0,0,0,0,0,0,0,0,0,0,0,0,0,0,0,0,1,0,0,0,0,0,0,0,1,0,0,0,0,0
ASV19107,15,37,94,30,9,10,9,10,65,11,5,7,3,3,5,51,47,117,274,271,45,1153,53,177,74,378,94,92,56,106,45,40,9,45,18,0,18,86
ASV19414,95,20,87,75,140,17,109,39,14,25,65,3,63,248,92,7,8,7,28,33,12,0,5,45,11,0,13,10,21,5,22,13,0,7,3,1,2,16
ASV19477,0,0,0,0,0,0,0,0,0,0,0,0,0,0,0,0,0,0,0,0,0,0,0,0,0,0,0,0,0,0,0,0,0,0,0,0,0,0
ASV19948,1,0,0,0,0,0,3,2,0,0,0,6,1,6,0,2,0,0,0,0,0,0,0,20,0,3,0,0,0,5,0,0,403,11,0,0,5,0
ASV20225,13,36,480,82,46,23,27,93,36,42,4,5,19,36,47,21,27,16,52,114,45,89,51,31,67,8,63,14,6,20,14,74,2,21,15,2,5,68
ASV20259,0,0,0,0,0,0,0,0,0,0,0,0,0,0,0,0,0,0,0,0,0,0,0,0,0,0,0,0,0,0,0,0,0,0,0,0,0,0
ASV20284,0,0,0,0,0,0,0,0,0,0,0,0,0,0,0,0,0,0,1,1,0,0,0,0,0,0,0,0,2,0,0,1,0,0,0,0,0,2
ASV20806,0,0,0,0,0,0,0,0,0,0,0,0,0,0,0,0,0,0,0,0,0,0,0,0,0,0,0,0,0,0,0,0,0,0,0,0,0,0
ASV21164,0,0,0,0,0,0,0,0,0,0,0,0,0,0,0,0,0,0,0,0,0,0,0,0,0,0,0,0,0,0,0,0,0,0,0,0,0,0
ASV21392,4,1,9,1,5,4,93,1,1,3,7,10,4,2,8,1,0,55,4,3,0,2,9,7,4,22,100,6,8,3468,3,4,14,4,1,6,0,8
ASV21652,292,18,23175,8,1724,0,253,57,12,18,99,3,393,449,1211,189,178,588,604,593,1586,63,103,95,5342,2,964,8,81,13,100,1515,2,11,9,0,24,3750
ASV22554,61,3,90,2,34,0,14,0,0,2,5,0,5,7,0,19,20,31,255,175,70,17,16,29,98,6,49,29,22,4,10,81,0,0,1,0,2,94
ASV22555,2,1,11,1,1,0,1,1,1,0,0,0,0,17,1,0,21,0,12,8,249,0,2,5,17,6,33,5,3,2,2,18,5,1,2,2,0,25
ASV22574,0,0,0,0,0,0,0,0,0,0,0,0,0,0,0,0,0,0,0,0,0,0,0,0,0,0,0,0,1,0,0,0,0,0,0,0,0,0
ASV22606,244,0,11,0,0,0,82,19,0,2,0,0,61,9,3,0,75,0,1,20,108,87,289,4,10,309,225,4,0,487,0,0,99,79,0,66,0,8
ASV22839,205,242,357,171,394,67,200,388,223,37,29,199,156,2442,1205,0,32,9,75,23,108,19,17,2,111,22,310,6,1,93,1,788,3,10,25,10,6,104
ASV22853,24,145,20,117,536,84,120,264,80,7,82,56,180,136,206,10,5,21,28,25,27,41,177,6,35,4,172,1,8,41,5,163,494,47,14,23,18,39
ASV23010,10,200,15,4,226,110,93,59,64,63,220,8,25,130,19,4,1,1,11,14,3,2,1,5,22,2,3,2,8,6,8,3,23,24,3,10,1,7
ASV23046,1978,0,37,44,103,1,31,63,0,19,28,0,15,24,2,0,32,1,339,948,598,63,191,8,937,67,309,102,0,59,9,80,215,7,102,12,0,477
ASV23071,640,3,110,853,390,3223,86,350,4,6808,38,1,12,207,241,1,0,1,2,0,0,1,0,0,0,0,0,0,0,0,3,0,841,2050,22730,347,4769,6
ASV23072,55,1,212,101,32,0,4,11,0,5,12,0,17,15,24,0,0,0,27,0,0,6,0,0,0,1,0,0,2,3,1,0,1,14,4,3,5,1
ASV23306,2,1,90,0,11,0,3311,0,0,0,12,0,67,1,16,343,31,102,2688,1159,213,3,2,8,3687,0,0,29,128,1,77,0,0,0,0,0,0,505
ASV23801,0,0,0,0,0,0,0,0,0,0,0,0,0,0,0,0,0,0,0,0,0,0,0,0,0,0,0,0,0,0,0,0,0,0,0,0,0,0
ASV24002,0,0,0,0,0,0,0,0,0,1,0,0,0,1,0,4,0,0,0,2,0,0,0,1,4,0,1,7,1,0,1,0,2,0,0,0,0,567
ASV24100,76,0,0,198,77,5,61,8,0,4,10,9,40,0,16,0,0,0,0,0,0,0,0,0,0,0,0,0,1,0,0,0,0,0,0,0,0,0
ASV24247,0,0,0,0,0,0,0,0,0,0,0,0,0,0,0,1,0,0,0,1,0,3,0,4,0,0,0,18,0,0,20,0,543,36,0,63,0,0
ASV24646,30,1124,226,434,248,10,368,1744,505,27,49,49,259,219,340,102,133,76,45,98,216,84,54,93,910,18,90,69,22,22,93,2150,83,159,16,85,63,332
ASV24891,30,6,12,7,12,1,18,1,8,2,3,0,4,9,3,3,12,21,4,29,56,9,209,72,11,17,6,14,16,114,30,13,0,6,0,0,11,26
ASV25023,10,19,514,10,45,4,9,23,11,3,7,1,4,17,23,112,10,90,8,16,26,30,10,22,22,0,24,5,8,4,44,44,22,8,12,0,7,1
ASV25228,9,6,5,1,0,0,14,373,0,28,0,1,1,8,0,0,41,18,0,5,55,9,61,38,6,35,333,2,0,62,0,0,50,31,0,4,0,8
ASV25616,6,518,7,54,1,90,13,21,341,59,13,20,11,14,2,63,158,85,5,340,155,25,63,135,349,46,122,114,10,13,71,167,5,186,1,2,24,364
ASV25956,0,0,0,0,0,0,0,0,0,0,0,0,0,0,0,0,0,0,0,0,0,0,0,0,0,0,0,0,0,0,0,0,0,0,0,0,0,0
ASV26080,0,0,0,0,0,0,0,0,0,0,0,0,0,0,0,0,0,0,0,1,0,0,1,0,0,0,0,0,0,0,0,0,0,0,0,1,0,0
ASV26117,1,0,0,0,0,0,0,0,0,0,0,0,0,0,0,193,2,67,21,46,9,0,0,60,17,0,1,3,24,0,309,0,0,0,0,0,0,83
ASV26226,22,14,89,20,52,7,13,26,18,33,11,11,7,15,30,15,17,8,6,56,56,15,41,23,105,3,192,2,4,5,7,118,12,14,6,4,7,73
ASV26420,0,1,0,2,0,1,0,0,7,0,0,0,0,0,0,0,0,1,0,0,0,0,0,0,0,0,0,0,0,0,1,0,312,44,2,56,36,0
ASV26495,0,0,0,0,0,0,1,0,0,0,0,0,0,0,0,0,0,0,0,0,0,0,0,0,0,0,0,0,0,0,0,0,0,2,0,0,0,0
ASV27616,0,0,0,0,0,4,0,0,0,0,0,3,0,0,0,0,0,0,0,0,0,0,0,0,0,0,0,0,0,0,0,0,0,0,0,0,0,0
ASV27784,2,1,0,2,5,0,8,17,0,0,26,4,0,1,0,1,0,1,2,0,0,83,504,2,0,0,0,0,0,1,4,0,807,30,0,8,0,0
ASV27789,0,0,0,0,0,0,0,0,0,0,0,0,0,0,0,0,0,0,0,0,0,0,0,0,0,0,0,0,0,0,0,0,0,0,0,0,0,0
ASV28168,63,18,181,22,44,6,71,12,13,25,46,4,36,87,24,118,24,32,190,84,9,22,17,146,54,15,32,97,99,1,172,34,29,15,4,11,8,48
ASV28956,4,22,122,9,14,1,23,25,16,16,2,0,3,60,7,91,43,82,58,296,69,143,245,136,103,51,987,27,13,31,38,150,16,42,11,13,19,74
ASV29103,16,317,508,170,65,69,226,159,77,54,22,45,58,168,219,351,192,241,62,239,331,496,1094,210,380,84,2036,14,38,322,111,1693,210,27,11,20,31,593
ASV30114,4,6,1,12,3,11,12,1,1,3,7,14,10,21,4,8,2,4,20,9,0,4,4,16,1,0,7,5,14,2,32,2,7,7,3,2,6,4
ASV30953,4,194,0,100,3,3808,5,1961,956,486,5,53067,2,11,3,4,0,7,0,3,0,100,1,0,0,0,3,0,3,0,0,1,189,7407,8,4514,2,11
ASV31657,13,12,6,5,6,4,6,0,7,2,3,3,3,7,6,6,10,4,5,12,4,20,16,9,31,11,6,137,12,4,6,8,15,3,4,0,2,15
ASV32033,64,324,1,39,37,19,2,3,4,72,10,62,72,20,17,0,0,58,7,344,818,0,1,9,24,1,16,8,1,0,5,18,0,27,0,1,31,151
ASV32063,13,2,26,6,225,1,116,8,1,2,9,18,247,31,121,8,2,2,4,3,2,22,16,1,0,4,17,0,0,7,12,333,0,14,7,0,24,1
ASV32240,0,3,0,1,0,0,0,0,0,2,0,0,0,3,0,31,1,69,0,274,7,0,1,20,38,0,1,9,0,1,1,1,2,0,3,0,0,39
ASV32265,0,0,0,0,0,0,0,0,0,0,0,0,0,0,0,0,0,0,0,0,0,0,0,0,0,0,0,0,0,0,0,0,0,0,0,0,0,0
ASV32273,0,0,0,0,0,0,0,0,0,0,0,0,0,0,0,0,0,0,0,0,0,0,0,0,0,0,0,0,0,0,0,0,0,0,0,0,0,0
ASV33012,0,0,0,1,0,0,0,0,0,0,0,0,0,0,0,0,0,0,0,0,0,225,0,0,0,2,0,0,0,0,0,0,11,1,3,0,1,0
ASV34390,1,0,14,0,3,0,0,0,0,0,1,0,0,1,0,40,17,90,6,23,28,1,4,502,10,3,3,12,5,2,26,1,3,0,0,0,3,13
ASV34558,60,82,106,42,74,25,46,125,60,14,6,72,63,522,324,0,10,2,18,11,15,3,2,0,48,5,73,1,3,20,0,175,1,2,7,1,3,40
ASV34660,0,0,0,0,0,0,0,0,0,0,0,0,0,0,0,0,74,0,0,82,676,0,0,0,654,0,3,2,0,0,0,6,0,0,0,0,0,387
ASV35392,0,0,0,0,0,0,0,0,0,0,0,0,0,0,0,0,0,0,0,0,0,0,0,0,0,0,0,0,0,0,0,0,0,0,0,0,0,0
ASV35646,78,256,35,95,44,178,24,83,195,169,36,34,13,140,18,253,22,42,544,313,53,20,24,122,258,116,44,427,206,15,316,63,47,158,35,42,72,210
ASV35720,0,0,0,0,0,0,0,0,0,0,0,0,0,0,0,0,0,0,0,0,0,0,0,0,0,0,0,0,0,0,0,0,0,0,0,0,0,0
ASV36885,1,0,1,0,1,0,0,0,0,0,0,0,0,0,0,0,0,0,0,0,0,0,0,0,0,0,0,1,0,1,1,0,0,0,1,0,0,2
ASV37427,223,44,51,4,33,123,21,8,9,16,2,616,27,3,12,0,0,0,0,0,0,8,0,0,0,1,0,0,0,0,0,0,859,29,7,22,7,0
ASV38694,0,0,0,0,0,0,0,0,0,0,0,0,0,0,0,0,0,0,0,0,0,0,0,0,0,0,0,0,0,0,0,0,0,0,0,0,0,0
ASV38993,5,4,44,0,6,1,5,3,16,3,2,1,3,1,2,185,17,338,62,16,76,32,4,183,13,26,5,55,127,6,826,5,7,1,0,0,4,13
ASV39260,0,0,0,0,0,0,0,0,0,0,0,0,0,0,0,0,0,0,0,0,0,0,0,0,0,0,0,0,0,0,0,0,0,0,0,0,0,0
ASV40505,22,61,95,252,84,42,188,35,34,5,105,234,54,2,190,3,164,18,684,382,350,91,17,77,820,98,87,901,14,54,91,130,16,62,174,18,5,1868
ASV41360,4,2,2,0,0,1,33,3,12,0,1,0,2,0,3,0,261,8,0,70,126,27,280,104,142,249,550,1,1,425,0,0,199,172,1,163,1,246
ASV42097,84,1,101,0,0,2,234,1,171,0,2,29,19,4,36,0,91,88,0,13,187,4,144,193,1,72,124,1,0,111,1,0,5,20,0,1,1,25
ASV42436,0,0,0,0,0,0,0,0,0,0,0,0,0,0,0,0,0,0,0,0,0,0,0,0,0,0,0,0,0,0,0,0,0,0,0,0,0,0
ASV43712,6,7,47,13,2,6,69,20,0,11,2,1,0,2,82,0,0,0,0,0,0,0,0,0,0,0,0,0,0,0,1,0,401,92,0,8,5,0
ASV44081,3,0,0,0,0,0,0,2,0,0,0,0,0,9,0,2,0,4,0,8,0,0,0,146,0,4,3,2,0,4,0,0,0,0,0,0,1,1
ASV44588,5,123,124,160,3,3,26,635,52,8,3,9,14,24,25,59,49,22,8,35,84,20,2,44,399,8,16,35,3,5,39,924,9,43,5,35,17,142
ASV45217,2,4,56,8,15,4,104,24,6,11,14,4,113,55,589,116,143,77,18,284,344,55,185,98,104,12,802,384,47,15,94,258,22,4,3,5,4,111
ASV45249,0,0,0,0,0,0,0,0,0,0,0,0,0,0,0,0,0,0,0,0,0,0,0,0,0,0,0,0,0,0,0,0,0,0,0,0,0,0
ASV45368,0,13,6,4,0,3,18,26,30,3,2,3,5,17,5,78,19,95,5,174,86,1,10,302,59,4,34,140,40,3,48,33,4,1,0,1,1,83
ASV46131,1,1,0,0,0,0,0,0,0,0,0,0,0,0,0,1,35,6,0,49,44,0,0,101,25,0,1,142,0,0,1,1,0,0,0,0,0,79
ASV46418,25,211,81,18,58,61,349,1,123,44,12,20,12,45,26,0,45,22,109,93,210,26,80,887,226,130,406,63,40,64,16,92,26,126,46,21,192,646
ASV46722,4,2,277,2,8,4,9,5,0,1,2,0,1,7,2,243,38,57,3,0,77,30,101,3,5,19,80,0,15,17,57,17,259,22,12,39,32,2
ASV47278,114,5,95,22,127,6,256,18,3,6,85,0,66,116,67,12,20,9,36,79,11,8,20,66,82,3,44,86,59,3,65,33,3,16,4,2,2,63
ASV47885,11,21,716,70,21,2,47,27,1,5,133,8,20,14,48,1,91,1,200,115,31,15,5,11,14,1,1,23,8,0,3,0,1,5,9,7,0,356
ASV49357,1,0,237,0,5,0,45,0,0,0,27,0,11,24,602,129,19,79,90,613,81,0,23,30,414,0,1339,3,18,0,34,335,0,0,0,0,0,42
ASV50768,33,117,134,55,219,1,396,290,113,16,46,1,279,166,342,17,4,27,26,14,12,46,49,29,23,11,80,3,11,14,64,70,38,49,5,27,14,21
ASV52170,9,4,17,4,29,3,30,12,1,7,3,1,9,256,25,1,2,2,27,4,44,4,7,1,6,12,16,21,20,0,1,7,3,1,2,0,2,27
ASV52948,0,0,0,0,0,0,0,0,0,0,0,0,0,0,0,0,0,0,0,0,0,0,0,0,0,0,0,0,0,0,0,0,0,0,0,0,0,0
ASV54420,0,0,0,0,0,0,0,0,0,0,0,0,0,0,0,8,0,1,0,2,0,1,1,1,3,2,0,6,2,0,0,0,0,0,0,0,1,386
ASV55388,34,142,147,69,278,3,431,364,151,3,37,8,334,205,431,24,4,31,37,15,19,39,42,32,14,16,117,3,28,15,73,71,35,32,8,23,17,12
ASV57771,2,3534,9,564,10,276,198,4189,780,1124,4,297,7,533,600,1,204,16,2,2365,931,5,84,170,2673,9,544,1304,5,21,3,1213,1371,2,3,0,3,7437
ASV57930,1,188,23,56,3,8,126,197,49,23,2,2,11,42,26,0,28,0,11,46,45,34,188,1,23,90,482,12,1,6,1,638,0,27,4,4,70,163
ASV58527,141,412,0,70,83,6,36,4,12,0,8,90,11,0,9,0,0,1,0,0,0,0,0,0,0,0,0,0,0,0,0,0,0,0,0,0,0,0
ASV60537,0,0,0,0,0,0,0,4,0,0,0,1,0,0,0,0,0,0,0,0,0,0,0,0,0,0,2,0,0,0,0,0,0,0,0,0,0,0
ASV61280,0,0,0,0,0,0,0,0,0,0,0,0,0,0,0,0,0,0,0,0,0,0,0,0,0,0,0,0,0,0,0,0,0,0,0,0,0,0
ASV66022,4,26,68,14,110,14,113,20,9,14,5,2,11,218,20,0,7,0,173,32,153,29,8,9,15,264,106,81,59,31,31,80,3,42,3,8,18,276
ASV68661,1,56,3,8,0,5,13,0,4,1,0,0,2,0,0,0,1,0,13,27,2,0,0,23,36,0,85,0,1,0,0,24,1,0,0,0,0,322
ASV69355,2,5,1531,11,22,1,165,25,3,3,15,0,28,18,44,0,360,0,104,170,360,77,62,0,117,1777,77,14,1,26,1,15,0,40,28,9,98,2059
ASV70460,0,0,0,2,0,0,0,0,0,0,0,0,0,0,0,0,0,0,0,0,0,0,0,0,2,0,0,4,0,0,0,0,0,0,0,0,0,205
ASV71599,49,41,1,28,39,9,4,0,31,21,6,12,24,19,10,0,5,0,356,82,6,175,10,0,13,50,249,2,19,36,5,21,1,161,46,30,8,15
ASV72722,0,31,0,0,0,6,0,0,106,0,0,25,0,0,0,0,0,0,0,0,0,227,0,0,0,1,0,0,0,0,0,0,4,3,27,0,5,0
ASV75530,24,17,197,30,18,7,13,32,2,3,2,8,5,27,26,0,2,8,31,10,40,5,39,1,9,11,222,2,2,17,0,65,9,2,34,1,4,31
ASV75987,1,16,0,5,44,10,0,2,6,18,49,3,8,1,0,8,0,11,0,2,2,24,14,23,2,0,6,5,0,0,0,1,252,20,0,47,0,1
ASV76874,0,0,0,0,0,0,0,0,0,0,0,0,0,0,0,0,0,0,0,0,0,0,0,0,0,0,0,0,0,0,0,0,0,0,0,0,0,0
ASV77786,7,1,114,1,28,0,24,1,0,2,4,0,11,48,23,0,51,2,13,21,213,38,102,0,61,83,1604,1,7,100,5,386,0,18,0,6,4,277
ASV81361,0,63,0,0,0,1,0,76,341,0,0,1,1,7,1,0,0,0,0,0,0,0,0,0,0,0,0,0,1,0,0,0,1,0,0,0,0,0
ASV81935,21,0,43,0,1,0,0,0,0,0,0,0,0,0,0,129,401,26,16,13,15,0,0,15,0,0,0,52,29,0,326,0,0,0,0,0,0,2
ASV82811,0,0,0,0,0,0,0,0,0,0,0,0,0,0,0,0,0,0,0,0,0,398,58,0,0,69,2,0,0,14,0,0,25,26,99,5,32,0
ASV83274,0,0,0,0,0,0,0,0,0,0,0,0,0,0,0,0,0,0,0,0,0,0,0,0,0,0,0,0,0,0,0,0,0,0,0,0,0,0
ASV83470,70,25,15,28,26,3,74,15,13,34,20,2,13,121,3,2,0,4,0,2,9,3,218,4,0,1,0,1,13,18,4,4,0,0,0,0,2,10
ASV83800,72,106,174,93,137,30,86,139,86,12,8,106,48,1241,414,2,10,1,16,20,36,4,2,0,52,5,94,3,0,28,0,212,3,3,25,1,1,54
ASV86490,5,3,126,14,26,0,22,17,8,1,5,0,8,10,17,68,6,273,2,39,59,5,27,111,20,1,106,19,4,2,40,95,1,1,0,2,0,21
ASV88060,1,6034,0,527,7,257,114,2407,102,602,2,462,4,296,302,6,103,21,1,1141,509,1,55,127,1556,8,343,631,3,8,0,771,4,1,0,0,3,3840
ASV88629,2,23,222,64,7,4,22,91,4,3,0,5,3,17,44,0,104,0,64,11,43,44,110,0,44,42,79,0,5,4,5,94,1,3,35,0,6,469
ASV91760,0,0,0,74,1,1,1,374,0,4,0,0,0,3,1,0,0,0,0,0,0,0,0,0,0,0,0,0,0,0,0,0,25,1,0,0,0,0
ASV92722,3,17,40,5,85,14,29,12,2,13,2,0,5,55,0,0,17,0,165,24,133,20,3,0,16,328,93,14,25,33,11,56,0,28,4,19,8,352
ASV93123,81,1,591,11,16,0,302,2109,686,1,9,1,34,77,170,1,0,4,3,3,1,1,0,15,2,0,0,1,5,0,2,0,0,0,0,5,0,1
ASV95346,0,3,0,0,0,0,1,306,0,3,0,2,1,1,0,0,0,0,0,0,0,0,0,0,0,0,0,0,0,0,0,0,0,0,0,0,0,0
ASV95427,66,0,224,0,3,0,34,19,3,0,9,0,20,5,4,0,0,0,0,0,0,0,4,0,0,0,12,0,0,0,1,6,0,0,0,0,0,0
ASV100653,0,1,586,4,5,1,63,12,0,0,8,0,7,9,28,1,147,0,45,64,144,25,17,0,53,668,24,6,2,16,1,6,0,17,8,2,31,818
ASV104207,175,39,32,60,130,9,13,5,19,34,53,99,11,4,60,0,80,3,172,119,92,3,12,4,85,37,84,297,4,41,8,12,0,12,188,14,15,322
ASV104698,390,2,45,0,3,0,2992,526,0,0,4,0,315,218,151,1,11,2,1,0,0,7,1,4,0,8,13,4,1,0,3,0,1,19,0,4,0,0
ASV105600,8,39,18,45,18,29,7,37,32,46,18,26,8,11,14,4,31,6,2,3,46,29,176,7,32,177,267,0,12,61,5,497,8,31,41,12,76,9
ASV105637,0,0,0,0,1,0,0,0,0,0,0,0,0,0,0,0,0,0,0,0,0,0,0,0,0,0,0,0,0,0,0,0,0,0,0,0,0,0
ASV105988,3,0,11,0,1,0,1,0,0,0,0,0,0,0,2,1,0,2,1,0,0,0,0,0,0,0,1,0,1,0,9,0,0,0,0,0,0,1
ASV106008,265,76,156,81,151,32,31,24,173,94,90,66,64,84,131,50,24,46,136,65,34,9,20,106,62,65,40,28,194,145,80,48,52,42,24,29,40,91
ASV106254,0,0,2,0,0,0,0,0,0,0,0,0,0,0,0,0,0,0,0,0,0,0,0,0,0,0,0,0,0,0,1,0,0,0,0,0,0,0
ASV106298,0,0,0,0,0,0,0,0,0,0,0,0,0,0,0,0,0,0,0,0,0,0,0,0,0,0,0,1,0,0,0,0,0,0,0,0,0,0
ASV106988,0,0,0,0,0,0,0,0,0,0,0,0,0,0,0,0,0,0,0,0,0,0,0,0,0,0,0,0,0,0,0,0,0,0,0,0,0,0
ASV107007,1,3,3,2,1,0,4,3,0,0,1,0,0,6,2,44,1,4,6,22,3,7,5,12,5,2,10,6,0,1,6,1,1,0,0,1,1,8
ASV107922,27,475,16,136,15,54,100,92,131,129,113,25,58,74,51,1,5,9,2,16,6,4,7,7,4,4,1,13,15,10,77,4,8,22,2,6,7,7
ASV108065,0,0,0,0,0,0,0,0,0,0,0,0,0,0,0,0,0,0,0,0,0,0,0,0,0,0,0,0,0,0,0,0,0,0,0,0,0,0
ASV108093,7,160,63,6,19,4,37,17,4,24,51,5,42,223,486,78,0,4,0,0,5,4,1,103,1,1,3,2,1,2,4,0,23,15,0,1,6,10
ASV108102,140,223,69,78,99,71,83,123,166,120,85,51,51,122,52,60,52,27,38,63,40,37,79,116,51,69,95,35,169,125,92,79,100,66,47,46,50,78
ASV109514,0,0,0,0,0,0,0,0,0,0,0,0,0,0,0,0,0,0,2,0,0,0,0,0,0,0,0,0,0,0,0,0,0,0,0,0,0,0
ASV110756,1,1,3,1,0,0,6,3,1,3,3,0,1,10,2,60,11,42,24,38,9,0,6,35,21,0,7,52,63,4,231,6,0,2,0,1,0,17
ASV112197,6,0,19,1,0,0,0,0,0,0,0,0,0,0,1,85,15,87,32,23,60,18,0,36,99,58,2,2,21,62,114,4,1,0,5,0,2,592
ASV112567,7,1,8,8,7,4,2,0,1,0,1,2,1,11,0,19,1,4,32,7,0,1,1,8,2,1,1,9,9,2,29,1,4,2,0,0,2,4
ASV113314,0,0,0,0,0,0,0,0,0,0,0,0,0,0,0,0,0,0,0,0,0,0,0,0,0,0,0,0,0,0,0,0,0,0,0,0,0,0
ASV114990,0,0,0,0,0,0,0,0,0,0,0,0,0,0,0,0,0,0,0,0,0,0,0,0,0,0,0,0,0,0,0,0,0,0,0,0,0,0
ASV125506,0,0,2,1,0,1,0,623,0,0,0,2,0,0,0,0,0,0,0,0,0,0,0,0,0,0,0,0,1,0,1,1,0,0,1,0,0,0
ASV125574,0,0,0,0,1,0,0,0,0,0,0,0,0,0,0,0,0,2,0,0,0,0,0,0,0,0,0,0,0,0,0,0,0,0,0,0,0,0
ASV126445,0,1,0,0,0,12,0,0,1,1,0,14,0,0,0,0,0,0,0,0,0,0,0,0,0,0,0,0,0,0,0,0,281,1,66,2,9,0
ASV134793,44,0,39,2,63,0,22,18,0,0,23,0,14,34,20,32,6,54,80,65,17,3,1,98,52,0,18,2,26,2,224,11,0,7,10,2,1,66
ASV138035,910,811,634,1229,553,527,821,588,1113,643,785,538,529,1031,806,743,236,561,636,654,334,417,1165,693,480,982,411,625,1566,1398,992,576,1083,713,236,564,585,716
ASV138067,186,186,69,118,60,57,193,88,114,93,43,28,42,155,89,35,32,40,23,85,86,79,2543,163,18,164,57,85,92,246,96,47,11,27,8,14,57,93
ASV149040,37,1,1490,5,100,1,17,26,20,4,8,0,42,2,15,18,9,9,70,15,15,16,19,6,3,3,35,0,5,9,12,85,16,6,0,6,4,18
newASV5,144,21,465,66,75,78,57,443,48,49,16,79,10,48,225,1,26,1,254,218,1589,401,256,5,415,601,1421,676,69,356,23,619,129,64,182,97,594,614
newASV9,441,7,496,9,1,2,2,1510,12,7,0,11,8,3,1,2,156,89,2985,23,153,706,1083,18,5,70,89,389,741,169,103,800,0,13,85,43,19,57
newASV10,0,0,0,0,0,0,0,0,0,0,0,0,0,0,0,0,0,0,0,0,0,0,0,0,0,0,1,0,0,0,0,0,0,0,0,0,0,0
newASV14,109,114,19,188,87,100,58,74,243,171,59,74,65,65,114,0,0,3,6,0,1,3,3,2,0,5,1,0,9,18,2,1,36,19,8,2,9,1
newASV16,0,0,0,0,0,0,0,0,0,0,0,0,0,0,0,0,0,0,0,0,0,0,0,0,0,0,0,0,0,0,0,0,0,0,0,0,0,0
newASV22,3,107,816,23,3,0,59,24,0,1,20,13,19,2,35,1,0,6,65,79,7,39,6,3,3,28,60,48,3,29,5,20,1,7,1,0,5,12
newASV25,83,27,68,73,43,15,6,9,15,40,25,23,23,18,12,17,55,63,19,175,103,27,245,73,70,101,85,21,65,126,547,67,5,197,57,0,75,131
newASV33,0,0,0,0,0,0,0,0,0,0,0,0,0,0,0,0,0,0,0,0,0,1,0,0,0,0,0,0,0,1,0,0,0,0,0,0,0,0
newASV36,232,9,33,137,167,7,163,206,0,31,83,0,205,276,78,4,0,22,0,8,0,0,0,6,0,0,1,4,0,7,43,0,0,0,0,0,0,17
newASV37,57,37,31,63,225,15,29,1,132,0,30,10,8,81,41,1,136,10,148,142,476,1,67,2,26,20,98,151,2,3,1,63,0,13,0,1,6,133
newASV42,5,1,0,0,4,0,1,0,3,0,0,2,0,3,5,15,3,3,88,6,1,0,1,10,2,0,6,12,6,0,9,2,28,41,1,16,5,5
newASV44,3,0,0,0,0,0,0,0,0,0,1,0,0,0,0,0,0,0,5,8,21,1,2,1,1,2,36,4,6,1,1,163,289,1,23,0,49,1
newASV57,88,0,2,1,260,0,9,0,0,0,6,0,1,0,6,154,0,519,15,40,0,1,0,172,0,0,1,2,28,0,44,0,0,5,0,0,195,124
newASV67,0,0,0,0,0,0,0,0,0,0,0,1,0,0,0,0,0,0,0,0,0,0,0,0,0,0,0,0,0,0,0,0,0,0,0,0,0,0
newASV69,78,3,12,17,455,1,73,1,79,5,316,1,269,2,21,7,45,5,97,9,64,127,4,1,24,9,2,0,95,19,20,2,7,348,113,126,218,27
newASV75,0,0,0,0,0,0,0,0,0,0,0,0,0,0,0,0,0,0,0,0,0,0,0,0,0,0,1,0,0,0,0,1528,0,0,0,0,0,0
newASV77,0,10,0,146,0,11,4,14,26,1167,0,4,0,5,0,1,0,0,1,1,4,87,0,17,0,2,0,1,5,0,1,0,7,68,2,14,0,2
newASV89,1,0,5,0,3,0,6,0,2,1,0,1,0,2,0,0,1,0,0,0,0,0,0,0,0,0,0,0,0,0,1,0,0,1,0,0,0,0
newASV93,177,0,19,0,53,0,248,50,14,0,71,0,60,391,164,0,0,0,1,0,0,0,0,0,0,0,0,0,0,0,0,0,0,0,0,0,0,0
newASV95,0,0,0,0,0,0,0,0,0,0,0,0,0,0,0,0,0,0,0,0,0,0,0,0,0,0,0,0,0,0,0,0,0,0,0,0,0,0
newASV98,1,0,60,6,1,2,0,33,3,11,0,0,2,6,1,0,13,1,10,8,56,226,155,0,8,29,185,0,5,15,1,176,0,32,3,1,13,42
newASV100,29,18,8,16,82,12,7,0,78,1,10,1,2,42,24,0,64,0,70,71,261,0,8,0,19,4,9,92,1,1,0,22,0,2,0,0,1,80
newASV110,12,9,10,0,0,0,299,117,25,1,0,0,25,3,13,0,3,2,0,3,16,34,19,230,1,328,59,9,0,105,0,0,40,19,1,5,0,1
newASV112,35,2,643,5,110,6,15,5,21,1,63,4,47,5,28,0,0,0,0,0,0,88,9,0,0,15,0,0,0,29,0,0,49,9,41,5,26,0
newASV117,0,0,0,0,0,0,0,0,0,0,0,0,0,0,0,0,0,0,0,0,0,0,0,0,0,0,2,0,0,0,0,0,0,0,0,0,0,0
newASV119,0,0,0,0,0,0,0,0,0,0,0,0,0,0,0,0,0,0,0,0,0,0,0,0,0,0,0,0,0,0,0,0,0,0,0,0,0,0
newASV120,7,0,336,0,78,0,1,0,0,0,65,0,16,0,0,56,8,65,3,87,11,0,2,61,34,0,11,0,111,0,92,16,0,0,0,0,0,61
newASV126,3,0,4,0,142,0,1,0,0,0,9,0,0,3,1,1,1,2,0,271,28,0,1,1,9,0,194,2,5,0,124,18,0,0,0,0,0,1
newASV132,0,0,0,0,0,0,0,0,0,0,0,0,0,0,0,0,0,0,0,0,0,0,0,0,0,0,0,0,0,0,0,0,0,0,0,0,0,0
newASV156,0,0,0,0,0,0,1,0,0,0,0,0,0,0,0,0,0,0,0,0,0,0,0,0,0,0,0,0,0,0,0,0,0,0,0,0,0,0
newASV172,33,20,66,21,66,5,25,27,18,3,3,26,10,454,129,0,2,0,5,4,11,1,3,0,9,2,40,0,0,15,0,101,0,1,3,0,0,8
newASV182,5,76,3,6,0,8,12,0,2,4,0,1,1,0,0,0,1,0,5,30,2,0,1,10,60,0,166,1,0,0,0,29,0,0,0,0,0,434
newASV195,2,11,18,6,52,8,13,11,2,1,3,0,5,40,1,0,13,0,82,4,57,10,0,0,13,166,44,7,13,15,5,34,1,9,1,2,2,154
newASV208,0,0,0,0,0,0,0,0,0,0,0,0,0,0,0,0,0,0,0,0,0,0,0,0,0,0,0,0,0,0,0,0,1345,0,0,0,0,0
newASV211,1,5,2,5,1,4,11,1,4,0,2,12,0,2,1,0,1,5,1,2,8,5,19,14,3,36,11,5,1,29,1,3,1080,12,4,0,6,0
newASV249,0,0,1,0,2,0,0,0,0,0,0,0,0,0,0,0,0,0,0,0,0,0,0,0,0,0,0,0,0,0,0,0,0,2,0,0,0,0
newASV250,0,0,642,0,0,0,0,0,0,0,0,0,0,0,0,0,0,0,3,0,1,0,14,0,0,0,7,0,0,1,2,10,0,0,0,0,0,1
newASV251,9,0,0,0,53,0,0,0,0,0,103,0,146,1,0,150,0,24,0,65,2,0,0,1,27,0,0,0,0,0,0,0,0,0,0,0,0,25
newASV279,1,1,1,0,0,1,0,0,1,1,0,0,0,0,0,0,7,1,1,1,19,11,266,1,2,15,18,0,0,37,0,3,1,13,15,0,77,3
newASV292,0,0,0,0,0,0,0,0,1,0,0,0,0,0,0,0,0,0,0,0,0,0,0,0,0,0,0,0,1,0,0,1,0,0,0,0,0,0
newASV293,0,0,0,0,0,0,0,0,0,0,0,0,0,0,0,0,0,0,0,0,0,0,0,0,0,0,0,0,0,0,0,0,0,0,0,0,0,0
newASV297,0,0,0,0,0,0,0,0,0,0,0,0,0,0,0,0,0,5,0,0,0,0,0,3,0,0,0,0,0,0,0,0,167,127,1,188,3,0
newASV300,0,6,6,79,2,21,81,313,4,16,2,15,8,86,37,2,1,0,1,0,0,6,17,1,0,1,11,0,0,13,0,25,36,0,0,0,0,0
newASV336,0,0,0,0,0,0,0,0,0,0,0,0,0,0,0,0,0,0,0,0,0,0,0,0,0,0,0,0,0,0,0,0,0,0,0,0,0,0
newASV342,0,0,9,12,63,0,28,0,0,0,32,0,11,0,171,0,19,0,0,17,5,0,4,0,13,0,96,0,0,1,3,21,0,0,0,0,0,58
newASV344,0,0,0,0,0,0,0,0,0,0,0,0,0,0,0,0,0,0,0,0,0,0,0,0,0,0,0,0,0,0,0,0,0,0,0,0,0,0
newASV386,2,31,0,5,0,0,6,0,1,0,0,3,0,0,0,0,3,0,5,9,3,0,0,5,44,0,94,0,1,0,0,16,0,0,0,0,0,216
newASV408,0,4,0,0,0,1,0,0,1,0,0,0,0,0,0,0,0,0,0,0,0,196,0,0,0,1,0,0,0,0,0,0,128,4,8,3,9,0
newASV442,0,0,0,0,0,0,0,0,0,0,0,0,0,0,0,0,0,0,0,0,0,0,0,0,0,0,0,0,0,0,0,0,0,0,0,0,0,0
newASV455,0,1,0,0,0,0,0,0,0,0,0,0,0,0,0,0,7,1,0,3,8,10,186,2,0,17,6,0,0,35,0,2,0,13,9,0,41,0
newASV461,51,3,15,14,547,4,122,6,77,2,273,3,282,9,34,9,60,5,94,11,113,214,4,7,32,8,6,1,83,11,48,10,11,298,190,100,146,48
newASV462,0,0,40,295,0,0,0,120,0,0,0,0,0,21,6,0,0,1,0,0,0,0,0,0,0,0,0,0,1,0,1,0,0,0,0,0,0,0
newASV496,0,0,0,0,0,0,0,0,0,0,0,0,0,0,0,0,0,0,0,0,0,0,0,0,0,0,0,0,0,0,1,0,0,0,0,0,0,0
newASV519,0,0,0,298,0,0,2,131,0,0,1,0,0,28,17,0,0,0,0,0,0,0,0,0,0,0,0,0,0,0,0,0,0,0,0,0,0,0
newASV531,0,0,0,0,0,0,1,3,0,0,0,0,0,0,0,0,23,0,0,2,29,2,21,3,3,7,212,1,0,16,0,2,32,8,0,0,0,2
newASV539,0,0,0,0,0,0,0,0,0,0,0,0,0,0,0,11,0,322,0,4,0,0,1,62,0,0,0,10,0,0,0,0,0,0,0,0,0,1
newASV554,2,223,0,0,0,1,0,0,151,0,0,11,0,0,0,0,0,0,1,0,0,0,0,0,0,0,0,0,0,0,0,0,0,0,0,2,1,0
newASV872,2,0,1,2,6,6,0,1,0,7,1,0,0,0,2,0,0,0,0,0,0,0,0,0,0,0,0,0,0,0,0,0,1,37,212,1,60,0
newASV1033,0,0,0,0,0,0,0,0,0,0,0,0,0,0,0,0,0,0,0,0,0,0,6,0,0,0,94,0,0,0,0,260,0,0,0,0,0,0
newASV1148,0,0,11,171,0,0,1,67,0,0,0,0,2,15,11,0,0,0,0,0,0,0,0,0,0,0,0,0,0,0,0,0,0,0,0,0,0,0
newASV1458,1,662,5,177,1,535,54,91,120,60,2,271,5,55,47,15,0,0,0,1,0,21,30,0,1,4,53,0,0,19,2,43,0,0,0,0,0,3
newASV1502,0,0,0,0,0,0,0,0,0,0,0,0,0,0,0,0,0,0,0,0,0,0,0,0,0,0,0,0,0,0,0,0,0,0,0,0,0,0
newASV5022,0,182,1,182,4,371,45,203,88,30,2,55,24,50,37,3,0,0,0,0,2,36,58,0,0,4,57,0,0,6,1,47,2,0,1,0,0,0
newASV7278,0,0,0,0,0,0,0,0,0,0,0,0,0,0,0,0,0,0,0,0,0,0,0,0,0,0,0,0,0,0,0,0,0,0,0,0,0,0
newASV8135,0,0,0,0,0,0,0,0,0,0,0,0,0,0,0,0,0,0,0,0,0,0,0,0,0,0,0,0,0,0,0,0,0,0,0,0,0,0
newASV29610,82,92,46,206,73,98,78,90,96,124,58,43,64,101,101,50,17,23,39,38,22,31,77,36,34,65,31,26,100,93,39,47,79,70,13,50,43,45
newASV32234,0,0,0,0,0,0,0,0,0,0,0,0,0,0,0,0,0,0,0,0,0,0,0,0,0,0,0,0,0,0,0,0,0,0,0,0,0,0
newASV38463,190,140,95,252,69,119,116,75,231,135,125,57,73,161,112,110,23,40,72,73,46,57,258,75,66,174,43,68,175,160,130,64,114,66,27,75,60,76
newASV47101,224,175,127,327,121,152,185,120,237,144,168,98,108,197,183,96,33,67,90,104,61,90,224,73,87,212,80,78,190,235,87,104,213,139,51,119,109,97
