ASV,Viborg 2019-47 AS,Viborg 2019-49 AS,Viborg 2019-52 AS,Viborg 2019-53 AS,Viborg 2020-2 AS,Viborg 2020-3 AS,Viborg 2020-4 AS,Viborg 2020-6 AS
ASV1,1884,1127,2581,3571,5680,3501,5016,1979
ASV2,185,157,166,187,679,355,345,232
ASV4,215,420,562,669,3205,959,834,488
ASV5,65,27,36,36,114,26,41,20
ASV6,349,384,918,1010,2648,877,1098,488
ASV8,124,116,145,126,267,170,131,71
ASV10,21,8,40,60,92,70,81,44
ASV11,227,463,852,1137,3888,2428,3782,2578
ASV12,191,128,317,345,692,328,519,283
ASV13,79,199,290,359,1451,481,357,257
ASV15,175,106,277,268,494,252,357,195
ASV16,173,304,434,427,906,573,563,265
ASV17,64,150,168,205,593,237,196,175
ASV18,42,72,41,16,52,35,34,30
ASV19,244,262,473,503,1109,435,592,328
ASV20,366,564,682,500,1160,860,782,481
ASV21,117,553,226,224,346,516,318,600
ASV22,174,208,235,244,551,286,419,241
ASV23,1,38,35,43,196,112,66,26
ASV24,110,120,122,46,150,202,200,218
ASV26,78,116,303,317,799,233,341,134
ASV27,28,16,21,20,55,24,19,12
ASV28,24,196,118,48,142,470,262,343
ASV30,121,87,113,134,277,150,220,105
ASV31,47,17,31,26,91,43,99,71
ASV32,34,18,30,23,65,33,36,13
ASV33,29,11,22,18,36,48,36,15
ASV34,9,26,40,10,20,38,32,58
ASV35,337,196,282,246,450,347,373,267
ASV36,349,444,597,749,1655,888,1159,551
ASV40,350,202,273,284,500,227,361,153
ASV41,42,37,81,74,232,110,179,94
ASV43,28,33,30,11,44,33,38,15
ASV44,11,6,12,5,20,26,22,13
ASV45,13,4,13,10,18,48,20,16
ASV47,35,49,55,69,138,75,87,53
ASV50,60,39,64,47,122,56,52,15
ASV51,7,1,17,21,15,12,14,7
ASV52,30,56,55,30,78,52,95,48
ASV54,12,20,27,20,67,40,67,31
ASV55,12,8,26,29,79,38,42,33
ASV60,171,147,155,218,437,217,239,126
ASV63,1,21,15,9,21,82,14,27
ASV67,158,182,207,250,493,205,205,138
ASV70,33,35,75,86,142,49,75,33
ASV71,125,77,111,106,247,142,138,48
ASV74,25,32,41,37,113,56,59,30
ASV81,21,50,22,21,39,102,56,66
ASV88,24,70,38,32,35,160,126,74
ASV92,52,25,54,66,99,82,86,36
ASV97,28,15,27,32,37,33,36,12
ASV98,34,34,33,42,126,48,74,31
ASV99,30,50,46,25,91,69,44,46
ASV100,40,28,30,37,77,65,58,25
ASV104,100,78,110,119,250,139,150,86
ASV105,60,56,54,49,122,100,84,65
ASV107,170,294,719,824,1940,600,869,437
ASV108,57,48,76,53,192,103,124,82
ASV109,1,2,3,6,5,3,4,5
ASV110,8,22,10,0,6,50,20,24
ASV113,16,24,32,50,164,60,74,39
ASV114,5,2,16,16,23,11,19,7
ASV118,25,39,66,87,444,138,110,51
ASV119,20,21,25,30,62,25,24,19
ASV121,25,56,91,21,104,43,76,37
ASV123,40,9,25,25,67,31,41,23
ASV125,7,30,24,19,65,25,19,9
ASV127,154,165,222,246,523,339,298,166
ASV130,29,60,101,131,330,140,152,86
ASV134,23,29,40,48,84,43,51,22
ASV139,26,17,23,9,25,15,22,20
ASV144,36,46,29,36,80,80,47,46
ASV145,55,72,90,109,244,93,138,60
ASV147,23,15,42,37,97,19,62,19
ASV148,4,6,7,11,37,24,30,14
ASV150,3,13,16,6,14,42,26,37
ASV155,9,36,18,14,15,76,55,30
ASV156,14,36,37,38,96,48,48,31
ASV157,11,15,32,29,67,48,51,33
ASV159,48,60,84,83,165,87,121,74
ASV160,8,13,27,15,36,43,22,13
ASV162,15,54,81,87,395,143,99,70
ASV163,16,11,22,21,41,28,27,10
ASV167,4,22,15,15,147,25,19,35
ASV169,131,91,137,126,249,108,151,50
ASV172,17,16,23,17,66,29,38,15
ASV175,23,21,37,41,94,40,46,31
ASV176,43,34,47,36,83,32,35,26
ASV179,6,22,26,30,81,71,38,28
ASV185,3,1,8,2,7,0,6,2
ASV186,22,23,45,30,136,54,61,24
ASV193,2,1,1,2,3,2,3,1
ASV194,3,16,15,10,38,43,68,34
ASV199,54,109,169,139,323,247,206,133
ASV202,14,22,20,28,71,29,27,28
ASV206,10,11,23,29,110,22,29,11
ASV208,256,264,353,218,621,385,460,235
ASV209,21,31,26,16,21,43,31,23
ASV210,33,26,25,30,73,30,69,24
ASV211,5,10,13,8,19,47,67,97
ASV212,8,10,17,10,58,32,23,15
ASV213,72,68,112,119,229,149,182,73
ASV217,1,10,16,17,28,33,27,12
ASV218,124,106,128,111,334,175,180,86
ASV219,7,6,17,21,55,17,33,17
ASV221,20,11,24,28,48,20,45,20
ASV228,60,69,122,97,282,113,223,116
ASV230,6,5,11,12,24,14,18,9
ASV231,26,28,31,20,61,59,46,47
ASV232,10,34,34,15,33,100,82,74
ASV234,32,54,50,56,97,86,61,58
ASV235,14,25,35,31,120,64,39,26
ASV236,35,23,50,78,97,53,70,39
ASV242,48,89,126,130,402,137,172,78
ASV243,18,24,35,30,105,39,42,26
ASV244,18,19,15,21,44,23,29,16
ASV245,7,9,4,12,25,12,9,9
ASV257,64,61,74,49,146,96,103,44
ASV259,36,50,61,35,110,48,79,28
ASV261,56,71,80,85,231,148,147,88
ASV272,1,4,6,3,22,5,12,4
ASV282,5,19,8,15,31,38,32,41
ASV287,33,17,32,51,92,38,59,29
ASV288,2,5,8,2,17,12,11,8
ASV289,0,1,5,2,19,16,6,0
ASV296,1,34,9,7,27,34,38,75
ASV298,34,56,32,14,68,74,87,52
ASV299,59,51,86,106,172,82,147,64
ASV301,4,40,19,2,9,66,39,46
ASV307,17,48,61,55,176,83,44,32
ASV308,8,7,15,21,29,14,20,12
ASV309,12,18,17,9,10,5,22,37
ASV322,7,9,15,14,43,21,24,11
ASV328,24,32,40,49,99,52,103,41
ASV333,5,6,15,23,46,11,26,8
ASV334,23,20,28,35,77,25,21,3
ASV337,77,66,82,78,149,99,87,47
ASV338,73,104,66,67,175,64,72,79
ASV339,10,18,35,15,39,81,119,120
ASV340,2,11,3,4,9,8,9,31
ASV343,31,48,65,70,113,116,103,51
ASV345,9,6,11,12,54,19,20,10
ASV346,84,133,181,182,715,438,523,320
ASV357,10,6,12,19,18,21,26,21
ASV358,21,20,23,24,47,24,20,18
ASV360,6,9,11,11,40,12,12,9
ASV362,36,25,55,47,81,29,48,28
ASV365,130,316,879,1181,3393,1277,1497,831
ASV368,6,6,12,5,20,10,23,6
ASV371,1,7,12,8,18,43,43,69
ASV374,36,93,118,40,84,192,142,114
ASV375,38,58,84,65,94,102,77,58
ASV379,25,47,47,46,99,49,58,49
ASV381,15,41,24,42,101,44,32,26
ASV382,11,14,18,10,28,13,19,12
ASV386,40,55,101,91,174,90,115,54
ASV388,33,20,38,53,92,22,34,28
ASV389,45,52,103,110,195,114,166,83
ASV390,28,30,43,23,73,67,50,35
ASV392,17,35,43,29,116,46,49,18
ASV397,14,13,32,29,64,19,43,13
ASV399,13,8,15,14,33,11,15,6
ASV401,24,29,37,45,93,48,43,23
ASV403,3,30,2,15,30,39,21,28
ASV413,4,11,13,13,36,15,23,19
ASV414,8,6,21,13,58,29,19,4
ASV419,6,4,6,5,18,12,11,6
ASV420,10,26,43,28,64,43,51,46
ASV422,1,3,7,21,17,8,23,8
ASV436,25,35,31,18,80,61,64,51
ASV439,24,20,17,16,38,34,34,19
ASV440,83,119,148,172,304,151,297,141
ASV441,11,43,54,48,165,77,46,19
ASV443,32,38,50,49,127,56,75,53
ASV445,6,3,4,4,16,8,6,5
ASV459,14,31,26,16,50,61,35,34
ASV460,18,10,7,12,33,24,37,14
ASV465,7,11,8,9,31,12,15,6
ASV473,4,0,4,7,24,6,11,6
ASV476,6,14,26,25,45,39,83,44
ASV479,29,23,21,20,49,42,30,18
ASV480,8,3,13,4,13,10,3,3
ASV485,76,76,74,96,157,71,119,38
ASV491,16,6,17,12,31,18,25,9
ASV492,11,14,55,46,163,66,76,45
ASV493,3,1,6,5,13,7,4,3
ASV502,17,23,32,38,90,35,41,17
ASV503,32,29,50,31,54,57,47,31
ASV507,12,23,21,31,56,36,22,17
ASV513,25,48,67,25,104,92,128,66
ASV515,2,10,10,23,41,46,25,27
ASV518,63,56,49,76,125,129,69,45
ASV521,1,5,4,3,24,5,9,6
ASV535,6,3,16,10,83,17,17,8
ASV541,6,0,2,1,9,2,11,4
ASV543,16,28,10,18,46,37,30,18
ASV552,149,77,244,236,365,184,181,45
ASV554,0,1,1,4,7,2,8,2
ASV559,0,0,1,1,1,12,3,7
ASV563,9,14,16,9,29,14,16,11
ASV572,20,18,51,41,99,53,57,16
ASV584,58,36,57,67,101,73,71,41
ASV586,100,60,83,86,179,85,68,28
ASV591,41,33,26,28,53,56,30,19
ASV593,16,30,47,70,176,55,81,32
ASV601,1,1,3,0,2,0,6,2
ASV634,21,25,18,25,40,28,25,12
ASV636,9,7,26,20,27,12,23,12
ASV656,35,42,68,63,109,51,133,59
ASV665,6,16,16,21,54,40,11,11
ASV668,6,4,4,3,18,5,9,4
ASV671,9,36,73,57,159,75,57,13
ASV675,2,2,2,9,17,3,6,4
ASV679,0,2,7,3,76,9,14,1
ASV682,2,4,1,2,13,3,1,2
ASV683,0,5,5,73,7,2,3,4
ASV687,5,8,14,12,25,1,17,4
ASV691,0,2,0,0,0,0,0,0
ASV693,15,28,50,45,109,38,67,34
ASV695,0,2,4,1,1,2,2,1
ASV700,17,17,47,22,55,40,47,25
ASV705,16,20,17,12,70,32,51,31
ASV712,3,6,8,7,21,7,8,3
ASV726,1,2,3,1,18,5,15,6
ASV737,23,50,36,15,39,63,35,26
ASV738,0,3,1,1,5,4,2,1
ASV760,64,61,89,98,194,85,106,52
ASV764,7,7,6,3,23,6,11,3
ASV765,0,2,12,8,37,12,31,13
ASV767,6,6,27,24,51,43,60,27
ASV777,3,5,16,18,57,23,17,25
ASV782,2,2,0,3,3,2,1,1
ASV789,56,53,76,106,216,81,119,42
ASV793,30,79,92,42,144,77,132,113
ASV794,11,12,21,27,64,75,70,49
ASV798,1,2,6,5,53,4,5,4
ASV802,24,19,30,20,66,28,33,16
ASV807,19,22,46,41,108,48,85,43
ASV810,5,15,9,14,39,16,16,8
ASV818,0,0,1,0,2,0,0,2
ASV820,0,0,0,0,0,0,0,0
ASV822,62,59,92,65,107,75,95,54
ASV827,1,8,14,16,25,16,14,10
ASV828,7,5,7,18,51,9,15,8
ASV830,4,5,3,5,17,7,11,1
ASV831,6,5,6,7,10,6,13,3
ASV846,1,4,9,7,13,2,9,4
ASV856,3,5,4,7,11,3,11,3
ASV871,5,11,10,12,29,14,15,16
ASV878,6,3,9,12,43,11,19,22
ASV879,16,19,44,39,84,30,30,32
ASV882,1,5,0,3,12,4,1,4
ASV884,23,59,79,75,162,155,165,146
ASV885,10,5,13,15,31,19,26,14
ASV892,17,12,26,47,104,41,57,23
ASV895,3,6,6,9,32,4,9,4
ASV899,3,3,1,3,4,2,9,0
ASV900,5,12,6,11,27,17,6,11
ASV901,5,3,8,2,10,5,6,5
ASV902,10,4,2,8,15,6,4,1
ASV929,34,17,35,34,65,25,27,15
ASV932,7,4,3,5,17,7,8,4
ASV935,4,3,4,1,17,4,10,2
ASV953,3,4,4,3,30,8,8,2
ASV970,18,23,34,50,74,52,54,23
ASV974,8,10,14,17,46,18,19,7
ASV988,0,1,7,8,43,54,25,11
ASV991,12,7,20,25,61,40,41,23
ASV995,29,30,50,65,65,53,66,28
ASV997,13,17,10,23,44,19,20,8
ASV1008,14,8,33,38,88,28,50,14
ASV1014,7,7,14,12,40,11,16,10
ASV1016,19,41,63,49,120,78,115,47
ASV1019,46,53,61,39,118,103,99,81
ASV1024,5,8,4,2,10,9,4,2
ASV1026,3,6,10,6,43,14,17,13
ASV1047,48,27,33,33,74,31,58,20
ASV1050,7,10,37,34,70,34,69,22
ASV1053,24,21,23,25,52,19,43,16
ASV1056,5,5,9,9,14,8,17,9
ASV1061,4,4,6,6,43,7,5,6
ASV1062,28,19,31,36,61,24,47,17
ASV1064,104,72,64,62,98,69,54,8
ASV1071,27,27,48,56,197,79,133,65
ASV1073,2,3,3,2,6,2,4,4
ASV1109,0,2,0,0,10,0,2,0
ASV1114,43,32,63,38,84,38,47,28
ASV1117,7,4,9,8,28,6,8,7
ASV1121,2,4,11,12,34,21,6,8
ASV1122,5,7,7,5,14,7,11,7
ASV1150,6,11,13,18,44,25,14,9
ASV1157,31,20,22,11,30,30,34,25
ASV1166,1,5,2,3,15,3,16,1
ASV1167,1,3,1,2,4,1,1,0
ASV1168,14,28,38,33,126,93,88,47
ASV1177,2,9,11,6,13,4,5,6
ASV1179,34,20,31,17,41,26,40,20
ASV1186,0,1,1,0,2,0,0,0
ASV1193,0,7,3,1,7,2,1,0
ASV1202,1,3,7,9,20,5,8,4
ASV1217,4,11,6,12,21,9,9,2
ASV1236,2,16,9,11,36,17,20,10
ASV1249,2,7,12,6,16,7,20,13
ASV1260,7,14,10,17,23,9,13,10
ASV1262,0,5,2,1,5,0,5,1
ASV1275,0,0,1,5,12,5,4,1
ASV1295,3,4,9,6,33,8,8,4
ASV1307,2,4,4,3,7,9,7,6
ASV1312,6,5,5,5,19,4,15,2
ASV1317,3,1,5,2,5,2,4,4
ASV1333,24,12,19,10,40,19,17,5
ASV1349,2,36,8,5,14,2,6,4
ASV1372,2,4,23,5,24,7,11,8
ASV1384,5,13,28,24,86,21,25,10
ASV1405,1,4,11,10,28,4,12,6
ASV1420,0,0,0,4,1,1,0,2
ASV1428,3,1,8,7,21,10,14,5
ASV1453,2,3,4,0,13,1,0,1
ASV1469,4,8,9,12,13,13,14,9
ASV1482,23,19,41,19,55,27,37,10
ASV1486,4,12,7,8,22,12,12,1
ASV1501,178,138,244,222,447,148,152,76
ASV1505,0,1,0,0,1,0,0,0
ASV1509,25,40,53,64,121,70,46,15
ASV1526,0,0,0,2,3,6,3,2
ASV1536,84,82,118,119,265,133,212,89
ASV1543,2,1,1,2,0,0,1,0
ASV1548,24,7,17,13,33,23,30,13
ASV1584,6,2,4,8,6,4,7,1
ASV1586,0,3,5,9,25,8,9,3
ASV1595,0,2,0,2,3,3,1,1
ASV1619,3,4,2,1,11,8,5,7
ASV1636,84,74,117,108,284,145,149,80
ASV1647,12,38,38,24,59,56,64,39
ASV1648,19,15,38,33,70,28,40,17
ASV1649,13,12,25,26,56,36,68,27
ASV1673,2,0,0,0,5,2,3,1
ASV1679,0,0,0,0,0,0,4,1
ASV1705,0,1,0,3,7,4,4,7
ASV1727,33,31,38,34,55,40,32,27
ASV1731,20,33,41,65,108,84,87,72
ASV1739,2,3,3,3,17,4,11,5
ASV1751,4,2,14,9,11,2,6,4
ASV1779,3,2,2,1,10,5,1,4
ASV1781,1,0,0,0,1,0,2,1
ASV1787,1,6,0,4,14,4,1,3
ASV1846,1,2,1,0,4,0,2,0
ASV1849,26,12,24,16,42,21,20,9
ASV1861,2,4,4,1,11,0,4,1
ASV1864,27,28,38,47,75,24,42,13
ASV1865,4,9,4,8,19,3,7,9
ASV1878,1,2,5,5,18,2,3,9
ASV1884,2,1,0,2,9,1,1,1
ASV1892,2,2,5,4,9,9,2,4
ASV1899,22,24,20,17,34,27,21,19
ASV1903,0,1,0,0,10,2,1,2
ASV1918,36,27,38,36,77,53,49,33
ASV1920,2,8,3,2,17,2,4,2
ASV1922,1,5,4,7,16,4,7,0
ASV1925,0,1,0,0,4,0,0,0
ASV1937,18,21,44,42,84,26,40,14
ASV1938,4,2,1,5,6,1,7,0
ASV1972,0,4,1,4,13,9,5,6
ASV2009,0,2,1,1,5,0,2,0
ASV2049,4,4,8,5,16,8,2,7
ASV2055,11,13,48,42,96,53,81,24
ASV2063,2,3,3,2,5,8,6,0
ASV2065,4,3,4,8,32,4,6,7
ASV2082,4,8,7,4,12,10,6,3
ASV2095,15,8,39,18,57,29,54,28
ASV2104,0,1,1,1,3,4,6,6
ASV2109,0,0,0,0,0,0,0,0
ASV2116,39,36,62,41,97,40,34,15
ASV2122,0,0,0,0,0,1,0,0
ASV2124,16,20,17,21,45,33,50,32
ASV2150,1,0,2,3,2,2,2,0
ASV2167,3,5,4,2,18,10,8,5
ASV2178,1,2,2,6,14,3,3,1
ASV2180,0,4,4,9,19,3,7,3
ASV2184,0,0,2,3,7,7,1,4
ASV2203,4,5,4,3,19,2,2,5
ASV2228,2,1,4,2,9,1,1,0
ASV2232,1,0,5,6,12,2,9,9
ASV2234,5,10,3,4,4,2,2,4
ASV2239,4,5,1,2,4,6,2,3
ASV2248,1,7,3,5,18,3,3,3
ASV2259,2,5,3,3,9,5,7,1
ASV2262,1,1,1,2,3,1,0,1
ASV2273,1,0,1,1,28,4,2,1
ASV2275,25,43,77,47,130,61,126,69
ASV2283,51,38,72,56,100,71,62,30
ASV2291,1,0,0,1,6,0,0,3
ASV2301,3,0,2,4,16,2,8,4
ASV2334,2,8,5,5,20,6,10,2
ASV2344,12,39,44,33,60,74,72,51
ASV2345,0,2,3,2,6,3,2,1
ASV2378,3,4,3,5,6,5,3,1
ASV2396,3,10,6,7,12,9,3,8
ASV2409,0,3,1,2,10,4,4,2
ASV2426,1,8,4,3,20,11,8,3
ASV2429,31,32,45,30,81,62,81,54
ASV2430,0,0,1,2,0,0,1,2
ASV2450,0,5,1,2,4,0,3,1
ASV2451,1,3,2,8,13,2,3,2
ASV2531,0,1,1,4,3,5,3,1
ASV2550,0,1,0,0,4,1,0,0
ASV2570,22,1,6,4,7,3,2,0
ASV2580,1,2,2,2,7,1,2,2
ASV2598,0,2,1,4,7,0,6,2
ASV2613,2,3,3,0,2,0,3,1
ASV2627,3,2,2,0,12,3,6,2
ASV2663,1,2,4,4,123,4,1,1
ASV2691,4,3,4,5,11,3,6,4
ASV2693,0,0,1,5,26,6,3,1
ASV2778,0,0,0,25,3,1,4,4
ASV2790,0,0,1,2,10,7,2,3
ASV2791,0,1,0,1,2,0,0,0
ASV2798,1,0,1,4,28,3,3,3
ASV2799,1,6,5,8,62,10,8,5
ASV2807,0,0,2,1,2,1,0,0
ASV2811,0,4,2,7,12,4,8,3
ASV2814,8,33,11,42,66,27,20,16
ASV2819,3,3,2,8,9,3,1,1
ASV2820,3,7,3,4,12,7,4,0
ASV2835,3,5,14,15,42,21,13,3
ASV2852,0,5,2,4,17,2,3,2
ASV2855,30,47,55,56,126,72,56,45
ASV2865,1,3,1,0,9,0,0,0
ASV2872,3,2,1,4,11,3,3,3
ASV2887,1,0,1,3,3,9,2,0
ASV2980,11,11,23,20,80,26,60,45
ASV3014,9,62,65,15,107,113,150,199
ASV3015,1,0,0,0,0,0,0,0
ASV3061,0,0,1,3,12,5,3,1
ASV3076,1,0,3,6,12,1,2,3
ASV3091,0,2,5,4,7,4,4,6
ASV3113,3,9,5,6,8,16,10,6
ASV3177,0,0,1,0,1,0,0,0
ASV3193,4,9,18,12,45,13,20,8
ASV3211,0,0,0,0,1,2,2,0
ASV3219,3,1,0,1,2,2,3,2
ASV3226,0,0,2,2,2,0,0,1
ASV3233,0,2,2,5,10,4,3,1
ASV3237,2,3,6,9,10,3,3,2
ASV3241,27,29,32,25,44,16,13,3
ASV3263,1,4,2,1,2,4,5,2
ASV3270,0,1,3,4,9,2,5,0
ASV3324,0,6,0,1,3,1,4,2
ASV3329,1,4,1,3,7,4,3,3
ASV3331,4,5,4,3,5,1,7,2
ASV3366,2,6,2,3,4,3,7,2
ASV3371,0,3,0,3,6,3,6,4
ASV3392,1,0,1,0,5,1,0,1
ASV3399,1,4,4,1,8,3,0,2
ASV3407,46,41,35,29,107,59,70,42
ASV3412,0,0,0,0,2,2,0,0
ASV3413,4,34,57,59,292,197,131,44
ASV3423,1,1,3,7,11,5,8,4
ASV3448,22,19,33,35,72,40,62,31
ASV3470,0,0,4,1,3,3,4,0
ASV3477,0,0,0,0,0,0,3,1
ASV3479,2,4,1,3,12,6,4,1
ASV3491,1,3,4,1,6,2,1,2
ASV3498,1,3,2,7,5,7,4,2
ASV3517,0,0,0,0,1,0,3,0
ASV3523,2,0,0,2,3,0,3,0
ASV3565,1,1,2,2,4,3,1,0
ASV3595,0,0,0,1,2,1,1,0
ASV3657,0,3,1,0,3,2,5,1
ASV3667,0,2,0,0,2,0,2,1
ASV3672,41,34,34,28,64,32,23,14
ASV3698,0,1,2,1,2,2,1,2
ASV3712,1,2,0,2,6,1,0,4
ASV3714,5,2,3,0,4,2,1,1
ASV3767,3,4,4,9,13,4,6,8
ASV3822,2,1,1,2,1,4,1,0
ASV3827,1,0,0,0,0,2,0,0
ASV3863,0,0,0,0,0,0,0,0
ASV3921,0,3,2,0,1,1,0,0
ASV3927,2,1,1,4,3,2,1,0
ASV3928,29,31,44,34,80,35,37,17
ASV3936,0,0,0,0,0,0,0,0
ASV3990,1,2,0,1,1,0,0,0
ASV3999,0,0,2,0,3,1,1,1
ASV4005,0,1,1,4,5,6,2,1
ASV4008,0,2,1,1,5,1,3,4
ASV4013,0,0,0,0,0,1,0,0
ASV4028,15,35,68,50,131,80,84,49
ASV4039,2,0,1,2,6,4,5,1
ASV4083,0,3,1,2,8,2,0,4
ASV4113,0,0,0,0,0,0,0,0
ASV4124,0,0,0,2,1,1,0,0
ASV4142,0,0,0,0,1,0,1,0
ASV4170,0,0,0,1,6,1,2,1
ASV4171,0,0,0,0,2,3,0,3
ASV4173,56,59,147,131,323,155,185,91
ASV4206,1,0,0,0,2,0,0,0
ASV4214,0,2,4,2,5,1,0,0
ASV4309,10,8,15,21,34,22,24,20
ASV4364,0,0,2,2,2,0,1,2
ASV4369,0,1,0,0,0,1,1,1
ASV4391,0,0,1,1,1,6,4,3
ASV4393,2,2,0,2,3,4,1,2
ASV4433,0,1,0,0,3,2,0,1
ASV4493,0,0,0,0,1,0,0,0
ASV4525,1,0,0,1,2,1,0,2
ASV4568,0,0,0,0,0,0,0,0
ASV4609,0,1,0,3,2,2,3,2
ASV4625,0,4,1,4,10,1,5,3
ASV4639,0,0,0,0,0,0,0,0
ASV4668,0,1,3,3,9,3,1,1
ASV4684,0,0,0,0,1,0,0,0
ASV4722,0,0,0,0,0,1,2,0
ASV4771,3,2,2,5,13,1,4,2
ASV4803,0,0,0,0,0,0,0,0
ASV4812,24,29,35,31,75,36,38,22
ASV4829,0,0,1,0,1,1,0,0
ASV4898,2,2,1,4,3,0,2,1
ASV4914,0,3,2,1,8,1,3,1
ASV4950,1,2,1,0,17,0,1,2
ASV5048,2,1,2,1,1,5,1,5
ASV5058,3,0,3,0,3,1,1,0
ASV5159,0,0,0,0,2,0,0,0
ASV5172,1,1,0,1,2,5,0,1
ASV5405,1,0,0,4,3,8,7,2
ASV5442,0,0,0,2,0,0,1,4
ASV5464,24,21,32,52,71,38,48,25
ASV5662,2,2,2,0,3,2,2,3
ASV5854,1,2,2,2,2,3,1,0
ASV5895,0,0,2,3,6,0,0,4
ASV5916,0,0,0,0,1,0,0,1
ASV5936,0,0,1,2,5,1,3,0
ASV5989,0,0,3,4,10,6,2,1
ASV6042,0,1,1,2,5,3,0,0
ASV6081,25,22,45,28,69,22,24,15
ASV6145,1,2,2,0,0,0,1,0
ASV6177,22,14,35,38,106,42,97,53
ASV6180,0,0,0,0,3,0,2,1
ASV6259,2,8,14,16,55,37,38,34
ASV6358,0,1,0,6,3,4,2,2
ASV6456,0,0,0,0,3,1,0,0
ASV6559,0,2,1,0,2,2,2,0
ASV6577,0,0,0,0,0,1,0,0
ASV6593,5,10,18,5,12,49,37,34
ASV6619,3,2,1,2,4,1,0,1
ASV6627,1,0,1,0,1,1,1,0
ASV6653,2,2,0,0,7,1,0,2
ASV6719,0,0,0,0,0,0,0,0
ASV6873,2,0,1,1,1,1,0,1
ASV6952,0,4,1,0,4,0,1,0
ASV7001,2,3,1,0,1,0,1,1
ASV7039,1,1,1,5,8,4,4,2
ASV7150,0,0,0,2,2,2,1,1
ASV7209,1,0,0,0,7,0,1,0
ASV7259,0,0,1,1,2,1,0,1
ASV7260,2,2,0,0,2,0,2,1
ASV7420,1,0,0,2,1,0,0,0
ASV7425,0,1,1,1,5,1,0,1
ASV7441,0,3,0,1,7,2,3,0
ASV7455,0,0,1,0,1,0,0,0
ASV7559,0,1,1,1,0,0,2,0
ASV7599,0,0,0,2,11,1,1,0
ASV7718,0,0,1,0,0,0,0,0
ASV7906,0,0,1,0,0,0,1,0
ASV7911,0,0,0,0,1,0,0,0
ASV7915,1,0,1,1,2,0,1,1
ASV7973,0,0,1,1,2,0,0,0
ASV8018,0,0,0,0,1,0,0,0
ASV8022,0,0,0,4,1,0,0,0
ASV8132,0,1,0,0,0,1,0,0
ASV8720,0,0,0,1,2,1,1,0
ASV8746,12,31,13,10,26,22,30,34
ASV8784,0,0,0,0,0,0,0,0
ASV8955,0,1,0,0,1,0,1,0
ASV9002,0,0,0,0,0,4,0,0
ASV9188,1,0,0,0,0,0,0,0
ASV9216,0,0,0,1,4,2,0,1
ASV9243,0,0,0,1,2,3,0,0
ASV9850,0,0,4,2,0,0,1,1
ASV9987,2,0,3,0,3,0,3,1
ASV10201,0,0,0,0,1,0,0,1
ASV10281,0,0,0,0,0,0,0,0
ASV10328,0,0,0,2,0,0,0,0
ASV10674,28,23,15,26,33,21,15,5
ASV10950,22,21,39,44,106,42,66,39
ASV11360,0,0,0,0,0,2,0,0
ASV11451,0,0,1,1,1,0,0,1
ASV11581,1,0,0,0,0,0,0,0
ASV11669,2,5,5,7,31,36,45,50
ASV11758,0,0,1,0,0,0,2,0
ASV11761,0,0,0,0,0,0,0,0
ASV11803,0,1,0,0,2,0,1,0
ASV12066,21,8,15,23,36,12,3,0
ASV12113,0,0,0,0,0,0,1,0
ASV12165,0,0,0,0,0,0,0,0
ASV12580,0,0,0,0,3,2,0,0
ASV12728,0,1,0,2,2,0,0,0
ASV12833,29,39,31,53,62,35,25,4
ASV13163,0,0,0,0,0,0,0,0
ASV13862,0,0,0,0,0,0,0,0
ASV14783,0,0,1,0,0,1,2,0
ASV15417,0,0,0,1,0,0,0,0
ASV15728,0,0,0,0,0,0,0,0
ASV15961,1,0,0,0,1,0,0,0
ASV16981,0,0,0,0,1,0,0,0
ASV17011,0,0,0,1,1,0,0,0
ASV17422,0,0,0,0,0,0,0,0
ASV18170,0,1,0,1,7,1,1,1
ASV18363,0,0,1,0,0,0,0,0
ASV19054,0,0,0,0,1,0,0,0
ASV19178,1,0,0,0,0,0,1,0
ASV19632,0,1,0,1,2,1,0,0
ASV19845,0,0,0,0,0,0,0,0
ASV20063,0,0,0,0,1,0,0,0
ASV20981,0,0,0,0,0,0,0,0
ASV21624,0,0,0,1,0,0,0,0
ASV22171,0,0,0,0,0,0,1,0
ASV22344,0,0,0,0,0,0,0,0
ASV22396,0,0,0,0,0,0,0,0
ASV24112,0,0,0,0,1,0,0,0
ASV25212,0,0,0,0,0,0,0,0
ASV25260,0,0,0,0,0,0,0,0
ASV26386,0,0,0,0,0,0,1,0
ASV27254,1,0,0,0,1,0,0,0
ASV27280,0,0,0,0,0,0,1,0
ASV28911,0,0,0,0,0,0,0,0
ASV30926,0,2,0,2,1,2,3,2
ASV30933,0,0,0,0,0,0,0,0
ASV31406,0,0,0,0,0,0,0,0
ASV31954,0,0,0,0,0,0,0,0
ASV33420,0,0,0,0,0,0,0,0
ASV36113,0,0,0,0,0,0,0,0
ASV36435,0,0,0,0,0,0,0,0
ASV39011,0,0,0,0,0,0,0,0
ASV40287,0,1,0,0,0,0,0,0
ASV40534,0,0,1,0,0,0,0,0
ASV40548,0,0,0,0,0,0,0,0
ASV42003,0,0,0,0,0,0,0,0
ASV43917,0,1,0,0,0,0,0,0
ASV44406,1,0,0,0,0,0,0,0
ASV51748,0,0,0,0,0,0,0,0
ASV52166,0,0,0,0,0,0,0,0
ASV58619,0,0,0,0,0,0,0,0
ASV59296,0,0,0,0,0,0,0,0
ASV61814,0,1,0,0,0,0,1,0
ASV66534,0,0,0,0,0,0,0,0
ASV67501,0,0,0,0,0,0,0,0
ASV69417,0,0,0,0,0,1,0,0
ASV69599,0,0,0,0,0,0,0,0
ASV80844,0,0,0,0,0,0,0,0
ASV86301,0,0,0,0,0,0,0,0
ASV88705,0,0,0,0,0,0,0,0
ASV91932,0,0,0,0,0,0,0,0
ASV93678,1,0,0,0,0,0,0,0
ASV97044,0,0,0,0,0,0,0,0
ASV103127,0,0,0,0,0,0,0,0
ASV104366,0,0,0,0,0,0,0,0
ASV105703,0,0,2,0,0,1,0,0
ASV106008,0,0,0,0,0,0,0,0
ASV108102,1,0,0,4,5,2,0,3
ASV112928,0,0,0,0,0,0,0,0
ASV113946,0,0,0,0,0,0,0,0
ASV126436,0,0,0,0,0,0,0,0
ASV136780,0,0,1,0,0,0,0,0
ASV138035,12,24,42,42,192,59,48,22
ASV138043,44,78,72,24,26,103,87,72
ASV138067,0,0,1,0,2,1,0,1
newASV3,104,99,93,74,194,143,107,54
newASV24,4,0,0,2,2,4,3,1
newASV29,0,0,0,0,0,0,0,0
newASV66,0,0,0,0,0,0,0,0
newASV97,0,0,0,0,0,0,0,0
newASV109,0,0,0,0,0,0,0,0
newASV164,0,0,0,0,0,0,0,0
newASV209,0,0,0,0,0,0,0,0
newASV220,0,0,0,0,0,0,0,0
newASV261,52,62,54,58,87,49,31,19
newASV291,0,0,0,0,0,0,0,0
newASV317,0,0,0,0,0,0,0,0
newASV407,0,0,0,0,0,0,0,0
newASV424,0,0,0,0,0,0,0,0
newASV604,0,0,0,0,0,0,0,0
newASV761,0,0,0,0,0,0,0,0
newASV1179,0,0,0,0,0,0,0,0
newASV1310,0,0,0,0,1,0,0,0
newASV1495,0,0,0,0,0,0,0,0
newASV1780,24,12,26,16,54,16,25,7
newASV2435,0,0,0,0,0,0,0,0
newASV2528,0,0,0,0,1,0,0,0
newASV3036,0,0,0,0,0,0,0,0
newASV4717,0,0,0,0,0,0,0,0
newASV4831,0,0,0,0,0,0,0,0
newASV4849,0,0,0,0,0,0,0,0
newASV6412,0,0,0,0,0,0,0,0
newASV7200,0,0,0,0,0,0,0,0
newASV7554,0,0,0,0,0,0,0,0
newASV12469,0,0,0,0,0,0,0,0
newASV14213,0,0,0,0,0,0,0,0
newASV29610,4,3,10,5,22,4,6,6
newASV30456,0,0,0,0,0,0,0,0
newASV35003,0,0,0,1,2,1,0,1
newASV38463,2,4,8,4,29,4,10,0
newASV42051,0,0,0,0,0,0,0,0
newASV44692,1,0,0,0,1,0,0,0
newASV47101,4,7,11,17,61,20,12,10
