Date	Temperature_C	inflow_m3d	SS_kgm3
11/01/2017	10.97	118751	3
12/01/2017	10.31	60569	3.12
13/01/2017	10.91	55810	3.49
14/01/2017	11.19	59232	3.31
15/01/2017	11.37	54548	3.34
16/01/2017	11.41	52676	3.32
17/01/2017	11.58	51654	2.95
18/01/2017	11.76	52664	3.27
19/01/2017	12.1	52455	3.13
20/01/2017	12.26	53580	3.03
21/01/2017	12.47	52006	3.02
22/01/2017	12.6	53628	2.95
23/01/2017	12.47	50602	2.98
24/01/2017	12.37	50080	2.96
25/01/2017	12.33	50937	2.89
26/01/2017	12.27	49776	2.85
27/01/2017	12.1	50834	2.78
28/01/2017	11.92	50658	2.74
29/01/2017	11.92	53055	2.52
30/01/2017	12.1	51787	2.84
31/01/2017	12.08	49546	2.95
01/02/2017	11.85	48621	3.05
02/02/2017	11.59	49852	3.24
03/02/2017	11.61	51951	3.1
04/02/2017	11.65	62354	2.83
05/02/2017	11.6	56958	2.89
06/02/2017	11.51	50207	2.93
07/02/2017	11.11	48962	2.91
08/02/2017	10.97	50899	2.89
09/02/2017	11.09	52946	3.24
10/02/2017	11.04	48297	3.2
11/02/2017	10.76	51656	3.1
12/02/2017	10.78	47987	3.12
13/02/2017	10.93	44782	3.07
14/02/2017	11.15	48107	2.98
15/02/2017	11.34	46569	2.77
16/02/2017	11.53	50613	2.89
17/02/2017	11.81	47054	2.88
18/02/2017	11.81	47230	2.72
19/02/2017	11.8	60900	2.67
20/02/2017	11.58	107036	2.32
21/02/2017	11.03	86465	2.67
22/02/2017	10.06	130795	2.48
23/02/2017	9.73	168433	2.55
24/02/2017	8.2	158128	2.23
25/02/2017	8.66	203496	2.37
26/02/2017	8.43	137967	2.22
27/02/2017	9.65	104761	2.27
28/02/2017	10.16	91590	2.84
01/03/2017	10.44	85499	2.68
02/03/2017	10.33	105755	2.36
03/03/2017	10.53	72729	2.76
04/03/2017	10.74	81639	2.68
05/03/2017	10.4	137846	2.59
06/03/2017	9.86	73695	2.9
07/03/2017	10.15	68436	3.08
08/03/2017	10.58	78926	2.76
09/03/2017	10.96	71475	2.83
10/03/2017	11.26	63283	2.89
11/03/2017	11.46	61267	2.88
12/03/2017	11.46	61202	2.99
13/03/2017	11.61	61381	2.89
14/03/2017	11.8	57766	2.93
15/03/2017	11.78	56862	2.95
16/03/2017	11.96	59035	2.86
17/03/2017	11.93	102421	2.37
18/03/2017	10.28	149044	2.4
19/03/2017	10.16	130587	3.03
20/03/2017	9.85	199234	2.91
21/03/2017	9.73	132771	2.44
22/03/2017	10.42	87881	2.82
23/03/2017	11.04	77373	3.11
24/03/2017	11.32	69557	3.24
25/03/2017	11.5	71366	3.15
26/03/2017	11.91	67196	3.16
27/03/2017	12.24	66822	3.23
28/03/2017	12.38	67936	3.34
29/03/2017	12.22	81036	3.02
30/03/2017	12.01	114421	2.93
31/03/2017	12.21	65677	3.59
01/04/2017	12.73	62848	3.34
02/04/2017	13.02	61026	3.88
03/04/2017	13.33	61514	3.87
04/04/2017	13.53	55796	3.87
05/04/2017	13.43	66117	3.77
06/04/2017	13.5	55532	3.7
07/04/2017	13.52	54033	3.56
08/04/2017	13.47	53111	3.53
09/04/2017	13.65	52172	3.57
10/04/2017	13.47	50484	3.5
11/04/2017	13.23	92323	3.08
12/04/2017	12.5	75129	3.02
13/04/2017	12.26	92379	2.86
14/04/2017	12.23	59537	2.9
15/04/2017	11.39	256985	2.58
16/04/2017	10.73	86760	3.04
17/04/2017	11.02	69283	2.77
18/04/2017	11.63	66224	3.03
19/04/2017	12.17	65022	3.24
20/04/2017	12.39	57780	3.3
21/04/2017	12.53	80448	3.17
22/04/2017	12.48	59788	3.32
23/04/2017	12.65	58619	3.21
24/04/2017	12.42	89200	3.55
25/04/2017	12.22	68077	3.35
26/04/2017	12.2	103621	3.71
27/04/2017	11.95	63451	4.04
28/04/2017	12.17	139477	3.09
29/04/2017	10.81	261563	2.86
30/04/2017	10.62	106518	2.76
01/05/2017	11.46	88752	2.99
02/05/2017	12.19	80913	3.24
03/05/2017	12.77	74816	3.18
04/05/2017	12.98	72822	3.17
05/05/2017	13.05	63439	3.07
06/05/2017	13.66	58560	3.31
07/05/2017	13.73	76768	2.64
08/05/2017	13.6	64303	3.26
09/05/2017	13.62	102318	1.65
10/05/2017	12.88	74104	2.78
11/05/2017	12.91	81029	2.56
12/05/2017	13.33	57710	3.11
13/05/2017	13.91	52462	3.54
14/05/2017	14.53	49629	4
15/05/2017	14.81	52109	3.68
16/05/2017	14.79	63027	3.4
17/05/2017	14.97	51438	3.88
18/05/2017	15.54	54119	4.02
19/05/2017	16.05	51324	4.13
20/05/2017	15.93	47949	4.23
21/05/2017	15.97	47715	4.27
22/05/2017	16.07	48493	4.2
23/05/2017	16.24	72840	3.87
24/05/2017	15.72	54973	3.94
25/05/2017	15.82	48362	4.36
26/05/2017	16.23	47313	4.43
27/05/2017	16.66	46566	4.47
28/05/2017	16.87	48268	4.13
29/05/2017	16.67	52789	4.93
30/05/2017	16.72	64839	3.93
31/05/2017	16.49	45579	4.82
01/06/2017	16.63	45664	4.96
02/06/2017	16.86	47830	4.77
03/06/2017	17.04	45988	4.68
04/06/2017	16.78	123073	3.54
05/06/2017	16.82	47938	4.36
06/06/2017	17.02	147068	3.78
07/06/2017	15.87	197674	2.12
08/06/2017	15.63	103813	2.68
09/06/2017	16.17	84601	2.58
10/06/2017	16.56	51809	3.25
11/06/2017	17.13	80319	3
12/06/2017	16.78	72171	2.56
13/06/2017	16.6	52825	3.06
14/06/2017	16.93	51065	2.91
15/06/2017	17.46	77839	2.55
16/06/2017	16.96	73877	2.41
17/06/2017	17.36	48800	2.99
18/06/2017	18.04	47461	2.97
19/06/2017	18.64	49734	2.94
20/06/2017	18.58	47534	2.93
21/06/2017	18.35	48146	2.89
22/06/2017	18.24	120359	2.45
23/06/2017	17.19	130311	3.03
24/06/2017	17.17	124791	3.33
25/06/2017	17.32	54146	3.73
26/06/2017	17.36	53907	3.84
27/06/2017	17.61	49737	3.82
28/06/2017	17.78	51734	3.54
29/06/2017	17.54	103295	2.84
30/06/2017	16.6	218647	2.78
01/07/2017	16.51	99960	3.19
02/07/2017	16.8	55819	3.86
03/07/2017	16.94	101014	2.88
04/07/2017	16.88	61800	3.52
05/07/2017	17.24	52401	3.67
06/07/2017	17.72	50165	3.54
07/07/2017	18	49303	3.32
08/07/2017	18.11	69844	3.25
09/07/2017	18.36	45746	3.55
10/07/2017	18.38	50500	3.18
11/07/2017	18.53	47694	3.13
12/07/2017	18.22	47035	3.24
13/07/2017	18.12	44016	3.53
14/07/2017	18.1	66731	2.94
15/07/2017	18	54377	3.03
16/07/2017	17.73	77105	2.59
17/07/2017	17.71	44279	3.38
18/07/2017	17.77	44388	3.26
19/07/2017	18.22	44173	3.29
20/07/2017	18.38	133500	2.79
21/07/2017	17.46	202911	2.52
22/07/2017	17.69	79457	3.48
23/07/2017	17.57	339396	2.14
24/07/2017	17.34	122494	2.78
25/07/2017	17.34	82766	3.16
26/07/2017	17.54	61220	3.62
27/07/2017	17.64	78940	3.26
28/07/2017	17.9	52710	3.37
29/07/2017	17.78	58706	2.83
30/07/2017	17.47	197092	2.28
31/07/2017	17.94	68553	3.57
01/08/2017	18.32	80452	3.2
02/08/2017	18.5	55550	3.46
03/08/2017	18.09	364094	1.33
04/08/2017	17.29	198208	2.11
05/08/2017	17.38	88660	3.39
06/08/2017	17.56	71684	3.52
07/08/2017	17.84	63733	3.68
08/08/2017	18.23	73414	3.41
09/08/2017	18.44	77033	3.26
10/08/2017	18.54	56252	3.51
11/08/2017	18.54	54681	3.53
12/08/2017	18.4	96051	3.74
13/08/2017	18.04	55051	3.53
14/08/2017	18.18	52381	3.51
15/08/2017	18.5	62417	3.52
16/08/2017	18.72	55272	3.38
17/08/2017	18.73	159427	2.74
18/08/2017	18.42	122799	2.74
19/08/2017	18.31	55006	3.61
20/08/2017	18.15	147432	3.08
21/08/2017	17.5	133823	2.66
22/08/2017	17.69	55340	3.51
23/08/2017	18.1	53114	3.44
24/08/2017	18.29	50843	3.3
25/08/2017	18.47	49295	3.23
26/08/2017	18.73	47522	3.23
27/08/2017	18.84	55010	3.08
28/08/2017	18.98	49772	3.31
29/08/2017	19.18	48259	2.89
30/08/2017	19.03	153169	2.73
31/08/2017	17.95	110052	3.02
01/09/2017	17.92	60390	3.33
02/09/2017	18.08	47278	3.44
03/09/2017	18.35	48206	3.47
04/09/2017	18.32	47369	3.44
05/09/2017	18.47	47686	3.3
06/09/2017	18.14	227364	1.73
07/09/2017	16.65	228522	2.26
08/09/2017	16.51	163471	2.12
09/09/2017	16.59	217330	1.87
10/09/2017	16.45	123274	2.26
11/09/2017	16.73	125284	2.44
12/09/2017	16.86	91484	2.94
13/09/2017	16.33	278366	1.91
14/09/2017	15.22	328156	0.99
15/09/2017	15.46	185359	1.5
16/09/2017	15.98	110490	2.93
17/09/2017	15.91	160877	2.57
18/09/2017	15.15	112391	3
19/09/2017	15.77	107146	2.65
20/09/2017	16.55	78111	3.24
21/09/2017	16.91	71916	3.53
22/09/2017	17.02	66308	3.2
23/09/2017	17.25	62600	3.4
24/09/2017	17.52	63234	3.34
25/09/2017	17.62	60608	3.36
26/09/2017	17.7	58141	3.32
27/09/2017	17.72	56557	3.24
28/09/2017	17.49	145754	2.46
29/09/2017	16.08	129844	2.59
30/09/2017	15.98	60737	3.18
01/10/2017	16.35	60185	2.88
02/10/2017	15.69	239457	1.42
03/10/2017	15.26	107064	2.65
04/10/2017	15.38	127066	2.49
12/10/2017	15.86	86409	2.9
13/10/2017	15.94	66488	3.03
14/10/2017	16.41	63700	2.92
15/10/2017	16.67	63653	2.85
16/10/2017	16.74	61585	2.9
17/10/2017	16.6	60490	2.93
18/10/2017	16.51	102422	2.52
19/10/2017	16.04	72923	2.85
20/10/2017	15.81	154253	2.67
21/10/2017	15.14	132710	2.22
22/10/2017	14.96	123388	2.52
23/10/2017	15.2	74933	3.02
24/10/2017	15.1	180852	2.29
25/10/2017	14.51	139938	2.29
26/10/2017	14.91	95330	2.96
27/10/2017	15.06	90440	3.11
28/10/2017	15	143399	2.91
29/10/2017	13.47	103985	2.82
30/10/2017	13.82	73627	3.15
31/10/2017	14.39	70199	3.11
01/11/2017	15.15	156220	2.43
02/11/2017	13.93	143031	2.15
03/11/2017	14.19	77212	3.11
04/11/2017	14.7	71908	3.11
05/11/2017	15.12	77894	3.04
06/11/2017	15.08	64791	3.08
07/11/2017	14.94	62235	3.12
08/11/2017	15.05	65271	3.12
09/11/2017	15.03	76174	3.14
10/11/2017	14.73	110838	2.84
11/11/2017	13.75	64790	3.17
12/11/2017	13.85	58968	3.23
13/11/2017	14	57057	3.24
14/11/2017	13.93	96993	2.65
15/11/2017	13.65	61176	3.23
16/11/2017	14.08	92352	3.09
17/11/2017	13.81	60145	3.15
18/11/2017	13.39	115500	2.62
19/11/2017	12.64	117428	2.86
20/11/2017	12.64	70043	3.27
21/11/2017	13	136468	2.72
22/11/2017	10.66	305764	0.95
23/11/2017	11.17	151524	2.1
24/11/2017	12.2	112381	3.12
25/11/2017	12.52	86116	3.28
26/11/2017	12.63	113530	3.04
27/11/2017	12.35	185827	2.01
28/11/2017	11.1	162414	2
29/11/2017	11.65	103364	2.91
30/11/2017	12.26	82918	3.14
01/12/2017	12.54	88544	3.08
02/12/2017	12.48	76432	3.24
03/12/2017	12.41	103967	2.99
04/12/2017	12.34	73672	3.38
05/12/2017	12.65	73263	3.41
06/12/2017	12.55	130316	2.5
07/12/2017	12.31	114306	3.26
08/12/2017	11.95	77225	3.56
09/12/2017	11.91	72297	3.49
10/12/2017	12.04	72292	3.45
11/12/2017	12.15	132969	2.44
12/12/2017	10.08	156534	2.45
13/12/2017	10.47	126646	2.79
14/12/2017	10.1	178925	2.11
15/12/2017	10.68	95086	3.47
16/12/2017	11.36	86699	3.41
17/12/2017	11.68	79164	3.4
18/12/2017	11.92	77282	3.39
19/12/2017	12.18	72119	3.37
20/12/2017	12.37	75208	3.36
21/12/2017	12.37	70327	3.36
22/12/2017	12.39	78212	3.02
23/12/2017	12.43	66604	3.38
24/12/2017	12.24	138334	2.87
25/12/2017	11.7	86808	3.16
26/12/2017	11.52	79861	3.25
27/12/2017	11.68	89295	3.12
28/12/2017	11.77	67459	3.55
29/12/2017	11.83	63930	3.56
30/12/2017	11.59	155773	2.7
31/12/2017	10.74	125379	3.17
01/01/2018	10.8	108599	2.94
02/01/2018	11.05	80766	3.36
03/01/2018	9.7	321119	1.47
04/01/2018	9.32	203640	1.54
05/01/2018	9.93	127590	2.71
06/01/2018	10.29	127871	2.82
07/01/2018	10.37	91526	3.34
08/01/2018	10.94	87831	3.26
09/01/2018	11.04	87722	3.2
10/01/2018	11.06	114993	3.05
11/01/2018	11.1	84980	3.3
12/01/2018	11.17	72637	3.3
13/01/2018	11.1	71178	3.29
14/01/2018	10.98	71450	3.25
15/01/2018	10.93	111374	2.82
16/01/2018	10.21	111297	2.81
17/01/2018	10.29	73085	3.23
18/01/2018	10.92	80406	3.16
19/01/2018	11.25	78520	3.19
20/01/2018	11.38	68287	3.25
21/01/2018	11.51	66081	3.36
22/01/2018	11.55	65319	3.38
23/01/2018	11.57	112780	2.95
24/01/2018	10.92	94720	3.31
25/01/2018	11.19	68025	3.45
26/01/2018	11.63	63440	3.44
27/01/2018	11.86	124079	2.68
28/01/2018	10.42	82878	3.04
29/01/2018	10.84	97762	3.03
30/01/2018	11	69559	3.18
31/01/2018	10.7	174314	2.02
01/02/2018	9.89	92077	3.34
02/02/2018	10.37	125431	3.11
03/02/2018	10.22	79208	3.48
04/02/2018	10.58	75860	3.29
05/02/2018	10.78	71906	3.24
06/02/2018	10.85	70760	3.31
07/02/2018	10.71	67867	3.35
08/02/2018	10.86	67417	3.39
09/02/2018	10.84	64589	3.44
10/02/2018	10.92	62808	3.52
11/02/2018	10.94	83347	3.36
12/02/2018	10.63	62601	3.59
13/02/2018	10.81	59129	3.47
14/02/2018	10.99	58221	3.33
15/02/2018	10.83	64104	3.22
16/02/2018	11.07	67712	3.02
17/02/2018	11.26	57463	3.11
18/02/2018	11.43	57762	3.18
19/02/2018	11.59	57984	3.22
20/02/2018	11.67	57554	3.3
21/02/2018	11.79	56651	3.26
22/02/2018	11.66	54646	3.46
23/02/2018	11.41	54865	3.53
24/02/2018	11.12	55129	3.6
25/02/2018	10.81	55394	3.67
26/02/2018	10.52	54642	3.68
27/02/2018	10.09	54665	3.53
28/02/2018	9.59	52979	3.24
01/03/2018	9.64	53360	3.07
02/03/2018	9.99	57152	3.25
03/03/2018	10.3	57304	3.41
04/03/2018	10.42	55983	3.56
05/03/2018	10.47	62942	3.34
06/03/2018	10.54	91797	3.44
07/03/2018	10.18	88168	3.73
08/03/2018	9.99	174920	2.73
09/03/2018	7.66	165501	3.1
10/03/2018	8.21	93115	3.97
11/03/2018	8.91	115549	3.62
12/03/2018	9.21	329764	2.62
13/03/2018	7.79	280454	2.07
14/03/2018	8.37	141322	2.89
15/03/2018	8.73	105397	3.66
16/03/2018	8.77	95839	3.89
17/03/2018	8.84	90077	3.83
18/03/2018	9.33	84327	3.84
19/03/2018	9.87	79768	3.8
20/03/2018	10.1	89317	3.63
21/03/2018	10.16	83932	3.81
22/03/2018	9.53	146497	3.06
23/03/2018	9.27	77572	3.72
24/03/2018	9.82	75456	3.7
25/03/2018	10.44	70776	3.65
26/03/2018	10.72	95563	3.51
27/03/2018	9.87	81410	3.38
28/03/2018	9.53	84637	3.39
29/03/2018	9.37	95241	3.28
30/03/2018	9.63	69923	3.57
31/03/2018	9.76	65783	3.54
01/04/2018	9.84	66720	3.44
02/04/2018	10.31	66552	3.45
03/04/2018	10.07	127807	3.05
04/04/2018	10.19	89946	3
05/04/2018	10.6	72550	3.54
06/04/2018	10.85	64592	3.57
07/04/2018	11.19	65260	3.49
08/04/2018	11.77	65565	3.42
09/04/2018	12.24	63702	3.42
10/04/2018	12.24	61606	3.26
11/04/2018	12.07	61533	3.34
12/04/2018	12.1	60830	3.36
13/04/2018	12.29	58916	3.28
14/04/2018	12.52	58423	3.3
15/04/2018	12.55	60883	3.24
16/04/2018	12.81	58027	3.21
17/04/2018	13.07	56190	3.26
18/04/2018	13.49	56780	3.1
19/04/2018	13.9	55905	3.14
20/04/2018	14.15	56793	3.09
21/04/2018	14.1	54862	3.05
22/04/2018	14.06	56540	3
23/04/2018	14.03	52257	3.07
24/04/2018	13.78	55813	3.09
25/04/2018	12.72	159902	2.43
26/04/2018	12.09	132196	2.64
27/04/2018	12.2	62852	3.37
28/04/2018	13.07	61677	3.26
29/04/2018	13.57	53961	3.31
30/04/2018	13.82	97857	3.05
01/05/2018	13.28	64434	3.17
02/05/2018	13.6	55067	3.31
03/05/2018	13.93	53233	3.34
04/05/2018	14.18	52140	3.32
05/05/2018	14.54	50690	3.33
06/05/2018	14.91	52247	3.33
07/05/2018	15.25	52100	3.33
08/05/2018	15.5	52191	3.36
09/05/2018	15.74	50516	3.48
10/05/2018	15.93	61041	3.25
11/05/2018	15.86	47871	3.46
12/05/2018	15.87	47736	3.55
13/05/2018	16.01	48761	3.54
14/05/2018	16.28	49722	3.54
15/05/2018	16.46	48645	3.5
16/05/2018	16.7	49140	3.66
17/05/2018	16.86	48685	3.65
18/05/2018	16.96	49546	3.52
19/05/2018	16.72	57046	3.25
20/05/2018	16.71	45624	3.66
21/05/2018	16.6	47836	3.65
22/05/2018	16.82	47912	3.69
23/05/2018	17.18	48374	3.72
24/05/2018	17.43	46409	3.66
25/05/2018	17.57	46219	3.79
26/05/2018	17.52	87313	3.38
27/05/2018	17.63	46436	4.11
28/05/2018	17.15	110684	3.85
29/05/2018	17.55	48063	4.58
30/05/2018	18.05	47404	4.68
31/05/2018	18.24	45935	4.72
01/06/2018	18.53	45975	4.82
02/06/2018	18.82	44562	4.89
03/06/2018	19.15	45315	4.89
04/06/2018	19.27	45323	4.93
05/06/2018	19.15	45968	4.89
06/06/2018	19.06	44835	4.9
07/06/2018	19.11	45440	4.77
08/06/2018	19.31	44244	4.83
09/06/2018	19.47	42416	4.82
10/06/2018	19.33	43692	4.81
11/06/2018	18.87	42862	3.99
12/06/2018	18.93	46618	3.52
13/06/2018	18.96	43645	3.47
14/06/2018	19.05	44175	3.38
15/06/2018	19.26	42807	3.53
16/06/2018	19.11	81847	3.42
17/06/2018	18.86	101750	3.29
18/06/2018	18.99	39956	3.91
19/06/2018	19.07	47803	3.66
20/06/2018	19.15	43165	3.67
21/06/2018	18.71	60684	3.64
22/06/2018	16.8	175490	2.63
23/06/2018	16.3	42806	3.75
24/06/2018	17.28	43544	4.23
25/06/2018	18.18	43575	4.34
26/06/2018	18.97	43648	4.61
27/06/2018	19.48	43087	4.63
28/06/2018	19.88	42826	4.55
29/06/2018	19.99	42350	4.33
30/06/2018	19.87	39766	4.21
01/07/2018	19.82	40339	4.11
02/07/2018	19.76	40766	4.08
03/07/2018	19.96	40727	3.84
04/07/2018	20.31	38814	4.01
05/07/2018	19.85	40279	4.16
06/07/2018	19.79	38361	4.08
07/07/2018	20.07	36959	3.91
08/07/2018	20.43	37857	3.75
09/07/2018	20.25	37689	3.39
10/07/2018	20.06	58849	3.22
11/07/2018	20.29	37749	3.52
12/07/2018	20.68	37454	3.69
13/07/2018	20.92	37850	3.66
14/07/2018	20.78	35471	3.66
15/07/2018	20.81	35656	3.65
16/07/2018	21.13	35982	3.87
17/07/2018	20.92	55186	3.87
18/07/2018	20.63	67221	3.65
19/07/2018	20.61	35898	4.16
20/07/2018	20.72	34737	4.12
21/07/2018	20.92	33480	3.95
22/07/2018	21.08	33946	3.69
23/07/2018	21.15	34867	3.48
24/07/2018	21.6	36308	3.34
25/07/2018	21.91	36329	3.24
26/07/2018	21.96	35952	3.16
27/07/2018	22.13	36021	3.12
28/07/2018	22.28	37194	2.92
29/07/2018	22.15	35773	3.23
30/07/2018	22.16	37149	3.19
31/07/2018	22.19	36989	3.21
01/08/2018	21.71	104296	2.94
02/08/2018	21.86	36982	4.24
03/08/2018	22.1	37698	4.11
04/08/2018	22.1	39379	4.07
05/08/2018	21.5	37503	4.07
06/08/2018	21.39	38668	3.95
07/08/2018	21.68	39515	3.76
08/08/2018	21.85	40187	3.7
09/08/2018	21.96	147892	2.99
10/08/2018	20.64	125818	2.99
11/08/2018	20.33	95602	3.13
12/08/2018	19.64	214654	2.68
13/08/2018	18.28	173573	2.26
14/08/2018	18.88	124893	3.01
15/08/2018	19.61	65288	3.56
16/08/2018	20.32	48266	3.47
17/08/2018	20.54	61115	3.36
18/08/2018	20.52	41454	3.61
19/08/2018	20.52	42748	3.5
20/08/2018	20.55	43777	3.45
21/08/2018	20.5	43123	3.38
22/08/2018	20.7	42726	3.31
23/08/2018	21	41686	3.22
24/08/2018	20.15	119930	2.49
25/08/2018	19.19	116212	2.64
26/08/2018	18.48	46908	3.27
27/08/2018	18.31	195363	2.69
28/08/2018	18.02	60770	3.76
29/08/2018	18.69	56524	3.43
30/08/2018	18.87	214396	2.05
31/08/2018	18.77	67731	3.31
01/09/2018	19.11	45406	3.5
02/09/2018	19.59	45654	3.41
03/09/2018	19.95	45730	3.42
04/09/2018	20.18	44753	3.35
05/09/2018	20.38	45837	3.21
06/09/2018	20.43	45390	3.12
07/09/2018	20.19	50894	2.97
08/09/2018	19.75	42592	3.07
09/09/2018	19.75	43698	3.03
10/09/2018	19.81	43255	3.07
11/09/2018	19.49	71333	2.88
12/09/2018	19.04	49945	3.4
13/09/2018	19.04	42853	3.36
14/09/2018	19.14	43286	3.3
15/09/2018	19.07	48584	3.25
16/09/2018	19.01	43032	3.43
17/09/2018	19.2	42497	3.43
18/09/2018	19.56	39954	3.35
19/09/2018	19.79	41355	3.25
20/09/2018	19.87	40291	3.17
21/09/2018	19.53	58463	2.89
22/09/2018	18.62	58341	2.93
23/09/2018	18.06	44201	2.85
24/09/2018	16.94	124618	2.28
25/09/2018	16.05	46588	3.14
26/09/2018	16.47	44277	3.09
27/09/2018	17.34	46767	3
28/09/2018	17.55	44265	2.89
29/09/2018	17.56	44148	2.92
30/09/2018	17.71	46008	2.96
01/10/2018	17.87	44981	2.97
02/10/2018	17.46	65124	2.87
03/10/2018	17.01	65004	3.01
04/10/2018	17.01	48810	3.19
05/10/2018	17.57	48807	3.11
06/10/2018	17.92	97219	2.75
07/10/2018	16.09	100802	2.82
08/10/2018	15.78	45912	3.2
09/10/2018	16.58	44761	3.19
10/10/2018	17.31	44276	3.16
11/10/2018	17.7	44118	3.11
12/10/2018	17.95	41610	3.19
13/10/2018	18.19	39835	3.25
14/10/2018	18.09	38950	3.27
15/10/2018	18.05	41756	3.22
16/10/2018	18.18	53080	3.28
17/10/2018	18.35	43912	3.45
18/10/2018	18.24	42768	3.53
19/10/2018	17.89	41718	3.52
20/10/2018	17.64	42882	3.47
21/10/2018	17.57	44388	3.43
22/10/2018	17.33	90555	3.07
23/10/2018	14.74	164494	2.44
24/10/2018	14.2	83039	3.5
25/10/2018	14.92	52688	3.47
26/10/2018	15.14	85380	3.46
27/10/2018	14.85	58924	3.83
28/10/2018	14.71	61366	3.71
29/10/2018	14.45	67504	3.78
30/10/2018	14.51	90082	3.28
31/10/2018	14.62	55350	3.74
01/11/2018	14.9	46526	3.61
02/11/2018	15.25	43265	3.5
03/11/2018	15.45	42923	3.43
04/11/2018	15.64	42699	3.37
05/11/2018	15.95	44305	3.32
06/11/2018	16.07	43457	3.24
07/11/2018	16.18	42441	3.18
08/11/2018	16.32	42521	3.11
09/11/2018	16.3	41075	3.08
10/11/2018	16.1	43376	3.04
11/11/2018	15.25	133920	2.48
12/11/2018	14.68	153816	2.4
13/11/2018	14.23	60635	2.85
14/11/2018	14.78	46074	3.23
15/11/2018	15.34	42260	3.3
16/11/2018	15.19	43004	3.24
17/11/2018	15.23	43183	3.17
18/11/2018	15.21	43696	3.08
19/11/2018	14.87	42709	3.06
20/11/2018	14.57	45726	3.03
21/11/2018	14.42	42235	3.04
22/11/2018	14.47	41885	3.03
23/11/2018	14.47	40471	2.9
24/11/2018	14.59	41339	2.76
25/11/2018	14.45	42174	2.73
26/11/2018	14.22	42386	2.79
27/11/2018	14.06	42143	2.78
28/11/2018	13.54	42652	2.8
29/11/2018	12.3	178442	1.96
30/11/2018	10.78	48035	2.79
01/12/2018	11.53	44640	2.99
02/12/2018	12.23	182982	2.31
03/12/2018	11.97	71984	2.88
04/12/2018	12.11	48602	3.12
05/12/2018	12.6	45292	3.14
06/12/2018	13.19	114763	2.63
07/12/2018	13.1	140325	2.46
08/12/2018	12	131360	2.23
09/12/2018	11.97	58376	3.27
10/12/2018	12.43	59299	3.31
11/12/2018	12.89	47331	3.28
12/12/2018	13.04	47073	3.15
13/12/2018	13.12	46166	3.08
14/12/2018	13.14	46238	3.14
15/12/2018	13.31	59231	3.16
16/12/2018	12.98	46288	3.31
17/12/2018	13.16	44343	3.98
18/12/2018	13.74	49360	4.42
19/12/2018	13.2	86512	3.3
20/12/2018	12.6	63460	4.21
21/12/2018	12.48	229622	2.69
22/12/2018	9.69	129199	2.97
23/12/2018	10.24	118963	3.44
24/12/2018	10.36	66001	4.54
25/12/2018	11.32	64320	4.37
26/12/2018	11.65	48035	4.68
27/12/2018	12.35	49990	4.65
28/12/2018	12.74	53134	4.52
29/12/2018	12.75	148216	3.47
30/12/2018	11.56	55924	4.16
31/12/2018	12.11	65011	4.23
01/01/2019	12.18	65048	3.88
02/01/2019	11.03	67364	4.29
03/01/2019	11.35	48536	3.94
04/01/2019	11.98	48666	3.87
05/01/2019	12.39	47447	3.78
06/01/2019	12.67	48233	3.67
07/01/2019	13.06	81230	3.42
08/01/2019	12.15	117340	3.18
09/01/2019	11.31	53933	4.05
10/01/2019	11.59	50891	4.2
11/01/2019	12.18	51098	4.32
12/01/2019	12.53	72574	4.43
13/01/2019	12.2	107014	4.36
14/01/2019	11.35	60261	4.96
15/01/2019	11.38	123417	4.62
16/01/2019	10.62	125387	4.75
17/01/2019	10.49	125872	5
18/01/2019	10.01	62147	5.79
19/01/2019	10.74	59460	5.73
20/01/2019	11.34	57952	5.66
21/01/2019	11.42	105166	5.1
22/01/2019	11	72440	5.6
23/01/2019	11.22	71848	5.6
24/01/2019	11.59	72598	5.68
25/01/2019	11.88	54219	5.76
26/01/2019	11.77	69904	5.47
27/01/2019	9.67	316279	4.39
28/01/2019	8.73	107177	4.84
29/01/2019	9.76	73622	5.39
30/01/2019	10.47	66901	5.24
31/01/2019	10.77	62720	4.9
01/02/2019	11.12	60465	4.66
02/02/2019	11.36	64838	4.63
03/02/2019	11.46	57055	4.57
04/02/2019	11.52	64406	4.27
05/02/2019	11.62	54005	4.01
06/02/2019	11.28	120624	4.11
07/02/2019	10.39	123336	4.59
08/02/2019	10.38	104055	4.51
09/02/2019	9.91	149581	3.92
10/02/2019	10.08	159384	3.45
11/02/2019	9.75	81990	5.23
12/02/2019	10.28	75168	5.32
13/02/2019	11.01	68056	5.51
14/02/2019	11.59	63925	5.76
15/02/2019	11.88	60397	5.67
16/02/2019	12.04	62472	5.46
17/02/2019	12.29	59906	5.24
18/02/2019	12.4	60395	5.09
19/02/2019	12.3	69118	4.98
20/02/2019	12.26	105743	4.43
21/02/2019	11.09	133522	3.96
22/02/2019	10.87	61092	6.07
23/02/2019	11.29	58685	6.19
24/02/2019	11.89	58846	6.23
25/02/2019	12.34	58252	6.09
26/02/2019	12.62	59111	6.01
27/02/2019	12.71	59366	5.96
28/02/2019	12.71	57879	5.81
01/03/2019	12.7	56065	5.57
02/03/2019	12.56	57539	5.44
03/03/2019	12.58	156848	4.58
04/03/2019	10.76	210827	2.93
05/03/2019	9.37	310873	2.73
06/03/2019	9.55	230358	2.79
07/03/2019	9.73	166827	2.94
08/03/2019	10.4	120367	4.78
09/03/2019	10.39	166908	4.2
10/03/2019	10.25	120288	4.63
11/03/2019	10.74	88922	6.01
12/03/2019	11.03	206970	4.33
13/03/2019	9.34	211664	2.77
14/03/2019	10.04	176917	3.09
15/03/2019	9.89	305752	3.09
16/03/2019	9.16	290748	2.85
17/03/2019	9.24	243585	2.56
18/03/2019	10.02	161101	3.53
19/03/2019	10.68	119623	4.4
20/03/2019	11.12	108149	4.82
21/03/2019	11.64	99712	4.9
22/03/2019	11.95	89867	4.67
23/03/2019	12.01	82464	4.55
24/03/2019	12.04	81816	3.85
25/03/2019	11.97	92384	3.66
26/03/2019	11.95	73553	4.69
27/03/2019	12.27	69739	4.56
28/03/2019	12.63	67386	4.28
29/03/2019	12.89	65152	4.15
30/03/2019	13.06	66063	3.99
31/03/2019	12.85	63210	3.86
01/04/2019	12.83	62358	3.75
02/04/2019	12.73	63305	3.72
03/04/2019	12.94	62115	3.72
04/04/2019	13.21	60342	3.71
05/04/2019	13.45	57176	3.67
06/04/2019	13.65	56950	3.67
07/04/2019	13.87	57141	3.74
08/04/2019	13.92	54131	3.89
09/04/2019	13.78	57218	3.99
10/04/2019	13.59	55124	4.08
11/04/2019	13.52	53746	4
12/04/2019	13.35	52667	3.94
13/04/2019	13.08	52002	3.73
14/04/2019	13.02	50515	3.62
15/04/2019	13.22	51288	3.6
16/04/2019	13.35	51210	3.47
17/04/2019	13.65	48600	3.48
18/04/2019	14	45917	3.56
19/04/2019	14.22	44925	3.62
20/04/2019	14.41	45311	3.61
21/04/2019	14.58	46725	3.51
22/04/2019	14.66	50019	3.41
23/04/2019	14.73	58020	3.31
24/04/2019	14.74	51992	3.3
25/04/2019	15.1	51369	3.33
26/04/2019	15.56	51516	3.3
27/04/2019	14.13	166321	2.46
28/04/2019	13.83	71855	3.28
29/04/2019	14.53	51724	3.42
30/04/2019	14.98	49454	3.31
01/05/2019	15.05	49514	3.21
02/05/2019	14.75	69387	2.79
03/05/2019	14.12	87423	2.91
04/05/2019	12.75	88083	3.01
05/05/2019	12.83	49928	3.26
06/05/2019	13.5	52152	3.09
07/05/2019	13.95	49674	2.86
08/05/2019	14.45	60984	3.03
09/05/2019	13.86	127938	2.62
10/05/2019	13.78	56326	3.09
11/05/2019	14.44	48771	3.26
12/05/2019	14.84	47249	3.3
13/05/2019	15.18	48798	3.26
14/05/2019	15.36	47578	3.24
15/05/2019	15.71	48555	1.84
16/05/2019	15.94	48441	3.24
17/05/2019	14.84	184040	2.87
18/05/2019	14.62	65985	3.46
19/05/2019	15.58	54962	3.71
20/05/2019	16.43	80185	3.52
21/05/2019	16.34	61021	3.66
22/05/2019	16.13	49408	3.97
23/05/2019	16.38	48576	3.84
24/05/2019	16.53	47981	3.7
25/05/2019	16.53	47950	3.46
26/05/2019	16.24	123511	2.81
27/05/2019	15.76	56833	3.32
28/05/2019	15.85	50372	3.46
29/05/2019	16.09	46189	3.45
30/05/2019	16.14	54971	3.2
31/05/2019	16.3	74862	2.7
01/06/2019	16.44	44548	2.79
02/06/2019	16.99	63737	2.67
03/06/2019	17.23	59331	2.69
04/06/2019	17.52	51160	2.92
05/06/2019	18.01	47155	3.2
06/06/2019	18.47	75781	2.92
07/06/2019	17.95	57061	3.26
08/06/2019	17.45	76741	2.75
09/06/2019	17.51	42948	3.06
10/06/2019	17.53	44614	2.84
11/06/2019	17.59	140651	2.53
12/06/2019	17.21	266384	1.94
13/06/2019	17.38	170654	2.25
14/06/2019	17.59	106111	2.67
15/06/2019	17.48	95997	2.74
16/06/2019	17.79	53535	3.58
17/06/2019	18.29	51768	3.58
18/06/2019	18.68	95442	2.93
19/06/2019	18.63	100930	2.71
20/06/2019	18.91	53957	3.47
21/06/2019	18.85	49709	3.56
22/06/2019	18.7	46712	3.49
23/06/2019	18.85	46688	3.37
24/06/2019	19	47652	3.33
25/06/2019	19.39	47219	3.41
26/06/2019	19.74	46078	3.29
27/06/2019	19.59	46425	3.17
28/06/2019	19.67	44409	3.07
29/06/2019	19.95	42854	3
30/06/2019	20.21	43008	2.95
01/07/2019	19.65	59079	2.93
02/07/2019	18.88	43872	3.32
03/07/2019	18.52	41684	3.33
04/07/2019	18.21	112533	2.71
05/07/2019	17.88	46026	3.2
06/07/2019	17.6	85198	2.61
07/07/2019	17.61	46185	3.17
08/07/2019	16.95	223647	2.04
09/07/2019	16.95	62443	2.56
10/07/2019	17.68	46667	2.65
11/07/2019	18.46	43303	2.75
12/07/2019	19.01	41730	2.84
13/07/2019	19.38	40771	2.95
14/07/2019	19.54	39126	3.07
15/07/2019	19.28	41290	3.06
16/07/2019	19.24	39820	3.1
17/07/2019	19.33	39349	2.97
18/07/2019	19.64	39327	2.87
19/07/2019	19.76	43023	2.74
20/07/2019	19.84	40672	2.77
21/07/2019	19.6	55834	2.47
22/07/2019	19.2	74909	2.61
23/07/2019	19.55	40532	2.59
24/07/2019	20.08	38686	2.74
25/07/2019	20.45	39922	2.69
26/07/2019	20.71	39529	2.7
27/07/2019	20.74	37449	2.78
28/07/2019	19.66	197824	2.2
29/07/2019	19.49	58526	2.81
30/07/2019	19.77	41228	3.14
31/07/2019	19.15	226491	2.2
01/08/2019	17.7	184789	2.19
02/08/2019	18.03	48979	3.17
03/08/2019	18.89	43893	3.02
04/08/2019	19.5	43418	2.92
05/08/2019	19.92	45529	2.83
06/08/2019	19.96	59011	2.59
07/08/2019	19.96	50144	2.81
08/08/2019	19.53	173997	2.05
09/08/2019	18.82	83573	3.07
10/08/2019	18.99	99542	2.87
11/08/2019	19.4	45403	3.78
12/08/2019	19.87	48101	3.78
13/08/2019	19.08	144020	3.12
14/08/2019	18.81	58245	4.09
15/08/2019	18.9	98424	3.65
16/08/2019	18.76	70213	3.96
17/08/2019	18.76	101205	3.31
18/08/2019	18.88	96843	3.08
19/08/2019	19.17	73645	3.42
20/08/2019	19.38	61701	3.54
21/08/2019	19.48	50349	3.44
22/08/2019	19.68	46529	3.19
23/08/2019	20	44581	3.07
24/08/2019	20.3	43524	3.18
25/08/2019	20.52	44249	3.27
26/08/2019	20.76	45168	3.38
27/08/2019	20.87	52202	3.49
28/08/2019	20.93	56907	3.53
29/08/2019	20.82	44154	3.82
30/08/2019	20.8	42136	3.88
31/08/2019	20.94	94421	3.4
01/09/2019	20.31	56340	3.86
02/09/2019	19.98	44751	4.15
03/09/2019	19.67	72455	3.72
04/09/2019	19.37	113792	3.55
05/09/2019	18.07	137559	2.89
06/09/2019	17.91	112062	3.37
07/09/2019	18.02	48291	4.23
08/09/2019	18.46	45454	3.87
09/09/2019	18.94	82544	3.4
10/09/2019	17.88	324735	1.8
11/09/2019	17.7	117105	3.03
12/09/2019	17.97	60489	3.66
13/09/2019	18.23	65002	3.15
14/09/2019	18.21	50303	3.16
15/09/2019	18.11	50888	2.95
16/09/2019	17.94	52070	2.84
17/09/2019	16.86	150127	1.88
18/09/2019	16.03	68045	2.67
19/09/2019	16.41	48856	2.82
20/09/2019	17.06	48090	2.62
21/09/2019	17.71	46186	2.52
22/09/2019	18.16	48116	2.41
23/09/2019	18.13	46332	2.35
24/09/2019	18.16	50734	2.32
25/09/2019	18.34	46147	2.27
26/09/2019	18.36	54354	2.25
27/09/2019	17.13	252957	1.78
28/09/2019	16.64	124505	2.02
29/09/2019	17.06	92263	2.01
30/09/2019	16.78	112924	2
01/10/2019	16.37	57867	2.39
02/10/2019	16.45	100302	2.14
03/10/2019	15.91	53133	2.57
04/10/2019	16.14	50450	2.67
05/10/2019	16.25	47762	2.69
06/10/2019	16.42	48152	2.66
07/10/2019	16.49	48059	2.65
08/10/2019	15.33	188772	2.12
09/10/2019	14.87	73083	2.95
10/10/2019	15.6	64338	3.05
11/10/2019	15.18	347826	1.64
12/10/2019	14.22	203274	1.76
13/10/2019	14.93	239236	2.02
14/10/2019	14.43	213184	2.39
15/10/2019	14.33	153231	2.6
16/10/2019	14.89	208687	2.6
17/10/2019	15.07	154508	2.54
18/10/2019	15.29	140884	2.82
19/10/2019	15.52	200044	2.65
20/10/2019	14.8	146393	2.48
21/10/2019	15.62	97548	3.05
22/10/2019	16.07	77855	3.02
23/10/2019	16.25	71853	3.16
24/10/2019	16.37	69816	3.06
25/10/2019	16.43	73961	2.93
26/10/2019	16.39	67438	3.01
27/10/2019	16.24	68758	3.25
28/10/2019	16.02	84327	3.32
29/10/2019	15.41	58908	3.85
30/10/2019	15.35	57454	3.92
31/10/2019	15.54	55793	3.32
01/11/2019	15.41	96384	2.72
02/11/2019	14.65	161932	2.39
03/11/2019	14.41	65348	2.96
04/11/2019	15.02	100294	2.9
05/11/2019	14.71	79725	3.29
06/11/2019	14.71	62196	3.15
07/11/2019	14.94	77553	3.26
08/11/2019	14.93	61346	3.42
09/11/2019	15.09	57867	3.38
10/11/2019	15.28	71683	3.26
11/11/2019	14.87	58147	3.49
12/11/2019	14.58	70391	3.27
13/11/2019	14.56	56438	3.63
14/11/2019	14.85	62453	3.64
15/11/2019	14.79	72265	3.65
16/11/2019	14.32	156646	2.7
17/11/2019	13.56	63404	3.79
18/11/2019	14.18	61650	3.76
19/11/2019	14.5	62008	3.79
20/11/2019	14.77	73704	3.61
21/11/2019	14.86	103602	2.03
22/11/2019	13.87	136039	1.24
23/11/2019	13.68	66511	1.69
24/11/2019	13.96	64136	1.76
25/11/2019	14.26	63125	3.49
26/11/2019	14.5	61667	3.92
27/11/2019	14.56	119489	3.33
28/11/2019	13.51	134807	2.97
29/11/2019	13.21	89519	3.43
30/11/2019	13.19	63138	3.91
01/12/2019	13.53	63072	3.98
02/12/2019	13.66	65038	3.93
03/12/2019	13.69	81440	3.66
04/12/2019	13.85	62940	4.12
05/12/2019	13.96	81294	4.1
06/12/2019	13.66	88261	3.66
07/12/2019	13.39	92348	3.87
08/12/2019	12.85	156092	2.7
09/12/2019	12.54	92636	3.7
10/12/2019	12.57	69528	4.27
11/12/2019	12.77	137248	3.65
12/12/2019	12.39	91227	3.58
13/12/2019	12.64	75786	4
14/12/2019	12.75	103729	3.56
15/12/2019	12.15	153457	3.15
16/12/2019	11.75	95589	3.7
17/12/2019	12.15	139067	3.13
18/12/2019	12.07	79617	3.12
19/12/2019	12.6	77551	3.89
20/12/2019	13.1	87656	4
21/12/2019	13.15	80744	4
22/12/2019	13.22	82355	4.21
23/12/2019	13.14	90399	3.35
24/12/2019	13.13	72126	3.64
25/12/2019	13.25	67254	3.63
26/12/2019	13.06	59762	3.88
27/12/2019	12.87	57534	3.97
28/12/2019	12.72	57753	3.97
29/12/2019	12.7	58437	3.98
30/12/2019	12.86	60893	3.98
31/12/2019	12.9	61685	3.98
01/01/2020	13.03	52094	3.99
02/01/2020	12.91	56815	3.74
03/01/2020	12.93	73585	3.59
04/01/2020	10.99	198949	3.06
05/01/2020	10.45	73000	3.68
06/01/2020	11.59	73416	3.74
07/01/2020	12.27	76715	3.73
08/01/2020	12.61	68437	3.71
09/01/2020	12.05	236249	2.68
10/01/2020	10.73	178528	2.52
11/01/2020	11.1	104506	3.24
12/01/2020	11.36	258693	1.99
13/01/2020	10.57	128311	2.38
14/01/2020	10.96	195044	2.47
15/01/2020	11.34	113812	2.92
16/01/2020	11.84	91802	3.71
17/01/2020	12.18	96414	3.5
18/01/2020	12.23	88849	3.45
19/01/2020	12.3	76542	3.72
20/01/2020	12.54	72654	3.87
21/01/2020	12.62	72116	4.29
22/01/2020	12.66	69434	4.59
23/01/2020	12.76	69899	4.59
24/01/2020	12.88	93628	3.93
25/01/2020	12.75	68860	4.28
26/01/2020	12.82	67445	4.2
27/01/2020	12.88	81016	4.1
28/01/2020	12.55	101375	3.87
29/01/2020	12.34	90270	4.45
30/01/2020	11.71	184798	3.42
31/01/2020	11.01	121397	3.68
01/02/2020	11.53	93213	4.27
02/02/2020	11.82	76272	4.57
03/02/2020	12.2	96650	3.94
04/02/2020	11.67	100698	3.7
05/02/2020	11.52	72905	4.18
06/02/2020	12.05	69318	4.19
07/02/2020	12.38	68804	4.12
08/02/2020	12.49	69270	4.05
09/02/2020	12.31	181879	2.92
10/02/2020	11.04	157441	2.97
11/02/2020	9.92	165670	2.98
12/02/2020	9.94	105185	3.7
13/02/2020	10.91	98240	3.95
14/02/2020	11.53	80912	4.06
15/02/2020	11.82	104711	3.52
16/02/2020	11.61	265489	2.83
17/02/2020	10.65	151376	2.85
18/02/2020	11.1	121236	2.99
19/02/2020	10.94	173157	2.88
20/02/2020	10.74	203261	2.84
21/02/2020	10.39	126147	3.4
22/02/2020	10.56	218305	2.79
23/02/2020	10.44	131167	3.16
24/02/2020	11	180127	3.03
25/02/2020	10.1	227855	2.6
26/02/2020	9.27	188318	2.69
27/02/2020	10.16	125250	3.05
28/02/2020	10.9	113289	3.54
29/02/2020	10.82	192740	2.72
01/03/2020	10.32	110695	3.57
02/03/2020	11.2	100630	3.85
03/03/2020	11.55	93101	1.07
06/03/2020	11.96	79625	3.77
07/03/2020	12.09	75071	4.18
08/03/2020	12.27	73037	4.15
09/03/2020	12.34	120084	3.39
10/03/2020	11.87	133000	3.87
11/03/2020	11.52	85602	4.19
12/03/2020	11.7	74885	4.18
13/03/2020	11.62	97219	3.56
14/03/2020	11.54	68623	4.25
15/03/2020	11.87	69429	4.18
16/03/2020	12.41	80417	4.12
17/03/2020	12.67	66551	4.03
18/03/2020	12.83	66051	4.28
19/03/2020	13.02	63254	4.21
20/03/2020	13	61965	4.42
21/03/2020	12.83	61167	4.42
22/03/2020	12.69	59648	4.29
23/03/2020	12.55	60717	4.16
24/03/2020	12.56	59293	3.95
25/03/2020	12.68	58177	3.85
26/03/2020	12.85	57719	3.97
27/03/2020	13.1	57203	4.15
28/03/2020	13.26	59206	4.1
29/03/2020	12.91	66388	4.58
