ASV,Bjergmarken 2020-25 IWW,Bjergmarken 2019-35 IWW,Bjergmarken 2020-4 IWW,Bjergmarken 2020-22 IWW,Bjergmarken 2019-34 IWW,Bjergmarken 2019-51 IWW,Bjergmarken 2019-44 IWW,Bjergmarken 2019-43 IWW,Bjergmarken 2020-8 IWW,Bjergmarken 2019-30 IWW,Bjergmarken 2019-46 IWW,Bjergmarken 2019-27 IWW,Bjergmarken 2020-2 IWW,Bjergmarken 2019-52 IWW,Bjergmarken 2019-50 IWW,Bjergmarken 2019-48 IWW,Bjergmarken 2019-47 IWW
ASV1,0,3,29,38,3,1,2,5060,7,0,0,0,1,0,1,0,7
ASV2,0,0,5,49,0,0,0,503,5,1,0,0,3,2,0,0,1
ASV3,0,0,1,9,0,0,0,703,0,0,0,0,2,0,0,0,1
ASV4,5841,8489,12278,22847,4632,11627,6923,6012,42214,3613,8809,9035,16284,12445,7557,5632,16662
ASV5,0,0,4,6,0,0,0,393,3,0,0,0,0,9,0,0,2
ASV6,11,47,261,37,11,8,7,112,46,43,7,17,17,37,25,41,17
ASV8,0,0,6,1,0,0,2,200,0,0,0,0,1,0,0,0,0
ASV9,0,0,0,0,0,0,0,49,0,0,0,0,0,0,0,0,0
ASV10,21,89,59,60,43,25,19,128,71,24,7,33,42,13,13,13,35
ASV11,0,0,5,0,0,0,0,48,0,0,0,0,0,0,0,0,0
ASV12,0,0,17,12,1,1,0,1005,0,0,1,1,0,0,0,0,1
ASV13,2616,3919,5817,10269,1998,5743,3232,2827,20240,1744,4198,4035,7929,6110,3649,2636,8377
ASV14,3,8,9,4,1,1,0,56,9,0,4,2,13,2,0,0,5
ASV15,0,1,6,4,0,0,0,1909,2,0,0,0,0,0,1,0,0
ASV16,0,0,1,4,0,0,0,54,0,0,0,0,0,0,0,0,2
ASV17,438,1516,2802,2144,537,2086,1381,907,11620,215,532,210,3004,1077,706,616,2120
ASV18,0,0,1,0,0,0,0,11,0,0,0,0,0,0,0,0,0
ASV19,0,0,2,0,0,0,0,45,0,0,0,0,0,0,0,0,0
ASV20,0,0,25,3,0,2,0,8,1,1,0,0,0,1,2,0,1
ASV22,2,3,24,4,1,2,0,103,4,1,2,1,6,2,0,5,2
ASV24,0,0,0,0,0,0,1,20,0,0,0,0,0,0,0,0,2
ASV26,7,35,72,28,13,7,5,38,42,19,9,6,21,17,9,9,18
ASV27,0,1,2,6,0,1,0,153,0,0,0,0,0,4,0,0,0
ASV28,1,2,11,6,0,2,2,8,14,0,0,0,3,1,1,0,1
ASV29,0,0,7,1,0,0,0,216,0,0,0,0,0,0,0,0,0
ASV30,1,2,4,5,2,0,0,34,0,0,0,0,2,0,0,0,0
ASV32,0,0,2,0,1,0,0,182,1,0,0,0,0,0,0,0,0
ASV33,0,0,1,1,0,0,0,230,1,0,0,0,1,0,0,0,0
ASV35,0,0,13,4,2,0,0,761,0,0,0,0,0,0,0,0,0
ASV36,0,0,8,4,0,1,0,169,1,0,0,0,1,0,0,1,0
ASV38,0,1,1,0,0,1,0,61,0,0,0,0,2,0,1,0,1
ASV40,0,2,4,5,1,0,0,658,2,0,0,0,0,2,0,0,0
ASV41,0,0,4,0,0,0,0,157,0,0,0,0,0,0,0,0,0
ASV42,0,0,14,2,0,0,0,299,0,0,1,0,0,0,0,0,0
ASV43,0,0,0,0,0,0,0,19,0,0,0,0,0,0,0,0,0
ASV45,0,0,1,1,0,0,0,9,0,0,0,0,0,0,0,0,0
ASV47,152,573,653,458,354,186,240,284,1102,215,170,299,324,188,166,113,222
ASV50,16,150,419,55,12,5,21,969,53,13,10,10,11,114,116,54,26
ASV51,0,0,2,1,0,0,0,253,0,0,0,0,1,0,2,0,0
ASV52,0,1,1,0,0,0,0,72,0,0,0,0,1,1,0,0,0
ASV53,0,0,0,0,0,0,0,52,0,0,0,0,0,0,0,0,0
ASV54,0,2,19,6,0,1,0,150,0,0,0,0,0,0,0,0,1
ASV55,1,6,10,2,0,0,1,425,1,0,0,0,1,0,0,0,2
ASV57,0,1,3,1,0,0,0,119,0,0,0,0,0,0,0,0,0
ASV60,0,4,3,0,2,0,0,36,1,1,1,2,1,0,1,0,6
ASV62,0,0,2,4,0,0,1,87,3,0,0,0,0,0,0,0,0
ASV63,0,2,6,2,0,1,1,9,23,1,0,0,3,3,0,1,3
ASV65,0,0,2,1,0,0,0,48,0,0,0,0,2,0,1,0,2
ASV67,0,0,8,3,0,0,1,174,0,0,0,0,0,0,0,0,1
ASV69,0,0,0,0,0,0,0,17,0,0,0,0,1,0,0,0,0
ASV70,0,6,9,12,11,1,5,223,0,2,2,7,1,2,0,1,4
ASV71,0,0,3,2,0,0,0,82,0,0,0,0,0,0,0,0,0
ASV72,0,0,2,11,0,0,0,20,0,0,0,0,0,0,0,0,0
ASV74,0,0,1,3,0,0,0,52,0,0,0,0,0,0,0,0,0
ASV76,0,0,0,2,0,0,0,9,4,0,0,0,0,0,0,0,0
ASV78,0,0,4,4,0,0,1,128,0,0,0,0,0,0,0,0,1
ASV79,1,1,6,3,3,3,0,56,0,0,0,2,2,0,2,0,0
ASV81,0,0,2,0,0,0,2,32,2,0,0,0,1,0,0,0,0
ASV84,0,0,0,1,0,0,0,41,0,0,0,0,0,0,0,0,0
ASV88,0,0,1,0,0,0,0,28,0,0,0,0,0,0,0,0,0
ASV92,0,1,1,3,0,0,0,105,3,0,0,0,1,0,0,0,2
ASV96,0,0,4,0,0,1,0,83,2,0,0,0,1,1,0,0,1
ASV97,1,4,16,33,1,1,0,379,8,0,1,1,5,6,2,1,2
ASV98,57,334,477,242,219,123,118,210,489,69,79,120,217,85,75,48,126
ASV99,0,0,5,0,0,0,0,7,0,0,0,0,0,0,0,0,0
ASV103,0,0,0,0,0,0,0,1,0,0,0,0,0,0,1,0,0
ASV104,0,0,0,0,0,0,0,23,0,0,0,0,1,0,0,0,0
ASV106,1,7,0,2,1,0,0,73,1,0,0,0,1,0,0,0,1
ASV108,0,0,0,0,0,0,0,10,0,0,0,0,0,0,0,0,0
ASV109,1048,535,1008,1209,1249,841,226,514,1065,310,638,232,283,76,1224,88,834
ASV110,0,0,1,2,0,0,0,15,0,0,0,0,0,0,0,0,0
ASV111,0,0,0,0,0,0,0,0,0,0,0,0,0,0,0,0,1
ASV112,2,25,14,36,13,8,5,154,18,7,7,10,8,3,8,6,15
ASV113,397,547,768,1306,371,717,413,445,3041,299,606,608,1022,723,456,339,979
ASV115,0,2,3,0,0,0,0,13,0,0,0,0,0,0,1,0,0
ASV116,1,6,5,8,1,1,2,280,1,2,0,2,4,1,0,0,4
ASV118,561,830,1263,2136,484,1231,638,674,3991,325,773,788,1657,1301,784,550,1838
ASV119,46,180,162,140,112,62,70,121,268,59,30,79,120,31,39,26,63
ASV120,1,2,25,6,0,0,1,79,1,0,0,0,1,4,0,0,0
ASV122,0,0,8,0,0,0,0,135,3,0,0,0,0,0,0,0,1
ASV123,0,0,1,4,0,0,0,82,0,0,0,0,0,0,0,0,0
ASV127,0,0,0,0,0,0,0,58,1,0,0,0,0,0,0,0,0
ASV133,0,2,3,1,0,0,0,58,0,0,0,0,0,0,0,2,0
ASV134,58,306,380,253,175,133,143,217,593,116,91,188,208,106,69,57,145
ASV135,0,3,17,0,0,0,1,19,1,3,1,1,0,0,0,0,0
ASV136,0,0,1,3,0,0,0,191,1,0,0,0,0,0,0,0,0
ASV137,0,0,1,0,0,0,0,155,1,0,0,0,0,0,0,0,0
ASV138,0,0,0,0,0,0,0,16,0,0,0,0,0,0,0,0,0
ASV139,0,0,3,0,0,0,0,78,0,0,0,0,0,0,0,0,0
ASV142,0,0,0,0,0,0,0,23,0,0,0,0,0,0,0,0,0
ASV144,0,0,0,0,0,0,0,23,0,0,0,0,0,0,0,0,0
ASV145,427,1940,2023,1739,1085,770,934,552,3564,676,632,993,1043,716,671,401,829
ASV146,0,0,1,0,0,0,0,206,0,0,1,0,0,0,0,0,0
ASV147,78,245,226,189,132,69,88,187,337,62,118,56,144,77,63,50,193
ASV148,13,16,109,32,5,12,3,12,53,2,4,2,13,10,10,4,13
ASV149,0,0,0,0,0,0,0,35,0,0,0,0,0,0,0,0,1
ASV150,0,0,0,0,0,0,0,18,0,0,0,0,0,0,1,0,0
ASV151,0,1,1,0,0,0,0,10,0,0,0,0,0,0,0,0,0
ASV154,0,0,0,0,0,0,0,17,0,0,0,0,0,0,0,0,0
ASV155,0,0,1,0,0,0,0,15,1,0,0,0,0,0,0,0,1
ASV156,66,79,101,128,48,59,25,51,92,22,24,53,75,34,20,25,76
ASV157,1,0,0,0,0,0,0,30,0,0,0,0,0,0,0,0,0
ASV160,0,0,0,0,0,0,0,67,0,0,0,0,0,1,0,0,0
ASV162,619,832,1530,2333,445,1558,799,811,5050,350,990,873,1939,1639,817,703,1927
ASV163,158,598,277,332,274,199,130,225,559,178,128,270,260,180,123,115,192
ASV165,0,0,0,0,0,0,0,93,0,0,0,0,0,0,0,0,0
ASV167,45,42,180,111,22,75,63,86,271,20,35,29,92,56,36,38,110
ASV168,0,0,2,0,0,0,0,31,0,0,0,0,0,0,0,0,0
ASV169,0,0,1,0,0,0,0,49,0,0,0,0,1,0,0,0,0
ASV171,0,0,0,0,0,0,0,25,0,0,0,0,0,0,0,0,0
ASV172,0,0,0,0,0,0,0,15,0,0,0,0,0,0,0,0,0
ASV174,0,1,3,1,0,0,0,249,2,0,0,1,0,0,2,0,0
ASV177,0,0,0,0,1,1,0,37,3,0,0,0,0,0,0,0,0
ASV178,0,0,0,0,0,0,0,6,1,0,0,0,0,0,0,0,0
ASV179,2,9,112,34,2,21,9,7,100,4,4,0,18,10,4,3,11
ASV182,0,0,0,0,0,0,0,48,0,0,0,0,0,0,0,0,0
ASV183,0,0,1,1,0,0,0,135,1,0,0,0,0,0,0,0,0
ASV184,0,0,0,1,0,0,0,80,0,0,0,0,0,0,0,0,0
ASV185,0,0,2,0,0,0,0,26,0,0,0,0,0,0,0,1,0
ASV186,32,102,67,75,35,170,46,45,138,32,27,46,86,56,85,34,62
ASV192,0,0,3,2,0,0,0,79,0,0,0,0,0,0,0,0,0
ASV194,0,0,3,1,0,0,0,23,0,0,0,0,0,0,0,0,1
ASV197,0,0,0,0,0,0,0,18,0,0,0,0,0,0,0,0,0
ASV198,0,0,2,0,0,0,0,30,0,0,0,0,0,0,0,0,0
ASV199,0,0,1,0,0,0,0,21,0,0,0,0,0,0,0,0,0
ASV200,0,0,0,0,0,0,0,17,1,0,0,0,0,0,0,0,1
ASV202,190,893,469,551,441,272,221,335,873,280,193,455,402,203,184,115,385
ASV204,0,0,0,0,0,0,0,7,0,0,0,0,0,0,0,0,0
ASV206,108,646,290,192,277,131,158,298,293,172,107,197,228,103,57,64,188
ASV207,0,0,2,0,0,0,0,17,0,0,0,0,0,0,0,0,0
ASV209,0,0,1,1,0,0,0,101,0,0,0,0,0,0,0,0,0
ASV212,43,174,224,159,112,61,78,106,342,69,57,92,99,58,66,28,80
ASV213,0,0,2,1,0,0,0,48,1,0,0,0,0,0,0,0,0
ASV214,0,0,4,2,0,1,0,1,1,0,0,0,0,3,0,0,1
ASV215,0,0,0,0,0,0,0,2,1,0,0,0,0,0,0,0,0
ASV217,0,2,10,4,1,3,0,18,10,2,2,3,2,2,0,1,8
ASV221,1,5,25,3,4,4,4,94,10,3,3,11,7,3,2,0,7
ASV222,1,5,9,8,4,2,2,6,17,1,1,3,2,2,1,0,2
ASV223,0,0,0,0,0,0,0,15,0,0,0,0,0,0,0,0,0
ASV226,41,106,147,112,29,93,55,69,250,52,20,37,103,52,30,31,94
ASV228,1,12,13,6,2,2,1,45,10,3,0,3,1,0,1,3,5
ASV230,24,169,95,77,62,38,45,86,157,64,30,78,98,31,26,20,46
ASV231,0,0,0,1,1,0,0,17,1,0,0,0,0,0,0,0,0
ASV235,408,562,701,1442,332,651,435,412,2756,299,567,634,1024,771,445,351,1020
ASV236,0,0,10,9,0,0,0,76,0,1,0,0,0,0,0,0,0
ASV239,0,0,0,0,0,0,0,26,0,0,0,0,0,0,0,0,0
ASV243,49,282,451,161,153,138,112,158,713,77,81,141,307,185,123,72,177
ASV244,46,193,224,164,139,63,72,104,382,72,56,111,98,70,66,37,87
ASV245,58,282,279,167,169,99,106,101,484,86,69,119,161,92,85,55,128
ASV247,0,0,2,1,0,0,0,12,0,0,0,0,0,0,0,0,0
ASV248,0,0,3,0,0,0,0,67,0,0,0,0,0,0,0,0,1
ASV250,0,0,0,1,0,1,2,34,1,0,0,0,0,0,0,0,0
ASV251,0,1,4,3,0,0,0,37,1,1,0,0,0,2,0,0,0
ASV253,0,0,0,0,0,0,0,13,0,0,0,0,0,0,0,0,0
ASV254,0,0,1,0,0,0,0,42,0,0,0,0,0,0,0,0,0
ASV256,0,0,3,1,0,0,0,112,1,0,0,0,0,0,0,0,2
ASV258,0,0,0,0,0,0,0,0,0,0,0,0,0,0,0,0,0
ASV259,0,0,1,0,0,1,0,7,0,0,0,0,1,0,0,0,0
ASV260,2,12,5,1,1,1,5,144,1,3,1,4,4,0,1,2,3
ASV261,0,0,0,1,0,0,0,18,0,0,0,0,0,0,0,0,0
ASV262,0,0,2,1,0,0,0,35,0,0,0,0,0,0,0,0,0
ASV264,0,0,0,0,0,0,0,119,0,0,0,0,0,2,0,0,2
ASV269,0,0,0,1,0,0,0,18,1,0,0,0,0,0,0,0,0
ASV272,30,147,145,87,85,41,47,66,323,48,31,67,102,52,35,21,71
ASV274,0,3,0,0,0,0,0,72,2,0,0,0,0,1,0,0,0
ASV279,0,0,2,4,0,0,0,89,1,0,0,0,0,0,0,1,0
ASV280,0,0,1,0,0,0,0,262,1,0,0,1,0,3,0,0,0
ASV283,0,0,2,0,0,0,0,57,0,0,0,0,1,0,0,0,0
ASV284,0,0,1,0,0,0,0,108,0,0,0,0,0,0,0,0,0
ASV286,0,0,0,1,0,0,1,11,1,0,0,0,0,0,0,0,0
ASV288,1,41,94,25,9,55,69,27,448,14,11,7,70,47,32,36,96
ASV289,5,23,133,30,6,28,37,39,119,15,9,3,35,32,17,11,30
ASV290,0,0,10,3,0,0,0,516,0,0,0,0,0,0,0,0,0
ASV297,1,4,2,0,1,0,1,84,1,1,0,1,1,24,0,0,0
ASV298,0,0,1,0,0,0,0,3,0,0,0,0,0,0,0,1,0
ASV300,0,1,0,0,0,0,0,13,0,0,0,0,0,0,0,0,0
ASV301,0,0,1,0,0,0,0,8,0,0,0,0,0,0,0,0,0
ASV307,868,1476,2197,3316,874,1436,921,734,5994,572,922,1049,1608,1420,1139,729,1730
ASV308,33,152,164,114,91,45,48,74,248,71,39,72,66,55,47,33,56
ASV310,0,0,3,2,0,0,0,157,0,0,0,0,0,0,0,0,1
ASV311,0,0,3,2,0,0,0,1,12,0,1,1,0,1,0,0,0
ASV314,0,2,5,0,1,0,0,80,2,0,0,0,2,0,0,0,0
ASV315,0,0,4,0,0,0,0,17,0,0,0,0,0,0,0,0,0
ASV317,0,0,1,2,0,0,0,19,0,0,0,0,0,0,0,0,0
ASV319,0,0,1,0,0,0,0,18,0,0,0,0,0,0,0,0,0
ASV322,38,167,168,97,100,41,47,71,254,48,27,72,69,61,45,25,64
ASV328,0,0,5,0,0,2,0,56,1,0,0,0,0,0,0,0,0
ASV329,0,0,0,0,0,0,0,28,0,0,0,0,0,0,0,0,0
ASV333,80,430,191,186,213,160,72,129,262,96,44,130,132,79,56,39,102
ASV342,0,0,1,2,0,0,0,59,0,1,0,1,0,1,0,0,0
ASV343,0,0,0,0,0,0,0,5,0,0,0,0,0,0,0,0,0
ASV345,29,152,97,118,94,53,39,102,135,62,37,75,98,30,33,18,93
ASV354,0,0,0,1,0,0,0,3,0,0,0,0,0,0,0,0,0
ASV357,0,0,1,2,0,0,0,77,0,0,0,0,0,0,0,0,0
ASV360,74,316,193,259,147,92,115,144,407,97,76,145,144,70,123,65,171
ASV366,0,0,0,0,0,0,0,16,0,0,0,0,0,0,0,0,0
ASV369,0,0,3,1,1,0,0,68,0,0,0,0,0,0,0,0,0
ASV371,0,0,1,2,0,0,0,2,0,0,0,0,0,0,0,0,0
ASV372,0,0,2,1,0,0,0,38,0,0,0,0,0,0,0,0,0
ASV375,0,0,0,0,0,0,0,5,0,0,0,0,0,0,0,0,0
ASV378,0,1,2,1,0,0,0,1,0,0,0,0,0,1,0,0,1
ASV379,0,0,3,0,0,0,0,4,0,0,0,0,0,0,0,0,0
ASV381,597,755,1179,2700,872,821,447,469,2728,280,555,429,799,813,367,324,621
ASV382,31,126,122,71,67,33,51,71,185,46,43,57,71,45,32,19,70
ASV384,0,0,3,1,0,0,0,78,0,0,0,0,0,0,0,0,0
ASV385,0,0,0,0,0,0,0,50,0,0,0,0,0,0,0,0,0
ASV386,0,0,1,2,0,0,0,45,0,0,0,0,0,0,0,0,0
ASV387,4,28,12,10,14,3,6,107,16,10,1,8,9,36,0,1,5
ASV388,0,0,2,1,1,0,0,18,0,0,1,0,0,0,0,0,0
ASV396,0,0,1,1,0,0,0,14,0,0,0,0,0,1,0,0,1
ASV397,107,541,442,345,293,129,130,214,581,200,84,232,175,113,69,76,142
ASV401,165,705,772,649,452,299,348,229,1470,270,271,356,398,320,236,164,296
ASV403,174,65,772,623,36,642,78,24,1562,101,83,88,475,401,163,227,245
ASV404,0,0,0,0,0,0,0,15,0,0,0,0,0,0,0,0,0
ASV413,29,160,208,118,93,61,69,58,272,53,37,78,85,48,39,26,60
ASV414,117,471,620,461,224,132,195,232,867,195,109,230,343,152,169,104,205
ASV415,0,0,1,0,0,0,0,0,0,0,0,0,0,0,0,0,0
ASV416,0,0,0,0,0,0,0,3,0,0,0,0,0,0,0,0,0
ASV419,29,131,60,44,70,17,33,64,76,53,18,41,55,23,17,15,42
ASV420,29,58,326,103,23,85,78,21,770,19,26,9,260,102,32,38,71
ASV421,0,0,2,0,0,0,0,5,0,0,0,0,0,0,0,0,0
ASV422,43,67,353,217,33,75,36,48,771,36,26,59,220,86,53,34,53
ASV423,0,0,0,1,0,0,0,1,1,0,0,0,0,0,0,0,0
ASV426,0,2,3,10,1,0,0,193,1,0,1,0,0,93,1,0,1
ASV428,0,0,2,0,0,0,1,3,3,0,0,0,0,0,0,0,0
ASV429,30,135,49,47,62,19,23,29,110,47,30,33,24,20,11,25,54
ASV431,4,6,1,7,5,1,0,57,6,0,0,2,1,4,1,1,2
ASV437,0,0,0,0,0,0,0,4,0,0,0,0,0,0,0,0,0
ASV439,0,0,1,0,0,0,0,36,0,0,1,0,1,0,0,1,0
ASV443,0,0,1,0,0,0,0,54,0,0,0,0,0,0,0,0,0
ASV445,22,131,151,93,65,49,44,69,251,43,39,65,105,53,39,36,75
ASV448,0,0,2,0,0,0,0,9,0,0,0,0,0,0,0,0,0
ASV449,0,0,0,0,0,0,0,2,0,0,0,0,0,0,0,0,0
ASV454,0,0,0,3,0,0,0,30,0,0,0,0,0,0,0,0,0
ASV455,0,0,5,5,1,0,0,169,0,0,0,0,0,0,0,0,1
ASV458,0,0,0,0,0,0,0,4,0,0,0,0,0,0,0,0,0
ASV459,0,0,0,0,0,0,0,46,0,0,0,0,0,0,0,0,0
ASV461,0,0,0,1,0,0,0,17,0,0,0,0,0,0,0,0,0
ASV463,0,0,1,0,0,0,0,20,0,0,0,0,0,0,0,0,0
ASV466,0,0,1,0,0,0,0,23,0,0,0,0,0,0,0,0,0
ASV469,0,0,1,0,0,0,0,23,0,0,0,0,0,0,0,0,1
ASV471,0,0,0,0,0,0,0,1,0,0,0,0,0,0,0,0,0
ASV476,0,0,0,0,0,0,0,13,1,0,0,0,0,0,0,0,0
ASV480,5,54,43,38,33,21,31,76,49,19,15,23,35,16,12,15,31
ASV483,0,1,0,0,0,0,0,21,0,0,0,0,0,0,0,0,0
ASV487,0,0,0,0,0,0,0,7,0,0,0,0,0,0,0,0,0
ASV489,0,0,1,0,0,0,0,2,0,0,0,0,0,0,0,0,0
ASV491,29,215,163,99,90,40,43,54,227,75,24,55,99,33,31,22,70
ASV492,6,9,195,28,6,22,23,28,146,4,12,9,49,19,17,14,27
ASV499,0,0,1,0,0,0,0,12,0,0,0,0,0,0,0,0,0
ASV507,406,500,882,1809,626,634,329,289,1892,187,325,305,591,591,245,237,474
ASV513,1,0,7,0,1,1,1,16,4,0,0,0,1,0,0,2,2
ASV524,0,0,4,0,0,0,0,39,0,0,0,0,0,0,0,0,0
ASV526,0,0,0,0,0,0,0,7,0,0,0,0,0,0,0,0,0
ASV534,0,0,1,2,0,0,0,62,0,0,0,0,0,0,0,0,0
ASV535,30,139,98,80,57,67,31,72,83,23,27,38,94,37,22,16,81
ASV541,151,606,279,323,283,180,135,110,260,54,54,93,121,166,140,99,220
ASV544,0,0,0,0,0,0,0,16,1,0,0,0,0,0,0,0,0
ASV550,0,0,1,3,0,0,0,119,0,0,0,0,0,0,0,0,0
ASV561,0,0,0,2,0,0,0,123,0,0,0,0,0,0,0,0,0
ASV568,0,0,3,0,0,0,0,49,1,0,0,0,0,0,0,0,0
ASV575,0,0,0,0,0,0,0,4,0,0,0,0,0,0,0,0,0
ASV576,0,0,0,0,0,0,0,7,0,0,0,0,0,3,0,0,0
ASV579,0,0,0,0,0,0,0,61,0,0,0,0,0,0,0,0,0
ASV583,0,0,2,0,0,0,0,45,0,0,0,0,0,0,0,0,0
ASV597,30,81,111,94,31,31,22,59,126,40,9,33,79,28,13,12,29
ASV601,7,78,34,7,23,42,66,30,55,13,10,6,8,29,9,16,107
ASV609,0,0,2,0,0,0,0,123,0,0,0,0,1,0,0,0,0
ASV612,0,0,0,0,0,0,0,0,0,0,0,0,0,0,0,0,0
ASV616,0,0,0,0,0,0,0,2,0,0,0,0,0,0,0,0,0
ASV620,0,0,0,0,0,0,0,30,0,0,0,0,0,0,0,0,0
ASV624,0,0,0,0,0,0,0,2,0,0,0,0,0,0,0,0,0
ASV639,0,0,2,0,0,0,1,2,1,0,1,0,0,1,1,0,1
ASV640,0,0,0,0,0,0,0,25,0,0,0,0,0,1,0,0,0
ASV646,0,0,1,0,0,0,0,36,0,0,0,0,0,0,0,0,0
ASV651,0,0,0,0,0,0,0,3,0,0,0,0,0,0,1,0,0
ASV659,0,2,1,0,0,0,0,29,0,0,0,0,0,0,0,1,0
ASV665,221,211,826,792,224,879,306,240,2663,106,209,195,655,575,225,264,460
ASV666,0,0,0,0,0,0,0,2,0,0,0,0,0,0,0,0,0
ASV669,0,0,0,1,0,0,0,17,0,0,0,0,0,0,0,0,0
ASV672,0,0,0,2,0,0,0,46,1,0,0,0,0,0,0,0,0
ASV679,12,9,238,50,5,36,16,24,277,15,9,13,107,26,24,17,25
ASV680,0,0,0,0,0,0,0,89,0,0,0,0,0,0,0,0,0
ASV682,411,2878,344,798,2000,252,723,1073,482,785,540,1156,203,250,162,188,495
ASV683,86,144,235,317,46,971,106,23,2171,20,69,63,554,88,75,67,156
ASV691,45,203,94,112,105,90,56,126,356,86,53,144,91,29,77,22,84
ASV693,0,2,11,1,0,1,1,65,0,3,0,2,1,1,2,0,5
ASV695,23,180,138,93,73,16,34,59,137,39,28,31,48,26,17,11,50
ASV700,0,0,0,0,0,0,0,34,0,0,0,0,0,0,0,0,0
ASV708,0,0,2,1,0,0,0,51,0,0,0,0,0,0,0,0,0
ASV709,0,0,9,0,0,0,1,39,0,0,0,0,0,0,0,0,0
ASV723,0,5,43,2,1,0,0,37,0,0,1,0,0,1,1,0,5
ASV724,0,0,3,1,0,0,0,278,0,0,1,0,0,0,0,0,0
ASV726,10,8,113,41,3,65,42,15,456,6,9,4,64,29,17,20,44
ASV728,1,1,2,0,0,0,1,4,0,0,0,0,0,0,0,0,0
ASV730,0,0,0,0,0,0,0,3,0,0,0,0,0,0,0,0,0
ASV732,0,1,4,1,3,0,1,14,0,1,2,0,1,0,0,0,0
ASV738,91,519,346,206,210,148,299,249,459,92,100,62,192,106,97,119,265
ASV749,0,0,0,0,0,0,0,9,0,0,0,0,0,0,0,0,0
ASV751,0,0,1,1,1,0,0,20,0,0,0,0,0,1,0,0,0
ASV762,0,0,1,0,0,0,0,17,0,0,0,0,0,0,0,0,0
ASV767,0,2,4,1,0,0,0,10,1,1,0,0,0,0,0,0,0
ASV768,0,0,0,0,0,0,0,0,0,0,0,0,0,0,0,0,0
ASV769,0,0,1,1,1,0,0,17,1,0,0,0,1,0,0,0,0
ASV773,0,0,0,0,0,0,0,4,0,0,0,0,0,0,0,0,0
ASV776,0,0,0,5,0,0,0,113,1,0,0,0,0,0,0,0,0
ASV777,32,57,316,172,22,78,34,42,686,17,26,41,167,104,39,41,62
ASV779,0,0,0,3,0,0,0,36,0,0,0,0,0,16,0,0,0
ASV781,0,0,1,0,0,0,0,15,0,0,0,0,0,1,0,0,0
ASV782,742,1658,3338,2738,1290,1951,1636,522,4377,1188,821,1361,706,1718,830,1858,1538
ASV785,1,1,23,4,0,5,0,8,197,0,1,0,4,0,0,0,4
ASV791,0,0,3,0,0,1,0,2,3,0,0,0,0,0,1,0,3
ASV798,30,153,60,56,42,41,23,63,105,34,13,51,67,22,20,18,58
ASV800,0,0,0,1,0,0,0,37,0,0,0,0,0,0,0,0,0
ASV809,0,0,1,0,0,1,0,30,0,0,0,0,0,0,0,0,0
ASV810,143,486,604,479,312,329,299,230,1475,241,218,302,345,270,211,174,292
ASV818,721,1850,3127,2871,1386,2020,1579,534,4765,1132,768,1308,685,1737,758,1753,1566
ASV823,0,0,1,3,0,0,0,36,0,0,0,0,0,0,0,0,0
ASV826,0,0,0,0,0,0,0,0,0,0,0,0,0,0,0,0,0
ASV827,22,135,253,104,53,48,39,58,225,23,31,32,59,41,57,30,52
ASV828,51,82,148,213,64,136,60,82,344,50,69,133,167,97,87,60,131
ASV836,0,0,0,0,0,0,0,28,0,0,0,0,0,0,0,0,0
ASV844,0,0,0,1,0,0,0,1,2,0,0,0,0,2,0,0,0
ASV846,17,175,79,61,94,37,39,46,71,42,37,50,38,23,21,13,55
ASV851,0,0,0,0,0,0,0,7,1,0,0,0,0,0,0,0,0
ASV860,0,0,0,1,0,0,0,66,1,0,0,0,0,0,0,0,0
ASV863,0,0,0,0,0,0,0,30,0,0,0,0,0,0,0,0,0
ASV871,220,1323,1207,855,619,571,829,283,2073,284,319,508,814,618,435,295,441
ASV882,39,174,153,142,77,101,66,42,327,44,68,64,105,82,51,46,104
ASV892,0,2,5,0,0,0,0,31,1,0,0,0,0,2,0,1,0
ASV895,126,115,228,350,72,156,101,113,705,59,121,113,215,202,115,81,184
ASV899,113,342,218,237,197,138,99,91,196,51,44,60,103,116,98,73,131
ASV900,241,1322,1301,935,641,620,829,295,2323,327,291,561,796,647,383,340,442
ASV901,32,180,80,160,77,35,57,76,228,52,22,104,72,53,33,26,67
ASV902,34,195,71,78,75,39,68,86,114,41,39,65,63,42,33,42,106
ASV904,0,0,0,0,0,0,0,3,0,0,0,0,0,0,0,0,0
ASV906,0,0,0,0,0,0,0,0,0,0,0,0,0,0,0,0,0
ASV907,0,0,1,0,0,0,0,9,0,0,0,0,0,0,0,0,0
ASV914,0,0,0,0,0,0,0,12,0,0,0,0,0,0,0,0,0
ASV922,12,127,49,37,58,22,33,58,85,37,24,41,46,14,34,12,46
ASV923,0,0,4,1,0,1,0,1,24,0,1,0,3,2,2,0,5
ASV928,0,0,2,0,0,0,0,29,0,0,0,0,1,0,0,0,0
ASV931,0,0,0,0,0,0,0,3,0,0,0,0,0,0,0,0,0
ASV941,0,0,0,0,0,0,0,4,0,0,0,0,0,0,0,0,0
ASV942,0,0,0,0,0,0,0,0,0,0,0,0,0,0,0,0,0
ASV947,0,0,0,0,0,0,0,1,0,0,0,0,0,0,0,0,0
ASV952,0,0,0,1,0,0,0,79,0,0,0,0,0,0,0,0,0
ASV959,0,0,3,2,0,0,0,15,0,0,0,0,0,0,0,0,0
ASV965,0,0,0,0,0,0,0,10,0,0,0,2,0,0,0,0,1
ASV973,0,0,1,0,0,0,0,0,0,0,0,0,0,0,0,0,0
ASV974,89,348,367,309,195,170,167,83,711,123,123,183,176,124,120,79,135
ASV980,0,0,0,0,0,0,0,6,0,0,0,0,0,0,0,0,0
ASV987,0,0,3,2,0,0,0,251,0,0,0,0,0,0,0,0,0
ASV997,136,669,581,537,366,275,274,186,1301,214,185,343,384,262,219,182,304
ASV1000,0,1,0,1,0,0,0,2,0,0,0,0,0,0,0,0,0
ASV1010,28,25,270,98,27,277,47,43,556,21,45,21,48,222,39,140,51
ASV1012,0,0,3,2,0,0,0,164,0,0,0,0,0,0,0,0,0
ASV1014,121,453,414,431,223,229,259,163,1168,177,145,314,338,195,220,128,221
ASV1024,57,1624,222,178,167,94,204,95,630,128,71,146,443,83,76,65,129
ASV1025,0,0,0,0,0,0,0,1,0,0,0,0,0,0,0,0,0
ASV1031,0,0,0,0,0,0,0,0,0,0,0,0,0,0,0,0,0
ASV1038,0,0,0,0,0,0,0,1,0,0,0,0,0,0,0,0,0
ASV1046,0,0,0,0,0,0,0,6,0,0,0,0,0,0,0,0,0
ASV1052,0,0,0,3,0,0,0,18,0,0,0,0,0,0,0,0,0
ASV1056,147,676,606,505,355,253,306,218,1679,126,203,317,419,255,250,167,355
ASV1064,0,0,2,0,0,0,0,23,0,0,0,0,0,0,0,0,0
ASV1090,0,0,0,0,0,0,0,16,0,0,0,0,0,0,1,0,0
ASV1091,0,0,0,0,0,0,0,3,0,0,0,0,0,0,0,0,0
ASV1109,76,408,188,226,140,114,124,190,405,41,125,107,195,92,81,75,196
ASV1115,0,0,1,0,0,0,0,19,0,0,0,0,0,0,0,0,0
ASV1117,68,290,151,180,187,71,74,158,245,94,81,132,113,55,53,43,144
ASV1121,114,144,467,330,154,361,187,218,1066,64,107,88,266,257,80,158,272
ASV1122,29,187,176,45,81,25,54,72,137,55,35,56,71,29,22,21,56
ASV1143,0,0,0,0,0,0,0,0,0,0,0,0,0,0,0,0,0
ASV1150,47,255,195,153,111,132,107,85,780,57,60,128,229,99,90,53,157
ASV1152,0,0,2,1,0,0,0,9,1,0,0,0,0,0,0,0,0
ASV1153,0,0,0,0,0,0,0,8,0,0,0,0,0,0,0,0,0
ASV1166,7,11,134,35,7,58,58,12,433,4,11,11,53,34,16,20,55
ASV1167,47,326,137,210,122,223,202,131,851,42,94,30,111,98,128,97,206
ASV1170,0,0,0,0,0,0,0,0,0,0,0,0,0,0,0,0,0
ASV1176,0,0,0,0,0,0,0,41,0,0,0,0,0,0,0,0,0
ASV1177,79,93,88,166,163,138,106,37,1419,18,113,40,94,112,108,18,69
ASV1193,61,156,746,242,51,52,55,68,2338,174,51,559,1127,19,52,29,65
ASV1195,0,0,0,1,0,0,0,23,0,0,0,0,0,0,0,0,0
ASV1202,33,197,185,85,78,30,50,83,184,59,32,67,55,35,30,24,76
ASV1217,173,139,307,714,195,215,112,121,585,60,115,101,198,176,97,94,164
ASV1224,0,0,0,1,0,0,0,53,0,0,0,0,0,0,0,0,0
ASV1236,79,334,273,235,130,153,125,85,993,84,108,112,243,119,103,68,184
ASV1241,0,0,2,0,0,0,0,21,0,0,0,0,1,0,0,0,0
ASV1252,0,0,0,0,0,0,0,4,0,0,0,0,0,0,0,0,0
ASV1253,8,6,174,32,8,96,51,42,656,12,9,10,53,97,22,50,42
ASV1259,0,2,4,0,0,0,0,10,0,0,0,0,0,0,0,1,0
ASV1260,38,236,166,136,111,115,85,63,780,68,61,103,192,89,80,50,118
ASV1262,4,8,145,50,11,23,7,10,308,20,8,17,51,23,15,6,9
ASV1275,84,493,185,192,234,82,130,199,308,155,81,214,150,82,59,55,181
ASV1276,0,0,2,0,0,0,0,91,0,0,1,0,0,0,0,0,0
ASV1294,0,0,0,1,0,0,0,22,0,0,0,0,0,0,0,0,0
ASV1295,52,301,186,167,90,84,111,94,436,69,65,143,139,97,64,41,97
ASV1307,13,104,82,40,24,28,67,32,176,13,16,17,63,30,19,19,40
ASV1310,11,37,44,38,20,36,35,26,64,16,12,8,18,17,10,15,31
ASV1312,13,202,154,34,33,22,15,48,140,31,20,31,58,12,14,8,40
ASV1353,0,0,0,0,0,0,0,9,1,1,0,1,1,0,0,0,1
ASV1391,0,0,0,1,0,0,0,53,0,0,0,0,0,0,0,0,0
ASV1405,26,111,201,177,53,43,44,78,333,32,71,64,104,48,63,29,64
ASV1420,94,64,829,341,90,523,141,147,1102,61,161,102,112,481,74,311,177
ASV1453,81,249,139,131,147,100,106,146,438,35,109,76,137,71,47,49,150
ASV1456,78,92,512,373,68,499,231,107,1367,80,107,106,231,332,110,214,313
ASV1469,246,198,922,789,247,872,267,273,2344,99,262,210,588,518,219,246,459
ASV1486,71,285,345,269,166,209,174,147,826,129,124,157,201,146,137,97,157
ASV1495,0,5,0,1,0,2,4,2,18,1,1,1,2,2,0,2,0
ASV1497,0,0,0,0,0,0,0,0,0,0,0,2,0,0,0,0,0
ASV1517,0,0,0,0,0,0,0,2,0,0,0,0,0,0,0,0,0
ASV1519,0,0,0,0,0,0,0,2,0,0,0,0,0,0,0,0,0
ASV1538,0,0,0,0,0,0,0,5,0,0,0,0,0,0,0,0,0
ASV1543,98,191,367,209,153,462,246,173,936,143,151,172,57,310,72,312,180
ASV1548,0,1,0,0,0,0,0,32,0,0,0,0,0,0,0,0,0
ASV1574,0,0,0,0,0,0,0,21,0,0,0,0,0,0,0,0,0
ASV1584,20,118,41,63,60,29,24,56,91,45,50,62,32,34,32,23,60
ASV1586,183,827,726,700,417,357,415,250,1708,293,263,483,534,351,320,219,330
ASV1595,23,91,61,121,63,36,64,87,51,39,32,17,19,26,11,34,40
ASV1602,0,0,0,0,0,0,0,47,0,0,0,0,2,0,0,0,0
ASV1605,0,0,0,0,0,0,0,41,0,0,0,0,0,0,0,0,0
ASV1619,77,412,319,278,207,131,165,113,909,89,104,172,263,150,128,98,197
ASV1650,0,0,0,0,0,0,0,12,0,0,0,0,0,0,0,0,0
ASV1673,58,159,92,121,94,74,40,35,88,21,17,27,24,44,61,31,76
ASV1679,55,121,55,57,59,40,20,18,38,13,7,15,11,17,15,12,62
ASV1686,14,15,176,81,11,143,39,58,407,13,22,15,125,68,30,47,36
ASV1738,0,0,1,0,0,0,0,17,0,0,0,0,0,0,0,0,0
ASV1739,61,237,311,203,128,155,113,100,689,104,95,141,178,151,96,91,138
ASV1743,0,0,0,1,0,0,0,11,0,0,0,0,0,0,0,0,0
ASV1751,133,172,344,521,89,179,110,172,898,52,182,96,256,137,101,95,225
ASV1779,25,359,269,74,67,18,55,318,180,150,20,36,29,97,65,70,43
ASV1781,50,104,46,63,44,30,19,16,39,14,12,16,17,22,28,13,57
ASV1787,88,430,391,362,218,195,251,118,1004,124,129,212,287,237,147,98,221
ASV1792,0,0,0,0,0,0,0,2,0,0,0,0,0,0,0,0,0
ASV1817,0,0,0,0,0,0,0,2,0,0,0,0,0,0,0,0,0
ASV1840,11,87,39,52,36,14,25,47,65,30,15,35,33,19,17,13,38
ASV1846,141,1184,139,311,639,88,282,405,178,264,166,403,86,110,61,73,189
ASV1865,105,778,484,506,401,255,291,198,1261,240,214,314,233,286,186,149,298
ASV1884,137,251,354,520,85,221,142,150,880,40,161,102,299,102,139,84,255
ASV1903,6,50,15,9,7,13,5,10,27,11,2,5,23,4,4,5,11
ASV1909,13,3,131,61,2,62,9,3,612,11,5,7,55,60,18,29,16
ASV1912,6,3,45,22,2,21,1,16,100,0,4,3,16,17,5,5,14
ASV1920,41,179,106,143,77,68,90,50,433,63,53,87,128,67,77,44,73
ASV1922,44,252,193,234,134,129,109,75,591,78,71,135,136,92,100,48,121
ASV1925,138,1132,123,255,835,92,273,412,123,268,174,389,80,72,73,87,191
ASV1938,35,164,107,97,73,40,44,54,163,50,25,57,57,38,30,14,45
ASV1954,22,148,51,43,70,23,19,73,92,39,16,36,36,27,18,20,36
ASV1955,0,0,0,0,0,0,0,32,0,0,0,0,0,0,0,0,0
ASV1972,51,80,254,174,28,199,31,34,2217,21,51,52,264,62,63,42,104
ASV2009,30,143,99,61,58,57,62,159,128,23,30,10,48,31,38,48,82
ASV2032,0,0,0,0,0,0,0,14,0,0,0,0,0,0,0,0,0
ASV2043,0,0,0,0,0,0,0,1,0,0,0,0,0,0,0,0,0
ASV2062,0,0,2,0,0,0,0,7,0,0,0,0,0,0,0,0,0
ASV2082,104,431,373,330,197,177,226,145,955,119,124,224,283,206,163,111,205
ASV2083,0,0,6,1,2,0,0,19,0,0,0,0,0,0,0,0,0
ASV2123,0,0,0,0,0,0,0,64,1,0,0,0,0,0,0,0,0
ASV2129,0,0,0,0,0,0,0,1,0,0,0,0,0,0,0,0,0
ASV2150,9,55,101,42,11,16,26,36,337,30,15,45,41,24,26,9,23
ASV2155,0,10,4,1,65,0,1,24,1,29,7,2,4,0,14,5,46
ASV2167,50,248,190,183,159,108,102,66,544,86,91,155,129,113,77,45,104
ASV2171,0,0,0,0,0,0,0,12,0,0,0,0,0,0,0,0,0
ASV2178,66,522,331,394,284,186,216,101,897,161,127,228,158,205,143,103,214
ASV2180,69,256,236,281,204,108,126,85,592,130,98,161,135,115,99,59,101
ASV2182,8,3,72,100,0,16,3,4,128,2,4,0,17,6,2,3,13
ASV2189,0,0,0,0,0,1,0,1,0,0,0,0,0,0,0,2,0
ASV2203,95,563,377,454,294,237,242,176,1094,163,159,245,201,267,146,150,238
ASV2211,0,0,1,0,0,0,0,1,0,0,0,0,0,0,0,0,0
ASV2224,17,109,39,37,37,20,37,45,82,39,20,36,29,21,14,17,32
ASV2228,96,308,190,266,145,122,142,245,485,41,153,89,140,78,78,92,198
ASV2234,64,64,174,219,77,184,102,61,518,46,62,84,144,147,60,89,138
ASV2239,39,142,134,178,60,99,93,62,405,46,42,59,87,80,71,72,66
ASV2248,67,152,60,135,98,38,37,48,132,61,44,85,56,32,21,26,79
ASV2259,28,175,118,141,70,62,83,51,419,61,50,80,107,53,76,50,68
ASV2262,16,121,93,135,22,68,91,66,448,15,16,18,70,61,63,50,81
ASV2291,110,416,180,236,242,109,100,157,382,174,49,130,141,84,65,29,130
ASV2292,0,0,0,0,0,0,0,0,0,0,0,0,0,0,0,0,0
ASV2301,31,157,80,75,90,15,27,54,120,39,34,45,35,21,8,11,34
ASV2321,0,0,0,1,0,0,0,75,0,0,0,0,0,0,0,0,0
ASV2330,23,14,88,135,4,20,7,11,43,16,1,8,16,33,9,4,16
ASV2345,25,151,95,86,56,33,37,97,211,49,35,63,69,47,33,23,70
ASV2353,0,0,0,0,0,0,0,0,0,0,0,0,0,0,0,0,0
ASV2378,31,114,103,87,58,58,57,25,293,56,34,50,71,44,40,18,50
ASV2384,12,77,29,11,24,2,12,67,471,31,4,13,9,12,5,0,14
ASV2391,0,0,2,0,0,0,0,21,0,0,0,0,0,0,0,0,0
ASV2396,77,335,376,303,204,161,191,116,820,137,108,214,254,181,157,81,197
ASV2403,44,138,76,50,96,46,42,52,125,43,27,92,47,29,12,26,57
ASV2426,93,79,282,315,73,401,78,59,1480,40,94,73,298,190,70,59,170
ASV2451,64,479,294,350,279,183,239,142,900,147,138,207,170,212,145,126,175
ASV2489,0,0,0,0,0,0,0,3,0,0,0,0,0,0,0,0,0
ASV2494,5,6,257,6,1,6,2,5,11,1,5,2,8,2,5,26,8
ASV2550,24,142,71,73,137,16,26,36,93,19,16,29,42,34,20,18,45
ASV2583,0,0,0,0,0,0,0,25,0,0,0,0,0,0,0,0,0
ASV2620,0,0,0,0,0,0,0,2,0,0,0,0,0,0,0,0,0
ASV2621,0,0,1,0,0,0,0,59,0,0,0,0,0,0,0,0,0
ASV2681,0,0,0,0,0,0,0,14,0,0,0,0,0,0,0,0,0
ASV2691,96,399,399,268,232,182,257,117,921,104,153,221,272,192,162,111,204
ASV2778,1,0,87,16,1,25,6,10,593,0,3,0,57,23,13,20,5
ASV2790,22,59,76,132,34,61,44,55,361,32,57,98,99,79,67,51,119
ASV2791,208,456,1019,834,357,598,429,134,1495,322,235,446,210,591,252,544,502
ASV2807,105,629,71,209,400,59,188,276,69,136,113,271,45,45,36,40,127
ASV2811,36,54,176,161,50,117,66,87,330,43,46,56,84,109,40,69,114
ASV2819,25,113,70,102,63,58,63,37,199,41,39,92,73,52,33,29,54
ASV2820,46,189,169,148,95,76,82,56,437,55,52,96,121,65,69,38,74
ASV2852,61,374,272,295,213,152,154,94,674,118,104,154,112,144,102,90,129
ASV2864,0,0,0,0,0,0,0,14,0,0,0,0,0,0,0,0,0
ASV2872,79,370,314,347,176,165,167,110,814,127,108,239,237,132,150,96,163
ASV2944,0,0,0,0,0,0,0,2,0,0,0,0,0,0,0,0,0
ASV2948,0,0,1,0,0,0,0,1,0,0,0,0,0,0,0,0,0
ASV3015,158,394,530,529,289,343,286,100,692,210,163,215,151,337,140,329,352
ASV3059,0,1,1,0,0,1,0,5,2,0,0,0,0,0,0,0,0
ASV3076,55,275,226,198,135,95,120,58,604,61,67,113,197,154,103,71,133
ASV3106,8,35,253,42,15,40,46,72,215,10,26,13,81,50,41,30,50
ASV3113,41,97,96,119,55,65,73,41,392,35,41,40,87,58,59,48,65
ASV3177,45,468,46,118,225,32,112,107,77,105,51,97,43,35,32,34,66
ASV3191,0,0,0,0,1,0,0,0,0,0,0,0,0,0,0,0,0
ASV3193,2,20,169,37,4,13,9,19,89,1,1,2,22,17,12,7,14
ASV3198,0,2,3,0,0,0,0,89,0,0,0,0,0,0,0,0,0
ASV3208,0,0,0,0,0,0,0,10,0,0,0,0,0,0,0,0,0
ASV3220,1,2,14,0,0,0,0,13,2,0,1,0,2,0,0,0,1
ASV3237,27,132,147,131,59,50,64,48,321,50,70,72,108,92,38,20,61
ASV3263,24,105,111,77,63,64,68,51,205,28,41,58,76,49,46,28,60
ASV3281,2,9,8,3,10,9,4,10,15,3,1,0,5,7,4,4,11
ASV3306,12,94,40,31,24,27,20,28,85,6,17,7,81,18,18,8,56
ASV3329,43,207,178,151,79,80,99,64,457,46,61,105,119,94,61,40,103
ASV3366,55,191,176,164,79,87,120,75,428,60,54,118,159,98,90,50,83
ASV3371,33,149,138,121,66,72,75,50,313,45,49,62,93,71,50,42,83
ASV3383,4,54,29,8,28,5,15,12,20,88,6,17,24,11,8,6,12
ASV3392,23,22,58,44,11,30,74,77,150,3,16,12,16,40,9,41,60
ASV3399,42,189,121,124,87,74,80,43,429,43,56,92,104,80,54,35,98
ASV3491,16,165,162,134,63,86,72,46,359,67,50,73,79,58,59,37,47
ASV3498,41,257,290,204,143,96,143,68,519,86,74,124,162,108,74,45,112
ASV3550,0,0,0,0,0,0,0,0,0,0,0,0,0,0,0,1,0
ASV3565,32,117,94,97,65,60,37,32,265,47,33,73,84,47,55,33,72
ASV3638,0,0,0,1,0,0,0,9,0,0,0,0,0,0,0,0,0
ASV3657,32,138,128,108,75,65,53,48,332,25,37,73,108,61,48,33,58
ASV3700,0,0,0,1,0,0,0,2,0,0,0,0,1,0,1,0,0
ASV3704,0,0,0,0,0,0,0,6,0,0,0,0,0,0,0,0,0
ASV3714,29,24,199,234,17,202,76,122,828,72,54,63,81,138,65,62,75
ASV3755,39,98,251,135,43,89,85,57,405,45,32,60,67,112,49,40,50
ASV3823,6,41,40,44,17,15,23,15,63,12,12,28,20,10,66,8,16
ASV3845,0,0,0,0,0,0,0,6,0,0,0,0,0,0,0,0,1
ASV3863,91,257,449,377,223,285,232,79,613,180,113,222,79,244,119,259,231
ASV3921,28,186,114,134,93,68,77,54,383,46,49,84,58,89,54,44,50
ASV3927,31,91,69,93,55,38,69,42,244,42,43,63,72,35,30,17,43
ASV3936,68,374,160,193,273,127,198,87,281,198,84,178,39,100,62,141,121
ASV3947,0,0,6,6,0,0,0,5,0,0,0,0,0,0,0,0,0
ASV3990,154,458,780,567,295,339,435,159,1263,200,212,254,290,301,146,144,271
ASV4005,35,188,137,150,79,78,91,67,424,39,52,80,133,87,69,49,67
ASV4015,10,33,15,11,16,2,16,9,19,4,3,85,5,3,1,1,7
ASV4043,0,0,1,0,0,0,0,0,0,0,0,0,0,0,0,0,0
ASV4060,36,123,145,95,49,63,52,37,277,41,46,63,107,73,37,33,65
ASV4083,55,278,184,225,167,106,112,86,509,95,72,121,96,115,67,61,84
ASV4113,118,278,570,453,237,336,277,93,757,228,125,287,119,324,140,333,271
ASV4124,36,143,71,85,54,48,65,39,129,16,33,30,57,33,13,37,84
ASV4171,57,101,77,124,81,34,17,35,144,45,23,72,54,18,30,14,52
ASV4214,83,204,94,195,140,43,67,122,124,58,98,128,36,49,35,33,118
ASV4364,2,21,165,14,4,3,5,16,19,1,1,1,11,8,2,0,13
ASV4393,36,126,115,119,66,47,71,48,261,66,39,76,56,40,45,35,51
ASV4433,43,62,205,197,45,215,136,115,885,82,58,57,83,135,70,85,132
ASV4438,22,242,38,71,131,14,90,59,49,70,42,62,38,15,23,14,30
ASV4442,5,12,30,25,33,11,8,4,34,4,4,6,29,2,12,1,3
ASV4444,29,24,155,129,45,163,32,36,708,27,28,34,91,80,36,28,68
ASV4558,0,0,0,0,0,0,0,1,0,0,0,0,0,0,0,0,0
ASV4568,13,178,19,32,124,14,62,69,62,45,38,62,26,22,15,20,39
ASV4580,10,68,22,38,20,10,36,5,112,17,17,14,159,9,16,12,16
ASV4609,21,86,95,64,53,51,66,24,193,26,20,58,57,38,22,19,33
ASV4625,30,142,106,114,90,57,50,43,221,54,44,72,72,60,41,30,54
ASV4634,36,40,152,144,55,93,57,37,379,20,35,66,85,97,48,52,96
ASV4684,52,308,197,174,269,118,146,77,264,154,93,178,44,122,47,157,137
ASV4710,8,41,25,37,42,12,14,34,27,21,13,14,4,17,10,27,23
ASV4728,0,1,13,11,1,21,4,0,510,0,0,0,11,3,1,0,3
ASV4730,0,0,1,0,0,0,0,15,0,0,0,0,0,0,0,0,0
ASV4898,14,86,110,97,59,56,68,34,255,33,29,63,95,51,51,28,74
ASV4914,24,128,118,86,58,38,66,46,225,38,25,57,87,56,25,15,54
ASV5058,23,130,110,73,60,42,51,34,219,30,28,57,76,50,34,20,43
ASV5081,0,0,1,0,0,0,0,2,0,0,0,0,0,0,0,0,0
ASV5128,36,150,105,89,95,79,67,29,135,62,32,59,24,58,22,67,62
ASV5344,0,0,0,1,0,0,0,21,0,0,0,0,0,0,0,0,0
ASV5471,2,17,9,6,8,1,3,14,10,18,1,7,5,7,2,2,4
ASV5500,0,0,0,0,0,0,0,4,0,0,0,0,0,0,0,0,0
ASV5582,0,0,0,2,0,0,0,10,0,0,0,0,0,0,0,0,0
ASV5733,0,0,0,0,0,0,0,13,0,0,0,0,0,0,0,0,0
ASV5780,22,5,101,119,18,96,51,57,444,28,35,25,45,61,36,27,31
ASV5785,0,0,0,0,0,0,0,9,0,0,0,0,0,0,0,0,0
ASV5814,0,0,0,0,0,0,0,37,0,0,0,0,0,0,0,0,0
ASV5854,26,121,93,112,101,49,79,47,258,57,44,102,88,59,53,38,54
ASV5895,21,124,82,77,45,49,56,35,233,23,26,61,66,38,38,26,47
ASV5934,25,37,139,113,11,144,69,67,517,30,35,31,52,84,40,42,59
ASV5936,17,103,75,68,37,50,75,47,241,27,31,50,79,57,43,19,53
ASV6084,23,22,97,86,21,87,51,59,400,24,26,33,33,69,44,36,38
ASV6145,20,71,67,32,24,9,42,107,129,45,20,4,24,23,14,26,43
ASV6203,6,14,35,23,10,2,0,10,15,2,1,3,4,3,10,3,4
ASV6294,26,41,227,131,36,112,100,28,293,40,29,45,26,247,47,134,65
ASV6456,49,17,89,157,24,45,17,18,187,11,24,31,50,26,73,16,39
ASV6577,74,239,487,379,175,182,246,92,814,153,114,162,167,189,90,95,130
ASV6584,169,48,138,526,49,117,16,209,113,11,33,126,144,20,64,8,85
ASV6619,12,87,66,53,33,28,50,16,210,10,29,34,70,45,24,28,43
ASV6711,4,25,76,21,18,7,30,21,31,8,9,7,25,20,18,16,13
ASV6778,17,115,90,84,60,46,46,32,193,24,32,46,72,42,33,28,51
ASV6873,29,155,83,85,68,52,67,39,240,42,35,48,65,64,36,37,47
ASV7001,14,77,54,65,41,23,38,16,162,35,23,35,23,31,26,15,29
ASV7187,0,1,5,1,1,0,0,20,3,1,0,0,1,1,0,0,0
ASV7196,16,21,58,37,378,20,10,10,81,4,44,21,18,9,12,9,12
ASV7271,21,34,83,79,8,78,75,45,439,29,28,27,42,64,30,37,36
ASV7421,0,0,1,1,0,0,0,26,0,0,0,0,0,0,0,0,0
ASV7425,13,78,63,57,42,34,37,25,114,15,23,19,27,36,20,18,25
ASV7675,4,23,50,43,20,29,13,15,170,24,14,6,123,9,26,6,30
ASV7718,48,150,283,179,95,117,113,39,450,75,89,83,94,127,41,40,85
ASV7797,0,0,0,0,0,0,0,3,0,0,0,0,0,0,0,0,0
ASV7915,7,72,76,77,56,32,49,25,179,29,34,33,49,41,21,18,65
ASV8018,62,142,288,209,108,119,159,68,498,83,82,89,110,132,56,57,82
ASV8115,7,26,29,12,20,16,28,10,71,2,6,6,142,22,10,17,12
ASV8132,27,123,196,148,64,87,100,37,337,63,33,41,75,61,39,35,52
ASV8602,101,597,512,148,179,59,87,180,245,5,56,148,171,142,42,52,79
ASV8686,20,71,129,112,33,63,88,48,294,26,39,23,58,64,40,39,52
ASV8771,0,0,0,0,0,0,0,175,0,0,0,0,1,0,0,0,0
ASV8784,47,124,211,191,84,92,131,47,386,85,75,75,71,95,71,55,82
ASV8797,0,0,2,3,0,0,1,1,2,3,0,4,0,0,0,1,0
ASV8853,12,31,169,71,23,63,69,15,201,23,18,20,13,194,31,85,41
ASV8907,2,48,104,15,7,16,99,3,535,3,5,210,17,112,12,32,19
ASV8955,47,196,356,207,128,131,166,46,576,93,80,86,88,101,59,65,101
ASV9257,1,11,12,3,5,1,2,3,9,14,2,11,1,4,4,3,4
ASV9275,3,24,22,7,66,32,44,17,76,14,33,16,10,13,20,9,28
ASV9318,2,101,110,3,33,7,12,55,37,51,2,52,7,94,14,43,13
ASV9350,19,59,40,47,34,20,23,15,125,16,16,28,31,29,21,17,29
ASV9429,0,0,0,0,0,0,0,0,0,0,0,0,0,0,0,0,0
ASV9895,9,0,11,3,0,1,1,0,4,0,0,1,4,2,0,1,2
ASV9970,32,79,53,65,87,18,19,46,36,33,25,40,15,12,12,12,30
ASV10017,24,36,54,56,45,40,41,20,80,29,16,42,21,40,19,51,45
ASV10133,19,95,136,114,44,62,79,41,241,48,38,53,68,51,37,29,57
ASV10233,52,23,53,203,10,37,12,84,43,3,16,37,64,7,29,5,24
ASV10353,39,123,233,148,82,97,118,35,347,68,78,86,77,75,50,38,64
ASV10429,1,10,4,3,3,2,2,9,5,8,0,4,3,0,0,2,2
ASV10501,16,20,131,86,26,63,65,19,151,20,17,17,12,161,21,68,38
ASV10508,3,1,4,3,1,1,5,4,14,0,0,4,0,1,4,1,1
ASV11175,17,63,115,83,32,66,139,34,196,47,21,54,16,114,38,82,53
ASV11327,0,0,0,0,0,0,0,19,0,0,0,0,0,0,0,0,0
ASV11360,46,132,217,164,82,88,109,41,271,52,46,48,73,87,35,40,74
ASV12091,7,10,18,17,36,9,6,10,19,5,3,9,8,7,7,4,11
ASV12610,31,92,162,114,72,54,98,26,233,56,36,38,50,77,36,23,49
ASV13521,186,800,14,19,9,5,7,3,20,3,184,46,5389,12,5,1,25
ASV15308,34,202,189,57,84,19,28,61,86,0,26,69,56,50,12,26,27
ASV15531,1,0,10,3,0,50,0,0,957,0,1,2,21,3,3,1,3
ASV16470,27,191,173,42,55,21,19,61,84,3,12,37,49,51,17,18,20
ASV16715,33,166,144,39,44,20,27,46,83,0,18,34,35,38,7,16,20
ASV17237,54,28,108,689,77,118,269,1655,1107,12,218,3,11,86,27,69,513
ASV17293,2,11,3,1,1,2,1,2,6,1,1,0,0,0,0,1,2
ASV17564,12,28,7,30,20,15,6,2,32,3,13,20,4,8,4,2,43
ASV18170,25,38,93,159,25,63,35,29,255,20,39,52,78,79,42,32,91
ASV19563,2,8,22,3,1,1,4,13,9,21,0,11,2,5,9,0,5
ASV21050,6,13,13,18,24,5,6,10,39,0,7,6,9,4,3,5,19
ASV21335,9,0,8,8,0,5,3,1,48,0,4,2,10,5,3,1,4
ASV25090,6,198,154,16,16,3,2,243,9,357,3,15,1,50,112,168,29
ASV28888,0,2,0,0,0,0,0,0,0,0,0,0,2,0,0,0,0
ASV28952,55,82,57,67,17,5,54,90,69,7,9,1,12,24,28,16,16
ASV29486,0,3,170,16,5,0,1,9,7,0,1,3,2,3,2,1,0
ASV32803,18,13,33,32,26,32,79,472,318,4,65,2,3,14,6,20,130
ASV37940,1,68,61,9,6,0,3,78,5,52,2,4,0,30,35,109,8
ASV40584,0,1,4,0,0,1,0,0,0,0,0,0,2,1,1,0,1
ASV43141,22,0,101,31,0,7,1,0,227,0,2,0,27,16,5,1,6
ASV44394,2,1,0,24,120,3,4,0,6,0,1,0,2,0,0,0,2
ASV48892,0,12,11,2,1,0,5,19,7,6,0,0,0,9,4,5,1
ASV49704,2,45,6,3,25,2,3,8,12,7,4,1,8,3,0,1,5
ASV52360,0,4,2,1,30,0,0,0,2,2,0,6,0,0,0,0,2
ASV58238,0,2,9,0,0,0,0,0,2,0,1,0,0,0,0,0,2
ASV60999,7,1,4,2,0,0,0,1,0,0,0,0,0,2,1,0,0
ASV67897,1,1,0,2,3,0,0,0,1,1,0,2,0,0,1,0,0
ASV71174,0,83,1,5,122,0,9,3,0,2,3,2,0,0,0,0,2
ASV105600,1,1,2,3,0,2,2,1,23,0,0,0,2,4,1,0,0
ASV106008,110,167,441,297,137,223,202,74,562,119,94,173,72,218,100,247,167
ASV108102,33,178,150,104,87,71,116,33,273,41,41,72,109,102,53,36,51
ASV138035,497,755,1056,1862,444,1042,579,582,3529,370,858,789,1438,1081,638,492,1502
newASV21,2,4,4,0,1,1,0,3,7,13,0,12,0,1,6,1,0
newASV45,0,0,0,0,0,0,0,37,0,0,0,0,0,0,0,0,0
newASV175,0,37,2,4,7,1,81,45,1,1,6,0,1,1,3,0,11
newASV361,4,77,116,11,4,3,15,141,31,6,12,1,8,74,92,73,36
newASV15617,44,38,72,117,37,86,38,43,262,23,46,56,93,88,50,42,116
newASV15908,46,39,90,126,30,71,41,51,235,20,43,44,88,63,36,26,77
newASV17488,25,29,49,130,26,68,28,22,195,23,66,44,93,55,43,26,93
newASV17822,35,49,58,129,22,54,30,33,267,11,57,50,97,80,44,35,109
newASV20026,0,27,40,1,3,0,1,15,0,70,0,1,0,2,7,4,0
newASV22892,47,60,113,156,31,106,56,61,294,21,69,80,114,93,60,52,136
newASV38463,27,25,47,130,19,51,43,23,245,13,48,60,79,56,32,19,79
newASV47101,121,82,210,302,51,136,66,103,598,34,88,119,206,156,85,79,185
