ASV,Kalundborg 2019-9 AS,Kalundborg 2019-10 AS,Kalundborg 2019-11 AS,Kalundborg 2019-12 AS,Kalundborg 2019-13 AS,Kalundborg 2019-14 AS,Kalundborg 2019-15 AS,Kalundborg 2019-17 AS,Kalundborg 2019-18 AS,Kalundborg 2019-19 AS,Kalundborg 2019-20 AS,Kalundborg 2019-21 AS,Kalundborg 2019-22 AS,Kalundborg 2019-24 AS,Kalundborg 2019-25 AS,Kalundborg 2019-27 AS,Kalundborg 2019-28 AS,Kalundborg 2019-29 AS,Kalundborg 2019-31 AS,Kalundborg 2019-32 AS,Kalundborg 2019-33 AS,Kalundborg 2019-35 AS,Kalundborg 2019-36 AS,Kalundborg 2019-37 AS,Kalundborg 2019-38 AS,Kalundborg 2019-40 AS,Kalundborg 2019-41 AS,Kalundborg 2019-43 AS,Kalundborg 2019-44 AS,Kalundborg 2019-45 AS,Kalundborg 2019-46 AS,Kalundborg 2019-47 AS,Kalundborg 2019-48 AS,Kalundborg 2019-50 AS,Kalundborg 2020-3 AS,Kalundborg 2020-4 AS,Kalundborg 2020-5 AS,Kalundborg 2020-6 AS,Kalundborg 2020-7 AS,Kalundborg 2020-8 AS,Kalundborg 2020-10 AS
ASV4,512,336,415,347,374,325,334,269,226,257,270,186,126,123,78,100,101,96,94,111,88,53,92,145,99,119,139,213,285,417,361,357,480,402,370,511,367,379,591,451,382
ASV5,35,37,34,49,47,33,53,39,50,59,55,56,37,26,25,19,32,31,13,12,6,8,6,14,5,6,11,13,15,26,22,33,35,46,304,363,390,430,469,347,303
ASV6,13,16,22,14,16,51,7,12,16,7,14,5,8,8,0,4,7,3,0,6,4,6,0,5,5,3,8,6,17,14,16,12,18,45,55,59,50,39,58,43,45
ASV10,96,91,135,174,194,156,163,147,120,134,148,125,64,67,49,41,51,39,16,29,41,30,25,137,13,40,52,57,64,63,50,117,84,95,196,182,179,154,146,105,135
ASV13,172,126,175,149,168,128,124,106,91,117,95,87,52,57,27,44,47,36,55,33,36,28,30,51,39,43,56,73,118,164,161,131,155,168,151,220,135,172,251,188,156
ASV17,136,151,269,233,273,408,130,93,81,94,104,111,97,99,71,100,58,38,76,88,68,47,66,39,155,124,171,371,400,434,322,113,143,154,251,190,221,168,323,285,396
ASV26,5,6,9,4,15,22,4,6,15,8,7,2,3,4,1,2,8,3,6,0,3,2,5,5,1,0,12,11,16,17,9,18,18,35,35,40,23,30,50,40,32
ASV27,5,9,5,9,12,5,8,9,5,12,14,13,8,5,5,6,3,2,2,4,1,1,0,0,0,2,1,2,1,3,7,4,4,1,31,33,52,40,40,66,49
ASV31,12,9,19,34,51,26,22,10,14,13,21,4,6,4,0,1,2,1,0,0,1,0,0,0,0,0,0,0,0,0,0,0,1,1,8,4,2,3,8,5,7
ASV38,93,88,113,95,109,62,71,68,66,69,52,62,53,39,22,45,39,33,25,43,45,27,41,65,67,68,65,103,113,108,72,127,136,149,167,187,144,175,238,173,152
ASV47,44,40,56,47,42,25,48,32,27,34,48,37,26,30,33,20,28,29,20,19,22,26,27,89,27,32,29,42,45,38,46,46,68,50,56,53,63,56,92,62,40
ASV98,37,38,109,37,28,34,30,31,66,65,81,48,28,50,26,29,51,38,27,24,34,39,47,58,38,42,46,39,49,42,40,50,74,58,52,60,42,54,72,56,45
ASV109,2,4,7,4,7,2,5,0,2,3,5,1,1,0,5,2,1,2,0,2,3,7,4,13,3,7,6,2,10,15,11,9,13,10,9,6,6,3,8,4,12
ASV113,16,21,33,24,32,27,22,21,17,20,16,16,7,12,4,6,7,11,7,5,7,5,5,5,7,10,7,15,15,29,13,12,31,27,21,25,14,19,36,22,25
ASV118,69,38,46,43,36,37,40,23,24,22,28,19,17,12,10,12,6,3,5,14,11,4,8,15,7,9,5,16,24,35,31,35,50,40,34,45,30,39,58,52,37
ASV119,22,27,66,23,17,24,31,18,34,31,57,36,27,26,26,26,32,20,20,21,24,15,21,34,29,25,32,22,43,43,26,23,32,44,33,35,27,41,59,31,30
ASV122,64,71,96,112,99,69,64,34,71,67,115,80,57,77,65,68,83,71,38,40,79,39,125,54,58,120,106,91,134,107,97,18,14,4,6,17,34,15,30,57,48
ASV134,44,30,43,33,44,48,36,47,35,46,55,45,19,25,28,25,38,36,31,26,38,38,46,75,64,38,34,45,52,49,35,60,60,36,48,56,59,48,74,67,61
ASV140,114,122,113,110,124,113,111,91,89,79,97,89,55,59,57,86,106,83,55,93,102,94,145,110,169,191,196,224,215,204,182,289,266,249,244,275,217,258,248,197,177
ASV145,30,21,30,27,24,23,17,13,9,8,21,9,11,11,8,7,8,8,6,8,3,6,10,20,17,26,25,23,24,32,24,15,47,27,27,22,29,19,36,29,26
ASV147,65,62,117,67,70,195,74,65,56,37,55,47,32,27,7,16,9,19,13,68,16,13,17,63,23,17,54,54,49,63,93,59,58,63,97,60,126,70,58,54,79
ASV154,48,72,87,116,93,58,38,33,6,1,6,6,5,6,5,1,2,3,14,1,5,1,1,0,0,0,1,15,32,32,17,23,8,18,60,29,34,37,88,77,44
ASV156,6,4,5,5,6,7,8,10,6,4,5,5,2,1,0,2,3,2,5,9,0,2,4,0,1,3,2,0,6,12,4,6,6,5,3,2,5,3,2,5,2
ASV162,57,31,54,37,25,28,31,21,22,24,19,18,14,14,5,3,10,4,7,8,6,12,11,12,15,14,11,27,39,52,38,35,48,36,44,42,34,51,62,46,40
ASV163,22,19,22,19,28,28,16,23,33,19,17,13,12,14,12,18,16,12,14,14,19,14,10,53,13,16,19,22,22,27,47,26,51,30,48,27,37,33,37,37,28
ASV167,106,203,129,135,129,157,108,65,70,73,103,93,56,60,52,30,33,27,39,33,30,27,46,13,34,42,73,76,86,101,167,10,18,28,51,42,122,87,98,167,133
ASV174,473,332,564,413,480,368,364,292,292,286,304,225,188,184,143,154,217,203,169,167,183,173,218,522,239,230,245,296,336,283,232,401,406,423,521,504,355,428,536,395,364
ASV179,57,130,168,193,241,152,135,92,90,98,98,72,82,89,65,44,35,20,20,37,47,55,47,52,55,64,103,234,229,205,150,61,114,98,113,103,117,67,168,138,187
ASV186,8,8,11,7,11,8,8,9,6,6,4,6,7,7,2,3,9,6,6,4,8,6,2,13,10,5,7,15,15,19,13,12,20,13,10,20,19,12,12,14,19
ASV191,87,65,66,57,68,69,82,73,51,97,103,76,66,60,51,47,89,79,44,37,74,80,46,47,57,23,25,41,41,25,37,23,30,16,11,30,67,39,56,49,62
ASV196,8,9,7,8,22,22,17,25,23,20,29,20,17,11,9,9,10,8,4,4,7,4,7,7,4,1,6,12,8,8,13,9,10,13,19,15,20,17,20,18,13
ASV197,29,30,65,39,60,51,64,52,55,54,45,63,47,34,35,50,70,44,42,45,52,48,56,36,33,49,64,59,78,62,57,54,36,19,42,28,62,49,84,100,56
ASV202,25,12,24,18,36,16,19,16,18,14,17,7,12,10,7,4,14,11,8,13,10,6,8,34,9,25,18,30,28,28,18,28,24,40,19,28,27,22,32,26,25
ASV206,8,11,22,22,20,25,14,16,19,10,23,10,9,6,4,11,8,10,12,12,8,9,14,52,1,5,18,17,23,14,11,27,19,20,43,32,38,22,22,22,19
ASV212,13,12,24,17,21,20,13,13,12,11,13,11,6,6,3,14,12,11,9,11,16,4,7,32,8,8,14,19,19,16,16,20,25,16,26,22,21,29,29,23,18
ASV218,138,81,96,86,109,122,117,94,87,91,128,94,78,76,66,78,141,106,82,104,125,99,94,44,128,133,102,121,129,114,143,185,272,227,199,247,226,252,429,315,222
ASV221,71,50,100,93,92,93,103,69,109,97,87,70,46,63,31,56,68,61,46,82,83,62,181,161,63,80,124,116,133,107,88,139,125,142,171,149,124,172,191,126,91
ASV226,176,109,174,189,120,117,103,113,111,89,111,89,61,93,65,42,67,64,89,59,82,94,92,62,71,109,100,89,89,97,104,34,21,37,39,31,125,84,123,148,115
ASV230,11,12,14,8,11,9,11,13,21,13,13,14,7,7,5,9,16,17,10,11,15,12,17,55,9,10,19,27,23,27,18,21,22,25,17,20,32,24,23,19,12
ASV235,30,16,26,21,23,19,13,19,23,15,17,7,10,4,9,4,14,4,9,4,5,6,7,13,12,4,5,21,11,22,21,12,28,17,21,27,19,20,27,26,26
ASV236,0,0,0,1,3,0,0,0,0,0,0,0,0,0,0,0,0,0,0,0,0,0,0,0,0,0,0,0,0,0,0,0,0,2,6,16,13,6,8,3,2
ASV243,19,15,24,14,12,10,18,17,16,17,13,20,14,10,10,5,22,24,17,14,9,7,6,25,14,13,11,9,22,20,20,28,18,28,31,36,27,35,57,17,25
ASV244,16,12,22,17,23,20,13,11,6,11,9,12,14,11,6,14,6,12,17,5,13,13,15,25,9,14,12,9,14,12,13,19,30,21,18,22,17,22,35,16,8
ASV245,18,9,5,16,8,6,12,7,11,9,12,7,8,13,1,7,10,11,11,6,12,4,6,31,9,12,11,7,9,10,11,17,24,13,18,18,11,12,24,23,12
ASV272,15,7,13,11,9,3,13,7,10,5,10,9,7,12,5,3,10,8,5,5,7,1,5,20,8,4,9,6,5,14,16,5,12,7,17,12,8,17,15,8,8
ASV279,68,78,85,51,53,57,60,61,44,39,34,33,21,39,13,29,35,32,24,31,32,20,28,116,27,49,42,43,79,105,94,131,92,58,55,75,62,64,74,66,68
ASV280,316,251,437,354,318,289,210,135,115,131,170,126,93,94,104,143,206,120,93,131,118,114,113,319,116,98,120,129,183,166,169,210,315,235,255,254,188,174,210,184,155
ASV288,49,175,109,131,124,72,54,61,65,83,107,72,94,91,106,132,81,32,189,73,95,88,112,81,120,130,180,317,275,171,202,73,56,51,47,75,63,51,110,129,213
ASV289,14,8,17,46,15,27,10,10,10,8,20,13,15,11,28,4,10,11,16,15,7,11,10,9,16,14,27,49,49,46,87,6,5,7,29,13,24,7,30,44,29
ASV291,433,385,705,674,592,541,549,348,298,299,364,277,293,265,194,197,242,239,199,268,257,186,296,181,353,421,374,549,728,620,723,239,319,94,383,584,637,292,499,749,584
ASV297,8,14,11,8,23,8,8,11,16,11,20,15,3,9,6,9,14,16,6,8,13,7,13,60,3,6,10,15,8,16,5,15,13,17,54,52,53,39,25,13,19
ASV307,40,21,36,18,24,20,27,20,21,22,23,22,15,10,4,11,4,10,4,4,6,3,15,14,15,10,5,35,38,34,40,19,38,31,36,28,29,21,47,32,33
ASV308,8,8,17,7,11,11,9,9,5,8,9,8,5,6,5,10,10,9,8,4,7,4,6,20,14,7,13,12,13,9,19,7,14,14,10,15,11,16,15,14,9
ASV314,76,75,92,82,78,69,85,66,62,65,62,61,57,31,29,42,46,31,26,18,31,21,33,49,41,71,56,63,131,122,77,130,142,145,142,157,111,100,121,87,47
ASV322,17,7,19,8,10,13,7,5,7,13,5,5,10,4,6,5,11,5,10,8,9,10,2,16,4,10,5,12,9,10,13,14,17,12,18,18,18,13,18,13,6
ASV333,8,6,4,9,12,54,7,8,2,9,7,7,1,7,5,0,5,5,0,19,5,6,3,22,7,2,4,9,3,11,3,15,6,9,20,46,10,8,10,11,3
ASV345,9,6,11,5,7,4,9,6,10,7,7,7,4,10,4,2,12,6,11,5,6,4,7,27,6,10,13,7,13,8,5,10,8,8,9,12,8,19,9,13,6
ASV360,8,1,10,5,12,9,12,5,2,6,5,4,7,2,4,5,11,8,6,14,8,4,9,19,10,14,13,16,20,24,8,20,30,10,7,13,10,10,17,12,17
ASV368,17,12,7,9,12,13,14,14,11,12,9,12,6,7,11,10,26,14,13,10,15,6,13,16,12,9,7,9,14,7,16,7,23,21,17,9,14,14,18,14,16
ASV381,54,13,17,7,13,24,6,20,15,9,15,9,5,11,9,11,18,9,19,2,5,5,10,6,16,19,12,34,29,24,42,12,9,20,20,15,10,8,17,12,3
ASV382,9,11,12,9,16,7,6,8,4,8,6,4,4,6,9,10,12,8,5,3,5,7,9,17,6,6,14,15,13,15,9,5,16,15,9,18,7,8,11,7,6
ASV387,3,11,7,1,5,3,3,1,2,3,3,2,2,1,4,4,1,2,5,3,5,3,7,11,2,1,7,3,4,6,1,9,6,6,10,4,7,3,10,10,4
ASV392,36,37,39,41,45,37,27,13,13,28,48,22,12,19,23,5,10,11,12,9,5,2,6,13,9,7,25,23,25,29,46,33,23,42,27,50,42,44,52,65,58
ASV397,6,4,6,12,28,5,7,5,10,9,8,8,3,8,3,5,9,6,5,6,4,5,4,28,3,8,14,12,8,7,10,21,25,18,6,14,15,15,13,10,7
ASV398,7496,5244,5337,5151,5413,6295,5789,5049,4805,6017,8317,6601,3901,4223,2631,3663,5673,4324,3177,3483,4067,3981,3964,3327,3649,1443,973,952,949,952,742,675,1260,709,915,903,1814,1666,1461,1126,1180
ASV401,14,7,21,13,11,11,11,12,10,7,5,4,5,2,4,5,3,3,4,3,3,7,1,10,4,9,13,9,14,18,17,8,9,8,15,13,15,10,12,19,10
ASV403,11,0,16,7,3,2,2,0,2,1,2,0,0,0,0,1,0,1,0,0,0,0,1,0,1,0,0,1,3,2,7,0,0,0,0,0,0,0,1,1,0
ASV404,25,19,18,32,36,30,47,57,105,146,174,163,78,102,70,39,102,63,54,45,50,46,33,12,38,39,59,54,83,74,99,28,69,57,62,34,71,59,61,71,44
ASV413,14,9,15,10,11,7,10,11,16,11,20,7,5,4,1,6,6,4,10,9,8,6,12,14,8,6,12,8,5,10,18,10,19,15,15,28,11,11,17,14,8
ASV414,16,15,20,18,6,14,10,11,37,12,13,18,8,3,8,4,16,10,11,13,10,15,9,13,23,15,19,20,28,27,20,20,32,22,79,49,16,25,28,13,27
ASV420,26,16,72,44,39,12,17,10,14,10,15,9,6,2,1,2,3,1,2,4,0,0,1,0,0,2,10,25,22,23,109,13,18,14,21,58,58,29,35,28,53
ASV422,15,11,39,13,17,18,14,10,5,5,14,2,2,4,1,0,1,0,0,0,0,0,0,1,2,0,1,1,2,1,4,1,4,3,15,3,7,12,6,7,8
ASV429,6,25,16,5,7,16,17,3,11,22,25,18,18,37,21,2,22,13,13,12,20,12,24,13,11,60,49,45,32,2,21,5,9,0,2,11,4,0,17,19,18
ASV445,13,5,6,4,6,1,6,11,6,5,9,3,6,2,1,7,5,5,3,0,7,6,8,19,5,3,5,7,3,8,7,10,9,5,7,9,6,11,10,9,4
ASV465,5,6,16,8,5,14,8,6,20,20,16,18,17,7,11,6,11,13,9,11,7,12,8,16,11,14,11,6,9,8,9,10,10,17,11,3,7,15,22,9,13
ASV472,2,1,4,5,9,6,4,5,5,0,6,1,5,0,0,1,1,2,0,4,4,0,1,5,1,2,4,9,6,9,9,14,8,7,10,13,2,9,5,11,10
ASV491,3,3,7,8,13,7,10,2,7,3,8,8,0,5,3,3,0,0,0,3,7,0,6,9,2,1,3,10,10,3,3,15,7,7,10,12,7,8,8,4,2
ASV492,6,7,9,6,11,9,7,2,3,3,6,5,1,1,0,0,1,1,0,0,0,0,1,2,1,1,2,17,32,26,20,21,28,26,30,30,32,24,41,25,56
ASV493,7,5,7,4,8,7,8,3,8,4,6,4,1,3,4,3,4,8,7,3,4,5,2,12,5,1,4,8,9,9,8,10,11,9,8,14,9,9,11,12,4
ASV507,28,11,16,6,9,16,10,18,10,10,6,13,9,5,9,5,9,12,8,4,4,2,3,1,7,10,8,19,15,18,26,14,8,22,9,14,3,9,19,7,8
ASV521,5,4,8,7,5,7,4,7,6,2,4,2,4,4,1,2,3,5,1,1,3,0,2,8,2,1,6,7,7,2,6,3,6,9,12,15,8,10,13,5,12
ASV523,15,21,16,17,15,10,7,3,4,9,8,14,7,8,29,10,19,9,15,7,3,8,16,4,11,30,22,29,29,49,55,8,5,4,2,6,16,3,11,8,9
ASV525,50,29,42,35,37,38,32,26,22,19,21,19,12,14,14,18,23,15,10,13,17,12,14,106,37,40,35,47,49,47,36,48,53,53,63,65,45,69,75,63,59
ASV541,3,4,12,9,11,5,7,9,6,2,3,3,3,4,2,2,3,4,5,3,4,1,5,22,5,4,12,10,8,3,13,7,8,10,8,10,4,5,4,3,9
ASV559,1,1,29,27,47,10,1,0,1,0,0,0,1,0,0,0,0,0,0,0,0,0,0,0,0,0,2,220,111,49,60,3,7,23,9,5,20,12,32,43,85
ASV560,9,9,17,11,24,5,9,6,10,7,10,6,6,5,6,6,3,10,4,15,11,6,16,35,10,14,23,14,17,11,14,15,16,15,17,29,12,20,22,20,11
ASV563,6,4,10,8,8,13,10,5,8,5,13,7,6,5,2,5,7,8,4,6,4,3,7,18,5,6,10,9,7,6,8,11,18,9,9,9,9,10,8,15,8
ASV571,109,91,115,151,155,128,145,108,103,113,123,113,82,112,107,148,181,130,111,79,119,93,143,170,86,83,105,112,104,122,106,165,131,131,169,160,157,147,186,108,100
ASV587,1,2,2,8,7,8,11,5,4,8,8,3,6,10,0,2,6,7,7,9,8,11,4,4,8,8,20,23,12,26,80,3,17,16,24,15,15,28,16,22,15
ASV613,0,3,0,0,0,1,0,0,0,0,0,1,1,1,0,0,0,0,0,3,0,0,0,0,1,2,4,9,8,6,3,5,2,7,7,6,1,2,0,1,2
ASV622,0,0,0,0,1,0,1,1,1,0,1,2,1,1,0,3,4,5,2,3,1,3,2,2,3,3,2,2,2,2,2,0,0,2,1,0,0,2,0,2,1
ASV626,293,204,202,204,190,296,253,217,139,181,197,179,110,108,83,100,160,121,71,77,75,84,102,29,71,5,12,16,14,6,15,13,8,3,4,12,16,3,5,11,10
ASV648,9,12,12,7,8,16,13,8,17,11,29,25,15,20,22,13,18,18,12,10,21,19,27,17,47,21,36,44,39,52,49,10,8,4,8,6,14,9,14,12,14
ASV665,17,1,6,2,4,2,1,2,2,0,0,4,1,1,2,0,1,2,1,2,0,0,2,2,0,2,3,2,5,4,10,2,4,4,0,2,5,2,3,5,5
ASV667,98,87,106,101,131,125,128,113,95,77,101,76,51,75,49,57,70,70,44,49,57,48,68,136,58,60,66,94,88,72,89,125,84,67,112,134,120,104,128,121,94
ASV679,12,6,63,25,23,17,12,9,4,9,9,3,3,3,2,1,0,2,1,0,0,0,0,1,0,1,1,7,5,4,9,9,18,13,20,24,28,22,45,21,34
ASV682,0,1,1,0,0,0,2,2,3,4,2,3,2,3,2,12,7,6,14,8,11,6,14,25,11,21,16,17,14,9,6,6,3,3,2,2,2,2,1,1,1
ASV683,26,12,15,15,11,11,10,12,5,13,4,2,4,11,5,2,6,1,4,2,4,2,5,0,10,8,5,5,2,6,5,4,8,7,20,10,6,6,13,10,4
ASV687,15,7,64,5,8,10,10,6,23,17,25,11,10,8,7,14,13,16,10,12,5,13,10,14,9,12,17,8,19,7,12,11,12,16,15,16,13,14,25,22,12
ASV695,5,9,9,10,9,4,5,5,9,1,6,2,1,1,1,4,3,4,4,1,13,5,8,11,7,14,13,12,14,17,15,21,22,13,43,24,27,18,27,17,25
ASV704,10,17,10,14,8,21,5,6,9,11,15,15,13,9,23,12,39,24,10,28,24,19,45,27,27,19,41,80,49,51,56,22,22,12,8,16,22,11,11,15,22
ASV709,54,42,69,94,94,128,186,145,107,129,84,64,35,44,40,48,83,64,33,72,62,84,101,56,71,86,96,136,186,220,216,207,309,241,128,177,178,181,218,139,114
ASV712,9,2,7,3,3,5,6,2,9,7,8,4,4,1,3,5,6,5,1,4,5,1,4,14,7,4,10,4,9,4,2,3,7,3,7,6,7,8,16,8,5
ASV724,68,86,106,92,144,100,126,63,135,167,208,100,92,191,97,77,162,67,36,49,76,64,84,293,79,67,88,75,74,154,183,71,229,94,140,171,111,178,257,246,76
ASV726,11,18,29,39,22,8,12,5,5,7,16,8,5,4,7,2,2,0,2,0,1,0,0,1,3,3,2,11,15,13,23,4,3,1,8,31,17,10,20,12,38
ASV737,264,234,291,279,333,332,413,269,366,364,503,449,411,454,607,513,791,596,620,422,473,349,509,244,307,474,756,708,736,680,820,143,110,50,68,61,115,54,99,270,176
ASV738,7,1,5,6,5,6,2,4,16,1,5,4,8,11,11,18,11,15,10,16,19,16,31,3,18,39,9,20,16,27,26,2,9,18,3,10,7,3,1,2,7
ASV751,20,28,45,35,28,42,58,43,41,52,73,43,43,57,38,32,60,31,29,38,41,33,41,40,29,26,35,60,45,71,57,54,32,27,50,57,53,38,40,30,37
ASV756,63,52,68,57,68,53,60,44,45,58,35,49,45,25,26,25,36,32,32,38,43,37,53,72,43,65,60,57,76,79,57,93,105,77,79,96,75,87,106,65,49
ASV765,27,45,62,37,41,25,23,20,6,7,9,10,8,5,0,0,0,1,0,0,0,0,0,0,0,0,0,0,1,1,0,0,0,1,5,5,18,12,10,23,24
ASV777,8,1,17,7,19,8,5,3,2,4,5,4,3,2,1,1,0,1,0,1,1,0,1,2,2,2,0,1,0,6,2,1,7,3,12,12,9,8,13,6,7
ASV778,0,0,0,0,0,0,3,1,2,3,22,11,23,40,61,142,165,122,53,65,29,6,18,44,76,116,113,132,500,346,255,205,257,174,19,20,5,2,12,4,1
ASV782,4,0,2,1,0,0,1,0,2,0,2,0,0,1,2,2,2,0,4,1,0,1,1,0,2,4,0,2,2,5,5,0,1,0,1,1,1,1,0,0,0
ASV784,24,27,35,32,35,37,35,22,36,42,51,41,29,28,13,23,24,19,20,7,15,9,7,5,14,16,16,20,20,32,34,23,27,27,32,51,47,44,62,49,45
ASV798,26,22,35,37,47,14,27,14,17,16,40,27,18,25,10,27,25,24,16,20,18,26,30,22,21,35,18,17,13,34,38,24,44,30,34,31,36,36,27,32,31
ASV802,39,52,52,66,60,57,49,37,38,40,46,37,35,44,38,33,51,32,23,31,49,40,52,114,34,27,61,70,97,89,75,144,94,120,124,100,81,84,92,44,45
ASV810,22,10,33,15,13,8,8,6,2,8,4,4,3,3,3,0,4,5,4,9,5,1,1,17,4,10,13,9,10,7,10,10,24,16,15,6,5,6,17,8,8
ASV818,1,1,1,1,2,0,1,0,1,2,0,0,0,0,2,2,2,1,2,0,3,3,1,1,0,0,0,2,2,3,4,0,2,0,1,2,0,0,0,0,0
ASV820,0,0,4,3,1,2,0,0,1,1,0,0,2,0,0,1,0,0,1,2,1,0,1,0,1,4,3,9,10,11,20,1,1,0,0,0,0,1,1,2,3
ASV828,4,5,2,5,7,5,5,2,3,6,3,2,4,2,0,2,1,2,1,0,1,0,1,0,3,2,1,3,1,7,4,2,2,2,4,7,5,3,7,2,0
ASV831,27,26,25,35,21,23,23,21,25,25,23,19,21,20,14,15,23,8,17,8,10,17,20,29,9,11,29,33,42,48,38,78,81,80,156,116,98,77,87,82,60
ASV846,5,2,5,1,2,2,3,4,4,2,1,1,1,1,3,0,2,3,1,0,0,0,0,11,1,1,2,3,3,3,1,3,3,5,6,6,4,4,2,1,4
ASV856,2,6,2,1,7,2,2,5,2,4,2,2,1,5,0,2,2,4,2,1,1,1,2,8,2,5,3,4,2,9,6,2,8,4,3,4,6,9,1,5,4
ASV871,12,15,18,14,8,3,4,1,5,3,4,2,7,4,3,1,3,1,4,2,1,1,2,9,1,5,8,7,14,8,10,5,3,7,8,14,3,6,8,16,6
ASV882,3,1,3,6,5,6,2,3,3,3,5,3,1,4,0,3,1,0,1,2,0,2,1,4,2,4,1,7,3,14,10,2,6,6,4,10,1,1,4,2,4
ASV895,11,3,10,6,8,5,8,3,3,3,1,2,3,3,2,1,3,0,0,1,3,0,1,1,4,2,2,3,3,7,6,6,4,6,2,10,0,7,4,8,5
ASV896,2,5,3,8,7,4,13,10,12,14,25,30,11,23,21,25,41,37,22,24,25,17,22,10,29,40,38,84,92,84,127,37,112,73,70,49,104,85,78,78,57
ASV899,6,0,4,7,2,2,3,1,1,0,3,3,1,1,3,1,0,2,1,2,1,1,4,10,0,5,7,5,5,5,1,3,6,2,7,8,8,4,5,1,2
ASV900,6,6,14,13,14,1,10,6,2,3,6,5,9,4,2,3,1,2,8,3,2,1,2,3,3,3,5,8,14,9,11,7,9,3,3,9,6,12,4,12,5
ASV901,4,8,7,6,4,9,4,4,7,3,8,4,2,3,0,1,4,4,1,2,2,2,4,11,4,2,4,3,2,8,9,9,5,4,5,6,8,5,9,8,7
ASV902,3,8,3,3,3,3,3,2,0,1,3,1,1,3,3,2,7,2,7,1,5,4,12,22,8,10,9,9,15,19,11,14,24,13,6,8,3,3,6,1,5
ASV908,18,10,18,20,24,21,38,15,22,18,29,48,39,35,37,27,54,51,31,24,21,22,17,16,13,6,10,10,13,5,7,4,5,3,4,4,4,9,20,9,9
ASV915,403,387,509,516,563,497,525,395,402,389,454,477,377,381,389,367,555,435,370,302,302,190,305,126,165,274,447,418,439,455,413,341,189,213,348,363,493,318,407,492,397
ASV922,1,2,0,1,4,4,2,0,0,2,3,3,4,3,0,2,0,3,5,0,6,2,3,10,4,11,4,6,2,7,2,5,6,10,5,2,3,5,4,5,5
ASV929,32,28,31,27,25,32,36,32,31,33,31,23,21,28,8,10,15,8,9,12,20,20,20,13,10,13,7,14,19,26,24,37,37,33,35,45,46,42,62,58,52
ASV932,2,1,5,4,4,5,4,7,4,0,1,5,1,4,3,2,3,0,3,2,2,3,6,4,3,5,3,4,6,5,5,6,4,2,10,5,4,6,8,9,3
ASV935,2,5,3,5,2,3,2,3,0,2,0,2,4,1,0,8,5,0,5,2,2,1,4,7,2,0,3,3,2,1,3,6,6,4,2,1,2,5,4,2,4
ASV951,8,8,16,14,9,7,11,10,10,10,9,14,8,10,8,16,33,30,18,16,20,16,25,39,33,62,83,68,75,72,60,67,41,50,47,50,28,23,35,22,25
ASV953,8,2,7,7,2,3,9,7,3,9,12,6,3,9,10,4,12,20,36,89,14,5,7,9,21,10,13,15,19,31,40,4,18,15,4,9,11,11,12,12,5
ASV957,84,112,120,90,93,78,101,66,66,79,62,54,30,40,48,60,69,43,48,65,85,64,83,99,79,89,109,140,126,145,117,194,197,220,271,270,264,291,314,204,132
ASV974,6,3,7,9,9,3,0,1,5,5,4,2,2,1,3,2,4,2,4,2,1,0,2,9,0,5,5,3,10,7,5,5,13,8,6,6,2,7,12,5,5
ASV981,6,21,9,10,4,4,3,5,5,4,4,1,2,2,2,0,0,1,2,2,1,1,0,1,5,2,4,4,3,5,6,1,1,4,9,2,2,4,9,4,4
ASV989,2,5,0,6,4,14,6,3,4,3,4,1,5,5,6,4,1,3,1,2,2,1,0,3,0,0,18,4,4,8,2,5,0,9,8,4,3,9,4,7,1
ASV997,11,8,11,9,7,6,10,3,1,2,2,4,3,2,0,2,1,2,1,3,3,1,4,10,0,8,4,9,12,4,8,6,7,7,4,12,5,6,7,12,11
ASV999,25,19,20,15,20,35,30,23,28,26,35,26,36,29,35,30,43,32,45,32,35,26,28,15,39,24,21,18,9,7,9,2,4,2,3,1,5,2,3,12,9
ASV1014,9,5,12,8,7,2,10,0,0,5,5,5,3,3,1,3,4,4,5,6,2,3,1,2,0,5,3,4,6,5,6,4,5,6,5,8,3,6,8,7,10
ASV1024,5,4,6,4,7,4,4,6,5,7,3,7,1,1,5,1,4,2,0,5,3,5,2,13,2,5,5,9,5,4,8,5,3,9,6,5,4,6,11,6,3
ASV1056,6,6,8,12,4,1,3,3,2,3,4,2,0,1,0,2,0,1,1,0,0,2,3,2,3,8,3,7,7,9,10,5,6,8,6,5,5,4,6,12,6
ASV1077,0,3,1,8,6,4,9,0,1,0,1,1,2,0,0,0,0,0,0,0,0,0,0,0,0,0,0,9,8,8,4,1,1,0,8,5,4,5,6,8,10
ASV1102,60,88,97,100,77,59,98,41,90,136,137,148,144,148,84,41,83,87,38,90,49,119,171,166,151,199,278,266,208,117,97,16,16,9,13,20,22,8,20,25,29
ASV1109,15,6,5,2,7,1,0,5,1,6,11,23,4,15,12,15,5,8,5,5,17,4,4,1,7,18,9,10,12,12,15,6,11,6,3,4,0,2,7,1,11
ASV1117,4,2,2,1,4,1,2,2,0,2,2,0,1,2,0,2,2,2,1,1,2,0,1,5,1,2,1,2,16,6,1,3,1,2,5,5,3,2,2,2,3
ASV1122,3,0,4,0,3,10,0,0,3,2,3,1,1,2,1,0,0,0,3,2,2,1,1,15,1,0,9,5,3,2,12,11,6,5,3,7,1,4,1,2,3
ASV1150,5,1,10,5,5,1,3,3,4,2,0,2,2,0,1,5,3,2,1,0,0,1,2,0,0,5,1,6,7,3,5,3,5,3,3,2,2,4,4,9,3
ASV1166,15,8,47,22,9,16,10,4,5,5,6,4,2,4,0,1,0,0,3,1,2,1,0,0,0,3,5,19,21,12,22,5,1,7,4,20,8,8,13,4,25
ASV1167,1,3,4,4,1,2,2,2,1,1,1,0,0,2,4,1,2,1,6,1,3,4,2,2,13,7,2,10,20,11,8,4,2,2,2,0,0,2,2,4,2
ASV1171,424,358,531,293,323,350,322,344,213,302,390,369,255,230,248,156,152,116,139,130,94,76,93,23,59,115,268,308,308,239,447,247,173,96,179,121,323,294,306,498,534
ASV1177,0,0,0,0,0,0,2,0,0,0,0,0,0,0,0,0,0,0,0,0,0,0,0,0,0,0,0,1,1,0,0,0,1,0,0,0,0,0,0,0,0
ASV1193,0,1,2,2,2,0,2,0,0,0,0,1,0,0,3,1,0,0,0,0,0,1,0,2,1,3,1,0,2,1,1,1,1,0,1,3,0,0,3,4,2
ASV1200,0,0,1,1,0,0,0,0,0,0,0,0,0,0,0,0,0,0,0,0,0,0,0,0,0,0,0,2,0,0,2,0,1,0,2,0,1,1,0,0,3
ASV1201,1,2,3,7,3,5,3,1,0,3,2,0,4,1,2,0,3,1,1,0,3,1,6,2,3,2,3,4,0,1,4,2,3,3,9,5,2,1,4,7,5
ASV1202,4,3,9,13,5,37,4,3,5,2,1,4,4,1,0,1,0,1,1,4,1,1,1,13,2,4,9,12,13,8,6,12,9,4,10,13,9,3,7,4,2
ASV1217,8,2,3,2,4,13,3,4,8,2,5,3,2,2,1,4,4,2,10,1,2,0,2,1,4,2,7,2,9,6,8,1,4,4,5,3,3,4,6,4,1
ASV1235,4,7,5,8,4,9,4,2,4,5,5,8,2,3,3,1,5,1,3,3,3,7,7,5,6,15,14,8,23,20,19,17,25,22,41,47,45,53,50,53,45
ASV1236,7,5,12,7,6,5,4,3,0,2,0,1,5,0,0,0,0,3,2,0,5,0,3,6,2,4,3,7,5,7,8,2,8,2,6,4,4,0,9,2,5
ASV1253,2,1,3,0,9,1,0,0,1,0,1,1,1,0,1,1,0,0,0,0,0,0,0,0,11,1,3,4,5,4,3,1,0,0,1,0,3,0,0,5,5
ASV1255,2,1,2,6,5,4,3,5,3,2,5,2,0,3,0,2,1,8,3,2,2,1,2,6,0,0,3,1,3,5,5,2,7,6,10,5,4,7,5,9,2
ASV1260,4,2,5,9,6,3,1,4,1,1,0,1,4,1,0,0,2,1,2,3,2,2,2,3,0,2,1,3,3,8,3,0,9,3,4,2,2,5,3,4,2
ASV1275,1,3,0,2,8,2,1,0,2,2,2,0,1,1,3,1,5,4,1,0,2,1,2,17,0,1,1,8,5,2,4,5,3,2,1,4,1,3,2,2,0
ASV1276,23,40,46,47,69,67,80,64,58,70,71,60,39,60,45,22,40,38,25,33,31,20,34,18,13,14,15,28,26,30,17,37,24,20,39,26,25,12,10,18,17
ASV1293,0,1,0,0,0,1,0,0,0,0,0,0,0,0,0,0,0,0,1,1,0,0,3,1,0,2,1,8,7,0,0,0,3,0,4,2,3,1,2,2,0
ASV1294,1,1,0,0,0,0,1,2,1,0,1,1,0,2,0,1,0,0,0,0,0,0,0,0,0,0,0,0,0,0,0,0,0,0,3,11,17,35,124,226,163
ASV1295,7,3,4,3,9,5,6,4,3,4,3,4,1,1,3,0,1,0,2,1,2,1,7,0,1,2,2,4,4,8,7,1,9,7,6,5,6,4,3,6,3
ASV1307,0,0,4,1,4,14,2,4,1,1,4,3,4,1,2,2,5,1,11,4,3,2,3,3,4,12,5,12,18,10,16,2,1,3,3,7,3,2,2,3,8
ASV1312,0,2,1,3,3,4,3,0,2,0,1,1,2,2,1,4,3,0,1,1,3,0,2,3,1,1,1,5,6,7,2,6,5,10,9,7,5,5,3,4,2
ASV1320,2326,1423,1883,1610,1713,1689,1464,1066,748,738,844,571,525,510,330,477,772,586,599,854,711,586,633,301,715,727,598,654,697,551,505,742,987,673,454,553,469,657,949,701,486
ASV1350,601,390,542,413,424,475,406,340,324,357,415,376,316,313,241,358,563,513,523,706,615,525,672,305,747,771,751,781,720,474,487,495,568,397,314,236,335,352,547,412,328
ASV1363,107,95,63,59,48,54,71,42,82,89,99,76,54,68,250,181,247,136,71,125,87,116,139,63,86,82,100,112,187,161,222,7,4,0,0,0,11,5,4,23,12
ASV1381,6,9,19,16,7,130,8,8,7,4,11,12,6,8,4,6,7,6,7,6,6,5,4,5,6,9,10,14,15,12,18,18,11,12,13,15,19,12,21,12,14
ASV1384,5,8,11,10,7,2,3,6,0,3,0,7,1,0,2,2,1,1,1,1,2,1,0,3,2,1,4,11,19,26,44,15,31,34,28,27,26,23,21,21,23
ASV1398,2,3,3,6,8,12,15,6,12,8,7,15,5,10,9,5,8,5,10,7,7,4,10,9,9,6,18,14,8,10,18,5,0,1,5,9,31,13,32,53,30
ASV1405,10,7,7,11,10,7,15,5,7,5,2,8,2,13,5,2,4,4,1,17,3,0,7,6,7,3,3,13,19,16,19,14,21,14,13,12,15,14,17,9,13
ASV1420,0,0,0,1,0,0,0,0,0,0,0,1,1,0,0,0,0,0,0,0,1,1,0,0,0,0,0,0,0,0,0,0,0,0,1,0,0,0,0,0,0
ASV1445,1,4,9,6,4,0,1,0,1,2,1,1,1,2,1,1,6,5,3,4,3,6,4,6,4,2,9,5,11,3,7,7,6,4,7,4,10,3,12,5,3
ASV1453,8,4,5,4,0,2,4,4,2,1,5,22,3,4,3,11,10,8,8,2,24,13,11,3,1,12,9,11,12,6,9,5,18,4,0,3,3,4,27,1,3
ASV1456,29,0,0,2,2,1,0,1,0,1,1,2,0,0,0,1,0,0,1,0,0,0,1,0,1,6,1,3,5,2,13,0,0,0,0,0,1,1,1,1,0
ASV1469,6,2,5,1,2,1,2,3,2,1,1,0,1,0,0,0,1,0,0,0,1,0,2,1,0,2,1,0,2,6,7,2,1,2,2,1,1,2,5,0,2
ASV1486,5,3,16,17,5,5,8,2,1,3,1,4,6,0,2,5,2,1,0,2,1,1,3,8,3,4,3,10,10,5,5,3,7,9,6,4,0,0,8,8,5
ASV1503,563,356,476,439,594,676,896,812,805,977,1170,915,976,954,658,864,1542,1004,1034,1842,1843,1601,1778,795,2004,1796,1497,1710,1577,1320,1168,1787,2528,1691,1034,1154,979,1312,1937,1473,1104
ASV1505,0,0,1,1,1,0,0,0,0,0,1,0,0,0,0,0,0,0,0,0,0,0,0,0,0,0,0,1,1,0,2,0,0,1,0,0,1,0,2,0,3
ASV1525,2,1,9,9,7,22,15,4,6,9,16,7,7,7,6,8,17,20,20,17,21,27,21,14,55,32,16,11,5,3,8,1,3,1,2,2,1,0,1,0,0
ASV1526,5,4,1,15,11,8,7,0,4,0,4,1,1,1,2,0,0,0,0,0,0,0,0,0,0,0,2,0,0,0,2,0,0,0,3,1,3,0,11,13,8
ASV1543,1,0,0,0,0,1,0,0,1,0,0,0,1,1,0,1,0,0,0,0,0,0,0,0,0,2,0,1,2,1,2,0,0,0,0,0,0,0,0,0,0
ASV1565,1,2,7,2,4,2,0,0,4,2,0,2,1,0,1,0,0,0,0,0,0,0,0,0,1,0,0,4,2,1,4,1,0,2,3,5,1,4,2,7,6
ASV1586,5,2,4,3,6,2,1,1,2,2,3,1,1,1,1,1,1,2,0,3,2,3,1,5,1,1,8,3,4,8,3,2,5,2,2,6,2,2,5,4,1
ASV1595,0,1,1,0,0,1,1,2,3,0,1,1,0,2,2,11,10,4,13,3,6,8,22,9,12,15,8,22,9,6,11,5,7,7,1,1,0,0,2,3,2
ASV1598,181,160,163,211,194,100,75,72,68,57,76,90,72,79,404,120,180,131,122,87,105,80,148,49,117,249,166,259,238,314,540,75,75,54,46,33,141,95,130,154,178
ASV1603,278,174,572,451,266,147,110,36,43,57,90,91,88,194,162,32,80,107,255,41,44,25,41,23,153,118,76,40,27,29,60,10,18,2,8,12,133,23,109,222,127
ASV1619,10,3,10,7,2,2,1,1,3,3,0,2,0,0,1,0,1,0,1,0,2,3,1,4,5,4,4,6,4,1,2,2,4,1,2,7,2,2,3,4,0
ASV1673,3,0,1,2,2,1,2,0,1,3,2,0,0,1,2,1,0,0,0,1,1,1,1,3,1,0,1,3,1,3,0,3,1,2,4,6,2,3,2,2,0
ASV1679,1,1,2,1,1,2,1,1,1,0,0,0,1,0,0,0,1,3,1,2,2,0,1,3,1,4,2,3,4,4,0,1,0,1,2,4,1,3,0,1,1
ASV1705,2,0,5,0,4,3,3,4,2,5,3,1,0,3,0,0,4,1,1,3,1,3,2,4,3,2,5,2,3,5,2,5,3,1,4,5,7,1,3,4,5
ASV1739,11,4,11,9,10,7,2,3,3,6,3,2,2,0,2,1,2,3,3,4,3,2,1,4,2,3,3,4,5,12,7,5,8,4,5,4,3,5,5,4,5
ASV1751,8,5,6,6,11,2,8,5,6,6,5,7,7,2,1,3,12,4,8,1,3,1,3,2,0,4,10,16,11,40,18,5,19,21,6,18,3,3,9,9,5
ASV1781,1,0,1,2,1,1,4,2,0,2,0,0,2,1,1,3,2,1,0,1,1,0,1,5,0,2,1,2,5,2,2,4,4,2,0,3,0,3,2,3,0
ASV1787,11,2,5,6,2,1,2,2,0,1,2,0,1,2,1,1,2,1,2,0,2,1,0,4,1,3,5,3,3,5,8,2,4,2,4,5,3,1,6,5,5
ASV1827,4,1,1,3,0,0,0,0,0,1,0,0,0,1,0,2,0,0,0,0,0,0,0,0,1,0,3,2,3,0,2,1,3,5,4,0,2,1,1,1,2
ASV1846,1,1,5,2,1,0,1,0,0,2,2,0,0,0,0,3,4,3,3,1,1,3,6,12,7,2,7,6,0,2,3,1,0,1,0,1,0,2,1,0,0
ASV1865,7,5,8,7,6,0,4,4,4,1,0,1,1,3,0,3,1,0,2,1,2,1,2,3,3,9,4,2,9,2,3,2,6,5,3,4,3,5,8,6,5
ASV1875,55,49,55,63,61,44,67,51,36,71,57,49,28,31,34,68,92,57,59,70,82,80,107,150,127,130,144,159,154,124,111,179,142,127,112,135,94,88,105,87,60
ASV1884,6,3,9,0,9,2,8,1,5,3,2,5,7,1,6,4,5,3,3,0,2,1,3,3,3,5,6,3,5,13,13,3,11,1,4,8,5,15,5,6,4
ASV1909,25,0,1,1,1,1,0,1,1,1,0,1,0,0,1,0,1,0,1,0,0,0,0,0,0,0,0,0,0,0,1,1,0,0,0,1,0,0,0,1,4
ASV1912,21,6,8,8,9,6,15,1,3,7,2,2,3,3,0,0,0,0,0,0,1,0,0,1,0,2,3,2,2,4,2,2,1,5,3,6,5,5,9,5,11
ASV1920,1,4,3,3,3,0,2,2,0,4,3,3,1,4,0,0,0,0,0,0,0,1,2,3,0,0,1,1,1,2,8,0,2,3,4,7,0,3,0,2,1
ASV1922,3,3,4,2,6,2,2,2,1,1,2,1,2,0,0,2,1,0,0,1,0,0,0,2,1,2,3,1,5,4,3,4,3,2,3,2,2,4,4,2,4
ASV1925,0,1,2,1,1,0,3,0,0,3,4,0,0,2,2,0,3,1,5,0,4,4,6,10,3,15,2,6,12,5,2,2,1,2,2,1,0,2,2,1,0
ASV1926,0,0,0,0,0,0,2,0,0,0,0,0,0,0,0,1,0,1,4,0,0,3,0,0,1,1,0,1,0,0,0,0,0,0,0,0,0,0,1,0,0
ASV1938,3,0,1,5,3,2,2,2,0,3,1,1,1,0,0,1,0,1,0,0,1,3,1,4,0,4,2,0,0,3,0,2,5,4,0,2,0,5,2,2,4
ASV1943,165,106,56,70,42,48,37,12,27,24,34,13,20,8,4,6,10,3,8,2,5,0,1,1,4,1,0,0,0,0,0,0,0,0,1,12,22,10,14,12,9
ASV1955,89,51,86,97,83,93,82,90,94,100,130,92,79,51,30,33,52,26,32,40,40,25,40,18,41,38,31,38,41,41,30,21,36,12,13,12,14,7,18,17,8
ASV1972,2,0,3,3,3,3,1,0,2,0,0,0,1,2,0,0,0,1,0,0,1,0,0,0,0,0,1,1,1,1,0,1,0,2,2,3,0,7,3,5,1
ASV1986,300,231,293,265,293,294,305,226,276,254,313,217,139,203,161,190,266,188,89,106,120,119,155,287,69,42,53,73,76,84,73,83,122,81,112,117,108,104,100,80,108
ASV2009,1,3,1,1,2,2,1,0,6,1,6,3,2,6,3,5,6,2,0,7,6,9,7,0,7,8,2,2,7,3,7,1,1,4,3,10,0,0,1,0,4
ASV2082,6,2,10,6,4,1,2,6,3,3,2,0,1,1,0,1,1,3,0,2,3,0,3,5,3,4,4,1,2,9,8,2,5,3,4,0,2,5,5,3,4
ASV2103,24,11,22,13,18,17,12,13,15,13,12,10,9,9,12,6,7,12,19,13,10,16,21,99,29,26,33,26,20,20,22,27,36,23,36,30,35,21,46,40,29
ASV2104,12,20,17,10,21,16,16,6,4,7,15,6,2,2,2,0,0,0,0,0,0,0,0,0,0,3,0,0,3,1,0,0,0,2,7,3,4,8,27,6,14
ASV2143,2,0,1,1,5,0,0,2,1,2,3,3,1,0,0,1,5,3,3,4,1,2,4,1,4,7,3,4,5,1,4,7,7,4,2,3,6,1,1,5,2
ASV2167,3,1,7,5,5,3,5,2,1,1,1,2,2,0,0,3,3,0,1,1,1,2,1,5,1,1,5,1,3,3,3,0,6,6,5,2,3,3,4,4,1
ASV2178,2,2,5,4,2,2,4,0,1,2,1,0,1,0,0,0,0,0,0,2,0,0,2,2,0,1,6,3,6,1,5,2,4,2,2,5,2,3,2,0,2
ASV2180,7,6,7,1,4,2,3,2,3,1,2,0,1,3,0,2,4,2,2,1,3,1,1,3,0,3,0,3,1,4,0,0,4,8,4,3,6,2,5,9,1
ASV2182,12,4,12,9,3,10,23,3,3,11,2,1,3,0,2,0,0,1,0,1,1,1,0,0,0,0,0,1,8,4,5,1,4,2,5,6,4,3,4,5,6
ASV2203,6,1,2,9,2,5,4,2,2,0,0,3,0,1,2,2,2,0,1,2,1,0,0,9,0,2,2,2,3,4,6,4,1,2,3,3,1,1,5,5,3
ASV2228,1,5,1,1,1,0,3,0,0,2,1,2,1,4,0,1,4,0,1,3,1,4,2,4,5,9,14,8,8,16,10,6,14,8,3,3,0,3,10,3,3
ASV2234,3,0,1,0,1,1,2,1,0,1,0,0,1,1,0,0,0,0,0,0,0,0,0,1,0,0,2,1,0,2,1,0,1,1,2,1,0,0,4,0,2
ASV2239,1,7,5,8,5,1,6,2,2,0,0,1,0,1,1,4,0,0,2,5,2,3,0,1,2,2,3,6,3,3,6,2,5,0,3,6,0,1,2,5,4
ASV2248,1,2,4,1,0,1,1,0,3,0,4,1,1,0,0,0,1,2,3,0,2,0,1,6,2,3,1,2,3,8,4,1,5,2,3,5,2,2,1,4,3
ASV2250,2,3,7,4,6,106,2,2,1,0,4,2,1,0,2,1,0,0,1,0,0,0,3,0,1,0,0,2,1,6,1,2,4,0,4,3,5,3,0,5,3
ASV2256,8,3,1,4,6,7,5,9,7,12,11,5,5,8,7,8,18,16,9,26,31,15,19,15,39,36,49,72,65,51,48,64,117,68,74,81,70,99,135,107,83
ASV2259,1,1,2,3,2,3,1,1,0,1,1,1,1,1,1,1,1,1,0,3,3,0,0,2,1,1,7,2,4,1,0,3,3,1,4,2,2,3,4,5,3
ASV2289,579,585,636,690,799,607,698,577,666,648,709,603,390,447,334,480,687,669,262,453,598,532,788,1862,459,468,675,706,796,589,538,852,880,849,1140,1127,1187,1161,1088,879,940
ASV2291,1,0,2,3,0,0,1,0,2,2,1,1,0,1,0,1,1,1,0,1,1,2,0,5,2,1,4,1,0,24,3,1,2,0,0,1,0,2,0,1,2
ASV2301,1,2,0,4,2,0,0,1,1,9,4,1,1,4,1,2,3,2,3,5,3,4,4,4,4,2,3,5,7,7,7,4,3,8,1,3,1,3,3,2,3
ASV2367,1,1,4,0,0,0,1,1,3,1,1,0,0,1,2,2,1,1,1,0,1,1,2,1,1,0,0,0,1,1,3,2,0,2,3,1,1,1,0,1,4
ASV2376,1,0,1,0,2,0,0,0,1,0,1,0,0,1,1,0,0,2,1,0,3,0,2,2,0,5,3,1,4,0,1,4,0,0,0,1,2,0,1,0,2
ASV2378,4,4,5,4,5,0,0,2,0,2,1,1,0,2,0,1,0,1,0,2,1,1,2,2,0,1,1,1,2,3,3,3,3,3,1,2,0,3,1,1,1
ASV2380,227,164,218,173,147,135,139,136,143,162,136,90,93,96,68,108,120,107,75,101,125,106,119,251,133,144,159,184,191,230,174,239,322,262,293,353,253,307,345,298,243
ASV2390,503,331,448,334,364,527,428,395,335,430,523,427,284,345,279,396,668,517,436,448,582,505,590,275,473,72,66,70,84,71,93,100,105,54,87,86,96,111,117,104,90
ASV2396,0,2,2,2,4,1,1,1,2,2,1,1,1,1,1,0,0,1,0,0,0,1,1,3,1,2,3,3,2,2,3,1,5,4,7,2,2,0,4,3,3
ASV2430,0,0,1,2,3,1,1,1,1,2,1,0,0,3,2,0,3,0,0,2,2,2,0,4,1,2,3,4,1,5,5,5,3,6,2,1,3,4,2,0,2
ASV2451,3,2,2,3,5,2,6,3,0,0,1,1,1,2,1,0,1,0,3,2,1,1,1,4,2,4,2,4,8,2,7,3,4,0,4,2,4,3,3,2,3
ASV2490,437,286,395,334,313,344,361,307,256,281,326,238,289,267,244,247,420,274,275,354,381,333,360,140,390,331,321,341,355,275,290,369,517,415,349,418,415,570,939,680,515
ASV2516,455,346,528,443,391,383,329,261,276,306,269,194,161,159,103,184,203,138,162,141,188,144,170,431,142,30,52,57,74,74,73,110,147,99,139,172,139,132,182,147,154
ASV2517,528,306,539,650,606,534,478,237,276,324,412,350,198,261,161,155,189,128,121,93,141,99,122,59,254,342,490,684,715,833,1016,374,638,367,348,202,425,353,444,479,314
ASV2531,6,0,2,9,9,2,1,2,1,1,1,2,1,0,0,0,0,0,0,0,0,0,0,0,0,0,0,0,0,1,1,0,0,2,0,4,1,8,10,10,26
ASV2561,0,1,1,0,1,1,4,0,0,0,1,0,1,1,0,5,2,4,5,2,0,1,1,2,2,1,2,2,4,2,3,1,0,0,0,1,0,5,0,2,1
ASV2584,80,63,70,64,102,80,97,86,82,106,130,114,112,132,175,149,161,159,125,108,141,152,215,49,132,146,101,122,103,91,109,21,30,17,20,16,56,44,41,73,62
ASV2594,1,0,0,0,0,2,4,0,3,1,0,0,0,2,0,0,1,0,0,0,1,1,0,6,0,1,0,0,2,0,5,4,0,3,1,0,1,1,0,2,1
ASV2598,0,1,0,3,2,1,0,0,1,2,1,0,1,0,1,0,0,0,3,0,0,0,1,2,0,1,2,0,0,1,4,0,3,2,1,3,1,2,2,2,4
ASV2663,1,4,11,5,4,2,6,1,3,2,8,1,0,0,2,0,0,0,2,1,0,0,0,0,0,0,0,4,3,3,7,0,2,0,4,2,4,4,7,7,10
ASV2691,0,5,9,3,5,2,1,4,1,3,1,0,0,0,1,0,0,0,0,2,2,1,0,3,2,1,2,3,1,6,4,1,3,3,2,0,1,5,5,3,1
ASV2692,4,20,7,14,12,14,9,6,7,5,9,4,5,8,3,0,1,2,1,2,1,1,1,0,1,2,2,8,4,5,13,6,3,2,9,7,17,7,12,17,13
ASV2703,78,74,46,59,58,66,22,20,14,21,27,23,25,23,20,17,16,25,11,20,44,35,22,24,114,7,15,58,38,67,100,14,15,8,22,7,40,21,22,31,18
ASV2764,1,1,1,0,1,0,0,0,0,0,0,0,0,0,1,0,0,0,0,0,0,0,0,2,0,0,1,0,3,0,0,2,0,0,2,2,0,2,1,0,3
ASV2765,14,20,16,8,20,20,21,24,35,25,38,31,31,29,27,49,60,36,27,35,49,45,54,49,21,42,79,89,90,71,76,92,92,60,66,68,61,51,42,53,51
ASV2769,1,1,1,2,1,0,0,0,1,0,0,0,0,0,1,0,0,0,0,0,0,0,2,0,0,3,0,4,8,6,1,0,1,2,0,0,1,0,0,0,1
ASV2778,1,0,4,2,9,2,0,0,2,0,1,0,0,1,0,0,0,0,1,0,0,0,0,0,0,0,0,2,1,2,1,0,2,2,0,3,2,1,2,3,13
ASV2791,0,2,0,1,0,0,1,0,0,0,0,0,1,0,0,1,0,0,2,0,1,0,0,0,0,0,0,0,1,0,1,0,0,1,0,0,0,0,0,0,0
ASV2805,6,4,3,3,2,6,23,13,12,18,16,7,13,4,16,33,33,26,14,4,9,10,31,59,22,61,129,99,107,70,85,58,50,49,10,5,9,8,9,4,3
ASV2807,0,0,0,0,0,0,0,0,0,0,0,1,0,2,0,6,2,0,2,2,1,2,2,2,3,4,0,3,3,3,2,1,0,1,0,1,0,1,0,0,1
ASV2819,1,1,5,2,2,1,1,1,2,2,1,1,0,0,0,1,0,1,2,0,0,0,0,0,1,1,1,5,0,1,5,1,2,2,1,6,0,4,2,2,0
ASV2832,2,3,0,1,0,0,1,0,0,0,1,0,0,1,3,3,2,2,6,0,0,2,5,1,4,5,5,7,3,4,2,1,1,0,0,0,0,0,2,0,1
ASV2837,17,13,26,20,37,34,58,42,86,90,114,90,86,78,30,26,15,22,15,22,42,31,38,16,32,15,15,30,26,24,36,31,42,31,18,14,11,20,27,22,8
ASV2852,0,2,2,1,4,1,1,1,2,1,2,2,0,1,2,0,1,0,0,0,0,2,0,3,0,3,4,4,7,3,2,0,4,0,0,3,0,1,3,0,2
ASV2870,512,736,815,1086,1043,1133,1546,842,986,1134,1237,891,505,607,417,564,551,398,204,230,303,194,347,430,152,214,470,588,548,438,198,390,346,341,675,668,442,443,417,230,263
ASV2872,4,1,3,1,0,2,1,2,1,3,0,0,2,0,0,1,1,0,0,0,0,1,0,2,0,0,2,0,5,0,1,2,2,1,0,3,2,1,0,2,0
ASV2873,1,0,1,1,0,0,0,0,1,0,0,0,2,1,3,2,0,3,0,0,0,0,2,0,1,2,2,2,2,1,2,0,0,0,0,0,0,0,0,1,0
ASV2897,120,72,87,84,61,69,85,75,137,201,380,338,492,760,1125,688,1236,1352,2664,1667,1909,1395,1288,440,1727,1492,1077,736,585,465,463,246,244,139,127,102,229,148,281,299,193
ASV2968,125,110,122,99,124,100,114,119,73,95,96,78,58,52,34,75,78,74,65,62,79,54,82,143,116,125,125,147,166,188,151,195,259,233,242,249,212,210,293,137,120
ASV3015,0,0,1,0,0,1,0,0,0,0,0,0,0,0,0,1,1,0,0,0,0,0,1,1,0,1,1,0,0,1,0,0,0,0,0,0,0,0,0,0,0
ASV3058,191,162,251,309,307,219,191,124,116,115,120,98,112,90,47,32,44,40,22,14,18,10,11,15,19,26,29,32,60,89,100,11,27,13,52,97,130,57,69,131,82
ASV3076,3,3,2,5,3,0,1,1,3,0,1,2,0,0,0,0,0,0,0,0,4,1,1,5,0,0,2,1,3,1,5,1,3,2,4,2,3,2,2,3,3
ASV3106,1,0,11,5,2,2,0,4,0,1,1,0,3,1,2,0,0,0,0,1,2,0,3,1,3,1,1,13,7,10,8,5,6,9,7,13,3,5,4,4,6
ASV3132,1330,811,978,833,775,1091,945,709,503,588,635,516,393,390,318,434,581,481,410,493,547,499,581,322,588,139,119,122,132,101,141,98,104,36,61,53,71,55,71,80,56
ASV3135,136,84,86,69,82,63,43,32,31,16,19,11,12,8,7,9,3,7,4,4,5,6,1,3,4,1,1,0,1,2,1,2,0,0,5,12,31,29,45,43,32
ASV3177,1,0,1,0,1,0,1,0,0,0,0,1,1,0,1,1,3,2,0,4,0,2,2,5,3,3,2,2,2,2,0,1,1,1,0,1,0,1,0,0,0
ASV3192,30,17,19,34,41,18,40,36,29,47,46,40,17,25,39,45,66,45,38,49,84,49,81,53,33,41,54,70,50,69,51,40,61,43,53,39,75,56,63,68,60
ASV3194,50,25,37,34,33,16,26,11,18,18,24,21,17,15,13,33,50,41,53,67,50,51,73,31,123,104,113,100,116,101,119,125,139,85,109,115,117,159,254,203,147
ASV3206,5,12,32,85,52,104,491,172,211,222,242,125,83,69,52,61,98,59,31,9,2,4,11,10,1,4,6,83,111,89,77,78,92,77,66,64,63,60,90,74,117
ASV3229,464,265,339,290,301,276,249,203,147,165,187,154,138,143,104,131,164,135,130,162,146,103,124,46,120,125,105,99,93,67,78,100,121,114,94,84,108,154,213,177,158
ASV3265,1,0,1,3,1,0,2,0,0,0,1,2,0,0,3,1,0,2,1,1,0,0,0,1,2,5,0,0,1,0,0,0,0,0,0,0,0,0,0,0,0
ASV3290,127,76,128,75,97,89,80,95,78,78,75,82,67,70,46,44,49,53,31,59,54,66,73,60,61,16,32,29,29,28,29,22,15,16,10,17,12,18,19,20,17
ASV3395,15,19,32,15,26,17,20,22,20,22,22,29,25,42,39,60,153,145,264,523,915,1120,1149,498,1801,2493,2726,2234,2323,2554,2866,683,343,207,316,181,457,440,946,1494,474
ASV3399,4,1,2,2,0,4,0,1,2,0,2,0,0,2,0,1,0,0,0,0,1,1,0,1,0,0,1,0,1,0,1,2,3,2,1,1,1,1,3,5,2
ASV3412,2,1,2,1,2,2,2,3,1,3,5,0,1,1,4,0,4,3,1,3,1,4,9,9,6,5,11,8,12,10,11,7,8,9,3,3,1,0,3,2,1
ASV3423,8,0,6,1,3,0,2,1,1,6,1,0,0,3,1,0,0,1,1,0,2,0,0,2,3,4,2,5,4,3,6,2,3,5,2,7,1,4,3,3,1
ASV3442,1,4,6,10,9,3,4,5,9,7,4,9,12,6,5,5,3,9,22,5,20,3,29,9,4,17,29,113,50,63,48,4,8,7,3,5,4,11,2,13,5
ASV3491,2,2,2,3,3,2,1,0,0,0,2,2,3,2,0,1,0,0,0,0,0,0,1,0,0,1,0,4,4,1,4,0,0,0,0,3,1,1,1,1,1
ASV3498,2,1,5,6,3,2,1,1,1,2,0,3,1,0,0,0,1,0,1,0,0,0,2,4,0,3,3,2,4,3,7,0,4,3,0,3,0,4,2,0,1
ASV3502,69,45,62,73,85,65,75,60,48,34,52,32,20,18,9,6,19,23,7,12,7,3,8,26,4,4,3,9,5,3,5,8,5,9,19,17,14,22,24,30,20
ASV3510,50,70,48,60,45,60,54,42,51,60,76,64,48,53,45,74,117,90,75,69,106,124,152,157,106,45,37,51,51,44,48,61,56,47,60,30,43,30,26,27,22
ASV3592,6,0,1,1,1,0,1,0,0,0,0,1,0,0,0,0,0,0,0,0,0,0,0,0,0,0,0,0,0,1,0,0,0,0,0,0,0,0,0,1,0
ASV3642,16,19,36,24,18,21,23,17,44,40,56,43,34,51,116,193,198,203,103,225,117,69,193,212,133,238,80,56,108,64,58,44,47,24,10,10,28,25,52,24,52
ASV3650,0,0,0,3,0,5,5,0,10,9,15,17,7,13,9,7,3,3,0,1,2,2,3,3,14,13,19,76,54,73,65,36,48,11,37,20,44,43,36,42,47
ASV3714,0,1,4,3,2,0,1,0,2,0,0,0,0,2,0,0,0,0,2,0,0,0,1,2,1,2,0,2,0,0,0,0,0,0,0,0,2,0,1,1,0
ASV3716,202,159,230,244,226,213,127,157,164,207,268,260,213,251,205,168,201,192,145,115,155,132,137,230,138,113,134,166,155,153,170,113,183,115,96,93,56,64,53,58,47
ASV3733,51,45,47,51,70,57,72,69,66,67,98,80,48,44,78,59,108,84,52,84,109,86,97,94,61,75,102,97,102,112,105,89,108,63,90,70,113,98,117,87,71
ASV3745,218,189,229,192,246,226,239,192,199,209,250,163,152,193,128,166,204,180,156,184,264,294,363,382,231,313,398,396,419,484,423,544,342,266,273,261,197,223,204,216,136
ASV3755,1,2,1,4,3,2,1,0,2,0,2,2,1,0,0,0,0,0,1,1,1,2,2,3,1,1,1,5,5,2,1,1,4,1,0,2,3,1,3,1,1
ASV3813,38,37,39,64,44,47,73,45,39,71,64,46,58,56,49,49,82,57,27,55,61,45,66,56,66,51,65,55,79,53,47,85,96,81,100,93,68,78,83,67,43
ASV3823,0,0,0,1,2,0,1,1,0,1,0,0,0,0,0,1,0,0,0,2,0,0,0,0,0,0,0,0,0,1,1,0,0,0,0,0,0,0,1,0,0
ASV3827,3,0,1,1,0,2,0,0,0,2,1,3,2,1,0,2,4,2,1,0,3,3,7,1,4,5,6,1,3,2,1,1,2,0,1,0,1,0,0,0,7
ASV3854,20,20,23,39,46,22,15,13,7,16,18,41,19,10,32,21,9,37,21,19,25,35,40,16,22,40,28,38,52,47,81,53,59,68,27,39,70,52,72,48,82
ASV3863,2,0,1,0,0,0,0,0,0,0,0,0,0,0,0,0,0,0,0,0,0,0,0,1,0,0,0,0,1,1,0,0,0,0,0,1,0,0,0,0,0
ASV3902,0,0,1,1,1,0,0,1,0,0,0,0,1,0,0,0,0,0,0,0,0,0,0,0,1,1,0,6,7,6,4,4,5,9,4,11,3,5,6,11,9
ASV3930,22,21,28,47,29,34,55,36,34,34,45,45,12,35,20,26,44,27,20,25,39,25,39,118,25,18,33,30,27,39,19,43,36,35,41,40,52,36,30,28,20
ASV3936,0,1,0,0,0,0,0,0,1,0,0,0,0,0,0,1,0,0,1,0,0,0,1,0,1,0,0,1,1,1,1,0,1,0,0,0,0,0,0,0,0
ASV3937,65,68,63,106,102,117,115,71,98,115,124,86,67,69,55,48,52,54,31,57,90,80,121,164,71,80,132,131,128,157,160,145,87,111,133,96,120,89,91,74,61
ASV3957,178,94,143,152,146,177,160,163,137,136,169,141,140,132,117,155,209,179,115,135,117,86,115,49,114,89,76,105,97,92,78,92,133,61,74,93,85,116,174,133,139
ASV3972,123,82,107,96,126,124,187,244,221,279,417,342,292,400,137,194,273,246,234,330,117,142,167,168,317,256,178,155,185,159,145,143,193,159,143,125,121,115,155,107,95
ASV3975,1,0,2,0,0,0,0,0,0,0,3,0,0,0,0,0,0,0,0,0,0,0,1,0,0,0,2,4,19,11,12,7,1,1,5,4,2,2,8,0,1
ASV3990,4,2,7,0,1,1,1,2,3,0,0,2,1,3,0,0,0,0,0,0,0,0,0,1,2,2,4,2,1,2,7,1,2,0,1,2,1,0,0,0,1
ASV4058,81,60,78,70,83,80,79,90,98,86,127,95,83,87,61,97,164,145,110,134,148,114,113,253,105,73,93,104,142,115,113,144,182,113,143,155,160,173,176,148,159
ASV4083,2,2,1,1,2,1,0,0,0,1,0,4,1,1,0,0,1,0,0,1,0,1,1,0,0,0,2,1,2,1,2,2,2,0,3,1,0,0,1,4,1
ASV4099,328,216,274,313,347,416,553,429,450,460,471,291,178,152,101,86,131,115,85,82,117,60,58,40,82,63,68,64,66,68,73,36,70,45,20,20,42,36,78,63,60
ASV4113,1,0,0,0,0,0,0,0,0,1,0,0,0,0,0,0,1,0,0,0,0,0,0,0,0,0,0,0,2,1,1,0,1,0,0,0,0,0,0,0,0
ASV4166,11,6,10,12,12,21,18,20,4,3,13,8,3,11,16,10,15,12,21,47,67,38,31,17,15,18,11,2,5,2,3,2,0,0,0,1,5,1,4,2,1
ASV4212,159,121,156,158,166,136,134,94,111,112,124,131,79,101,86,89,125,94,75,65,90,66,98,123,78,86,126,143,169,136,117,150,169,151,239,270,204,204,248,181,120
ASV4214,4,1,0,1,2,0,2,2,1,0,1,0,4,0,2,0,0,2,0,1,0,0,11,15,4,1,9,0,5,2,4,1,2,8,2,2,1,4,6,1,0
ASV4249,84,69,72,75,87,67,112,78,80,79,110,90,61,108,171,91,169,92,105,112,166,133,191,114,138,121,124,161,200,242,323,106,112,63,68,42,86,82,118,115,120
ASV4287,81,39,38,52,27,25,22,12,22,86,897,1029,1482,1291,396,610,1005,831,317,345,187,45,91,329,87,160,466,156,103,75,40,72,45,244,1526,1604,513,476,260,119,98
ASV4303,108,76,112,148,141,135,157,120,147,193,168,163,144,152,117,108,144,104,88,70,72,87,88,170,71,57,88,78,83,87,61,127,95,91,106,135,127,130,125,108,92
ASV4319,1,1,1,1,0,1,0,0,1,0,0,0,0,0,0,0,2,0,1,0,1,0,1,0,0,0,1,1,1,3,2,7,4,6,3,6,5,2,4,5,1
ASV4348,1,0,4,1,2,52,4,0,2,0,0,1,1,0,2,1,2,0,2,2,2,0,4,0,4,2,4,5,5,1,1,1,1,0,2,4,1,4,3,0,0
ASV4351,0,0,1,0,0,0,0,0,0,0,0,0,0,0,2,1,0,0,2,0,1,1,5,0,0,0,2,0,0,0,1,0,1,0,0,0,0,0,0,0,0
ASV4376,15,17,26,12,19,15,28,32,35,33,46,32,21,8,20,18,39,30,16,19,27,23,25,20,27,26,36,36,37,40,42,33,41,18,28,19,34,37,52,50,37
ASV4388,218,131,178,163,125,156,189,129,156,182,205,164,142,164,181,175,292,239,231,304,276,223,245,106,265,244,211,233,208,209,182,203,243,154,96,130,129,169,287,234,157
ASV4417,85,78,78,65,65,83,49,58,67,59,66,56,47,49,43,50,102,62,55,66,86,89,82,240,74,79,102,104,116,122,113,165,164,113,138,168,137,176,203,195,176
ASV4418,20,14,21,21,18,32,24,21,17,17,17,16,13,12,8,18,23,12,15,20,25,15,22,32,36,25,41,30,33,33,55,48,66,59,60,44,51,39,69,56,51
ASV4429,169,108,97,88,106,133,87,86,84,47,87,60,39,40,20,35,62,54,56,70,60,77,75,106,147,108,110,124,104,129,146,101,171,137,115,137,131,135,170,178,164
ASV4433,1,0,3,0,0,0,0,0,0,2,0,0,2,0,0,0,0,0,0,0,0,0,1,0,1,1,0,0,0,0,2,0,0,0,0,1,0,0,0,2,0
ASV4438,0,0,0,0,0,0,0,0,0,0,0,0,1,0,0,0,0,0,0,0,2,4,0,4,3,1,0,0,0,0,1,0,0,0,0,1,0,0,0,0,0
ASV4448,78,29,77,46,43,38,41,36,50,41,55,54,30,83,185,60,92,105,120,109,106,76,87,31,61,85,84,69,68,73,107,12,5,4,4,0,6,4,5,32,11
ASV4466,28,7,13,18,21,20,15,17,22,21,32,44,55,60,125,55,101,90,86,55,90,77,109,25,68,104,79,64,64,79,89,25,15,9,20,10,50,27,35,63,64
ASV4568,0,0,0,1,0,0,2,0,0,0,2,0,0,0,0,2,2,5,3,1,0,1,3,8,4,1,4,3,2,2,4,3,2,0,0,1,1,1,2,1,0
ASV4604,5,8,33,7,9,8,8,2,0,6,2,0,1,1,1,0,2,0,3,3,2,0,0,0,0,0,1,1,3,0,3,4,11,4,5,10,11,6,9,13,7
ASV4612,23,38,96,61,48,27,31,17,5,8,2,4,3,1,1,0,0,0,0,0,0,0,0,0,0,0,0,0,0,8,0,0,3,417,280,212,127,113,146,104,73
ASV4675,44,71,65,88,88,67,89,47,65,72,60,76,65,66,37,47,57,61,29,49,41,35,29,232,28,14,30,28,20,17,15,38,16,18,24,15,15,10,13,13,9
ASV4684,0,0,0,0,0,0,0,0,0,0,1,0,0,0,0,0,0,0,0,0,0,0,1,0,3,3,1,0,0,0,3,0,0,0,0,0,0,0,0,0,0
ASV4689,1,1,2,1,3,753,4,1,0,3,1,0,1,0,0,1,0,2,0,4,1,0,1,0,0,0,1,0,0,0,1,1,0,0,3,0,3,0,0,6,2
ASV4796,45,35,65,64,80,31,23,47,27,26,30,24,16,20,17,18,32,13,19,5,12,8,8,7,5,9,16,15,19,23,16,28,41,40,145,127,175,138,236,198,93
ASV4840,35,16,35,40,34,24,29,18,27,17,31,41,24,32,305,92,101,126,200,160,165,90,93,12,29,35,36,21,8,7,32,9,0,1,4,0,4,1,4,8,3
ASV4890,97,69,97,109,75,97,107,62,69,92,100,66,43,40,59,143,174,120,95,184,161,118,180,345,151,186,240,321,694,577,437,508,464,430,193,198,110,111,163,120,166
ASV4899,19,4,5,30,27,11,14,9,12,25,30,11,18,53,57,17,55,27,15,16,32,35,20,13,38,62,48,28,21,91,63,2,2,6,3,4,33,12,24,25,26
ASV4902,12,18,24,14,26,29,39,12,27,29,41,26,33,23,31,11,12,25,16,27,31,39,25,17,39,35,11,29,7,26,34,6,1,2,2,0,5,7,9,4,10
ASV4944,167,92,84,75,130,100,102,105,137,149,175,155,119,152,184,167,220,219,173,183,190,209,214,114,174,134,127,149,132,117,107,58,63,52,46,27,95,67,58,58,79
ASV4948,108,72,67,68,74,115,87,97,68,80,95,81,77,68,43,49,49,25,32,20,28,20,18,14,13,12,16,19,11,11,14,6,7,6,2,4,7,5,13,9,5
ASV5065,70,99,117,106,96,126,135,91,98,108,97,84,54,55,51,55,100,55,58,62,91,79,119,96,45,88,131,132,156,165,137,190,111,102,177,171,212,172,151,125,136
ASV5083,1,3,0,2,4,3,2,0,1,2,1,2,0,2,2,2,7,5,1,2,0,1,4,13,3,18,5,11,10,5,8,3,6,2,2,0,3,1,3,1,2
ASV5096,155,114,130,142,150,179,196,180,198,192,226,196,190,210,133,201,247,162,168,290,259,199,228,110,263,249,227,211,205,131,135,228,304,216,98,147,129,172,258,194,147
ASV5105,28,7,2,6,9,49,59,37,18,23,28,14,18,15,24,16,12,2,8,21,42,23,17,27,47,19,25,41,71,99,125,55,60,28,5,15,7,8,6,1,14
ASV5133,33,21,39,35,38,30,28,31,23,19,27,18,13,27,17,30,29,31,33,40,47,30,61,157,45,9,12,23,25,27,19,46,56,41,88,86,57,56,70,74,45
ASV5139,58,53,152,93,46,26,26,5,13,12,29,21,16,45,29,8,8,24,40,4,4,6,6,5,38,25,21,13,11,8,18,3,1,3,2,1,29,14,22,67,33
ASV5381,307,266,415,357,382,378,434,398,501,538,636,420,320,391,340,429,676,553,200,365,438,396,600,1236,308,357,571,537,490,452,317,655,440,488,682,587,519,449,386,257,183
ASV5394,21,15,12,17,21,22,26,27,26,25,38,32,18,22,21,41,74,41,30,39,27,21,22,63,44,63,101,136,167,149,118,155,180,101,69,72,63,47,59,54,39
ASV5397,22,16,23,24,37,22,30,30,33,30,23,20,13,17,14,23,22,22,18,20,26,22,28,36,13,20,28,31,32,28,23,43,49,25,37,33,41,39,38,37,38
ASV5439,80,50,74,72,100,75,82,70,82,76,93,64,43,68,90,98,122,105,76,106,119,97,93,58,78,88,77,62,69,62,87,59,12,4,6,8,14,15,15,31,25
ASV5457,32,20,39,30,34,38,36,30,60,76,150,92,86,63,27,13,25,27,32,18,16,20,12,3,27,4,23,21,25,26,35,3,4,0,0,1,0,1,2,1,1
ASV5484,72,79,106,134,114,161,165,167,181,206,238,188,131,177,150,142,123,81,49,51,74,61,87,160,58,47,80,69,66,45,35,86,38,48,53,45,39,30,24,11,17
ASV5512,404,301,517,757,646,663,772,362,320,369,304,179,96,112,44,25,59,28,27,27,54,55,81,53,142,237,246,421,559,472,610,112,137,39,26,36,144,81,127,196,128
ASV5538,94,82,103,106,121,117,155,84,99,127,165,177,184,304,357,638,1180,953,525,475,557,343,470,613,681,905,983,1234,1418,1353,1228,1498,2428,1974,1968,1912,1687,1538,1678,1372,921
ASV5563,0,0,0,0,0,0,0,0,1,0,0,0,0,0,1,0,0,0,0,0,0,0,1,2,0,0,0,4,3,1,1,5,5,3,2,3,0,1,0,1,1
ASV5607,153,82,102,117,132,155,193,167,193,206,249,220,208,215,152,198,343,258,261,356,356,275,323,154,372,306,237,252,217,194,135,245,324,187,179,212,192,262,412,310,208
ASV5642,32,35,42,26,28,37,37,31,18,35,31,32,20,18,14,22,22,20,15,16,14,12,21,20,27,15,9,26,17,15,20,17,16,9,20,17,60,31,33,49,78
ASV5687,174,121,142,114,118,140,126,112,84,88,121,83,78,86,82,89,140,144,122,112,116,100,143,53,162,127,160,157,106,110,90,99,113,70,60,46,73,73,111,84,68
ASV5691,60,56,63,81,75,74,82,69,94,114,113,84,73,74,50,71,116,107,42,49,44,27,34,108,31,33,52,58,70,63,45,119,121,107,219,176,168,169,148,133,94
ASV5718,72,45,61,44,46,61,49,27,69,99,155,37,17,8,24,35,41,21,15,68,89,60,117,62,35,43,45,59,78,48,52,66,74,94,112,168,121,84,61,52,44
ASV5752,2,3,4,0,0,5,0,1,0,1,2,2,1,2,3,2,3,3,4,1,1,2,4,1,1,1,2,2,2,1,3,1,1,0,0,3,1,3,2,4,2
ASV5780,0,1,1,1,2,0,0,0,0,0,0,0,0,0,1,1,0,0,3,0,0,1,0,0,0,3,0,0,1,0,2,0,2,0,0,0,0,0,1,0,0
ASV5854,2,0,2,1,0,0,0,1,2,0,1,1,0,0,1,1,0,0,0,1,0,0,0,1,1,3,0,1,1,3,4,0,3,0,2,1,0,0,2,1,0
ASV5934,0,0,1,1,1,0,0,0,0,0,0,0,0,0,0,0,0,0,0,0,1,0,0,0,0,0,0,0,3,0,1,1,0,0,1,0,1,0,0,0,0
ASV5977,0,3,1,1,2,0,0,2,1,0,0,0,0,0,0,2,0,1,1,1,0,2,1,1,0,1,2,4,5,2,1,0,1,0,0,3,1,2,1,2,1
ASV6011,0,0,0,0,0,0,0,1,0,0,0,0,0,0,0,0,0,0,0,0,0,0,0,0,0,0,0,2,22,6,3,1,1,0,1,2,1,1,1,2,3
ASV6036,30,26,39,57,44,46,48,67,58,77,57,60,29,33,29,28,36,47,14,17,48,17,20,45,14,18,19,33,32,27,30,50,54,52,128,115,113,108,84,88,74
ASV6075,114,65,74,88,67,68,69,68,68,61,101,73,51,44,30,31,49,26,39,20,22,18,20,12,15,6,9,8,6,6,11,2,8,3,1,3,2,1,13,9,8
ASV6084,0,0,3,3,0,0,0,0,0,0,1,0,0,0,0,0,0,0,1,0,1,0,0,0,0,1,0,2,0,0,1,0,0,0,0,0,0,0,0,1,0
ASV6085,58,53,74,46,76,51,51,53,32,43,52,50,46,32,29,39,28,29,44,61,53,43,57,24,50,20,24,24,22,29,27,23,24,9,9,8,27,17,21,27,29
ASV6105,140,158,180,185,176,158,213,178,171,145,180,157,106,117,67,84,112,81,43,47,50,75,84,190,306,148,125,128,169,145,129,181,190,133,181,206,173,183,176,119,112
ASV6130,12,10,12,12,21,30,51,39,71,100,131,110,65,74,78,105,140,141,102,89,91,76,135,137,162,214,223,256,262,229,218,183,186,131,106,119,133,130,106,104,72
ASV6247,2,0,0,3,0,1,5,5,24,6,20,1,2,1,6,0,0,5,1,0,0,0,17,0,9,47,8,23,68,7,4,0,0,0,0,0,4,1,6,1,2
ASV6352,0,0,0,0,0,0,0,0,0,0,0,0,1,0,1,0,1,0,2,1,0,0,0,0,0,0,1,0,0,0,0,0,1,0,0,0,0,0,0,0,0
ASV6380,8,9,2,4,3,8,23,9,89,41,30,12,14,8,70,19,26,53,37,199,24,18,48,7,27,234,166,85,43,9,9,4,0,0,4,3,8,5,14,5,20
ASV6425,12,5,11,9,17,14,5,11,18,13,30,18,2,4,13,6,12,23,12,13,24,26,24,51,48,65,42,61,80,62,76,13,32,18,16,14,24,21,26,11,26
ASV6456,1,1,3,0,1,0,1,2,2,2,0,0,0,2,0,0,0,0,0,0,0,1,0,0,0,0,1,0,0,1,2,1,0,0,1,2,0,0,0,1,3
ASV6496,76,57,61,67,50,60,68,53,47,46,74,58,24,46,30,49,66,46,49,55,52,47,61,133,58,101,108,126,167,124,116,168,203,183,158,199,187,197,214,162,147
ASV6576,28,40,33,46,34,31,58,46,31,51,56,41,40,36,37,24,34,43,23,14,35,25,40,53,14,13,28,41,26,29,13,37,29,36,63,47,62,40,36,30,31
ASV6577,1,0,2,1,1,0,2,0,1,1,0,0,0,1,0,0,2,1,1,0,1,0,1,0,0,2,2,2,1,0,0,1,0,0,0,0,0,1,1,0,1
ASV6610,39,31,52,25,39,35,33,44,31,20,26,32,18,18,45,25,18,41,49,39,55,34,44,18,40,65,41,54,50,28,89,18,27,13,14,6,15,37,37,36,22
ASV6616,26,23,31,24,29,26,27,27,29,47,41,37,18,22,17,17,37,32,25,33,34,35,48,44,60,44,52,66,52,50,64,49,42,42,51,59,67,66,103,62,55
ASV6623,7,12,17,11,18,6,11,8,16,14,13,7,6,12,6,12,9,6,9,4,21,15,13,86,10,10,14,23,15,24,19,46,21,26,43,33,47,30,20,15,20
ASV6628,165,85,137,133,110,89,106,64,57,63,70,50,52,53,45,55,69,60,39,54,86,61,65,193,61,53,60,51,57,62,59,71,71,51,62,65,63,58,79,55,54
ASV6663,73,81,95,93,76,92,143,134,111,132,129,131,80,80,97,127,182,124,66,123,153,141,160,132,115,103,155,180,160,151,140,123,156,122,132,147,173,163,120,136,112
ASV6677,62,79,54,67,79,90,81,63,70,76,112,117,70,83,88,98,127,132,110,107,157,129,180,139,108,148,198,239,199,199,206,186,88,72,93,90,197,106,122,128,149
ASV6732,46,60,50,33,45,68,45,31,47,39,29,27,17,12,33,51,25,20,6,24,9,11,71,53,15,31,46,78,140,68,45,99,48,119,75,94,67,51,41,36,35
ASV6899,30,38,38,40,38,37,37,36,35,33,45,37,32,29,28,37,34,26,24,26,31,40,43,34,42,43,38,44,45,50,46,24,22,21,10,26,41,29,31,47,22
ASV6925,78,43,64,65,64,54,72,44,55,65,47,46,33,36,23,29,43,38,24,30,35,27,33,64,40,45,32,30,51,62,42,87,106,96,82,79,77,76,112,73,62
ASV6934,37,32,58,45,35,46,53,45,40,60,52,51,40,38,35,29,52,31,20,29,24,23,25,23,25,15,27,10,39,21,17,25,29,11,30,30,28,23,31,19,28
ASV6944,15,19,18,49,60,39,30,17,22,16,23,9,18,15,74,27,59,22,14,13,39,19,34,55,107,53,65,67,37,45,109,11,160,56,56,54,54,64,74,81,123
ASV7042,60,38,41,53,45,36,54,47,43,39,48,49,44,40,32,31,85,42,55,74,57,72,67,43,91,101,90,125,114,102,112,66,36,36,35,34,68,47,65,62,32
ASV7046,21,18,15,35,33,33,38,34,35,50,48,26,20,7,11,5,3,5,5,1,6,1,0,1,0,1,1,0,0,0,0,0,0,0,0,0,0,1,0,0,1
ASV7078,7,8,9,13,24,17,11,22,20,14,13,12,7,18,7,9,13,12,9,19,13,16,34,17,24,25,24,27,34,60,32,16,15,3,11,32,40,34,49,68,36
ASV7192,136,91,48,59,28,37,22,13,21,18,40,22,17,31,38,12,4,14,13,3,2,3,8,2,6,6,11,14,24,34,43,4,7,5,0,0,8,3,2,10,3
ASV7252,0,0,2,1,1,3,31,48,25,17,6,2,1,1,1,0,0,0,0,0,0,0,0,0,0,0,0,0,0,0,0,0,0,0,0,0,0,0,1,0,0
ASV7257,4,13,8,12,6,14,9,9,11,6,10,11,12,17,10,14,13,8,12,22,25,10,14,15,15,16,35,36,43,43,70,41,7,14,15,12,10,5,7,3,7
ASV7271,1,0,1,1,0,0,0,0,1,0,0,2,0,0,0,0,0,0,0,0,0,0,0,0,0,1,0,0,0,0,0,0,0,0,1,0,0,0,1,0,0
ASV7342,0,0,0,0,0,0,0,0,0,0,0,0,0,2,0,0,0,0,1,2,0,0,2,1,2,1,3,2,5,0,3,0,1,1,2,1,0,2,1,0,0
ASV7351,14,15,11,3,15,28,22,25,21,29,56,34,23,38,41,16,21,23,34,59,59,72,65,20,30,34,24,27,25,29,59,7,4,1,1,0,2,3,4,13,5
ASV7365,1,2,1,2,0,0,0,1,0,0,1,2,0,0,1,0,0,0,0,0,0,0,3,0,0,0,1,0,2,60,3,1,1,1,1,1,2,1,1,0,1
ASV7415,6,4,13,13,24,11,24,28,71,96,94,78,57,64,31,37,47,58,26,37,20,10,24,20,19,22,14,12,26,24,34,25,29,29,47,51,32,39,40,32,18
ASV7466,90,70,91,90,71,54,67,47,49,56,61,38,53,44,28,29,42,25,39,31,44,31,42,40,27,31,35,33,35,39,30,36,56,40,54,53,44,51,72,56,42
ASV7491,3,2,12,9,4,4,3,0,11,9,15,7,13,9,11,22,11,9,4,57,20,6,55,185,77,58,64,65,87,30,23,23,15,10,0,7,7,7,19,7,6
ASV7504,74,41,40,37,61,64,46,45,53,42,83,49,51,62,46,51,75,87,84,87,84,65,102,43,120,127,165,132,146,111,108,95,106,61,64,58,98,86,129,117,93
ASV7517,41,32,45,36,41,45,30,48,37,24,11,15,10,12,9,12,21,12,11,11,14,13,17,19,10,10,12,19,20,13,19,26,28,21,42,39,34,42,43,52,44
ASV7541,20,10,21,18,15,16,17,20,23,33,25,33,18,20,21,17,46,23,32,32,29,19,43,64,18,10,19,21,25,22,13,41,33,17,21,14,32,24,23,30,15
ASV7561,17,20,21,9,19,20,24,26,21,31,38,39,14,22,23,29,28,20,19,29,31,12,18,52,11,18,29,37,37,37,28,46,29,20,33,27,22,28,21,21,22
ASV7827,26,16,20,22,20,31,25,25,27,28,30,21,22,16,13,29,41,60,41,47,38,52,36,121,67,69,51,62,54,54,65,53,76,41,31,39,22,36,65,35,38
ASV7878,0,0,0,0,2,6,20,1,0,0,1,1,0,4,4,4,20,5,1,2,1,1,8,8,3,5,38,36,18,30,55,6,7,8,14,16,0,7,3,0,2
ASV7882,2,3,10,6,6,9,16,7,10,12,7,10,12,16,15,4,10,7,5,7,25,10,16,13,22,22,40,74,55,48,61,45,57,29,29,46,40,40,72,53,39
ASV7911,1,2,0,0,0,0,0,0,0,0,0,0,0,0,0,0,1,1,2,7,1,1,4,5,7,7,0,3,4,1,1,0,2,0,1,1,0,0,0,1,0
ASV7971,55,41,49,52,61,53,43,27,17,22,28,22,15,17,10,6,17,9,11,13,6,6,7,3,11,13,13,23,24,30,27,21,18,29,137,252,139,117,109,79,68
ASV8018,1,0,0,3,2,0,2,1,0,0,0,0,0,0,0,0,2,0,1,0,1,0,0,0,0,0,0,3,1,1,1,0,0,0,0,0,0,0,0,3,0
ASV8019,7,9,8,9,4,2,7,5,5,7,11,9,6,8,11,8,27,20,11,28,38,40,29,85,39,36,26,37,20,29,18,18,39,25,16,15,16,20,19,18,14
ASV8050,40,27,50,37,39,30,45,39,36,31,36,33,18,31,16,27,28,20,10,20,23,13,18,22,16,22,25,40,35,28,25,51,75,53,56,39,40,59,71,37,29
ASV8143,104,87,104,126,136,155,150,122,135,124,154,151,113,113,117,151,154,142,125,191,203,123,191,181,58,116,219,243,224,209,207,220,133,135,186,169,298,179,204,170,189
ASV8192,63,36,54,35,37,33,26,27,27,28,27,19,27,30,11,25,27,39,24,44,40,33,37,125,32,33,39,28,39,38,30,44,66,38,51,48,49,38,45,51,33
ASV8267,125,128,129,141,136,163,172,130,156,131,133,162,114,101,121,116,137,112,113,104,114,86,137,85,54,86,151,164,167,140,161,174,91,78,97,97,96,85,86,83,66
ASV8287,0,0,0,0,0,1,1,0,0,0,0,0,0,0,0,0,1,0,0,0,1,1,1,0,1,0,1,1,0,0,0,0,0,1,0,0,0,0,0,0,1
ASV8295,36,27,33,24,28,30,25,18,30,21,39,20,19,16,20,27,56,39,41,45,60,63,72,42,47,75,53,57,67,52,48,47,75,26,33,28,37,39,56,46,36
ASV8312,10,9,19,18,22,18,16,12,18,16,10,10,4,8,10,5,10,11,5,4,4,8,4,10,7,7,16,14,21,18,25,29,22,29,60,52,38,43,28,24,26
ASV8341,83,61,93,78,93,84,80,64,60,78,92,61,56,74,48,56,78,65,54,60,70,45,72,40,69,67,81,65,70,70,55,73,88,46,53,41,60,64,103,98,77
ASV8379,7,2,7,11,6,1,5,3,6,4,11,6,7,9,7,3,1,0,0,0,0,0,0,0,0,0,0,0,0,7,4,0,4,9,15,16,15,22,26,52,50
ASV8492,32,42,49,55,49,41,43,43,39,40,30,30,21,24,21,19,21,17,12,15,28,10,35,62,35,68,97,199,252,320,251,291,238,160,175,131,130,107,85,73,68
ASV8570,19,15,22,27,22,21,18,29,40,36,49,41,24,26,22,21,38,33,38,40,43,41,44,76,32,64,45,39,48,44,34,79,79,53,69,67,58,60,95,73,74
ASV8673,10,11,12,11,15,34,18,15,18,9,6,10,8,4,8,18,37,21,4,20,12,6,13,16,16,20,25,30,57,50,36,41,31,28,32,23,20,11,15,6,7
ASV8682,12,5,11,9,5,14,6,13,7,8,5,6,5,7,7,6,10,7,5,6,22,6,13,12,24,30,45,44,26,31,63,6,14,7,5,4,19,8,14,15,16
ASV8686,2,0,1,0,2,0,0,0,1,0,0,0,0,0,0,0,1,0,1,0,0,1,0,0,1,0,2,1,0,1,1,1,1,0,0,0,1,0,0,1,0
ASV8692,41,27,35,27,28,20,14,16,13,21,21,27,36,35,28,37,36,26,13,12,13,5,6,19,29,23,26,28,34,22,15,19,27,31,33,35,17,19,17,27,14
ASV8726,16,11,26,23,25,35,31,34,37,27,52,44,24,39,39,51,80,69,41,67,99,80,137,638,50,74,124,109,127,120,83,344,168,132,159,144,128,125,125,99,70
ASV8760,17,16,13,12,11,28,36,22,60,53,67,21,32,33,46,21,49,21,19,40,82,142,118,149,377,190,276,172,132,130,136,4,15,4,5,6,15,6,5,14,10
ASV8772,28,15,37,33,39,47,47,48,41,34,45,46,24,26,32,34,47,32,25,26,35,43,37,78,40,30,41,49,72,55,40,62,58,58,76,59,71,80,87,61,56
ASV8866,32,27,17,22,15,23,14,25,27,24,39,12,17,23,15,21,23,21,23,28,36,21,23,24,26,31,30,30,39,28,25,33,35,34,36,39,32,42,52,53,29
ASV8871,14,9,12,11,7,11,12,8,8,8,9,7,3,6,3,6,10,0,1,3,4,3,2,4,3,3,6,14,11,17,17,21,15,15,45,55,46,45,60,30,26
ASV8935,35,28,29,22,36,21,28,21,22,29,30,17,11,11,21,27,46,29,15,23,45,43,30,28,30,5,12,8,10,9,21,5,9,7,4,7,16,8,8,8,10
ASV8947,82,53,88,70,76,78,84,63,53,69,69,51,62,51,59,48,101,56,43,37,45,39,38,28,24,21,35,30,38,32,42,43,52,33,36,59,45,47,91,80,69
ASV8972,32,25,22,20,22,24,22,15,27,16,20,31,24,20,28,31,47,41,22,48,55,52,67,99,61,55,79,75,90,66,47,79,69,56,77,73,61,42,52,47,35
ASV9030,0,0,0,0,0,75,1,0,0,0,0,0,0,0,0,0,0,0,0,0,1,0,0,0,0,0,6,0,0,1,0,0,0,0,0,0,0,2,0,0,0
ASV9118,75,46,80,53,86,101,105,69,76,99,109,105,97,103,60,122,174,136,137,190,162,170,182,105,216,237,181,227,205,169,133,233,289,194,168,230,205,239,350,299,185
ASV9183,61,43,54,42,49,105,78,40,47,52,60,50,43,44,37,35,59,58,49,93,68,80,109,51,126,144,95,132,113,98,78,131,174,149,176,253,244,342,478,408,311
ASV9228,111,59,83,70,70,68,79,53,32,71,94,51,13,22,4,10,9,8,3,2,3,3,2,1,3,1,2,1,0,1,0,1,0,0,0,1,0,1,0,1,0
ASV9236,30,16,28,35,28,43,52,38,49,41,55,48,50,55,38,69,93,98,115,150,149,152,192,85,170,137,197,165,127,136,122,91,61,57,47,44,50,72,84,67,52
ASV9346,8,5,4,10,14,15,27,12,13,14,13,10,8,12,9,15,24,12,10,18,18,32,54,57,31,34,55,68,62,67,46,59,18,20,22,34,34,18,20,16,16
ASV9376,1,0,0,0,0,0,1,1,0,0,0,0,0,1,0,0,0,0,0,0,0,2,3,0,0,0,1,0,0,0,0,0,0,1,0,0,0,0,0,0,0
ASV9474,129,81,106,79,109,69,54,37,40,51,45,53,45,52,31,28,35,38,19,25,30,23,41,57,90,149,117,82,84,60,59,59,84,58,47,38,40,44,27,34,13
ASV9500,30,35,34,34,19,35,31,24,37,36,35,26,21,19,22,21,50,33,25,39,37,28,44,57,41,31,27,32,35,34,42,35,39,26,42,32,39,16,42,44,25
ASV9784,97,54,54,50,49,46,67,35,34,31,58,40,31,39,39,49,62,38,52,54,62,64,77,78,72,87,71,68,77,63,60,63,89,52,74,66,57,75,95,71,53
ASV9947,2,4,1,4,2,1,0,1,0,3,1,1,0,0,2,1,0,0,0,0,0,0,1,2,0,0,0,0,2,1,0,1,7,5,1,3,4,9,5,3,5
ASV9968,21,24,32,33,22,25,39,25,28,30,19,26,15,11,12,17,6,10,8,5,16,10,14,9,4,8,28,19,32,21,17,34,30,29,52,44,42,57,43,28,21
ASV10057,9,16,14,13,24,26,29,27,36,34,32,28,20,26,43,41,90,55,33,45,65,47,102,168,44,37,77,87,80,53,25,87,56,57,94,67,60,55,48,22,13
ASV10080,1,0,0,0,0,1,0,0,0,1,2,0,2,4,4,35,98,59,47,24,32,23,20,10,29,50,32,42,29,24,14,1,2,4,0,1,1,0,0,0,0
ASV10130,50,57,36,29,38,40,47,60,38,38,72,40,42,64,41,58,73,75,54,33,30,35,44,24,36,21,24,21,20,19,32,9,11,5,11,5,13,7,10,20,22
ASV10134,1,1,3,0,1,0,0,0,0,1,1,0,1,3,8,54,107,76,42,39,31,20,20,8,38,58,37,46,29,14,17,6,4,1,0,2,0,1,0,2,0
ASV10225,17,15,19,11,15,21,22,18,24,25,36,16,13,20,17,21,48,43,24,38,37,22,37,69,35,29,44,44,41,39,42,57,69,54,86,105,95,102,133,95,92
ASV10248,0,0,1,1,0,4,3,2,0,3,3,2,2,5,4,3,2,0,1,0,0,0,9,23,4,3,2,9,6,6,3,1,7,8,3,1,0,1,0,0,1
ASV10270,18,10,14,14,19,11,7,9,7,8,16,6,9,11,2,7,24,21,14,8,18,19,26,35,18,30,31,35,26,38,26,48,23,20,31,26,25,20,18,13,18
ASV10277,0,0,2,1,0,0,0,0,0,0,0,1,0,1,2,0,0,5,1,7,12,16,21,25,58,17,23,33,22,22,22,20,30,16,17,11,7,2,10,7,7
ASV10321,40,21,45,45,25,19,17,27,25,21,27,22,9,9,12,13,19,13,13,11,11,17,18,74,17,15,15,14,20,38,15,11,17,19,23,32,37,35,37,18,20
ASV10458,29,26,27,22,36,35,34,39,26,24,41,21,13,24,17,21,31,27,24,23,18,20,18,44,27,29,34,26,25,45,24,42,58,43,47,52,62,55,65,51,42
ASV10597,41,37,10,25,26,25,21,7,29,29,40,26,18,32,37,18,58,28,16,18,46,44,39,13,59,37,43,26,24,39,38,2,7,3,5,10,30,18,41,56,38
ASV10626,35,26,17,23,15,13,8,8,5,8,20,33,23,29,9,12,28,29,20,12,18,4,10,46,14,86,375,248,196,86,58,111,48,113,398,581,336,412,179,69,46
ASV10644,0,0,0,0,0,0,0,0,0,1,0,0,0,0,0,0,0,2,0,0,2,1,0,2,0,2,2,1,0,0,0,0,0,0,0,0,0,0,0,0,0
ASV10649,0,0,1,0,0,0,0,0,0,0,0,0,1,0,0,0,0,0,0,0,0,0,0,0,0,0,0,0,0,0,0,0,0,0,0,0,0,1,0,0,0
ASV10819,36,29,25,38,35,46,33,28,29,25,35,30,29,27,36,41,47,34,45,36,48,40,48,159,21,19,54,58,51,40,31,64,37,40,50,37,43,30,31,26,26
ASV10878,44,34,25,23,26,31,17,17,11,8,12,7,16,13,12,16,27,31,28,48,44,48,54,59,85,66,67,66,58,45,30,53,52,39,26,15,13,15,28,14,16
ASV11108,0,0,0,0,1,2,1,0,2,2,0,0,3,3,1,5,1,1,0,0,0,4,17,44,10,8,2,2,11,11,5,7,10,12,5,7,5,4,8,2,3
ASV11145,32,50,41,56,65,53,74,74,70,72,107,94,58,80,96,69,82,72,37,74,95,71,164,91,51,66,107,96,99,91,69,118,51,67,96,71,69,62,59,46,39
ASV11172,23,25,38,27,28,19,37,34,26,21,25,20,20,24,21,26,49,30,42,36,40,37,48,58,40,33,34,50,43,40,47,66,53,52,55,65,36,46,53,50,43
ASV11218,24,16,25,21,17,22,45,21,28,23,30,26,11,23,6,17,22,18,13,15,15,18,24,38,12,23,21,22,35,46,40,38,66,55,54,66,48,62,73,46,46
ASV11391,2,3,1,3,2,2,3,1,1,5,17,2,15,10,63,83,82,47,18,20,10,6,4,2,3,3,7,29,23,17,9,10,13,9,3,7,5,4,54,26,27
ASV11440,26,23,24,28,18,26,25,20,17,13,13,15,15,13,13,8,16,13,10,22,31,21,15,28,27,28,36,26,40,41,31,45,51,42,42,63,45,54,72,35,32
ASV11540,122,72,70,121,97,35,62,48,68,79,136,79,100,118,73,26,27,36,29,22,20,25,14,6,15,13,10,14,8,22,22,0,1,0,0,1,2,2,0,12,7
ASV11608,46,23,24,28,13,12,11,10,19,24,39,15,8,30,39,6,24,15,17,8,13,9,8,5,28,7,9,4,8,5,9,1,3,1,0,0,1,1,2,5,2
ASV11721,61,31,56,43,52,72,79,71,75,84,106,84,98,95,62,112,169,150,155,221,208,184,202,99,251,255,254,286,255,219,174,292,347,223,249,308,266,345,568,363,293
ASV11750,22,9,34,24,25,28,33,27,27,27,30,28,25,11,19,23,31,34,33,44,49,42,57,58,46,41,70,73,66,70,63,35,38,22,39,30,39,37,29,35,24
ASV11780,14,22,32,26,27,27,27,35,39,37,38,33,15,23,17,20,32,31,10,21,26,25,36,62,16,22,37,23,41,35,20,48,29,40,42,47,44,32,38,31,23
ASV11832,16,22,15,18,34,23,13,9,13,8,12,9,8,17,16,16,41,25,25,113,154,120,76,31,41,38,32,33,22,24,14,15,26,34,59,92,71,102,89,72,53
ASV11911,4,5,12,7,9,11,9,6,7,15,35,15,8,8,10,7,7,5,6,10,5,5,9,19,11,17,8,9,9,13,11,11,10,11,9,8,6,7,12,15,5
ASV11975,27,22,21,17,32,28,42,32,40,31,41,41,28,30,31,36,35,27,34,46,58,60,79,89,46,54,77,94,98,119,94,116,96,55,62,60,79,79,54,59,44
ASV12001,0,0,2,0,0,0,2,0,0,1,3,0,1,0,0,0,0,0,0,0,0,0,0,2,0,0,1,5,0,0,2,0,0,2,1,0,0,1,1,1,0
ASV12024,76,68,59,75,77,72,65,56,59,75,105,58,52,64,39,74,96,70,50,65,93,73,99,96,57,34,38,35,37,20,26,31,45,19,37,39,34,29,18,21,31
ASV12235,7,10,10,10,8,6,17,18,11,13,19,18,11,16,10,21,31,35,22,28,50,36,68,66,23,36,54,56,44,38,37,60,44,27,61,41,30,35,29,21,16
ASV12255,2,1,0,0,1,0,0,0,0,1,0,0,0,0,0,0,0,0,1,0,0,0,0,0,0,0,0,0,1,1,1,0,0,0,0,1,0,1,1,1,1
ASV12280,38,28,24,26,22,21,24,20,12,18,27,19,9,17,10,19,25,20,19,25,15,20,30,71,27,39,26,27,36,38,29,38,56,46,50,44,41,51,49,40,38
ASV12669,63,45,48,37,39,40,31,26,32,34,54,38,26,48,24,28,29,36,22,27,13,11,20,3,23,21,25,16,12,7,12,4,4,2,1,1,1,2,4,2,1
ASV12751,4,6,7,0,2,6,4,3,6,2,10,14,18,18,18,6,12,19,38,8,14,21,17,2,23,18,20,14,12,8,19,6,1,1,0,0,2,2,1,3,0
ASV12778,25,28,49,48,39,69,86,54,50,53,57,42,29,37,25,59,79,52,30,18,12,6,14,26,6,4,6,8,3,8,2,6,3,5,0,5,4,8,9,5,13
ASV12796,0,2,0,2,2,2,0,0,0,0,0,1,0,1,0,0,0,0,0,0,0,0,0,0,0,0,0,1,0,1,0,1,0,1,4,4,5,3,2,4,4
ASV12823,66,59,64,70,73,92,67,42,61,78,85,89,61,77,88,119,218,195,187,347,466,497,702,638,1110,359,384,471,614,460,412,350,315,207,41,72,35,24,38,30,35
ASV12955,576,468,528,599,459,448,329,246,309,334,335,237,203,190,87,169,270,183,134,149,158,104,115,236,87,73,90,100,130,101,100,165,217,157,208,217,182,176,294,223,209
ASV12973,35,28,25,33,30,36,39,38,34,30,50,61,50,50,54,68,69,67,68,68,61,45,60,47,42,37,54,34,37,45,39,15,11,11,13,15,28,14,14,26,32
ASV13128,54,36,46,42,42,43,35,26,27,29,22,17,8,18,4,9,8,11,11,12,8,8,11,10,11,12,12,13,10,8,9,17,9,8,1,8,7,13,19,11,5
ASV13288,46,38,47,48,53,37,28,16,25,11,28,11,3,3,1,1,1,1,0,1,1,0,0,0,0,0,0,0,0,0,0,0,0,0,0,0,0,0,0,0,0
ASV13370,7,4,7,11,10,10,6,5,4,8,11,7,5,7,8,11,13,16,7,15,16,17,29,118,6,11,22,21,24,36,10,36,18,17,33,26,17,16,13,10,12
ASV13373,160,191,193,182,228,245,236,237,261,157,274,252,205,198,205,198,204,192,102,133,141,109,54,46,44,63,87,78,74,56,56,48,24,24,13,19,26,47,24,61,41
ASV13397,6,11,12,10,10,11,12,11,9,12,17,13,10,10,13,12,12,9,5,5,10,3,6,62,6,9,4,7,2,5,4,7,3,3,3,8,10,13,7,9,10
ASV13594,59,57,52,50,41,52,50,39,36,58,66,48,25,41,39,36,87,68,36,68,97,73,109,149,141,93,82,116,117,117,92,124,190,96,141,157,181,143,135,162,123
ASV13631,9,8,12,10,6,16,20,13,15,16,12,14,8,6,8,13,24,17,10,16,25,13,25,47,13,14,23,25,30,13,10,30,21,24,45,33,31,26,28,37,16
ASV13803,17,10,26,13,20,26,21,29,28,35,38,46,26,28,43,37,73,50,67,67,98,82,119,77,68,76,111,120,131,131,96,93,49,68,66,58,73,51,46,43,57
ASV14026,48,39,30,16,42,32,29,40,37,44,64,39,34,41,42,42,48,44,28,29,33,41,52,23,36,7,14,6,6,3,8,4,2,1,2,1,3,4,1,1,6
ASV14043,28,16,12,17,21,19,20,16,11,11,22,14,9,17,6,13,21,8,17,13,25,11,10,25,20,20,20,21,29,20,22,25,42,34,35,31,33,39,76,53,25
ASV14070,29,19,23,17,23,20,26,21,29,18,29,21,14,25,20,25,38,31,29,38,44,44,46,38,25,35,66,70,53,87,61,87,44,39,46,60,75,67,65,60,52
ASV14113,32,24,33,63,82,84,68,39,35,36,22,20,10,9,4,2,2,1,0,0,0,0,0,2,0,0,1,0,0,0,0,0,0,0,0,0,0,1,0,1,0
ASV14265,7,8,13,19,33,18,12,16,18,10,15,18,20,23,13,25,21,13,13,13,23,15,10,57,5,8,18,10,19,10,13,18,9,0,14,7,13,7,10,4,3
ASV14377,22,33,42,23,25,33,29,22,19,32,20,18,19,23,22,19,30,25,22,30,47,21,39,40,50,40,40,46,42,63,41,38,58,55,66,68,44,61,58,30,31
ASV14427,0,0,1,0,0,0,0,1,0,0,1,0,0,0,0,0,0,0,1,0,0,0,0,0,0,0,0,0,0,0,1,0,0,48,1,0,1,0,0,1,0
ASV14457,19,21,17,18,17,17,26,17,16,22,16,16,23,17,22,23,32,28,28,17,23,31,25,22,32,49,44,40,36,43,85,58,51,24,26,34,21,28,41,76,49
ASV14558,0,0,0,0,0,0,0,0,0,0,0,0,0,0,0,0,0,0,0,0,0,0,0,0,0,0,0,0,0,0,0,0,0,0,7,7,4,3,13,173,501
ASV14595,20,17,15,20,31,28,25,19,28,35,54,49,41,44,49,47,64,58,35,33,40,35,56,38,25,36,48,50,44,47,44,27,10,17,9,13,29,18,22,22,21
ASV14608,3,2,2,1,2,0,7,6,5,10,16,25,31,29,24,38,27,32,23,13,6,4,7,6,3,4,3,1,2,5,2,3,4,4,4,3,3,4,5,3,4
ASV14648,13,19,24,33,24,9,28,26,14,9,5,3,6,8,2,0,0,0,0,0,2,3,0,2,3,0,1,10,23,63,158,45,17,3,0,0,2,0,1,0,0
ASV14690,25,17,33,27,33,19,28,24,22,30,30,29,18,18,19,22,20,16,16,29,29,20,31,78,32,31,32,36,38,42,28,52,53,38,31,47,48,41,64,53,35
ASV14755,2,3,2,2,3,0,9,3,4,3,3,5,4,3,15,1,0,4,0,2,0,1,3,1,7,10,4,3,5,1,1,0,0,0,0,0,0,0,1,2,2
ASV14794,20,13,28,22,35,38,29,29,36,48,63,44,69,52,48,56,68,74,66,84,108,100,83,118,65,56,56,61,60,40,61,49,46,33,22,21,35,30,48,49,27
ASV14795,66,55,57,42,56,45,43,18,22,13,16,15,21,16,5,22,24,18,20,26,15,14,23,28,26,21,26,28,34,22,42,35,40,28,30,27,25,24,29,14,17
ASV14876,22,13,8,14,10,11,14,4,15,12,10,8,6,7,3,11,8,7,3,12,14,6,16,58,10,10,11,9,12,17,13,20,18,11,10,16,20,24,23,20,20
ASV15015,14,4,5,3,12,17,4,7,8,4,4,12,6,8,5,34,30,16,12,11,8,4,4,6,2,9,20,16,32,31,39,32,30,19,29,24,25,29,27,20,20
ASV15076,3,3,3,0,0,3,5,2,7,6,11,5,2,2,4,6,3,2,0,0,0,0,17,49,9,7,3,8,14,9,12,6,16,8,1,2,3,1,4,1,5
ASV15279,4,6,25,7,13,18,15,14,38,11,11,7,6,7,37,23,29,18,46,17,51,21,65,28,40,23,29,34,15,73,5,16,22,8,33,1,17,97,20,28,15
ASV15451,30,20,24,26,28,18,36,30,25,25,32,23,24,24,23,27,40,40,31,40,53,52,64,160,38,43,60,80,67,55,71,91,64,76,98,97,69,80,120,87,65
ASV15474,16,20,19,16,24,32,24,20,16,22,26,19,18,20,24,27,39,42,18,23,36,18,34,96,16,19,38,30,30,36,19,45,27,33,46,42,44,39,41,29,31
ASV15534,7,13,11,7,12,18,7,15,14,11,13,22,15,9,15,15,22,16,12,9,20,12,11,20,7,8,17,9,9,10,11,15,19,14,23,29,24,25,25,16,15
ASV15545,69,63,61,47,41,75,78,47,27,32,21,37,20,19,28,7,13,12,17,34,20,9,10,12,23,26,19,22,22,34,52,36,50,15,5,36,50,24,60,98,54
ASV15644,0,0,0,1,1,3,1,1,2,5,6,5,3,2,3,2,2,0,0,0,0,0,0,1,5,2,2,2,4,1,1,1,0,1,2,1,0,2,1,1,0
ASV15689,38,31,46,44,46,36,47,32,44,34,48,30,10,24,19,22,27,21,8,7,17,16,29,81,75,37,37,30,30,49,35,51,58,50,51,59,38,42,47,27,29
ASV16033,27,15,16,19,20,14,22,16,9,21,24,22,14,14,7,7,7,14,15,4,8,7,12,5,5,8,7,13,9,13,15,10,25,10,9,26,18,22,63,61,47
ASV16034,40,27,52,33,30,28,64,31,35,49,40,34,24,24,52,32,16,9,10,9,8,2,16,10,16,28,30,69,165,108,158,36,29,19,7,12,12,14,24,37,55
ASV16201,3,9,15,19,17,55,50,44,28,35,36,25,12,26,23,63,61,44,12,11,11,8,6,38,3,3,3,7,7,2,2,7,1,0,4,12,14,11,17,16,20
ASV16202,12,12,9,13,21,7,15,18,8,3,12,6,10,17,11,14,12,9,7,8,12,2,9,52,4,2,7,3,6,9,4,8,4,3,8,4,4,7,6,7,6
ASV16383,20,19,18,18,15,27,28,24,15,29,21,21,19,20,10,27,28,15,14,24,31,39,47,31,22,38,45,38,49,59,33,48,26,31,39,38,50,42,39,40,20
ASV16511,16,15,25,19,28,31,36,18,22,23,45,26,24,25,30,37,36,38,29,33,44,39,36,39,27,34,36,31,57,36,36,25,12,11,21,33,28,12,30,29,15
ASV16678,8,14,13,6,7,14,12,19,16,15,18,21,18,18,20,16,27,28,25,38,40,25,26,26,26,22,33,46,53,47,38,51,48,46,39,44,29,51,82,41,58
ASV16752,9,8,12,11,18,17,22,10,17,18,15,15,14,11,16,24,21,14,17,22,19,21,55,31,18,23,36,45,54,28,20,20,8,10,11,9,6,6,11,12,7
ASV16949,39,26,37,35,31,54,40,41,48,33,49,37,34,44,34,37,63,51,60,62,86,44,70,33,67,69,48,79,52,51,50,104,118,69,44,74,60,87,135,102,86
ASV16977,1,4,6,4,4,2,2,4,1,3,1,0,1,2,3,6,3,2,0,5,10,6,11,22,6,6,6,6,6,2,5,8,1,3,2,6,0,3,4,1,1
ASV17117,15,6,19,20,11,9,18,9,9,9,9,11,12,10,8,19,25,12,18,10,18,14,15,64,17,19,15,27,21,23,22,23,32,25,27,28,24,27,40,33,32
ASV17392,1,2,7,5,5,2,15,4,7,5,7,2,1,6,6,1,2,1,0,0,0,11,33,30,19,62,40,66,119,51,59,25,66,46,14,13,7,15,10,6,7
ASV17605,9,10,5,8,12,10,7,5,3,9,7,11,4,7,7,6,20,10,9,12,19,18,27,54,19,16,28,24,29,24,19,23,29,17,34,23,20,28,21,25,20
ASV17892,59,35,47,34,30,42,48,37,35,50,70,59,61,92,80,122,215,182,214,284,346,316,399,226,575,689,649,466,450,315,294,179,245,111,44,44,92,72,149,160,79
ASV17968,229,190,607,1453,854,627,386,158,172,142,213,80,39,25,14,8,9,5,5,14,13,5,5,6,6,3,6,31,83,125,96,66,58,59,37,41,19,12,7,5,17
ASV17985,41,26,37,50,65,66,80,73,79,56,55,43,36,31,17,14,14,13,9,12,16,8,11,6,10,6,9,4,7,4,9,5,3,1,10,24,83,68,84,50,70
ASV18057,1,1,2,1,0,0,0,0,0,0,0,1,0,1,0,0,0,0,0,0,0,0,0,0,0,1,0,1,1,0,0,0,1,1,1,0,1,0,0,0,0
ASV18066,27,12,23,5,5,4,10,2,21,19,46,65,62,30,67,43,27,58,39,238,94,18,68,58,98,88,19,5,5,2,3,0,0,0,1,0,2,4,0,1,8
ASV18246,0,0,0,0,0,0,0,0,0,0,0,0,0,0,0,0,0,0,0,0,0,1,0,0,1,0,0,1,0,0,0,0,0,0,0,0,0,0,0,0,0
ASV18448,11,9,6,7,5,7,8,5,2,7,9,9,6,12,13,12,22,29,37,14,27,42,45,10,50,54,50,31,15,12,15,8,6,3,3,5,3,1,6,6,0
ASV18600,0,0,0,2,2,3,4,3,3,5,8,1,0,0,1,3,0,2,3,2,0,1,8,3,2,7,3,3,9,5,4,5,0,4,3,13,4,2,2,2,2
ASV18791,20,41,33,57,50,51,61,43,53,54,70,70,50,62,34,41,60,71,41,49,46,50,49,56,39,46,36,49,65,56,55,65,37,34,33,46,61,57,74,52,49
ASV18901,1,2,0,0,0,0,1,0,4,5,0,2,0,0,0,0,0,0,0,0,1,0,0,1,0,1,0,0,1,0,2,0,0,0,0,0,0,0,0,0,0
ASV18918,13,16,19,17,13,21,8,14,7,9,19,7,9,15,11,6,24,19,8,15,16,14,21,62,33,32,40,58,51,66,46,75,66,70,48,30,28,20,21,14,13
ASV19107,2,3,10,2,2,7,1,1,1,2,0,0,0,0,2,3,11,4,1,15,8,6,6,26,10,10,9,8,1,12,9,10,24,22,12,10,9,4,11,6,0
ASV19414,0,0,0,0,0,0,0,0,0,0,0,0,0,0,0,0,0,0,0,1,0,0,0,0,0,0,0,0,0,1,0,0,0,1,0,0,0,0,1,0,0
ASV19477,17,18,16,21,39,51,65,40,29,26,26,10,10,10,6,8,15,7,3,5,4,4,7,8,3,1,11,5,6,3,4,8,2,3,9,9,15,6,14,6,4
ASV19833,1,4,1,0,0,0,0,0,1,1,0,1,0,1,3,3,7,3,0,7,1,4,2,2,1,2,0,0,3,2,58,2,3,1,0,0,0,0,3,10,5
ASV19948,0,0,0,0,0,0,0,0,0,0,0,0,0,0,0,0,0,0,0,0,0,0,0,0,0,0,0,0,0,0,0,0,0,0,0,0,0,0,0,0,0
ASV20225,4,3,4,4,1,3,1,1,4,1,3,1,4,5,16,8,3,1,2,2,2,1,4,4,8,11,9,8,22,14,3,1,3,4,6,20,5,4,4,2,1
ASV20259,4,2,2,7,5,5,11,11,17,12,42,27,26,41,54,36,59,81,18,4,6,7,5,8,13,5,6,7,6,4,13,0,2,0,0,0,1,2,0,2,3
ASV20284,9,12,18,3,20,5,15,6,5,7,13,13,2,4,3,5,8,5,3,5,8,6,12,63,11,23,22,35,40,33,27,28,43,47,22,27,28,35,39,21,16
ASV20806,13,6,12,4,10,8,3,4,5,10,6,6,2,6,10,8,15,13,6,15,25,24,22,34,31,24,64,61,64,61,65,75,93,63,51,43,33,61,49,46,43
ASV21164,3,12,171,176,133,81,44,36,15,9,13,5,10,3,3,3,0,3,0,0,0,0,1,0,0,0,0,0,0,0,2,2,0,0,0,0,0,0,0,0,0
ASV21392,0,0,0,0,0,0,1,2,1,9,1,0,0,0,0,0,0,0,0,0,0,0,0,0,0,0,0,0,0,0,0,4,4,0,1,0,0,0,0,0,0
ASV21652,6,5,4,4,2,2,2,4,17,26,33,17,18,28,450,53,17,7,6,14,9,6,26,3,25,29,20,86,60,143,141,4,2,2,3,1,1,2,1,3,6
ASV22554,0,0,0,0,0,1,0,0,0,0,1,0,1,2,1,6,4,4,2,8,3,3,8,15,10,22,13,15,19,21,19,11,10,6,4,2,1,5,5,4,1
ASV22555,0,0,0,0,0,0,0,0,0,0,0,0,0,0,0,0,0,0,0,0,0,0,0,0,0,2,4,1,1,0,0,0,0,0,0,0,0,1,0,0,0
ASV22574,12,14,17,14,10,9,13,13,22,17,17,27,18,14,27,35,88,87,53,117,145,99,178,243,99,132,198,123,111,47,54,110,87,71,73,72,64,52,58,49,32
ASV22606,0,0,0,2,1,1,0,1,0,0,1,1,0,1,0,0,0,0,0,0,0,0,1,1,0,11,0,1,5,2,7,10,5,4,0,0,2,1,2,2,5
ASV22839,1,1,2,0,0,0,3,0,3,0,1,0,0,0,0,0,0,0,0,0,0,0,2,0,0,1,4,6,10,0,2,1,0,0,0,0,0,0,0,0,0
ASV22853,2,3,5,4,1,7,10,4,8,8,13,5,16,24,3,5,12,6,8,3,5,4,3,11,3,4,6,7,14,11,11,15,14,5,9,7,5,8,22,11,19
ASV23010,6,2,5,4,3,3,7,3,5,1,6,5,2,3,1,1,0,3,0,0,0,1,1,4,2,0,1,1,4,1,1,0,1,1,0,0,1,0,2,0,5
ASV23046,0,0,0,0,0,0,0,0,0,0,0,0,0,1,0,0,0,0,0,0,0,1,0,0,1,0,0,0,2,0,0,0,0,0,3,0,1,0,0,0,0
ASV23071,0,0,0,19,55,31,17,11,8,3,2,2,3,3,0,1,0,1,0,0,0,2,0,0,0,1,0,0,0,1,0,1,0,0,138,186,128,76,83,65,33
ASV23072,9,9,6,11,13,48,48,48,50,40,58,63,38,30,35,103,138,120,73,57,80,64,47,35,39,9,18,30,29,27,20,22,19,12,14,6,42,42,32,34,45
ASV23306,0,0,0,0,0,0,0,0,0,61,63,33,13,11,1,0,50,20,2,4,3,1,0,27,158,71,27,5,6,3,1,4,2,1,0,1,0,0,0,0,0
ASV23801,18,22,10,14,8,15,9,12,12,11,19,10,14,10,10,16,17,11,11,21,6,13,15,14,20,12,24,45,31,30,41,39,39,41,43,61,66,92,161,106,106
ASV24002,0,0,0,0,0,0,0,0,0,0,0,0,0,0,0,0,0,0,0,0,0,0,0,0,0,0,0,0,0,0,0,0,0,0,1,0,0,0,0,0,0
ASV24100,0,0,0,0,0,0,0,0,0,0,4,0,0,1,0,0,0,0,0,0,0,0,0,0,0,0,0,0,0,0,0,0,0,0,0,0,0,0,0,0,0
ASV24247,0,0,0,0,0,0,0,0,0,0,0,0,0,0,0,0,0,0,0,0,0,0,0,0,0,0,0,0,0,0,0,0,0,0,0,0,0,0,0,0,0
ASV24646,62,41,66,47,45,55,138,53,53,77,112,61,28,26,3,8,13,9,5,12,9,8,46,16,69,88,75,107,83,48,37,21,24,13,6,13,17,31,18,17,16
ASV24891,0,0,0,1,0,0,0,0,0,0,0,0,0,0,0,0,0,0,1,0,0,0,0,0,0,0,0,0,0,0,0,0,0,0,0,0,0,0,0,1,0
ASV25023,1,0,0,0,1,0,0,0,4,0,1,0,0,1,2,0,0,0,0,2,0,1,1,0,2,0,1,2,3,4,4,0,0,1,1,6,3,4,2,1,2
ASV25228,0,0,0,0,1,1,1,0,0,0,0,0,0,0,0,0,0,0,0,0,0,0,0,0,0,0,0,0,1,0,0,0,0,0,0,0,0,0,1,0,0
ASV25616,0,0,0,2,0,0,0,0,0,0,0,0,0,0,0,0,0,0,0,0,0,0,0,0,0,0,0,0,0,0,0,0,0,0,0,0,1,1,0,0,0
ASV25956,0,2,7,5,3,1,1,3,4,9,3,4,3,4,4,5,13,5,4,16,21,10,16,63,12,7,5,6,6,0,2,2,3,1,3,2,1,2,3,1,0
ASV26080,4,4,7,12,8,9,7,9,8,6,5,5,3,3,4,1,5,10,4,6,6,15,17,55,5,8,10,5,2,9,4,17,11,10,10,7,6,8,10,6,3
ASV26117,0,0,0,0,0,0,0,0,0,0,0,0,0,0,0,0,0,3,3,1,3,0,1,1,2,0,2,0,0,0,0,1,0,0,0,0,0,0,0,0,0
ASV26226,0,0,1,1,0,4,0,0,0,0,1,0,0,2,0,0,2,0,0,0,1,0,2,1,2,3,2,3,3,1,9,0,0,1,0,0,0,1,0,0,1
ASV26420,2,1,0,0,1,1,0,1,1,1,0,0,2,0,0,0,0,6,4,3,2,3,1,11,0,0,0,0,4,1,1,2,0,0,3,0,4,4,14,6,6
ASV26495,30,30,43,43,36,39,49,30,42,49,34,38,26,34,50,48,129,77,71,39,70,65,52,18,49,45,20,9,8,29,28,1,15,4,1,1,7,3,7,6,6
ASV27616,0,0,0,1,0,0,0,0,0,0,1,0,0,0,1,1,5,8,31,104,47,12,11,4,6,3,4,2,5,6,3,6,4,2,4,1,0,0,2,0,2
ASV27784,0,0,0,0,0,0,1,0,0,0,0,2,0,0,1,0,0,0,0,0,0,0,0,0,0,1,0,0,0,7,5,1,0,0,0,0,0,0,5,0,1
ASV27789,8,6,23,24,17,20,10,7,7,12,16,12,19,21,11,15,40,67,10,24,7,65,113,0,0,6,5,3,5,26,30,2,14,10,7,4,6,3,6,6,3
ASV28168,0,0,3,2,2,0,2,0,3,1,3,0,0,1,3,2,0,1,0,0,3,1,1,1,0,0,1,3,1,3,3,2,1,3,2,6,1,4,1,2,1
ASV28956,2,4,0,2,3,3,2,2,3,2,2,0,0,0,2,3,1,1,0,1,1,1,4,19,2,7,6,7,24,20,11,8,9,3,2,4,1,7,2,0,2
ASV29103,6,8,9,4,4,8,6,5,6,7,13,5,3,0,7,15,12,9,13,20,10,4,13,19,14,27,27,38,72,46,54,65,47,39,3,9,2,1,7,9,18
ASV30114,1,5,1,3,1,2,2,7,3,4,6,3,3,3,2,6,4,2,2,4,3,12,20,29,23,16,17,15,31,27,20,51,39,37,42,28,31,33,26,9,14
ASV30550,5,1,10,2,7,10,14,3,9,11,15,11,7,3,2,7,4,3,4,6,5,7,15,14,4,6,15,12,6,11,13,10,4,4,10,7,28,13,22,35,56
ASV30953,41,18,621,159,52,19,25,9,4,5,2,3,2,1,0,2,2,0,0,1,1,0,0,26,10,1,2,0,0,0,1,0,0,2,0,0,57,245,36,20,6
ASV31657,0,0,0,0,0,0,0,0,0,0,0,0,0,0,0,1,0,0,0,0,0,1,0,0,1,0,0,0,0,0,1,0,0,0,0,0,0,0,0,0,1
ASV32033,0,1,0,0,0,0,0,0,0,0,0,0,0,0,0,0,0,0,0,0,0,0,1,0,1,0,1,0,0,0,0,0,0,0,0,0,0,0,0,0,0
ASV32063,0,0,1,0,0,0,0,0,2,2,11,2,6,2,0,1,0,2,0,0,0,0,0,0,0,0,1,4,6,2,2,0,0,2,1,1,2,1,0,0,1
ASV32240,0,0,0,0,0,0,0,0,0,0,0,0,0,0,0,0,0,0,0,5,0,2,10,5,4,4,5,2,3,0,0,0,1,0,0,1,0,0,0,0,0
ASV32265,17,12,21,19,13,26,34,25,26,39,50,47,52,76,86,165,175,126,83,98,132,112,105,76,72,17,29,23,25,26,27,34,35,25,18,23,42,36,50,42,47
ASV32273,13,11,9,18,12,14,15,6,12,21,13,12,4,20,17,22,34,36,28,24,44,25,43,42,48,23,22,32,44,37,30,36,38,22,7,28,20,15,20,17,6
ASV33012,0,0,0,0,1,0,0,0,0,0,0,0,0,0,0,0,0,0,0,0,0,0,0,0,0,0,0,0,0,0,0,0,0,7,4,3,2,1,5,5,2
ASV34390,0,0,0,0,0,0,0,0,0,0,0,1,0,0,0,0,2,0,2,0,3,4,3,1,1,4,3,2,2,0,1,2,0,0,0,0,0,0,0,0,1
ASV34558,0,0,1,0,0,0,1,0,0,0,0,0,1,0,0,0,0,0,0,0,0,0,0,0,0,0,1,6,0,0,0,0,0,0,0,0,0,0,0,0,0
ASV34660,0,0,0,0,0,0,0,0,0,0,0,0,0,0,0,0,0,0,0,0,0,0,0,1,4,9,3,0,1,0,0,0,0,0,0,0,0,0,0,0,0
ASV35392,18,11,15,11,11,5,14,17,11,13,17,10,8,9,7,8,12,6,10,17,13,11,17,7,15,25,27,42,27,30,16,39,41,30,19,50,39,62,70,70,67
ASV35646,5,5,10,7,4,1,2,3,2,2,0,2,1,2,0,1,3,3,1,0,0,5,3,3,5,0,1,2,7,1,4,1,0,2,6,2,1,4,3,0,1
ASV35720,5,2,9,11,6,4,12,6,7,15,20,16,13,20,21,47,41,64,53,41,64,41,56,32,60,32,26,24,24,22,20,22,29,15,14,18,9,11,9,12,9
ASV36885,5,8,6,5,8,5,5,6,8,7,12,9,5,8,7,12,16,16,18,19,13,22,28,21,24,43,34,37,18,24,26,15,14,12,7,7,13,16,18,24,15
ASV37427,0,0,4,1,1,0,0,0,0,1,0,0,0,0,0,0,0,0,0,0,0,0,0,0,0,0,0,0,0,0,0,0,0,0,0,0,0,0,3,1,0
ASV38694,2,3,2,3,1,2,2,1,4,1,7,5,10,6,18,23,63,47,31,42,21,10,9,13,14,18,11,16,23,19,21,22,33,31,25,30,21,23,14,18,10
ASV38993,3,0,0,0,1,1,1,0,0,0,1,0,0,0,2,4,6,9,10,13,19,3,8,2,2,6,3,0,4,1,1,1,1,0,1,1,0,0,1,1,0
ASV39260,0,0,0,0,0,0,0,0,0,0,0,0,0,0,5,1,2,13,49,6,3,1,0,0,4,14,6,2,1,2,2,1,0,0,1,0,0,0,0,0,0
ASV40505,0,0,1,2,0,4,0,1,0,2,6,1,1,0,3,1,3,0,1,0,0,8,42,19,15,2,14,5,2,3,0,2,4,3,4,1,1,0,1,0,2
ASV41360,0,0,0,0,0,0,0,0,0,0,0,0,0,0,0,0,0,0,0,0,0,4,3,6,11,43,18,14,7,17,10,16,11,6,0,2,4,8,8,8,9
ASV42097,1,0,1,1,0,0,0,0,0,0,0,0,0,1,1,0,0,0,0,0,1,0,2,1,0,2,1,0,0,1,0,0,1,0,0,0,0,0,0,0,0
ASV42436,3,0,3,1,5,1,3,1,1,0,3,3,1,0,1,4,1,3,8,38,38,38,51,23,52,30,38,30,23,16,21,10,14,4,8,6,4,3,9,8,1
ASV43712,0,0,0,0,1,2,4,0,4,5,0,1,1,0,0,0,0,0,0,0,0,0,1,0,0,0,0,0,0,0,0,0,0,0,0,0,2,5,11,16,20
ASV44081,1,0,0,0,0,0,0,1,0,0,0,0,0,0,0,0,0,0,0,0,4,1,1,2,1,0,0,0,0,0,0,1,0,2,0,0,0,0,0,1,0
ASV44588,10,4,9,8,6,7,52,15,7,11,15,5,2,4,2,1,0,1,1,3,4,1,15,9,30,55,22,63,40,19,8,11,8,4,5,4,7,9,7,3,4
ASV45217,1,0,0,0,0,0,1,0,4,1,5,1,1,1,1,1,0,2,0,1,1,3,9,7,2,11,6,12,24,12,6,8,2,2,1,2,0,0,1,0,2
ASV45249,6,7,9,4,5,7,1,4,8,5,13,14,10,21,24,30,45,62,36,31,28,14,6,11,7,7,2,6,6,11,3,0,0,0,0,0,0,0,1,0,1
ASV45368,1,0,0,2,1,0,0,0,0,0,0,0,0,0,0,0,0,0,0,2,2,0,3,1,3,2,1,0,3,2,1,0,0,1,0,0,0,0,0,0,0
ASV46131,0,0,0,0,0,0,0,0,0,0,0,0,0,0,0,0,0,0,0,0,1,3,2,1,0,2,0,0,0,0,0,0,0,0,0,0,0,0,0,0,0
ASV46418,0,0,3,2,1,2,0,0,0,0,1,0,0,0,0,0,0,0,0,0,0,0,0,4,2,5,2,0,6,1,0,0,0,0,1,1,2,0,0,0,0
ASV46722,0,0,0,0,0,1,0,0,2,0,0,3,0,2,3,1,1,2,1,5,2,0,0,0,0,3,4,4,3,5,8,6,5,3,1,6,3,4,13,12,10
ASV47278,0,0,0,1,0,0,0,0,0,1,0,0,0,0,0,2,0,0,1,0,0,0,0,0,0,0,1,6,2,0,2,1,0,0,1,0,0,0,0,1,3
ASV47885,0,0,1,0,0,1,0,1,1,3,1,2,0,0,1,0,0,0,0,0,0,0,3,2,1,0,3,0,0,0,0,0,0,0,0,1,0,0,0,0,1
ASV49357,0,0,0,0,0,0,0,0,7,4,1,4,0,0,10,2,1,0,1,3,0,0,15,4,7,6,2,9,45,2,2,3,1,0,1,0,0,0,0,0,0
ASV50768,11,9,10,8,3,11,38,16,39,52,93,56,30,23,4,11,7,6,3,4,1,0,9,4,4,1,7,14,19,18,12,8,11,5,0,2,7,4,7,8,4
ASV52170,0,0,0,0,0,0,0,0,0,0,0,0,0,0,0,0,0,0,0,0,0,0,0,0,0,0,0,0,0,0,0,0,0,0,0,2,0,0,0,0,0
ASV52948,52,37,39,29,47,33,43,25,34,26,28,33,22,28,16,17,14,29,31,35,27,17,27,19,36,27,39,26,21,12,25,18,19,9,4,5,10,12,8,16,14
ASV54420,0,0,0,0,0,0,0,0,0,0,0,0,0,0,0,0,0,0,0,0,0,0,0,0,0,0,0,0,0,0,0,0,0,0,0,0,0,0,0,0,0
ASV55388,17,5,14,19,7,14,32,14,50,51,119,55,34,27,7,25,11,8,6,6,6,0,3,4,1,6,10,14,22,17,15,7,6,2,0,6,6,9,11,1,7
ASV57771,11,7,18,22,50,23,61,21,17,11,10,3,4,2,1,0,2,1,1,0,1,7,56,81,46,73,25,52,29,15,15,13,18,10,0,3,1,3,73,42,44
ASV57930,7,1,2,3,1,2,8,2,2,0,7,2,0,0,0,0,2,0,1,0,0,0,0,1,1,0,0,7,6,3,3,1,2,1,0,0,1,0,0,0,2
ASV58527,0,4,4,0,1,0,0,0,0,0,1,0,1,0,0,1,1,0,0,0,0,0,0,0,0,0,0,0,0,0,0,0,0,0,0,0,0,0,0,0,0
ASV60537,0,1,0,0,0,0,1,18,44,23,13,9,1,4,0,0,2,1,0,0,1,0,0,0,0,0,0,0,0,0,0,0,0,0,0,0,0,0,0,0,0
ASV61280,55,33,45,41,35,47,46,50,32,45,59,46,32,32,39,36,32,49,62,44,65,51,67,19,82,92,70,76,65,56,64,40,61,14,17,21,41,24,30,42,42
ASV66022,0,0,0,3,0,0,0,0,0,0,0,0,1,0,0,1,0,0,0,0,0,0,2,8,2,0,4,0,2,1,0,1,3,1,0,0,0,0,0,0,0
ASV68406,0,0,0,0,0,0,0,0,0,0,0,0,0,0,0,0,0,0,0,0,0,0,0,0,0,0,0,0,0,0,62,0,0,0,0,0,0,0,0,0,0
ASV68661,0,0,0,1,0,0,0,0,0,0,0,0,0,0,0,0,0,0,0,0,0,0,3,2,2,1,1,0,0,0,0,0,0,0,0,0,0,0,0,0,0
ASV69355,0,0,0,0,1,0,0,0,2,3,3,2,0,0,0,2,1,0,0,0,0,0,4,34,2,6,23,3,1,1,3,1,41,9,1,1,3,2,0,0,2
ASV70460,2,0,0,0,0,0,0,0,0,0,0,0,0,0,0,0,0,0,0,0,0,0,0,0,0,0,0,0,0,0,0,0,0,0,0,0,0,0,0,0,0
ASV71599,0,1,8,1,0,3,0,0,0,0,2,0,3,4,2,1,6,1,1,0,0,0,0,3,2,0,3,1,12,2,2,3,6,6,4,10,7,1,5,1,5
ASV72722,4,1,4,1,1,1,0,1,0,0,0,0,0,0,0,0,1,0,0,0,0,0,0,0,0,0,0,0,0,0,0,0,0,1,1,2,1,0,0,0,1
ASV75530,0,0,1,0,0,0,0,0,0,1,0,0,0,0,3,0,0,0,0,0,0,0,0,0,0,0,0,3,10,0,0,0,1,0,0,0,0,0,0,0,1
ASV75987,2,2,2,0,4,1,2,0,0,0,2,1,4,3,2,0,0,1,0,0,0,0,0,0,0,0,0,0,2,2,2,0,0,1,1,0,1,8,7,8,5
ASV76874,0,0,0,0,0,0,0,0,0,0,0,0,0,0,0,0,0,3,1,16,60,64,55,19,22,14,12,6,9,6,6,6,3,3,0,0,1,0,3,2,1
ASV77786,1,0,0,0,0,0,0,0,2,0,0,0,0,1,0,1,0,1,0,0,0,0,1,3,1,1,12,8,19,10,6,6,6,3,3,1,1,1,1,0,1
ASV81361,13,5,3,0,2,1,2,0,1,1,0,0,0,0,0,0,0,0,0,0,0,0,0,0,0,0,0,0,0,0,0,0,0,0,0,0,0,0,0,0,0
ASV81935,0,0,0,0,0,0,0,0,0,0,0,0,0,0,0,0,0,0,1,1,1,1,3,1,0,0,11,0,0,0,1,0,0,0,0,0,0,0,0,0,0
ASV82811,0,0,0,0,0,0,0,0,0,0,0,0,0,0,0,0,0,0,0,0,0,0,0,0,0,0,0,0,0,3,6,1,6,12,48,36,26,15,24,18,9
ASV83274,22,27,20,43,40,42,69,32,36,50,59,47,34,40,34,34,59,36,44,47,48,43,49,48,46,30,36,48,51,60,56,55,46,40,49,52,64,39,42,36,50
ASV83470,0,0,0,0,0,0,0,0,0,0,0,0,0,0,0,0,0,0,0,0,0,0,0,0,0,0,0,0,0,0,0,0,0,0,0,0,1,0,0,0,0
ASV83800,1,0,1,1,0,0,0,0,3,2,1,0,0,0,0,2,0,0,0,0,0,0,0,0,0,1,0,1,0,0,1,0,0,0,0,0,0,0,0,0,0
ASV84003,0,0,0,0,0,0,0,0,0,0,0,0,1,0,0,0,0,0,0,0,0,0,0,0,0,0,0,0,0,0,52,0,0,0,2,0,0,0,0,0,0
ASV86490,0,1,0,0,1,0,0,0,0,0,0,0,0,0,2,0,0,0,0,7,1,1,2,0,0,2,1,6,11,9,1,1,1,0,0,0,1,2,0,0,2
ASV88060,0,16,17,11,11,12,24,11,11,2,3,0,2,1,0,0,0,0,0,0,0,3,23,30,15,36,13,29,30,9,3,13,8,4,1,1,3,1,1,3,2
ASV88629,0,0,1,0,3,2,2,0,0,2,2,0,0,0,0,1,0,0,0,0,0,0,0,5,1,1,4,1,5,1,3,0,1,0,1,4,2,0,0,0,3
ASV91760,0,0,0,0,0,0,1,0,1,0,0,0,0,0,0,0,0,0,0,0,0,0,0,0,0,0,0,0,0,0,0,0,0,0,0,0,0,0,0,0,0
ASV92722,0,1,0,0,0,0,1,0,0,0,0,0,1,0,0,1,0,0,0,0,0,0,1,5,1,1,3,0,0,0,1,0,2,0,0,1,0,0,0,0,0
ASV93123,17,2,0,0,1,0,0,1,0,2,0,1,0,0,1,0,0,0,0,0,0,0,0,0,0,0,0,0,0,0,0,0,0,0,0,0,0,0,0,0,0
ASV95346,0,0,0,0,0,0,0,0,0,0,0,0,0,0,0,0,0,0,0,0,0,0,0,0,0,0,0,0,0,0,0,0,0,0,0,0,0,0,0,0,0
ASV95427,0,0,0,0,0,0,0,0,0,0,0,0,0,0,1,0,0,0,0,0,0,0,0,0,0,0,0,0,0,0,0,0,0,0,0,0,0,0,0,0,0
ASV100653,0,0,0,0,0,1,1,0,0,3,2,0,1,0,4,0,0,0,0,0,0,0,0,11,1,4,12,1,0,0,0,2,8,1,0,1,2,0,1,0,0
ASV104207,0,0,0,0,0,0,0,0,0,0,0,0,1,0,0,0,0,0,0,0,0,3,0,0,0,0,0,0,0,0,0,0,0,0,0,0,0,0,0,0,0
ASV104698,0,0,0,0,0,0,6,6,4,11,1,2,0,0,3,1,0,3,0,0,0,0,0,0,0,0,1,1,0,1,0,2,0,0,0,0,1,0,1,2,1
ASV105600,0,0,1,1,0,0,1,1,1,1,0,0,0,0,0,0,0,0,0,0,0,0,0,0,0,0,0,0,0,0,1,0,0,0,0,1,1,1,0,4,1
ASV105637,47,31,49,83,114,80,91,49,65,75,73,66,63,89,81,45,97,76,58,39,58,50,60,75,66,74,91,81,71,59,132,5,40,19,14,22,38,25,22,82,65
ASV105988,6,14,4,2,1,3,4,0,2,2,7,9,5,11,15,12,12,6,11,16,22,22,16,24,55,32,44,39,27,36,44,30,15,10,10,19,18,11,17,11,10
ASV106008,0,0,0,0,0,0,0,0,0,0,0,1,0,0,0,0,0,0,0,0,0,0,0,0,0,0,0,0,0,0,1,0,0,0,0,0,0,1,0,0,0
ASV106254,212,137,227,208,165,136,101,77,101,107,104,88,72,80,78,87,126,89,85,95,145,108,161,349,143,116,135,142,178,153,147,207,292,203,222,191,149,128,168,150,114
ASV106298,106,76,101,106,99,91,88,87,70,89,115,74,72,70,60,106,143,115,89,109,125,104,148,246,118,127,109,106,141,144,135,145,192,114,134,176,146,154,209,171,169
ASV106988,30,20,41,39,22,35,35,26,26,33,28,14,26,16,21,16,33,25,26,24,33,34,43,85,35,27,33,37,45,23,35,43,39,30,42,53,41,37,34,27,32
ASV107007,17,8,24,19,14,14,10,18,12,6,7,9,5,6,5,2,12,5,5,3,10,3,4,13,6,8,4,6,10,13,21,20,26,35,25,50,31,34,44,34,22
ASV107922,0,1,0,0,0,0,0,0,0,0,0,0,0,0,0,0,0,0,0,0,0,0,0,0,0,0,0,3,0,0,0,0,0,0,0,0,0,1,0,0,0
ASV108065,20,17,12,17,13,4,8,9,11,10,13,14,5,9,5,7,11,17,10,13,4,10,12,28,17,10,24,28,22,43,27,32,39,41,49,57,47,56,76,63,54
ASV108093,0,1,0,0,0,1,0,0,4,2,2,5,0,1,1,0,0,0,0,0,0,0,0,1,0,0,2,0,0,0,0,0,0,0,0,0,0,0,0,1,0
ASV108102,0,1,2,2,2,0,3,0,0,0,2,1,2,1,0,0,1,0,1,1,0,0,0,0,1,0,1,5,1,1,2,0,2,1,1,0,1,0,3,3,2
ASV109514,17,9,11,17,9,11,10,12,17,15,23,15,8,10,6,12,16,20,17,13,30,14,18,22,27,20,43,44,33,38,23,28,43,24,33,40,53,44,42,34,34
ASV110756,0,0,0,0,0,0,0,0,0,0,0,0,0,0,0,0,0,0,0,0,0,0,0,0,0,0,0,0,0,0,0,0,0,0,0,0,0,0,0,0,0
ASV112197,1,0,0,0,0,0,0,1,1,0,0,0,0,0,0,1,0,1,1,4,2,0,0,3,7,1,1,1,0,0,0,0,1,1,0,0,0,0,0,0,0
ASV112567,60,34,69,37,66,42,44,36,38,36,48,31,24,37,24,27,52,44,31,23,39,29,40,52,38,50,57,59,73,56,50,62,93,62,79,102,84,126,125,100,93
ASV113314,0,0,0,0,0,0,0,1,0,0,1,0,1,1,5,7,26,48,55,27,14,11,8,2,7,1,1,0,1,0,0,1,0,0,0,0,0,0,0,0,0
ASV114990,4,0,7,6,4,5,1,9,4,0,3,5,3,3,4,3,6,2,4,5,10,8,7,4,12,19,9,19,18,21,29,38,51,33,34,30,25,44,54,43,50
ASV125506,0,0,0,0,0,0,5,4,1,0,0,0,0,0,0,0,0,0,0,0,0,0,0,0,0,0,0,0,0,0,0,0,0,0,0,0,0,0,0,0,0
ASV125574,30,20,27,24,28,50,48,35,53,60,83,80,84,67,73,70,82,67,60,38,43,19,18,16,36,23,21,19,18,13,20,13,8,4,6,8,16,13,31,31,26
ASV126445,0,0,0,0,0,0,0,0,0,0,0,0,0,0,0,0,0,0,0,0,0,0,0,0,0,0,0,0,0,0,0,0,0,0,2,0,0,0,0,1,0
ASV134793,0,0,0,0,0,0,0,0,0,1,0,0,0,0,0,0,0,0,1,0,0,0,0,2,0,0,0,0,1,0,0,0,0,0,0,0,0,0,0,0,0
ASV138035,23,12,25,13,29,25,23,17,16,23,21,18,4,8,6,7,6,9,10,4,4,1,2,18,6,13,9,12,31,22,25,19,24,33,25,27,21,25,27,24,28
ASV138067,4,1,31,4,0,1,0,1,0,2,4,1,1,1,0,0,1,1,0,0,0,0,0,0,0,0,0,1,2,4,1,0,1,2,0,0,1,1,2,2,5
ASV149040,1,0,1,0,0,2,2,2,0,0,6,3,6,4,19,38,14,5,5,8,2,3,1,2,2,3,1,10,11,1,4,3,6,2,1,1,0,0,20,9,16
newASV5,0,0,0,1,1,1,3,0,0,1,0,1,0,1,0,1,0,0,0,0,0,0,3,0,2,17,10,5,27,4,7,1,8,8,1,5,2,2,2,0,0
newASV9,0,0,0,0,0,0,5,0,0,0,0,0,0,2,2,1,1,0,0,1,0,0,1,0,0,1,6,3,2,7,9,1,2,1,4,4,0,0,2,0,1
newASV10,389,218,321,332,362,449,461,383,364,447,593,596,473,476,371,339,483,487,428,355,447,248,276,295,404,308,257,250,270,230,263,135,179,121,121,77,183,205,295,306,208
newASV14,8,0,1,0,0,2,0,0,0,0,0,2,0,0,0,0,0,0,0,0,1,0,0,0,0,0,0,0,0,0,1,0,0,0,0,0,0,0,0,0,0
newASV16,35,14,21,22,24,42,32,24,47,51,56,47,57,58,53,65,155,121,112,209,219,180,228,135,318,375,342,423,383,382,283,321,488,390,318,388,451,520,807,672,456
newASV22,1,0,3,1,0,0,2,0,1,0,0,0,0,0,3,0,0,0,0,0,0,0,20,4,0,0,0,0,1,0,0,0,1,0,0,0,0,0,0,0,0
newASV25,0,0,0,0,0,0,0,0,0,0,0,0,0,0,0,0,0,0,0,0,0,0,0,0,0,0,0,0,0,0,0,0,0,0,0,0,0,0,0,0,0
newASV33,130,112,131,152,152,133,120,88,99,92,98,92,67,69,56,69,95,92,55,65,82,70,102,79,87,82,110,114,136,130,138,202,183,158,180,202,163,174,175,157,115
newASV36,0,0,0,0,0,0,0,0,1,0,0,0,0,0,0,0,0,0,1,0,0,0,0,0,0,0,0,0,0,0,0,0,0,0,0,0,0,0,0,0,0
newASV37,0,0,1,0,0,0,0,0,0,0,0,0,0,0,0,0,0,0,0,0,0,1,1,0,0,5,1,0,1,0,1,0,0,0,0,0,0,0,0,0,0
newASV42,188,123,162,160,187,177,175,173,157,180,205,144,99,108,75,92,155,129,93,86,100,64,88,232,93,93,91,106,133,135,116,171,207,162,175,176,168,169,208,169,158
newASV44,0,0,0,0,0,0,0,0,0,0,0,0,0,0,0,0,0,0,0,0,0,0,0,0,0,0,0,1,0,0,0,0,0,0,1,2,0,0,0,1,1
newASV57,0,0,0,0,0,0,0,0,0,0,0,0,0,0,0,0,0,0,1,2,2,0,0,0,0,0,0,0,0,0,0,0,0,0,0,0,0,0,0,0,0
newASV67,49,34,55,46,58,38,54,46,56,52,75,40,23,42,16,31,39,32,16,32,30,29,25,63,29,31,38,77,57,58,32,70,81,62,110,131,134,97,111,94,64
newASV69,0,0,0,0,0,0,0,0,0,0,2,0,0,1,0,0,0,2,0,0,0,0,2,0,0,0,0,0,0,0,0,0,0,0,1,3,1,0,0,0,0
newASV75,0,0,0,0,0,0,0,0,0,0,0,0,0,0,0,0,0,0,0,0,0,0,0,0,0,0,0,9,0,0,0,0,0,0,0,0,0,0,0,0,0
newASV77,5,3,2,4,63,35,8,5,1,4,2,0,2,1,2,3,0,0,0,2,0,0,0,0,1,0,0,0,0,0,0,0,0,3,1,1,0,3,0,2,3
newASV89,16,23,23,22,12,27,27,19,25,37,51,33,27,34,26,67,167,122,65,33,32,21,47,55,86,69,77,78,62,55,53,23,29,22,15,12,9,11,11,16,4
newASV93,0,0,0,0,0,0,0,0,0,1,1,0,0,0,0,0,0,0,0,0,0,0,0,0,0,0,0,0,0,0,0,0,0,0,0,0,0,0,0,0,0
newASV95,68,23,67,50,61,57,50,46,38,40,50,34,34,44,25,52,82,60,58,79,74,42,57,29,78,84,79,97,86,57,75,64,64,39,25,18,29,39,43,43,28
newASV98,0,0,0,0,0,2,0,0,1,0,0,1,1,0,0,0,0,0,0,0,0,0,0,3,0,0,1,4,5,7,7,3,1,8,1,0,0,0,0,0,0
newASV100,1,0,0,0,0,0,0,0,0,1,0,0,0,0,0,0,0,0,0,0,0,3,0,0,0,3,1,0,1,0,0,0,0,0,0,0,0,0,0,0,0
newASV110,0,0,1,3,0,1,0,0,0,1,0,0,0,0,0,0,0,0,0,0,0,1,0,0,0,2,0,0,2,0,0,3,1,1,0,0,0,2,1,0,1
newASV112,0,0,0,0,0,0,0,0,0,0,0,0,0,0,1,0,0,0,0,0,0,0,0,0,0,0,0,0,0,0,2,1,0,0,1,0,0,0,0,0,0
newASV117,2,1,1,0,2,2,1,3,3,0,4,8,5,5,15,15,30,21,12,18,19,13,17,49,34,30,54,62,58,74,81,85,112,67,82,102,77,103,157,107,134
newASV119,0,0,0,0,0,0,0,0,0,0,0,0,0,0,0,0,0,1,0,0,0,0,6,13,18,50,130,205,305,358,283,256,191,122,133,82,57,65,55,31,28
newASV120,0,0,0,0,0,0,0,0,0,0,0,2,1,1,1,0,0,1,0,2,0,0,0,2,1,1,0,1,0,0,0,0,0,0,0,0,0,0,0,0,0
newASV126,0,0,0,0,0,0,0,0,0,0,0,0,0,2,0,0,0,1,0,0,0,0,2,0,0,5,0,0,3,0,0,0,0,0,0,0,0,0,0,0,0
newASV132,33,47,72,64,48,60,78,56,86,92,114,84,39,56,53,37,37,29,7,13,26,13,14,27,5,1,9,9,6,10,5,9,4,8,4,4,5,5,1,4,2
newASV156,23,32,37,59,56,50,62,47,30,59,47,43,23,23,23,26,28,26,20,14,18,18,11,12,10,13,29,31,32,43,24,46,39,52,91,87,114,118,111,79,89
newASV172,0,0,0,0,0,0,0,0,0,0,0,1,0,0,0,0,0,0,0,0,0,0,0,0,0,0,1,1,2,0,0,0,0,0,0,0,0,0,0,0,0
newASV182,0,0,0,1,0,0,0,0,0,0,0,0,0,0,0,0,0,0,0,0,0,0,4,5,4,2,1,0,0,0,0,0,0,0,0,0,0,0,0,0,0
newASV195,0,0,0,1,0,0,1,0,0,0,0,0,0,0,0,0,1,0,0,0,0,0,0,3,0,0,2,0,1,0,1,0,0,1,0,0,0,0,0,0,0
newASV208,0,0,0,0,0,0,0,0,0,0,0,0,0,0,0,0,0,0,0,0,0,0,0,0,0,0,0,0,0,0,0,0,0,0,0,0,0,0,0,2,2
newASV211,0,0,0,0,0,0,0,0,0,0,0,0,0,0,0,0,0,0,0,0,0,0,0,0,0,0,0,0,0,0,0,0,0,0,0,0,0,0,0,0,0
newASV249,9,11,11,21,20,17,25,24,19,30,48,39,42,52,75,23,34,49,39,32,36,26,20,4,25,28,34,44,36,36,49,9,1,3,5,3,8,5,6,15,13
newASV250,0,0,0,0,0,0,0,0,0,0,0,0,0,0,7,5,4,0,1,0,1,0,2,0,2,0,0,1,3,9,4,0,0,0,0,0,0,0,0,0,0
newASV251,0,0,0,0,0,0,0,0,0,0,4,4,0,0,0,0,0,0,0,0,0,0,2,1,1,0,0,0,0,0,0,0,0,0,0,0,0,0,0,0,0
newASV279,0,0,0,0,0,0,0,0,0,0,0,0,0,0,0,0,0,0,0,0,0,0,0,0,0,0,0,0,0,0,0,0,0,0,0,0,0,0,0,0,0
newASV292,11,8,10,20,16,10,16,15,5,11,24,23,14,15,19,15,35,23,14,23,27,34,32,16,47,43,39,36,41,37,33,38,32,22,20,14,20,22,31,40,20
newASV293,0,1,1,0,0,2,4,4,4,8,5,4,5,8,9,0,2,0,0,0,0,2,2,0,6,3,8,25,27,67,35,17,31,18,26,24,48,32,30,34,35
newASV297,0,0,0,0,0,0,0,0,0,0,0,0,0,0,0,0,0,0,0,0,0,0,0,0,0,0,0,0,0,0,0,0,0,0,0,0,0,0,0,0,0
newASV300,0,0,0,0,1,0,0,0,0,0,1,1,0,0,0,0,0,0,0,0,0,0,0,0,0,0,0,0,1,0,0,0,0,0,0,0,1,0,0,0,1
newASV336,0,2,0,0,2,0,0,0,4,2,1,0,5,3,4,6,3,6,9,9,20,14,34,17,40,34,37,45,51,32,40,42,60,41,37,42,47,36,54,48,26
newASV342,0,0,0,0,0,0,0,0,3,1,0,2,0,0,0,0,0,0,0,0,0,0,0,0,0,1,0,2,12,1,0,0,0,0,0,0,0,0,0,0,0
newASV344,11,10,12,11,10,23,22,16,15,23,27,18,11,13,15,13,12,20,13,12,27,33,33,41,19,20,31,33,32,54,39,27,19,16,17,19,27,12,14,19,18
newASV386,0,0,0,0,0,0,0,0,0,0,0,0,0,0,0,0,0,0,0,0,0,2,1,1,2,3,0,0,1,0,0,0,0,0,0,0,0,0,0,0,0
newASV408,7,1,2,3,1,3,1,0,1,1,0,0,0,0,0,0,0,0,0,0,0,0,0,0,0,0,0,0,0,0,0,0,0,7,3,7,5,2,13,5,11
newASV442,40,39,42,22,42,51,30,41,37,52,48,33,26,35,24,51,76,37,33,47,46,35,53,15,35,4,4,6,2,1,2,2,4,1,5,2,6,9,6,11,7
newASV455,0,0,0,0,0,0,0,0,0,0,0,0,0,0,0,0,0,0,0,0,0,0,0,0,0,0,0,0,0,0,0,0,0,0,0,0,0,0,0,0,0
newASV461,0,0,0,0,2,0,1,0,1,2,4,8,7,4,2,1,5,1,3,3,0,0,1,3,0,2,6,1,0,0,0,1,0,1,10,5,1,7,5,1,0
newASV462,0,0,0,0,0,0,1,0,1,0,0,0,0,0,0,0,0,0,0,0,0,0,0,0,0,0,0,0,0,0,0,0,0,0,0,0,0,0,0,0,0
newASV496,8,2,7,11,15,17,15,7,11,7,4,2,3,2,17,5,12,3,5,5,6,5,7,20,35,12,14,18,10,17,32,4,59,17,14,21,23,28,29,26,33
newASV519,0,0,0,0,0,0,0,0,0,0,1,0,0,0,0,0,0,0,0,0,0,0,0,0,0,0,0,0,0,0,0,0,0,0,0,0,0,0,0,0,0
newASV531,0,0,0,0,0,0,0,0,0,0,0,0,0,0,0,0,0,0,0,0,0,0,0,0,0,0,0,0,0,0,0,0,0,0,0,0,0,0,0,0,0
newASV539,0,0,0,0,0,0,0,0,0,0,0,0,0,0,0,0,0,0,0,5,4,0,0,0,0,1,0,0,0,0,0,0,0,0,0,0,0,0,0,0,0
newASV554,6,0,0,0,0,0,0,0,0,0,0,0,0,0,0,0,0,0,0,0,0,0,0,0,0,0,0,0,0,0,0,0,0,0,0,0,0,0,0,0,0
newASV872,0,0,0,0,0,0,0,0,0,0,0,0,0,0,0,0,0,0,0,0,0,0,0,0,0,0,0,0,0,0,0,0,0,0,0,0,0,0,0,1,0
newASV1033,0,0,0,0,1,0,0,0,0,0,0,0,0,0,0,0,0,0,0,0,0,0,0,0,0,0,0,4,4,2,1,1,1,2,1,0,0,1,0,1,0
newASV1148,0,0,0,0,0,0,0,0,1,0,0,1,0,0,0,0,0,0,0,0,0,0,0,0,0,0,0,0,0,0,0,0,0,0,0,0,0,0,0,0,0
newASV1458,7,6,22,41,36,32,19,5,5,10,5,4,2,0,1,0,0,2,0,1,1,0,0,0,0,0,0,1,6,2,3,2,3,1,0,1,1,0,0,0,1
newASV1502,2,2,2,2,0,1,0,0,4,1,3,6,8,9,10,15,26,45,51,18,17,7,6,1,2,1,1,0,2,0,0,4,3,1,0,0,1,0,1,1,0
newASV5022,1,3,8,8,5,5,4,0,0,1,1,1,1,0,0,0,0,0,0,0,0,0,0,0,0,0,0,1,1,3,0,0,1,0,0,0,0,0,0,0,0
newASV7278,57,44,50,30,43,57,49,37,26,53,38,29,22,23,21,29,21,21,18,24,23,18,18,19,14,14,0,5,5,3,4,3,6,3,2,5,11,3,5,9,6
newASV8135,125,65,89,57,68,80,83,87,44,70,64,53,29,37,20,40,56,53,27,53,42,45,38,22,44,4,2,4,2,2,11,1,2,1,1,1,4,4,0,2,5
newASV29610,0,1,9,3,5,2,0,3,2,1,3,3,1,5,0,1,0,1,0,0,0,0,1,0,0,2,0,1,1,2,0,0,1,1,3,2,3,6,4,2,7
newASV32234,99,67,67,55,63,79,56,67,39,47,43,42,34,26,27,32,41,23,25,37,24,31,36,12,38,5,4,0,3,3,4,6,2,3,2,1,3,3,6,1,5
newASV38463,10,4,3,4,2,4,2,1,1,3,2,0,0,0,0,0,0,0,0,1,1,0,0,2,1,2,0,4,3,2,0,1,5,4,4,7,2,1,3,2,7
newASV47101,8,9,4,4,11,6,4,3,2,1,3,5,2,7,1,2,3,0,0,0,2,1,1,8,1,0,0,2,4,6,6,1,6,2,5,4,6,9,7,12,4
