ASV,Ejby Mølle 2019-10 AS,Ejby Mølle 2019-11 AS,Ejby Mølle 2019-12 AS,Ejby Mølle 2019-13 AS,Ejby Mølle 2019-15 AS,Ejby Mølle 2019-16 AS,Ejby Mølle 2019-17 AS,Ejby Mølle 2019-18 AS,Ejby Mølle 2019-19 AS,Ejby Mølle 2019-20 AS,Ejby Mølle 2019-21 AS,Ejby Mølle 2019-22 AS,Ejby Mølle 2019-23 AS,Ejby Mølle 2019-24 AS,Ejby Mølle 2019-25 AS,Ejby Mølle 2019-26 AS,Ejby Mølle 2019-28 AS,Ejby Mølle 2019-29 AS,Ejby Mølle 2019-30 AS,Ejby Mølle 2019-31 AS,Ejby Mølle 2019-32 AS,Ejby Mølle 2019-33 AS,Ejby Mølle 2019-34 AS,Ejby Mølle 2019-35 AS,Ejby Mølle 2019-36 AS,Ejby Mølle 2019-37 AS,Ejby Mølle 2019-39 AS,Ejby Mølle 2019-40 AS,Ejby Mølle 2019-41 AS,Ejby Mølle 2019-42 AS,Ejby Mølle 2019-43 AS,Ejby Mølle 2019-44 AS,Ejby Mølle 2019-45 AS,Ejby Mølle 2019-47 AS,Ejby Mølle 2019-48 AS,Ejby Mølle 2019-49 AS,Ejby Mølle 2019-50 AS,Ejby Mølle 2019-51 AS,Ejby Mølle 2020-3 AS,Ejby Mølle 2020-5 AS,Ejby Mølle 2020-6 AS,Ejby Mølle 2020-8 AS,Ejby Mølle 2020-9 AS
ASV1,2977,3062,3157,4439,4666,3125,3488,3387,4398,3817,4211,4454,3724,2544,3001,2557,2512,1523,1685,1169,1179,1513,1505,2273,2389,2205,2418,2441,2971,2096,2112,2957,3049,3437,3535,2801,2642,3425,2702,3393,2503,2901,2155
ASV2,1139,1123,1111,1334,1599,1393,1270,1183,1162,788,626,995,761,323,495,395,184,194,118,86,118,76,100,126,80,82,102,84,84,37,62,82,82,91,86,93,67,82,151,225,198,147,124
ASV3,878,650,770,563,762,770,573,542,471,358,420,457,570,479,770,863,746,1024,1117,1153,1659,1471,1685,1579,1355,1746,2422,1697,2324,1962,2589,3105,3030,3475,3105,2906,1942,1935,1913,2670,1936,1814,1934
ASV4,217,247,263,214,235,227,220,234,257,193,227,250,214,183,270,210,216,114,178,132,225,175,133,97,144,130,205,135,198,121,116,129,151,153,121,119,94,116,107,154,96,122,114
ASV5,85,81,93,124,138,106,90,117,162,131,128,347,193,144,196,189,121,231,86,72,95,101,168,162,140,118,110,83,135,60,78,96,71,86,72,64,54,64,63,98,84,57,48
ASV6,288,257,359,376,360,350,327,335,342,279,290,322,272,193,247,237,181,149,211,143,175,175,177,147,135,133,163,124,204,97,146,187,158,129,115,127,111,117,149,215,203,132,153
ASV7,88,95,129,149,125,122,138,117,158,122,139,159,105,85,83,100,54,23,39,25,32,34,69,80,82,89,91,68,103,75,85,84,118,140,126,101,144,145,157,167,171,198,134
ASV8,93,100,108,97,164,159,147,157,146,96,126,136,159,122,210,259,199,263,269,218,304,243,192,141,126,122,185,136,193,119,117,121,102,106,108,120,76,63,74,100,73,104,93
ASV11,117,104,149,168,309,325,329,389,344,334,294,370,412,307,491,369,321,291,263,169,201,155,110,104,67,79,60,38,57,24,34,31,43,33,38,35,25,21,33,61,46,59,64
ASV12,128,123,145,166,158,127,91,114,136,102,112,107,111,78,103,111,86,59,86,68,71,67,96,132,188,154,199,176,238,178,179,234,211,234,210,201,184,179,188,251,137,174,137
ASV13,82,103,113,110,119,120,112,122,102,95,104,106,84,81,91,94,71,54,67,62,64,62,62,48,48,48,72,40,70,57,40,77,59,46,47,52,50,74,57,54,40,60,33
ASV14,838,858,764,819,737,536,607,548,559,497,620,529,500,359,367,394,278,204,288,255,277,383,604,1030,638,805,942,721,1013,730,896,1003,1202,1025,838,815,683,718,540,439,345,336,333
ASV15,126,113,127,190,173,108,147,127,204,174,189,200,166,93,118,92,108,70,66,45,53,89,92,194,263,235,256,263,295,170,152,252,242,262,196,140,131,183,125,132,105,70,42
ASV16,462,447,678,636,789,739,598,675,541,479,466,519,491,310,370,393,224,224,262,171,229,190,187,130,128,124,184,123,171,170,153,167,154,166,146,173,99,186,233,400,284,394,373
ASV17,76,137,145,147,75,86,71,112,123,78,87,89,68,70,139,58,49,43,74,35,51,49,49,9,40,61,42,55,68,73,57,69,85,87,114,121,68,109,84,158,93,157,193
ASV18,125,59,102,67,65,61,51,69,115,58,213,162,185,104,137,186,108,188,304,207,135,162,62,87,153,146,92,165,97,177,96,141,115,148,246,302,196,212,274,388,336,348,342
ASV19,86,68,113,131,105,123,73,111,133,105,130,113,82,85,91,104,81,63,68,42,56,42,55,28,39,39,38,28,34,37,25,26,48,41,28,38,32,43,45,50,36,42,35
ASV20,246,251,339,265,366,308,282,297,272,293,255,328,297,241,323,290,219,267,249,185,207,156,193,133,123,113,148,144,147,142,133,125,126,135,151,174,152,210,230,315,263,281,221
ASV22,170,200,202,233,264,192,202,254,229,240,179,194,252,190,200,228,212,133,132,105,146,148,146,155,156,138,160,141,175,110,122,161,125,134,133,153,97,112,123,200,132,118,98
ASV23,140,95,115,114,95,118,136,116,121,141,106,107,93,104,124,106,123,81,86,58,54,87,264,251,196,138,122,87,151,100,149,154,131,106,125,161,109,134,177,180,167,169,159
ASV24,39,43,33,14,14,16,12,12,16,18,39,20,24,16,9,25,14,12,19,19,15,17,22,10,33,23,21,26,27,19,22,32,41,40,74,92,61,57,73,69,38,61,59
ASV26,176,194,286,273,223,235,247,265,324,253,224,271,262,186,245,234,199,145,165,117,140,109,146,99,101,98,122,100,132,104,120,106,154,100,104,116,85,110,105,171,157,136,125
ASV27,79,71,64,79,104,93,110,91,152,100,97,342,175,119,158,155,101,208,81,67,95,106,176,186,139,149,150,114,165,96,148,133,157,133,99,94,67,93,110,131,111,90,57
ASV28,101,68,108,75,141,144,130,178,147,178,107,82,111,79,111,112,45,52,70,28,48,22,26,20,25,14,17,15,15,14,9,16,9,8,20,13,18,26,75,108,77,122,104
ASV29,352,353,476,473,408,435,455,382,387,381,396,364,381,322,341,332,301,225,300,250,318,321,309,288,338,267,393,261,422,289,265,355,416,352,329,330,254,321,280,344,269,285,238
ASV30,279,492,516,370,210,263,192,153,171,145,148,133,180,154,117,135,279,139,242,159,140,126,99,107,96,69,137,75,94,77,69,99,114,97,57,107,70,83,60,99,78,106,78
ASV31,37,35,47,33,37,33,17,42,34,46,37,46,35,22,27,32,26,20,8,9,7,8,7,15,16,23,26,33,45,19,24,34,39,48,39,47,30,25,34,46,40,24,27
ASV32,72,59,99,79,90,98,124,124,127,139,118,183,176,140,170,187,288,255,269,216,241,265,333,248,279,191,341,290,385,270,262,284,236,189,200,176,115,134,100,112,86,88,68
ASV33,86,70,98,104,126,146,103,142,110,97,125,121,145,123,155,253,131,179,154,168,205,158,206,148,138,140,177,134,187,120,194,191,161,157,146,145,122,85,88,96,117,94,95
ASV34,16,15,40,20,28,41,13,39,40,36,35,30,40,18,13,26,12,21,13,5,5,8,8,1,2,9,4,1,3,5,3,2,4,2,7,4,2,12,14,34,23,22,28
ASV35,120,128,140,179,303,323,291,301,221,171,181,214,204,136,177,171,95,113,100,100,147,113,129,92,104,91,158,108,175,138,180,199,202,208,134,157,105,127,147,180,152,129,130
ASV36,20,28,38,48,31,36,32,34,44,39,23,32,44,17,41,39,31,23,23,22,26,23,30,16,17,16,31,28,38,22,24,33,38,23,19,22,13,18,14,32,16,23,17
ASV38,37,36,38,26,37,32,46,45,25,34,35,30,41,36,37,29,36,33,36,32,31,40,45,32,28,31,40,28,36,21,21,38,26,25,30,35,13,21,13,19,14,19,13
ASV39,26,21,26,26,12,28,31,20,39,36,43,17,32,46,38,15,27,34,21,11,5,23,69,46,35,23,11,13,16,21,22,28,14,25,36,41,17,19,44,33,36,33,24
ASV41,46,65,83,95,73,67,79,77,103,87,96,94,75,59,62,51,53,41,35,27,23,48,55,77,53,49,48,42,65,34,80,74,91,81,68,65,50,59,55,76,53,53,34
ASV42,24,41,44,131,150,186,93,186,128,201,23,15,53,60,68,92,44,121,34,31,78,34,51,27,4,12,98,14,114,11,25,24,13,8,62,127,43,61,30,74,43,36,89
ASV43,48,63,49,66,86,89,79,100,86,68,88,89,128,79,118,139,149,178,141,127,126,113,115,89,81,45,62,41,77,44,43,38,32,39,29,32,15,17,14,29,22,8,11
ASV45,37,49,44,37,70,94,82,63,42,27,30,43,61,51,113,97,78,119,119,115,107,103,109,83,65,85,113,86,100,89,84,116,95,99,101,121,64,65,63,88,78,96,77
ASV46,20,32,50,68,71,42,42,65,52,44,58,46,69,47,42,28,35,13,24,25,21,19,61,47,56,43,81,57,94,76,107,132,182,250,303,459,411,696,1111,2029,1916,2533,2825
ASV47,15,35,35,44,33,39,40,41,28,37,36,39,33,41,52,35,41,26,24,27,25,22,34,26,36,30,30,27,42,22,25,26,28,35,27,20,17,18,23,20,19,20,22
ASV49,71,56,67,78,53,71,69,65,68,77,35,49,54,47,48,34,32,39,34,16,16,24,86,84,45,39,33,14,34,21,41,31,14,45,34,61,33,30,57,61,46,47,41
ASV52,89,56,113,82,85,89,70,90,68,77,70,85,103,66,89,105,84,116,93,59,98,74,65,71,54,67,112,73,91,57,46,73,53,54,30,30,10,41,29,33,31,22,20
ASV53,42,25,45,56,57,68,82,76,101,85,149,144,161,101,137,165,133,123,99,54,72,54,47,57,57,52,47,54,68,41,35,49,62,66,56,52,56,53,40,57,60,39,25
ASV54,116,106,187,130,141,124,132,100,108,100,79,106,92,65,104,72,82,65,91,56,75,72,59,60,62,76,120,86,112,69,97,143,89,84,72,105,61,71,78,119,71,81,71
ASV55,35,51,45,53,73,51,54,51,54,60,62,59,48,30,38,27,36,21,20,24,19,22,45,57,56,47,77,80,75,65,64,76,87,98,112,87,63,86,86,88,62,70,52
ASV57,181,303,240,249,346,268,311,231,305,266,206,261,200,149,174,129,127,79,102,71,86,131,143,189,165,205,223,170,266,143,185,213,282,273,197,177,200,191,168,194,122,169,150
ASV58,58,40,36,42,32,65,45,72,57,64,47,54,43,64,52,56,50,31,37,21,28,29,113,74,64,49,41,27,42,24,39,38,38,39,31,50,35,43,73,61,54,51,27
ASV59,280,288,344,311,409,344,389,362,360,299,298,366,368,202,274,233,247,171,177,135,179,237,219,359,331,275,351,272,403,242,289,385,385,360,313,286,254,315,260,297,212,319,209
ASV60,44,20,37,37,35,34,18,38,33,18,21,27,28,28,31,24,30,23,26,25,30,18,35,24,26,35,46,23,48,25,37,35,43,34,24,26,23,19,25,29,20,16,19
ASV62,23,23,11,26,38,13,19,27,46,32,31,76,52,29,47,48,41,58,21,25,26,23,34,29,30,22,18,17,12,6,16,15,13,13,8,9,4,3,7,7,8,8,7
ASV63,151,168,197,168,238,281,222,244,204,182,130,128,140,91,154,184,94,102,120,88,187,170,181,85,61,70,99,82,61,71,129,132,144,160,272,207,160,197,151,253,194,250,227
ASV65,62,67,72,87,72,57,60,63,64,65,13,25,45,35,23,36,32,12,8,28,19,25,33,31,28,30,60,27,87,33,41,56,46,33,35,50,23,36,39,62,26,33,39
ASV70,161,147,147,196,233,145,149,175,216,180,152,170,165,108,119,110,120,79,60,36,49,71,92,160,164,147,155,132,193,101,129,153,174,170,142,144,166,180,127,157,124,91,90
ASV71,40,31,40,34,69,55,60,59,57,49,52,59,76,46,78,83,56,81,68,70,73,79,70,71,55,44,33,43,62,38,55,50,40,43,23,27,19,26,23,30,18,20,18
ASV72,58,45,62,79,152,190,144,152,148,139,112,115,125,80,128,111,80,60,72,34,50,26,32,17,16,11,26,15,16,17,8,17,10,11,15,17,15,13,38,85,54,91,64
ASV74,161,136,166,122,99,103,80,72,63,50,44,33,59,30,50,32,28,23,28,27,31,42,63,28,43,46,54,59,52,70,44,59,75,76,51,59,27,35,35,23,17,15,10
ASV76,127,75,159,184,310,263,254,262,194,174,159,237,197,108,140,117,47,41,44,36,28,18,23,21,22,29,15,19,44,19,16,13,11,21,16,14,10,9,23,25,13,34,24
ASV79,233,172,226,223,205,230,220,225,222,179,180,208,234,191,210,193,173,147,169,132,175,134,158,125,112,100,128,127,131,108,87,109,87,94,76,66,50,66,68,94,64,72,41
ASV81,147,122,164,133,172,166,144,153,136,108,129,132,142,117,139,168,111,152,173,116,179,204,198,174,177,162,208,175,179,172,171,231,176,172,199,165,93,131,171,258,187,196,153
ASV83,9,8,2,9,5,11,10,5,7,6,4,12,22,13,21,26,29,18,30,19,32,36,63,70,75,86,127,114,153,103,92,100,130,105,86,67,73,91,46,49,35,38,46
ASV84,18,13,27,21,39,39,24,21,27,11,13,18,25,6,30,35,25,33,24,27,39,51,35,33,47,61,76,59,82,97,79,87,112,123,135,165,69,117,109,137,121,189,155
ASV87,44,45,87,89,83,78,83,83,70,55,80,88,90,41,60,68,58,27,34,20,28,32,45,66,59,60,67,55,93,54,64,74,87,72,59,50,54,53,45,40,41,31,29
ASV88,62,59,97,73,117,100,96,99,95,75,87,85,93,73,129,121,105,114,147,105,120,143,170,141,176,187,183,175,158,158,106,172,142,132,162,158,82,126,116,159,114,132,111
ASV92,74,83,82,87,90,73,100,101,97,83,118,120,107,74,106,83,85,85,98,60,75,106,106,85,90,98,97,83,112,96,68,79,88,80,84,68,47,55,52,54,56,57,44
ASV96,82,83,108,97,101,109,127,144,149,134,124,136,206,113,203,155,183,204,192,161,213,201,230,199,194,218,310,202,275,170,178,194,173,169,214,249,180,217,178,249,178,187,142
ASV97,33,38,48,65,62,51,38,29,44,42,47,68,37,10,16,26,25,12,13,6,21,12,21,26,32,23,28,24,23,27,21,18,34,27,24,14,12,17,16,18,25,21,26
ASV98,9,16,23,19,11,12,8,23,23,15,23,16,19,15,8,16,18,5,10,15,12,11,10,21,12,13,9,15,16,7,16,20,16,16,6,10,10,6,14,4,7,7,8
ASV99,44,45,71,40,65,93,78,106,90,46,74,71,102,64,111,101,55,76,61,62,48,44,27,47,26,26,44,31,26,27,22,20,24,23,32,24,17,25,24,29,19,38,32
ASV103,14,19,37,36,51,61,51,56,70,47,33,21,36,35,44,39,15,21,13,12,16,8,6,9,2,6,7,4,4,5,6,10,6,6,17,29,17,24,35,54,39,69,112
ASV104,21,17,20,33,35,34,28,28,21,22,25,39,21,19,31,36,37,19,20,14,24,33,34,26,24,35,29,23,39,27,42,30,29,30,17,22,21,28,20,25,19,12,18
ASV105,16,17,12,20,27,35,33,36,39,24,43,28,37,43,51,41,45,39,35,31,35,35,33,26,28,20,24,19,15,21,18,21,20,11,19,16,16,10,12,10,8,17,16
ASV109,4,6,9,10,7,8,3,7,6,2,4,3,2,6,5,3,2,4,1,6,4,2,3,4,4,4,5,2,8,5,3,1,5,5,5,6,5,3,3,2,5,4,1
ASV110,73,72,116,88,111,119,84,110,103,84,80,70,74,73,84,72,62,88,89,78,80,84,88,77,80,91,110,84,90,87,77,83,84,70,92,110,80,84,133,167,130,106,81
ASV112,21,22,16,22,38,41,48,33,22,38,24,27,31,21,19,27,22,13,19,10,20,11,22,21,15,15,31,20,18,14,11,15,10,6,9,5,10,4,14,9,10,15,7
ASV113,41,36,46,34,39,39,30,50,49,38,30,36,33,33,32,26,30,19,21,17,24,31,18,15,7,21,23,19,25,18,7,12,13,17,19,15,19,15,19,32,22,26,25
ASV114,32,24,49,70,57,50,57,50,72,56,62,86,45,31,41,19,20,22,15,13,9,19,12,12,15,9,19,9,17,11,7,11,20,9,10,11,5,5,8,10,7,10,8
ASV115,44,54,59,67,63,50,50,62,53,53,57,76,74,51,99,86,41,55,42,31,61,53,27,24,22,19,38,20,41,33,26,28,27,21,24,21,21,20,23,31,20,36,29
ASV118,18,22,34,19,27,25,26,17,30,23,27,18,19,19,30,24,13,16,14,14,8,16,9,9,12,11,20,7,16,10,15,5,7,14,7,13,8,13,12,21,10,18,13
ASV119,16,12,17,17,17,9,21,16,10,14,16,18,18,14,21,7,11,9,13,8,11,12,16,17,18,11,9,8,10,11,9,14,10,8,13,7,5,9,10,9,6,9,4
ASV120,16,22,17,17,26,29,44,32,39,32,26,31,31,31,28,62,38,30,25,21,31,30,26,14,19,12,11,10,16,11,10,20,7,7,8,11,11,10,9,14,8,9,9
ASV121,65,48,65,50,52,68,77,81,76,77,62,85,67,56,80,68,70,53,79,52,53,54,49,35,42,48,50,30,34,22,24,27,28,25,22,32,12,22,27,32,22,13,12
ASV122,187,128,169,140,124,131,120,134,126,147,115,124,127,124,145,184,120,179,167,128,171,151,185,161,126,170,232,187,151,138,153,218,180,196,208,200,132,178,176,241,201,206,149
ASV123,91,76,125,98,86,78,107,90,85,78,83,84,74,38,50,52,34,34,26,16,19,27,31,43,37,41,58,35,41,30,44,40,37,66,67,69,48,68,65,110,91,71,57
ASV127,22,38,29,47,48,28,39,41,44,45,36,50,88,57,88,109,68,44,32,24,34,42,29,21,11,9,15,15,14,23,31,30,31,54,52,42,50,99,88,165,183,319,366
ASV130,62,62,81,41,46,48,38,45,30,34,44,34,40,24,23,38,39,19,27,22,18,21,28,25,23,15,22,22,26,21,27,33,35,32,24,36,22,27,30,30,27,31,32
ASV131,16,11,19,23,27,26,30,26,10,11,17,13,25,20,30,25,44,43,54,69,54,66,68,52,51,46,50,51,54,42,44,48,50,37,51,49,22,21,31,28,27,16,15
ASV132,42,73,79,77,123,111,119,95,115,117,126,118,123,119,131,168,128,57,100,85,90,71,111,85,70,69,100,57,80,68,117,125,110,115,114,100,86,85,91,101,75,88,73
ASV133,16,15,46,26,40,51,19,26,27,32,37,46,66,16,32,31,27,18,29,20,13,22,15,16,26,23,15,17,14,20,22,30,19,36,54,68,46,63,50,80,62,66,73
ASV134,17,14,11,16,22,12,18,21,15,15,14,25,14,14,14,19,14,8,16,10,20,12,18,18,23,8,14,11,13,6,9,12,26,19,10,21,4,8,9,16,13,9,12
ASV135,50,43,60,82,86,120,97,94,69,87,69,102,67,67,72,82,73,37,51,35,54,39,60,48,38,36,59,32,60,27,31,44,45,59,98,76,51,57,46,65,32,40,47
ASV136,111,95,114,150,275,281,201,231,185,150,146,162,129,90,161,127,78,68,70,45,92,71,72,56,66,59,80,54,98,52,80,72,79,93,89,68,41,72,46,44,50,45,34
ASV137,264,243,366,336,458,442,410,471,430,395,451,473,506,412,473,543,456,341,342,308,388,360,400,357,276,244,303,224,302,250,257,247,261,284,239,204,192,186,191,225,185,165,140
ASV139,63,53,53,69,80,62,63,87,76,66,86,85,89,79,105,153,85,102,108,96,131,101,101,82,75,82,103,66,82,86,99,111,81,90,87,82,44,72,56,69,55,67,67
ASV141,211,215,170,195,199,140,147,117,156,123,122,130,107,80,89,84,58,46,70,57,75,117,191,274,196,215,270,224,303,233,273,307,356,341,281,256,219,242,127,147,118,101,95
ASV142,88,73,75,72,71,111,108,124,85,69,128,113,176,137,222,228,135,219,194,169,210,185,149,143,128,98,144,130,115,113,121,125,140,129,116,104,67,71,66,52,60,75,75
ASV144,16,27,20,27,27,35,39,33,12,21,10,11,20,19,29,48,28,26,39,21,33,31,36,33,29,34,41,25,30,22,29,30,37,26,24,38,26,35,34,32,40,39,42
ASV145,45,41,73,53,55,52,33,37,43,38,35,42,30,29,31,43,16,21,22,12,19,18,23,18,15,23,22,17,21,16,31,33,33,29,27,42,19,28,27,26,30,23,31
ASV146,48,50,54,47,42,70,54,71,63,63,49,78,82,73,98,98,160,126,171,109,191,149,166,167,164,115,202,180,247,131,131,154,102,90,80,71,39,35,38,45,42,28,28
ASV147,20,21,15,21,17,13,10,12,18,16,19,13,14,11,17,9,13,6,16,13,5,15,15,7,7,10,8,8,14,12,8,11,16,6,6,5,16,17,7,13,6,12,19
ASV148,45,41,64,77,84,88,95,85,78,78,55,76,76,55,52,59,51,32,38,24,29,21,12,15,13,5,9,9,18,5,6,9,6,9,13,9,7,12,22,17,18,37,10
ASV149,25,66,64,93,112,138,123,120,78,53,30,56,70,39,118,88,50,125,76,95,104,98,93,70,50,62,53,48,56,58,73,100,100,45,79,77,59,86,55,100,80,73,48
ASV150,60,54,67,48,48,90,49,67,59,66,78,84,83,69,93,96,82,104,106,81,89,94,71,47,87,65,95,85,88,80,97,92,80,76,113,94,78,70,75,129,107,104,114
ASV151,65,62,62,74,133,133,120,103,91,78,46,57,36,15,29,16,8,17,14,3,4,13,10,9,14,9,5,3,12,5,9,10,4,2,5,7,4,1,11,18,16,12,8
ASV154,10,5,20,24,5,12,33,13,15,7,8,22,10,10,25,80,34,11,23,5,10,5,8,6,3,6,17,33,7,9,3,12,6,3,7,4,2,10,11,39,17,20,17
ASV155,226,178,198,148,233,206,162,165,143,131,129,152,176,109,189,168,144,165,214,143,193,177,228,178,207,191,239,216,173,160,172,180,136,162,187,197,125,179,234,288,233,226,211
ASV159,30,49,40,53,51,38,50,44,39,34,37,55,36,32,37,47,45,32,33,26,29,34,30,29,31,29,46,30,35,27,23,34,30,33,24,28,11,25,22,28,33,32,26
ASV162,21,16,23,31,30,22,20,20,35,18,24,17,21,17,17,16,14,6,17,7,21,15,13,13,13,14,14,4,17,11,15,12,9,11,9,9,8,12,14,21,16,10,11
ASV163,12,18,25,21,18,11,6,6,11,8,9,14,6,7,15,13,8,5,6,11,6,10,7,11,5,12,17,7,11,11,7,2,7,12,18,6,5,7,6,9,9,6,13
ASV165,463,341,355,403,530,450,569,479,517,557,605,656,536,487,580,706,803,304,489,350,391,519,511,1048,1312,1041,1489,1447,1753,994,850,1095,1193,1033,834,668,679,762,401,428,334,467,200
ASV167,5,1,20,13,3,13,7,18,22,16,15,15,14,6,22,11,4,5,5,1,6,2,2,6,1,0,3,4,4,6,2,3,9,4,11,13,6,19,13,11,10,20,54
ASV168,104,59,67,87,116,109,146,128,156,130,129,177,154,106,165,196,154,136,134,83,135,117,138,161,168,134,151,133,178,91,125,149,111,174,135,146,67,109,79,136,110,102,89
ASV169,26,12,29,34,23,26,20,22,14,21,15,9,18,12,21,13,20,3,10,9,15,16,40,28,47,28,28,31,50,30,35,41,45,37,27,18,21,25,16,26,15,13,14
ASV171,43,30,41,55,45,37,39,34,30,34,22,35,32,13,32,23,8,7,10,9,7,7,5,2,1,3,14,4,8,4,12,14,14,9,18,25,9,35,20,33,27,38,37
ASV172,9,20,23,32,14,27,19,23,32,24,28,39,35,19,43,30,22,26,34,41,42,48,30,17,34,16,43,21,39,31,27,32,20,19,9,10,7,20,7,11,10,12,9
ASV174,88,145,173,148,104,102,129,99,96,89,98,70,100,91,77,121,184,101,147,141,109,135,140,150,149,134,209,140,193,153,165,241,230,135,131,162,80,111,66,90,70,102,61
ASV177,30,34,48,30,40,27,45,39,42,29,40,84,68,44,50,50,64,51,36,21,28,37,47,53,65,62,78,56,55,44,62,38,36,51,30,27,22,14,14,21,10,24,10
ASV178,47,40,50,41,68,79,72,79,67,56,57,46,59,37,57,52,45,35,35,30,29,17,17,16,13,14,19,9,22,16,14,20,19,14,6,25,12,21,19,34,38,36,33
ASV179,64,50,50,61,55,113,42,52,131,144,43,28,28,11,16,98,657,5,10,16,16,12,11,12,18,16,19,9,15,16,11,17,13,13,21,19,13,15,27,43,38,27,35
ASV182,802,690,624,457,551,703,538,611,615,565,666,600,566,537,649,803,699,471,725,469,687,682,775,739,863,805,1201,988,1504,906,916,973,1086,958,856,798,678,742,494,550,445,400,391
ASV183,82,85,93,89,105,123,122,133,117,122,116,143,126,113,135,117,112,131,142,123,122,136,153,121,145,116,174,143,205,148,125,152,126,148,152,90,75,122,102,123,113,113,84
ASV184,49,47,52,71,65,65,71,85,60,63,68,71,78,55,110,112,78,96,102,73,123,108,90,102,100,91,78,89,119,88,84,100,94,82,71,58,49,52,37,45,46,47,36
ASV186,16,38,29,22,21,18,11,26,16,15,16,15,10,14,17,12,14,3,10,2,15,12,10,16,10,15,15,9,17,15,14,20,26,21,13,12,13,15,18,8,17,24,17
ASV188,26,32,24,25,38,48,25,49,56,41,50,51,50,43,60,73,55,63,76,65,90,59,75,79,52,48,58,49,76,40,50,61,85,58,47,51,29,31,35,38,27,49,30
ASV193,35,63,74,80,140,83,87,70,96,99,61,58,72,28,42,48,32,14,13,8,9,10,19,34,25,21,30,21,33,19,23,35,31,43,24,37,43,71,99,85,79,74,56
ASV194,34,47,57,56,49,52,25,27,45,23,19,29,40,36,61,66,55,53,90,60,70,64,68,52,32,39,39,31,38,47,42,45,52,55,90,100,85,75,73,115,95,94,91
ASV195,43,37,41,46,58,72,45,69,62,61,57,80,66,46,67,80,75,52,51,34,59,51,50,55,44,29,46,29,32,29,42,49,42,42,33,40,23,30,30,37,19,30,17
ASV197,84,61,84,93,94,110,95,138,97,114,80,73,96,70,94,109,75,101,93,73,110,84,87,65,51,90,101,79,117,65,57,82,57,64,89,97,55,84,77,80,77,88,85
ASV198,40,44,68,68,81,83,125,87,90,109,111,128,136,90,92,132,85,83,94,82,70,80,82,102,112,84,114,95,132,65,41,100,82,80,57,56,37,63,55,49,45,48,24
ASV199,10,10,12,14,19,27,21,19,15,9,12,11,21,13,26,20,6,16,22,14,20,11,13,15,8,16,14,13,15,19,22,17,17,16,30,35,27,32,30,47,36,58,58
ASV200,61,41,57,70,81,99,74,70,70,65,87,73,127,73,129,139,76,122,115,84,102,88,76,25,47,52,60,36,41,39,29,37,27,27,35,35,12,41,26,34,24,47,33
ASV201,34,30,25,31,35,74,35,72,37,100,22,27,57,23,39,29,45,31,28,11,24,10,9,17,23,19,14,22,24,20,17,15,12,28,101,65,59,55,61,110,68,82,85
ASV202,4,10,13,11,7,9,3,7,9,4,8,9,6,7,13,6,10,5,6,8,10,2,10,7,7,10,7,10,8,16,10,9,10,6,3,5,5,6,7,4,9,3,3
ASV204,38,38,42,31,25,42,40,32,31,16,22,26,34,13,30,28,12,23,30,14,10,12,19,10,9,11,12,5,19,8,7,9,2,14,12,7,7,18,14,16,18,25,22
ASV209,81,53,67,69,105,133,96,64,51,44,79,77,76,84,133,158,104,147,115,142,191,174,212,152,158,139,215,187,160,204,198,235,239,274,185,167,117,126,141,131,143,131,123
ASV210,81,168,185,149,86,158,79,72,87,89,79,65,111,89,67,75,165,108,216,108,98,85,116,93,93,71,111,82,97,131,107,150,236,186,78,153,73,125,90,101,91,167,138
ASV211,81,49,84,92,96,118,117,122,98,85,74,63,56,74,95,97,38,67,56,44,47,29,30,17,28,20,24,15,30,18,22,32,20,40,79,104,64,79,115,111,96,126,134
ASV212,9,11,15,13,15,13,12,17,13,11,9,11,14,12,13,16,6,3,8,8,11,10,10,9,9,9,16,3,14,11,17,11,11,4,8,8,5,6,10,4,4,10,10
ASV213,52,65,79,98,115,78,63,78,64,60,35,34,42,35,26,26,25,20,18,19,34,25,33,36,31,37,56,27,60,47,48,65,61,54,52,59,45,55,47,81,50,44,63
ASV214,40,39,64,11,51,78,37,38,16,15,26,20,24,8,51,33,16,33,44,20,61,60,47,21,18,28,33,29,9,38,30,26,19,23,123,79,63,81,119,118,90,210,201
ASV217,89,63,105,96,111,92,120,100,115,108,60,94,100,40,105,70,63,99,71,53,77,57,81,51,43,42,67,35,49,26,31,42,31,41,44,43,35,34,71,60,56,48,40
ASV221,29,25,33,48,35,32,34,33,48,36,27,41,37,27,29,25,33,17,17,15,21,24,32,51,51,39,55,41,85,29,36,50,42,47,29,33,23,35,53,40,25,21,14
ASV222,53,46,79,64,77,78,87,80,76,54,66,67,50,59,59,50,48,33,41,40,29,41,46,32,39,33,54,41,41,39,35,53,46,32,39,43,32,34,43,61,48,53,43
ASV223,28,15,28,26,40,60,34,78,56,63,41,63,65,47,70,71,52,59,46,38,46,23,10,23,17,23,16,14,11,12,14,17,18,8,16,24,19,10,10,21,6,14,20
ASV226,17,13,26,22,14,12,8,14,15,18,6,12,13,7,29,12,8,12,15,2,6,6,7,10,9,3,8,4,20,3,5,6,12,7,11,7,8,12,14,27,14,14,12
ASV230,10,10,10,7,6,9,8,15,12,18,15,10,8,5,12,10,7,5,12,9,7,14,7,9,11,11,5,5,9,10,9,12,9,10,4,1,7,7,5,4,5,7,7
ASV231,20,27,25,25,45,46,35,56,47,33,49,62,58,57,72,40,24,38,36,24,32,34,14,13,12,10,12,6,16,9,14,8,9,10,6,5,7,14,13,10,7,14,14
ASV235,23,16,29,30,39,18,16,22,29,23,19,26,16,31,21,10,20,7,11,6,18,11,16,11,13,19,17,10,12,10,8,10,14,7,11,7,11,13,13,18,17,13,12
ASV239,64,56,77,77,99,92,87,104,100,86,89,82,108,81,86,91,77,99,98,68,76,88,78,72,50,53,66,41,53,44,46,54,44,40,31,35,31,21,30,30,38,25,30
ASV240,604,665,663,936,789,553,601,664,667,521,663,655,811,389,467,469,346,202,272,209,234,387,595,1510,727,939,1142,708,845,722,871,923,1230,1279,914,893,785,882,461,495,394,271,256
ASV243,18,19,18,13,15,22,10,16,15,21,16,18,18,18,22,15,20,14,8,15,15,9,29,9,15,13,12,6,20,6,11,9,17,10,8,9,12,9,7,6,8,3,5
ASV244,11,13,9,11,10,14,8,8,14,14,9,7,15,4,12,16,13,3,8,9,17,5,11,9,10,7,10,3,17,6,7,7,11,10,3,3,3,8,11,8,3,8,7
ASV245,4,6,8,4,7,5,7,5,6,7,4,4,10,8,10,1,2,2,4,3,4,2,3,6,8,6,6,4,7,6,4,7,7,2,3,1,6,4,2,6,4,7,4
ASV246,68,76,78,63,53,53,55,55,39,46,31,38,34,16,33,43,24,26,34,33,35,30,32,33,25,36,45,36,44,26,28,49,37,36,56,47,29,49,50,99,80,96,74
ASV247,16,15,25,28,31,28,16,27,19,8,25,13,19,20,16,17,6,21,11,19,19,25,14,10,15,14,26,14,24,32,19,31,34,32,51,43,26,49,25,55,34,51,53
ASV248,92,77,102,80,109,114,128,104,87,108,73,84,106,79,81,85,97,55,55,62,52,95,93,87,87,73,94,86,119,82,80,125,104,101,60,61,57,60,39,50,41,47,29
ASV249,16,20,21,30,24,18,14,9,16,12,15,11,17,9,10,16,18,13,8,11,15,10,25,45,37,39,47,27,58,29,34,45,49,57,39,34,37,36,36,39,32,31,18
ASV251,100,89,110,135,199,134,148,138,138,139,144,147,123,76,103,108,90,51,49,45,47,72,87,127,127,91,141,122,143,99,102,130,164,131,130,123,123,118,112,125,85,107,78
ASV253,15,18,22,15,37,43,34,64,43,44,33,34,56,34,57,58,25,38,38,37,26,30,16,17,20,25,35,24,30,22,29,28,30,32,33,32,20,36,28,42,39,55,40
ASV254,20,26,27,23,27,26,36,45,42,30,42,54,36,29,46,46,77,63,66,50,71,55,82,75,74,64,60,74,89,71,62,69,57,39,45,52,27,43,16,30,16,23,11
ASV256,103,117,101,131,161,89,153,150,207,215,227,253,202,118,184,167,162,108,73,63,54,81,99,202,236,160,241,185,283,115,152,116,118,124,93,68,95,122,60,71,78,54,39
ASV260,12,18,22,12,36,27,27,41,59,48,42,55,24,22,34,26,28,20,19,22,21,14,21,12,29,21,22,23,25,19,28,23,18,23,17,21,16,37,28,20,23,17,11
ASV262,95,97,130,109,183,182,194,221,154,113,154,168,200,154,176,197,154,135,146,127,134,102,91,74,74,70,69,57,87,43,76,80,70,79,60,46,21,50,48,61,69,76,41
ASV263,40,34,42,30,59,42,42,75,57,40,50,44,68,40,73,55,48,58,35,38,57,30,32,37,18,26,32,17,29,18,25,28,17,16,19,22,20,16,13,12,7,23,14
ASV268,69,64,57,50,68,116,70,58,77,56,87,103,158,156,164,188,210,77,168,98,131,152,157,150,137,117,155,137,180,131,168,346,106,91,103,103,95,84,38,58,56,36,39
ASV269,47,45,39,24,42,63,36,64,67,55,134,86,97,90,112,137,71,76,113,119,65,109,51,88,90,68,57,62,24,34,31,48,21,43,26,26,30,27,27,17,23,46,57
ASV274,119,92,143,99,155,161,158,190,162,180,157,196,237,178,242,240,272,257,292,197,258,203,241,186,197,148,259,226,261,222,182,216,131,163,154,158,86,98,103,114,65,88,62
ASV275,39,33,60,56,44,27,17,14,23,8,13,16,9,5,6,6,5,3,3,1,1,2,3,1,1,0,4,0,2,0,0,0,4,0,3,1,1,1,4,1,8,3,9
ASV278,797,849,935,1775,1856,1287,1771,1621,2090,1726,2107,1997,1894,1039,981,774,604,381,566,561,445,664,919,2379,1438,1651,2291,1694,2244,1598,1265,1857,3030,2914,2229,2021,2334,3056,1983,1673,1388,1183,1049
ASV279,3,14,7,9,15,8,16,14,24,20,24,35,22,13,12,10,17,10,9,5,9,11,20,27,45,33,50,28,58,29,17,55,37,50,34,25,27,30,22,26,20,13,11
ASV280,37,37,48,51,73,73,60,61,52,45,51,61,67,65,72,92,68,88,65,68,82,67,99,113,67,87,90,78,105,74,88,104,103,87,83,71,57,52,46,69,53,41,40
ASV281,102,130,169,172,247,210,184,193,127,131,98,96,90,70,106,80,60,36,36,28,31,21,24,11,9,9,5,4,8,8,2,10,3,4,4,4,6,12,11,6,15,9,14
ASV282,43,45,61,57,42,46,50,68,47,46,34,44,52,40,65,52,27,27,36,20,20,15,9,8,5,10,6,4,10,7,5,5,4,1,6,8,3,6,2,11,10,10,12
ASV286,35,36,42,23,37,36,32,55,33,43,54,41,42,29,45,34,24,30,55,24,36,18,21,10,12,13,20,13,19,19,9,15,17,10,23,38,20,19,27,38,26,34,30
ASV288,18,22,24,15,20,19,13,22,19,11,13,10,9,6,7,8,17,10,16,11,27,26,14,9,13,11,12,16,10,33,17,21,27,52,70,50,41,64,54,46,22,50,53
ASV291,66,41,66,43,39,45,37,53,28,43,29,50,45,38,50,74,50,89,64,54,68,77,94,77,84,83,127,115,131,93,107,106,84,90,76,57,46,49,35,34,20,19,16
ASV300,53,63,49,46,61,87,82,90,70,62,83,74,82,68,97,100,87,67,109,45,88,66,60,60,59,50,44,29,57,34,45,42,38,50,35,26,20,23,36,34,38,22,23
ASV301,24,23,33,14,29,20,18,20,25,18,23,25,27,23,33,27,15,23,32,24,31,22,17,26,20,34,29,25,22,16,23,29,18,21,29,39,26,26,42,39,31,37,27
ASV304,31,23,32,29,43,56,46,57,35,45,56,49,42,39,38,54,17,28,32,18,26,26,13,16,6,14,14,18,11,10,5,9,11,3,15,12,3,7,5,10,3,7,12
ASV307,9,8,18,10,5,8,4,6,14,8,13,10,8,5,8,7,6,3,2,8,10,2,4,1,8,3,9,7,7,9,4,4,4,4,4,0,6,1,5,2,5,7,4
ASV308,7,11,10,7,9,9,6,11,8,13,9,17,9,8,10,19,10,4,6,5,8,8,10,6,6,5,8,9,4,6,10,12,8,10,3,8,2,4,5,6,6,2,6
ASV310,26,15,20,21,22,24,15,16,16,6,10,10,19,6,9,11,18,22,28,23,20,27,32,20,34,26,58,52,52,58,29,67,61,63,49,65,45,50,51,55,47,71,57
ASV311,70,48,77,91,76,65,64,82,58,53,47,46,46,35,68,38,33,36,42,27,46,24,47,37,29,37,40,45,36,34,26,39,31,39,64,51,38,55,82,91,85,88,74
ASV314,44,53,66,68,80,86,48,55,71,75,58,46,63,36,47,39,36,35,44,44,39,59,61,44,43,39,55,50,67,72,59,78,72,63,44,78,53,52,44,72,41,37,39
ASV317,34,57,50,50,59,66,47,57,49,48,61,64,55,41,66,65,43,27,41,48,49,30,37,25,40,41,50,28,50,37,32,45,39,25,44,48,41,41,53,44,38,39,33
ASV319,106,79,100,102,117,108,135,134,126,115,129,127,127,80,125,107,94,89,81,82,83,93,93,95,131,108,150,148,190,165,109,172,165,165,181,144,81,108,113,122,97,107,83
ASV322,9,5,13,4,15,11,9,17,8,6,11,15,6,11,5,9,11,7,6,9,5,7,4,9,6,5,9,8,10,4,6,11,6,8,8,6,2,11,3,4,2,3,2
ASV328,74,58,74,61,88,90,103,104,108,89,91,91,82,51,59,70,60,47,62,31,41,44,50,44,51,51,72,59,48,50,35,58,51,63,49,54,41,68,47,96,54,58,37
ASV329,8,11,19,23,22,26,16,34,33,20,26,37,42,29,41,57,40,37,40,43,40,53,60,36,46,52,72,44,66,40,44,54,37,32,44,65,28,29,30,45,38,37,27
ASV339,105,64,90,118,140,156,137,164,130,114,136,92,137,103,152,143,69,72,80,69,58,43,30,27,42,32,48,19,49,35,25,34,59,48,95,119,73,107,128,100,102,132,129
ASV340,0,1,6,2,3,4,1,0,1,1,0,1,0,0,1,0,0,0,1,0,0,1,0,0,0,0,0,1,0,0,0,0,2,0,2,2,0,3,4,8,6,17,23
ASV352,11,11,14,9,24,27,15,34,28,22,27,30,44,15,55,72,36,36,37,33,36,31,22,19,16,18,13,10,11,11,12,5,13,9,11,13,8,9,8,8,2,7,8
ASV353,31,12,22,25,26,25,27,30,36,33,34,40,48,39,28,40,71,43,28,20,27,39,51,80,99,45,54,56,72,33,17,39,36,21,18,19,13,11,9,12,7,3,7
ASV354,10,10,10,9,8,15,15,15,12,15,9,6,9,8,18,13,8,14,18,14,24,12,18,8,10,14,13,14,11,15,12,14,11,16,71,50,26,46,40,30,39,33,43
ASV358,33,30,32,30,49,39,62,49,59,58,50,51,48,31,36,53,39,35,31,22,35,30,44,48,53,47,57,47,78,32,34,41,40,49,42,51,32,46,33,40,27,26,11
ASV360,4,4,6,8,3,4,3,4,7,3,2,5,10,4,6,11,6,5,6,7,11,18,9,16,11,12,14,16,16,9,14,5,18,13,21,10,11,7,2,11,7,2,8
ASV367,35,30,44,44,50,50,42,50,43,51,30,41,43,27,33,30,38,37,42,35,34,50,38,48,43,42,61,47,80,35,43,49,61,50,75,47,56,54,37,36,29,27,29
ASV369,65,80,74,75,88,83,77,85,82,81,83,106,80,79,107,100,48,70,50,45,52,69,60,60,65,62,52,49,68,33,42,64,42,63,48,25,30,28,26,28,23,21,24
ASV371,20,15,23,28,44,38,31,22,35,29,28,23,30,16,42,30,21,32,42,25,27,32,29,31,27,38,50,26,32,34,20,27,34,39,41,32,39,38,39,48,41,42,32
ASV376,8,12,21,11,17,12,10,12,11,10,8,15,16,10,13,6,8,7,6,10,8,14,20,19,46,35,28,25,25,20,24,35,33,38,43,44,20,33,30,58,29,31,22
ASV377,29,37,53,67,58,65,51,60,77,67,65,69,93,66,80,109,68,45,64,42,46,43,69,48,42,60,45,48,57,45,73,74,67,83,59,64,52,65,65,82,40,57,50
ASV379,61,72,89,59,76,80,58,68,59,76,67,52,75,37,77,70,41,83,106,64,89,45,29,36,32,33,48,34,51,40,21,33,28,19,47,35,23,47,30,47,46,42,50
ASV381,28,31,40,17,13,19,8,15,14,9,43,18,15,22,32,14,18,10,19,22,17,12,6,2,16,23,12,11,10,36,17,19,27,27,33,27,38,34,45,27,29,67,69
ASV382,10,5,7,8,16,12,5,4,5,6,4,11,12,3,8,3,5,7,2,15,5,5,5,8,11,7,3,6,8,2,12,12,5,2,7,4,2,4,3,5,1,8,3
ASV384,43,51,64,74,103,90,63,63,51,52,43,73,80,65,71,62,26,34,55,53,117,93,85,68,43,44,73,71,120,55,106,94,92,93,55,97,47,62,37,57,44,30,24
ASV387,104,131,185,205,231,160,150,136,209,122,108,271,145,111,143,125,81,168,69,65,95,100,133,216,296,251,169,112,152,84,115,145,136,128,90,87,57,106,144,234,116,98,100
ASV388,30,27,32,33,32,31,33,37,24,31,53,43,36,31,25,41,41,32,36,31,38,56,83,101,113,80,99,93,138,73,75,96,94,79,75,79,49,61,46,46,23,41,18
ASV396,464,302,339,269,432,594,490,653,496,657,665,709,834,627,960,927,996,1176,1594,886,1161,1014,836,606,651,558,483,484,513,443,275,340,231,265,349,359,186,211,133,124,98,123,124
ASV397,0,4,8,3,3,4,3,4,5,6,2,6,3,2,12,2,1,3,4,2,2,3,1,1,3,6,1,2,7,3,4,6,0,1,3,0,3,1,0,2,1,3,2
ASV401,11,12,25,24,15,22,10,16,15,16,18,23,9,11,12,9,10,3,12,6,10,9,1,6,8,9,5,5,9,5,5,3,10,11,9,10,11,15,10,20,7,13,9
ASV402,87,66,108,113,151,176,166,165,111,112,120,133,115,77,123,126,130,116,100,76,124,98,94,83,94,64,87,69,84,53,67,96,57,59,71,76,56,44,57,64,67,74,58
ASV403,13,11,9,3,5,9,7,11,11,2,4,3,3,3,10,1,1,1,2,3,3,0,0,0,1,0,0,2,0,0,0,1,2,3,6,2,5,2,19,12,6,8,11
ASV406,40,25,35,32,53,34,34,43,54,66,40,63,52,20,25,28,26,15,17,13,24,19,28,41,56,24,41,38,76,20,19,32,36,30,27,25,26,36,42,39,27,21,13
ASV413,6,7,10,11,8,15,6,11,10,10,13,19,11,5,10,7,9,1,1,9,8,5,8,3,9,6,6,3,4,6,9,4,8,5,5,6,5,7,4,8,2,8,2
ASV414,2,4,8,8,6,3,2,1,15,7,6,6,2,5,24,1,3,4,1,7,5,4,6,1,8,3,1,3,5,2,1,2,0,1,8,2,0,2,2,9,5,1,4
ASV416,31,40,38,43,57,53,40,45,36,49,25,35,36,30,30,37,17,21,29,19,19,7,11,3,5,8,13,11,4,7,3,1,5,4,3,2,2,1,6,8,11,8,8
ASV419,2,6,8,10,11,4,10,4,10,7,9,10,8,6,5,8,8,3,4,7,9,4,21,40,41,26,57,29,50,32,48,69,87,102,102,64,82,90,83,63,51,45,48
ASV420,22,12,36,30,9,27,16,17,16,19,20,9,15,9,24,10,8,7,10,3,7,3,2,0,0,0,2,3,1,15,12,9,6,13,11,6,6,13,7,10,7,6,26
ASV422,2,8,1,5,2,2,2,1,2,1,0,2,1,2,0,2,2,0,0,0,0,0,0,0,0,0,1,0,0,0,0,0,1,0,0,1,1,1,1,2,0,2,3
ASV423,28,17,43,13,27,42,15,31,20,8,22,28,23,16,29,41,9,18,22,21,16,9,7,7,14,22,24,15,11,15,23,24,17,19,69,86,52,79,78,80,73,80,118
ASV426,16,17,20,27,37,21,13,17,20,16,9,21,13,14,13,14,16,23,5,19,22,32,33,56,80,71,56,29,55,43,53,76,84,77,73,68,64,83,161,273,145,142,121
ASV439,41,31,25,40,47,55,30,39,39,46,47,42,70,39,72,90,63,90,97,87,106,67,84,68,66,86,104,79,111,96,88,101,76,75,90,68,41,43,45,38,38,61,47
ASV443,22,22,27,16,22,32,22,22,20,19,28,22,30,24,43,34,28,47,47,43,41,60,44,41,53,52,78,73,86,51,71,66,67,68,49,69,43,45,44,48,32,26,25
ASV448,73,64,97,78,104,105,113,109,124,106,96,104,126,103,100,118,127,86,99,92,91,111,133,111,119,98,115,110,145,94,80,128,121,119,100,115,78,107,87,146,111,114,85
ASV451,47,39,54,39,45,65,27,44,40,41,40,21,24,22,30,27,30,22,19,19,31,24,28,14,14,28,35,17,26,23,19,26,20,28,55,61,21,48,53,80,64,68,77
ASV453,14,14,13,18,21,29,24,30,28,22,20,32,30,30,30,35,36,34,21,26,30,34,33,31,43,36,45,34,51,33,18,54,35,41,32,22,29,28,36,47,31,44,24
ASV454,54,41,51,48,69,67,29,46,48,53,39,53,57,56,89,88,62,82,107,86,100,87,105,56,51,60,66,44,46,58,46,71,70,73,95,85,62,48,69,84,70,89,71
ASV455,6,3,9,5,2,2,2,4,4,0,4,1,2,0,2,2,3,2,9,4,6,10,19,16,19,16,18,27,39,31,32,43,60,60,50,45,34,46,49,74,36,75,79
ASV456,31,20,29,28,46,40,38,35,30,28,30,36,35,26,45,52,29,37,44,30,40,56,55,50,37,36,42,28,48,38,27,28,41,24,39,27,18,26,18,21,12,14,26
ASV459,28,26,29,37,35,40,38,37,32,44,39,38,56,38,59,66,33,55,48,36,46,41,38,31,28,33,39,37,53,51,50,60,57,59,42,59,47,44,48,51,50,67,70
ASV460,28,32,41,43,29,32,18,25,19,7,11,14,14,9,5,6,6,6,13,5,11,6,9,14,8,13,28,30,29,29,24,45,30,34,30,28,37,51,48,52,38,101,60
ASV461,21,15,29,33,48,51,39,41,32,31,22,26,49,22,67,44,23,39,32,29,40,33,38,34,35,22,42,27,57,72,67,54,64,76,80,90,57,73,35,67,40,50,58
ASV463,31,34,46,33,43,56,52,50,37,38,65,68,61,56,82,91,64,83,88,90,85,78,73,43,49,53,54,54,48,53,50,64,58,74,61,56,34,31,41,33,45,47,54
ASV464,55,40,45,51,58,48,53,36,48,33,55,58,76,58,82,87,61,86,107,77,107,99,100,97,85,90,109,74,88,69,84,108,93,95,87,80,57,56,49,56,50,59,35
ASV466,59,46,57,78,127,118,108,140,105,91,68,78,89,77,100,102,78,80,68,49,74,60,65,59,42,41,47,43,57,46,51,39,31,42,39,55,31,38,40,68,57,62,50
ASV470,39,40,55,52,70,128,54,83,68,83,95,80,29,29,53,63,24,39,40,30,39,27,16,10,22,21,27,13,18,15,3,12,20,24,25,53,42,44,65,50,45,37,52
ASV471,4,7,9,20,26,39,54,51,29,31,31,22,43,20,34,34,15,17,19,11,24,11,14,8,4,0,3,4,3,5,6,8,10,5,12,11,4,7,9,21,10,18,35
ASV473,7,17,19,16,11,15,10,8,5,6,12,6,9,8,5,8,10,9,12,7,14,21,11,12,12,14,9,4,12,17,15,13,7,13,4,5,5,10,4,12,7,9,10
ASV476,30,20,32,25,23,21,25,29,44,34,41,52,35,20,26,40,23,31,30,31,33,27,45,54,50,50,58,53,68,43,44,67,80,73,63,52,43,67,73,86,73,67,55
ASV477,24,15,45,40,49,53,42,38,50,37,25,47,23,25,50,48,53,30,34,29,35,30,40,34,20,34,39,9,39,7,10,17,31,26,32,16,20,21,10,17,14,12,10
ASV481,35,30,49,39,39,40,31,43,45,40,38,32,41,31,47,41,34,24,26,23,41,25,24,20,13,13,19,13,12,7,10,16,10,6,10,8,6,7,15,9,7,6,4
ASV482,9,14,11,14,31,40,42,37,38,23,32,38,25,42,47,50,21,30,28,26,41,35,16,22,27,18,38,24,31,23,41,19,24,34,26,16,9,21,12,20,19,24,20
ASV483,18,14,18,16,21,16,13,10,8,10,17,36,20,20,39,22,12,39,33,26,30,30,20,13,11,6,26,23,19,22,19,26,41,32,37,32,21,25,34,33,39,56,29
ASV487,53,74,86,93,64,55,37,46,36,38,39,30,35,33,37,26,17,24,15,7,20,17,12,2,5,8,10,5,9,4,11,5,11,31,38,28,22,29,18,25,23,25,36
ASV491,5,8,2,8,12,4,4,7,10,4,8,4,5,3,29,7,1,4,1,1,0,0,2,5,6,5,4,8,2,3,3,5,4,5,2,1,4,7,3,3,4,5,8
ASV492,15,9,13,12,4,6,4,16,18,8,8,8,8,14,9,3,3,2,3,1,2,4,3,5,2,2,1,0,1,4,3,5,17,10,3,9,10,14,8,7,10,12,15
ASV499,48,30,61,58,78,74,75,60,53,47,39,33,33,29,26,24,21,17,27,31,29,19,28,22,19,22,24,14,20,15,11,23,15,15,12,17,10,16,23,25,23,22,20
ASV503,11,11,12,13,22,25,31,37,33,35,30,35,29,23,25,29,38,25,23,24,24,42,39,43,42,29,40,26,59,18,21,39,28,37,19,29,28,21,22,40,22,35,25
ASV505,45,39,37,64,47,52,51,52,56,37,44,59,50,39,54,40,35,41,47,27,40,36,38,23,23,26,38,31,32,29,30,31,22,18,25,34,19,28,42,34,35,36,26
ASV507,18,19,25,8,6,11,5,7,20,6,28,7,13,13,20,7,8,5,10,5,12,3,8,3,10,13,6,12,6,33,11,14,12,23,16,14,22,28,30,15,13,48,46
ASV508,65,54,58,50,43,39,34,39,41,31,38,37,47,19,29,52,19,58,28,22,34,19,17,11,18,23,31,22,22,28,38,61,37,44,41,39,15,26,22,26,29,25,23
ASV512,226,166,178,249,287,208,274,215,351,248,271,325,186,177,202,225,344,152,214,169,127,181,160,341,359,296,265,252,338,164,130,184,169,128,108,85,78,70,39,41,23,27,16
ASV513,45,42,75,59,42,49,47,46,43,39,37,30,30,22,27,35,26,28,25,29,30,23,29,25,23,27,25,38,50,32,26,33,24,49,45,42,46,37,89,149,99,121,94
ASV514,46,42,41,76,96,66,84,75,91,73,108,102,75,62,86,73,66,30,51,19,28,32,45,119,120,104,138,98,103,81,76,99,138,130,99,85,121,144,120,115,81,65,49
ASV515,40,35,36,41,40,49,49,47,43,33,25,42,39,19,33,30,22,23,47,21,30,29,27,26,25,28,28,31,20,34,24,39,24,28,57,53,43,61,54,70,44,57,51
ASV516,35,55,56,36,55,49,66,29,50,31,32,39,34,20,33,33,24,16,19,20,12,23,21,32,34,36,37,29,36,13,31,39,39,36,23,26,31,34,24,21,20,23,20
ASV526,42,20,35,16,27,34,26,28,21,27,30,25,35,19,30,25,13,15,42,21,31,38,17,19,30,20,20,33,19,31,18,40,31,51,98,72,52,58,67,67,75,98,95
ASV541,3,4,7,8,11,11,9,9,8,11,3,12,7,5,7,6,7,6,6,3,11,1,10,3,9,6,7,5,6,6,9,5,10,8,9,8,5,9,8,3,5,6,4
ASV544,76,64,121,116,142,107,23,23,20,19,22,29,25,44,73,134,120,212,217,162,198,146,112,65,66,74,132,98,111,94,80,72,80,82,88,99,48,52,43,65,56,77,86
ASV553,8,12,13,12,24,17,17,25,23,20,29,34,59,46,64,85,65,41,30,17,18,8,15,10,14,18,19,5,8,6,11,11,6,5,3,6,7,3,5,6,1,5,3
ASV559,0,5,10,6,2,5,2,7,1,4,1,0,5,3,3,3,1,0,1,0,0,0,0,0,0,0,1,1,0,3,3,0,6,3,11,10,7,11,13,18,12,18,26
ASV563,9,5,11,8,6,6,8,7,5,6,6,15,5,8,6,11,5,7,2,8,1,8,3,7,2,6,5,2,7,6,3,6,2,11,6,0,1,1,3,3,4,4,4
ASV568,11,10,7,4,5,4,5,4,6,1,4,5,4,3,6,3,8,4,3,11,4,14,20,26,26,21,25,28,44,46,37,49,43,59,37,41,27,36,22,51,29,30,42
ASV575,16,7,9,17,38,33,36,53,32,38,18,10,16,17,21,31,15,18,3,9,18,6,2,5,2,2,8,7,2,2,5,8,4,2,21,11,6,8,13,22,7,15,36
ASV579,17,6,14,20,15,26,27,30,18,26,32,35,38,39,42,53,40,46,39,32,45,37,29,31,26,33,29,20,34,23,22,20,21,34,25,26,15,16,12,14,9,11,14
ASV590,17,34,30,49,53,38,44,38,45,51,59,49,39,32,34,30,31,19,19,7,18,18,27,42,45,31,39,35,59,35,21,25,44,33,29,13,23,23,20,20,15,23,17
ASV592,23,25,31,35,28,42,37,21,36,21,42,20,37,40,36,40,42,40,21,19,25,23,20,21,20,14,15,18,26,14,11,24,20,23,18,15,9,13,8,15,6,14,7
ASV606,54,71,66,75,74,73,67,75,62,58,82,61,90,53,72,84,60,43,50,34,61,71,51,87,85,87,91,68,100,66,76,97,93,100,76,62,47,62,57,67,40,54,53
ASV609,22,19,33,31,32,29,21,26,21,28,30,27,39,21,25,29,17,18,17,18,31,26,31,17,18,21,30,26,38,44,30,45,46,23,27,37,16,40,31,56,36,28,28
ASV625,24,17,20,19,28,32,27,29,28,26,18,26,47,31,36,53,33,41,39,25,44,29,39,36,21,27,11,15,28,13,18,20,22,19,10,27,15,13,24,17,13,14,15
ASV640,54,36,49,28,63,72,56,109,81,107,93,92,109,105,147,144,170,153,190,131,189,169,190,145,115,128,177,139,161,103,101,102,161,112,99,128,83,70,57,74,41,56,56
ASV641,9,14,9,10,25,27,11,25,19,24,15,15,23,13,13,18,20,14,29,18,14,17,12,15,13,18,21,15,9,21,4,8,4,11,17,10,11,13,24,22,17,27,49
ASV643,14,5,12,2,5,3,6,3,4,2,11,8,10,7,14,7,5,6,20,7,12,17,12,7,19,16,20,28,9,15,13,17,21,34,53,50,36,35,47,34,28,37,44
ASV651,58,59,58,26,41,53,35,53,42,31,46,32,41,24,46,21,15,16,51,24,22,22,16,18,18,23,22,24,11,25,18,17,18,20,45,30,13,36,37,44,27,44,44
ASV653,22,28,22,24,36,29,48,54,40,33,51,41,43,29,46,47,34,16,32,29,30,21,29,30,24,27,22,23,31,21,22,26,34,19,15,15,20,15,21,16,16,11,8
ASV659,9,11,12,12,19,28,25,24,25,25,37,42,33,32,31,35,29,41,46,28,46,44,34,31,19,27,43,21,41,26,21,35,25,35,22,24,9,13,12,17,12,16,21
ASV660,44,38,47,52,69,63,63,56,38,46,42,41,53,31,48,53,54,48,41,44,43,48,61,52,49,51,52,51,45,40,39,46,42,39,33,31,21,29,16,14,17,18,14
ASV665,5,8,8,5,8,11,4,14,9,9,6,14,20,11,25,29,26,10,9,3,4,10,5,5,9,6,11,7,5,7,5,3,6,10,10,6,7,8,3,5,3,5,5
ASV669,32,44,62,52,61,54,24,23,27,18,29,25,25,35,37,25,16,13,10,14,18,11,20,10,3,9,10,5,8,15,10,14,19,17,15,12,9,19,11,15,2,21,13
ASV672,31,42,71,65,44,35,35,46,33,48,65,59,41,20,26,25,16,24,12,9,14,7,14,7,5,14,25,17,14,17,15,20,19,17,7,18,10,9,8,22,17,11,14
ASV675,6,5,6,15,15,5,4,4,8,6,3,10,7,4,3,3,5,3,2,4,2,9,19,57,17,37,47,48,43,36,25,62,46,53,38,42,29,33,27,19,24,7,22
ASV679,2,2,5,3,0,6,3,3,10,2,6,4,3,2,6,0,1,1,1,0,0,0,2,0,0,2,0,0,0,1,0,1,1,0,0,1,0,0,5,0,0,2,3
ASV682,1,1,1,1,1,3,0,1,1,0,0,1,0,3,2,1,7,1,5,7,5,7,0,8,6,7,10,2,6,5,4,5,7,1,3,1,0,3,1,0,2,0,0
ASV693,43,40,59,48,59,52,65,54,45,45,47,55,57,35,46,60,51,44,39,33,44,32,33,31,41,30,41,24,43,32,25,39,31,21,38,37,34,33,24,27,20,22,13
ASV695,8,14,8,11,5,13,3,9,15,12,9,7,16,8,10,8,8,6,12,6,16,8,18,16,11,24,3,18,13,15,19,14,17,20,15,17,11,13,14,5,6,9,7
ASV700,41,39,71,61,76,62,63,45,59,62,76,75,79,35,42,44,49,31,49,24,29,42,42,38,46,39,66,64,64,38,40,54,48,65,70,74,90,122,111,125,107,91,63
ASV703,11,8,9,7,4,5,6,10,11,10,8,21,8,10,7,8,5,8,3,6,5,15,35,74,124,86,70,65,101,54,54,65,83,79,58,59,59,73,67,73,43,43,27
ASV704,2,3,7,9,3,8,2,5,4,6,4,4,5,6,4,10,3,1,9,3,6,6,4,2,3,1,9,5,4,4,3,4,3,6,4,7,7,2,4,3,3,6,42
ASV715,69,56,75,53,76,93,82,90,112,76,140,110,116,102,154,169,180,149,176,133,148,111,164,131,136,151,234,189,325,215,191,201,213,159,145,141,74,95,83,85,61,60,56
ASV718,47,54,60,66,71,70,46,59,47,50,33,40,42,30,45,46,35,37,27,17,24,25,21,14,6,15,33,23,24,14,22,23,27,33,25,23,8,19,14,22,17,11,11
ASV726,5,9,9,12,7,6,4,4,4,3,4,2,2,2,7,0,3,0,1,3,1,1,1,0,0,1,2,0,2,1,2,2,2,5,6,5,7,4,4,12,3,13,11
ASV727,191,172,178,254,206,154,228,181,254,190,230,228,185,129,121,77,89,40,59,55,56,78,117,212,268,220,282,276,367,255,223,354,595,587,557,493,573,1009,835,634,489,415,295
ASV728,24,19,23,15,17,26,23,23,26,24,20,30,25,13,23,15,22,17,21,18,19,23,32,23,32,33,39,18,12,17,23,26,23,35,47,36,31,34,41,55,46,45,36
ASV735,17,6,11,13,26,41,34,39,25,30,39,24,40,29,48,31,24,76,48,35,45,35,26,29,16,21,20,13,21,17,20,26,12,19,26,18,21,22,15,19,12,22,9
ASV737,45,25,36,37,56,56,30,57,53,61,39,47,44,23,32,38,29,55,68,38,59,52,37,44,54,51,34,43,40,39,18,39,24,34,32,37,26,28,23,22,27,23,24
ASV738,3,5,3,4,2,2,0,1,3,1,1,1,1,6,8,5,4,17,6,14,9,6,8,7,6,13,11,5,6,11,6,8,5,4,6,9,2,4,5,5,2,3,7
ASV744,14,10,23,12,15,19,13,16,9,9,9,8,4,7,7,9,7,12,16,7,16,16,14,8,8,14,12,16,13,20,23,21,23,16,33,33,35,27,25,34,31,32,44
ASV746,26,22,29,36,39,51,36,51,45,43,34,41,51,51,64,63,49,54,49,35,40,66,71,64,32,46,51,40,70,40,30,41,47,38,51,42,18,44,50,52,42,50,34
ASV749,30,30,33,48,24,39,26,32,25,20,17,34,41,55,47,42,18,15,8,11,10,21,15,4,5,6,6,15,22,7,15,16,22,15,15,4,7,8,8,3,6,13,16
ASV751,22,23,33,30,28,25,29,25,29,20,30,34,25,16,24,17,23,13,11,21,12,23,18,33,29,38,32,29,30,16,28,25,26,26,37,36,26,49,38,32,48,21,24
ASV765,2,0,8,0,2,4,1,3,4,1,4,8,2,1,1,0,0,0,0,2,0,0,0,0,0,0,0,1,1,0,0,0,0,0,2,1,0,0,0,0,0,2,5
ASV767,31,25,29,32,30,33,24,31,30,24,39,36,50,22,21,23,22,23,21,21,37,32,26,34,34,29,39,41,41,38,31,52,34,40,47,48,53,51,47,59,58,44,47
ASV769,21,17,32,18,27,24,18,18,28,22,36,24,45,20,33,50,25,32,48,38,46,53,36,27,43,54,65,63,68,51,42,45,45,46,47,47,21,37,42,42,36,57,32
ASV773,19,42,40,30,40,43,27,44,26,26,21,21,25,29,43,53,10,35,28,36,46,33,14,9,1,15,27,9,38,17,19,27,14,10,59,87,40,48,30,23,32,25,41
ASV777,2,4,4,8,5,0,0,0,0,5,2,2,3,1,2,1,0,0,1,0,0,0,0,0,0,2,0,0,0,2,1,1,4,3,2,1,1,1,3,2,0,1,4
ASV779,0,0,0,3,1,0,0,0,0,0,2,0,2,0,0,0,0,1,2,1,0,0,5,18,29,21,36,17,33,29,22,52,70,72,66,54,31,58,88,116,64,77,69
ASV782,1,4,0,1,0,8,0,2,2,3,3,0,0,6,5,5,3,2,11,2,8,1,0,5,0,2,6,2,3,1,1,0,1,1,8,7,1,1,0,2,3,1,3
ASV785,24,20,33,15,28,50,28,52,39,37,37,28,38,15,43,36,17,11,34,21,23,14,7,12,13,13,21,19,10,22,17,19,17,19,58,47,30,57,57,78,38,83,106
ASV791,44,41,51,35,30,28,19,12,16,20,19,15,8,8,10,9,6,14,12,7,13,12,15,15,12,12,21,17,11,17,11,15,18,26,35,27,21,34,23,38,29,28,28
ASV798,5,7,11,6,9,0,0,7,6,5,8,7,5,5,3,1,8,3,14,8,8,11,5,4,8,3,16,6,8,5,4,4,5,5,5,3,2,2,4,5,4,5,6
ASV809,48,20,37,41,46,57,44,40,42,40,36,50,50,39,43,51,37,31,38,24,32,26,31,29,44,21,42,33,42,30,21,34,35,37,44,27,14,24,15,29,18,33,11
ASV810,20,14,25,14,12,9,13,11,13,12,8,8,7,11,6,7,3,2,5,4,6,2,4,2,7,5,5,4,10,7,4,5,10,6,4,4,2,11,13,3,4,3,9
ASV818,4,1,3,3,0,6,0,6,5,4,8,1,4,3,4,2,3,2,6,5,9,4,0,1,5,3,3,0,3,3,0,0,2,2,9,6,5,1,4,0,1,6,2
ASV820,29,33,25,15,20,19,9,10,14,12,12,8,4,6,14,34,5,1,10,6,11,9,5,9,5,5,5,25,5,11,7,20,21,11,29,42,28,38,35,57,55,72,62
ASV823,21,34,36,33,36,36,37,31,42,20,38,36,30,21,35,60,35,23,27,30,22,29,32,21,26,24,25,22,20,15,22,13,29,15,21,18,18,14,14,20,9,10,11
ASV825,18,18,22,25,35,53,34,33,31,29,25,30,42,27,49,55,32,29,41,31,52,20,31,32,14,23,35,13,24,17,22,42,31,23,35,41,38,42,49,55,49,76,66
ASV828,3,5,5,2,3,3,3,5,4,4,5,2,3,0,0,2,1,1,2,1,3,0,1,1,1,0,1,1,3,1,0,0,3,3,3,2,0,0,0,2,1,0,2
ASV857,25,23,20,22,48,80,39,65,54,49,28,24,25,19,18,20,20,24,33,17,21,22,7,14,12,12,16,15,2,21,7,21,8,15,37,35,18,22,21,50,30,43,56
ASV859,58,55,55,44,69,63,73,51,63,42,57,61,77,59,66,87,65,51,39,50,52,52,63,57,53,45,41,32,46,27,33,42,40,29,22,25,22,19,17,17,13,18,16
ASV863,42,29,34,33,38,30,27,43,33,27,38,33,27,33,42,35,27,45,36,29,32,30,27,18,21,18,27,18,28,26,26,18,28,23,23,19,8,9,5,9,9,11,9
ASV870,27,21,28,24,42,42,39,49,21,23,30,40,51,38,51,52,43,56,38,31,34,57,58,40,33,22,30,28,33,23,31,34,34,24,33,27,22,21,18,15,4,7,7
ASV871,20,17,21,23,13,12,9,11,14,9,7,4,4,9,11,11,3,0,5,4,7,5,1,1,3,6,5,1,4,5,4,6,4,6,11,5,3,6,4,5,8,9,15
ASV882,7,6,5,3,2,4,2,6,9,4,17,12,6,19,26,17,11,21,13,14,25,23,18,21,17,25,19,13,20,14,12,12,19,10,14,11,2,11,10,15,6,4,8
ASV883,33,36,35,43,44,48,37,42,45,22,39,31,37,25,35,31,34,30,26,31,30,34,52,38,48,41,41,40,58,40,37,49,47,49,42,53,35,41,26,32,34,37,48
ASV892,35,52,57,87,171,131,81,74,55,57,46,64,56,54,55,73,39,32,13,29,59,26,42,35,23,18,14,20,50,10,18,29,12,17,20,31,10,14,11,14,17,14,11
ASV895,5,4,3,5,4,6,3,4,3,5,4,1,5,3,6,6,0,2,7,2,3,7,2,2,5,3,2,5,3,3,1,3,5,1,2,4,3,2,0,4,1,3,2
ASV899,1,5,10,7,5,8,13,8,10,9,6,8,9,8,10,4,4,0,2,3,2,4,5,0,3,1,4,9,3,6,4,10,5,4,2,6,4,2,3,9,4,5,2
ASV900,10,12,26,9,17,10,5,17,10,7,14,4,8,6,9,10,3,4,8,3,5,5,7,2,3,4,3,3,4,7,4,5,16,6,7,11,10,7,9,5,7,4,10
ASV905,15,9,8,5,9,9,11,8,17,8,24,23,30,38,26,38,26,25,32,31,32,23,39,20,15,19,26,26,18,31,17,30,15,23,34,35,31,26,54,36,28,58,48
ASV910,2,1,0,2,2,0,0,3,2,5,3,6,9,10,19,53,25,31,36,38,21,21,10,4,10,7,11,2,6,3,3,4,5,4,3,6,3,3,1,2,2,1,2
ASV912,25,41,47,62,68,66,72,66,62,79,47,52,39,28,35,19,16,11,13,1,7,11,7,3,2,3,0,1,3,1,2,3,0,0,3,3,1,1,5,8,2,5,8
ASV916,20,16,15,7,13,22,19,20,15,21,7,25,21,21,27,35,23,42,34,19,40,31,24,25,13,24,20,10,14,15,9,10,20,14,12,9,7,9,6,7,5,8,4
ASV922,2,9,16,6,7,0,3,6,3,1,5,4,3,3,5,5,3,1,6,2,3,7,9,4,6,9,9,6,6,8,8,8,18,8,5,6,3,3,2,4,1,1,3
ASV927,50,23,25,35,36,33,39,33,63,37,44,34,34,33,49,35,30,35,40,22,35,38,59,29,29,26,28,24,34,22,39,62,54,42,49,44,33,47,41,46,28,30,24
ASV941,11,17,12,9,22,25,13,34,17,26,14,27,42,23,28,34,18,37,37,36,40,38,36,19,29,34,37,27,24,33,20,37,31,28,43,26,27,24,20,35,17,24,21
ASV951,39,26,41,55,43,47,44,46,44,42,44,48,41,36,31,53,47,39,38,26,35,29,51,40,42,38,44,35,45,23,36,26,35,26,26,26,21,24,18,28,23,16,14
ASV959,35,37,40,59,74,26,12,10,18,17,22,25,20,21,33,42,34,29,22,29,63,64,48,37,27,18,22,32,87,28,55,58,46,86,70,72,42,29,18,27,23,24,13
ASV965,45,36,48,43,55,54,67,69,58,43,53,53,72,41,57,52,41,40,45,27,42,42,46,54,47,47,60,53,83,54,53,73,63,70,68,80,25,46,48,80,59,56,38
ASV973,16,8,9,5,8,10,2,14,11,4,13,6,16,5,8,10,11,9,7,12,5,5,10,11,9,5,16,9,8,14,9,16,16,12,18,11,13,28,30,49,34,51,38
ASV974,7,6,13,10,6,9,7,9,7,2,3,14,8,8,3,6,4,4,4,3,2,3,2,2,0,3,10,2,4,3,6,5,5,7,5,6,7,4,1,5,8,7,7
ASV980,73,147,173,177,108,79,58,30,19,25,15,12,13,6,12,5,3,5,2,3,0,5,2,2,0,1,0,2,1,7,5,7,23,39,37,45,25,32,3,12,11,9,9
ASV997,8,12,14,13,10,7,7,3,7,4,8,5,4,5,10,11,4,1,2,3,1,8,6,1,2,6,7,2,5,7,6,6,6,4,2,6,5,3,1,2,7,5,4
ASV1010,3,3,4,2,3,21,6,10,8,0,7,11,6,7,10,2,3,5,5,3,1,0,3,2,1,1,1,4,2,0,6,2,5,4,34,6,10,14,14,7,9,17,25
ASV1013,276,298,329,278,202,183,95,98,70,66,50,56,58,27,47,19,21,22,18,29,24,42,61,52,48,38,69,45,62,96,163,128,272,235,164,173,102,139,69,79,42,74,87
ASV1014,7,3,7,8,10,6,4,2,2,5,7,3,3,3,9,3,3,1,3,2,4,2,1,2,1,3,5,4,2,2,3,5,1,5,3,4,1,5,2,4,6,2,3
ASV1024,4,6,10,4,8,3,3,4,4,2,3,3,2,4,4,3,2,2,4,2,1,1,0,1,2,4,3,3,3,2,2,3,4,3,1,4,2,2,0,0,2,0,2
ASV1031,14,6,17,11,23,20,12,22,6,10,11,12,18,11,17,11,18,15,14,12,18,11,7,13,6,8,24,16,9,9,12,18,19,25,80,58,42,67,43,53,63,70,112
ASV1035,15,22,23,28,26,62,35,56,29,36,10,20,26,18,22,20,19,14,19,6,13,17,13,7,3,6,11,6,16,6,12,5,7,11,25,21,12,17,15,23,16,21,22
ASV1050,30,29,45,51,70,54,56,53,84,63,55,80,65,36,67,40,40,26,27,14,21,23,37,21,23,20,25,20,23,16,8,16,11,19,21,15,15,13,30,37,23,17,22
ASV1056,6,8,8,3,6,4,2,1,6,5,5,2,2,5,7,2,1,0,3,3,1,1,0,1,2,0,2,1,3,1,3,4,3,2,3,4,3,3,8,2,2,5,4
ASV1095,7,2,8,2,3,0,3,2,7,3,4,11,6,6,8,18,18,22,36,37,38,54,22,30,33,19,27,21,14,13,14,12,18,18,9,12,2,7,4,6,3,4,8
ASV1097,55,50,60,73,80,75,57,79,81,67,100,88,96,106,92,143,144,131,112,71,99,92,104,86,71,74,98,81,85,62,49,67,74,67,49,41,41,45,27,32,34,32,30
ASV1099,18,3,12,11,21,25,21,21,18,18,21,40,41,17,40,49,36,58,54,53,55,35,42,39,24,35,31,26,27,27,30,28,20,28,22,27,14,26,13,26,21,19,26
ASV1109,2,1,2,3,2,2,0,1,2,2,0,0,0,3,3,0,1,1,0,2,1,2,2,0,6,5,1,3,2,3,2,2,1,0,3,4,6,4,1,3,3,0,0
ASV1112,188,241,261,259,261,199,163,202,174,178,159,161,182,129,128,133,124,82,108,76,94,103,133,144,100,117,92,66,103,103,98,122,126,145,87,85,73,110,81,98,82,98,97
ASV1117,2,1,2,3,0,1,0,1,2,0,1,1,1,1,4,2,2,0,1,3,0,1,2,0,0,3,0,2,1,2,3,0,3,4,1,2,2,2,1,2,0,1,0
ASV1121,1,6,7,1,3,1,0,1,0,1,4,1,2,5,2,1,4,1,1,1,4,4,1,3,5,5,2,3,3,1,4,4,4,0,5,2,2,4,3,5,2,1,4
ASV1129,131,28,38,32,29,43,52,42,50,95,46,46,41,19,97,61,28,32,34,31,35,49,46,64,47,62,84,71,58,65,36,63,68,34,101,70,38,41,40,37,63,65,47
ASV1150,7,10,5,4,9,3,7,10,2,2,1,1,7,2,5,2,1,3,2,1,5,5,0,2,3,2,0,2,2,5,3,8,4,4,3,6,3,3,3,3,5,8,3
ASV1152,10,11,8,7,9,10,12,19,8,9,7,10,19,10,16,13,15,20,20,21,24,19,13,23,21,33,44,36,19,34,24,50,37,49,32,41,32,48,40,66,56,70,50
ASV1163,3,1,5,5,2,6,4,3,7,3,3,1,3,3,2,2,1,1,3,0,1,8,4,16,3,14,20,7,22,12,7,14,19,24,26,25,36,56,26,53,36,45,28
ASV1167,1,0,5,2,0,0,1,1,1,0,1,0,2,3,0,4,4,1,7,4,2,5,3,4,5,9,3,1,1,21,8,8,7,6,10,6,3,5,3,1,2,4,8
ASV1171,3,6,5,3,3,6,7,2,2,5,5,4,3,4,8,9,7,28,18,11,23,29,17,23,23,48,52,34,42,22,23,14,26,34,25,12,11,13,17,11,9,7,17
ASV1177,1,6,4,1,5,9,2,2,4,4,0,3,1,0,2,0,0,0,0,0,0,2,1,1,0,2,1,0,0,3,1,0,3,2,1,0,5,2,5,3,3,3,5
ASV1191,64,46,38,37,44,51,33,44,29,31,17,32,26,10,35,27,30,27,25,17,17,20,21,12,16,14,12,11,9,10,6,7,7,4,6,4,9,3,6,4,3,9,9
ASV1193,0,4,1,1,2,1,3,2,3,0,5,3,3,1,3,2,6,1,2,2,5,1,1,1,4,1,6,6,5,2,0,2,1,0,0,3,0,3,0,2,0,1,1
ASV1217,3,5,4,1,0,2,0,3,2,0,3,5,5,6,6,1,1,0,0,2,1,2,3,0,3,3,4,5,3,12,1,4,5,5,5,6,5,10,7,4,3,11,10
ASV1236,8,11,9,9,7,11,5,9,10,4,2,4,5,9,6,4,2,1,0,2,2,4,2,0,3,2,2,4,3,4,7,2,5,5,5,6,7,8,5,4,7,6,5
ASV1252,36,31,45,51,65,68,63,77,57,54,43,48,91,52,72,72,45,63,60,46,63,44,49,31,24,31,36,30,39,21,26,38,27,29,27,30,20,34,42,66,59,70,67
ASV1253,6,6,9,7,9,4,2,10,8,6,3,11,9,3,7,3,4,6,3,0,6,6,4,6,0,8,3,1,2,5,4,5,3,7,11,10,2,21,12,12,14,28,49
ASV1259,19,16,30,26,16,20,37,30,22,25,25,27,31,13,19,18,20,12,16,3,10,13,16,11,18,16,20,29,28,23,16,40,28,37,37,41,33,62,61,76,57,54,34
ASV1260,4,6,6,8,12,6,2,8,3,8,7,9,6,10,8,1,6,1,2,2,6,2,4,1,3,0,3,3,6,1,2,6,4,3,6,8,3,7,7,7,4,5,8
ASV1262,1,2,5,10,3,2,5,5,2,4,9,1,2,5,5,2,0,1,1,1,0,0,0,0,0,0,0,0,0,1,5,3,1,3,0,1,4,2,3,0,1,0,5
ASV1272,15,8,12,7,19,25,16,20,31,29,36,27,42,39,43,59,33,26,32,22,19,21,14,17,9,12,11,11,15,13,14,11,10,14,17,19,12,13,6,25,15,11,11
ASV1276,40,31,44,49,47,43,50,33,51,41,57,48,52,35,36,37,31,35,31,20,29,40,47,54,92,48,63,63,68,65,33,57,66,70,67,58,49,58,59,109,58,43,31
ASV1286,2,5,8,7,4,4,9,5,6,8,19,15,16,8,9,8,20,7,9,9,12,11,6,14,31,42,31,49,58,47,24,43,61,51,30,16,25,28,17,16,11,10,7
ASV1295,5,5,8,5,7,7,4,3,4,3,6,4,2,5,1,4,2,0,3,5,1,2,2,1,3,3,1,2,2,4,4,2,4,5,4,1,2,5,2,2,2,0,7
ASV1312,3,0,6,1,2,5,0,5,0,2,2,1,3,2,5,2,2,2,0,3,3,4,1,0,2,2,1,3,5,6,2,6,3,0,0,0,0,2,0,2,1,2,1
ASV1353,22,31,21,36,87,61,35,32,22,15,13,30,19,21,24,31,13,13,7,9,23,25,19,17,7,4,8,2,12,4,7,19,8,15,8,10,12,5,7,7,6,7,4
ASV1354,98,86,82,96,83,58,50,54,54,54,50,39,55,35,40,33,27,21,19,27,28,40,74,119,98,98,134,89,145,108,105,130,146,141,121,123,88,137,83,89,85,52,54
ASV1381,9,4,8,6,11,10,18,12,18,18,14,23,14,8,11,11,11,11,5,6,12,8,5,5,7,7,4,11,6,8,7,7,4,11,4,5,5,5,5,3,1,8,5
ASV1387,36,25,32,38,21,34,22,21,22,8,22,19,31,30,25,30,29,30,38,41,46,51,43,19,21,19,17,22,33,19,28,28,38,21,17,20,8,15,15,15,13,24,12
ASV1413,14,12,25,22,27,45,39,39,26,32,50,61,64,67,79,95,75,48,74,48,38,38,24,28,24,23,12,10,25,11,7,10,13,25,21,10,13,20,16,28,20,11,11
ASV1420,0,0,3,2,1,1,2,1,2,1,3,2,2,1,6,0,1,0,4,2,5,3,0,0,2,3,0,0,1,1,1,2,2,2,18,6,5,12,7,8,14,17,20
ASV1430,9,12,22,10,9,11,10,6,10,5,10,10,12,5,7,13,8,6,8,8,10,17,9,15,17,14,23,29,26,26,26,31,30,41,49,48,34,42,31,25,23,23,29
ASV1451,2,1,2,3,0,1,1,1,3,4,4,4,1,1,2,1,1,0,2,0,0,5,4,30,13,32,43,15,41,35,46,70,116,131,112,91,110,139,121,106,95,56,57
ASV1453,2,3,2,5,0,0,0,0,4,2,3,1,0,1,0,0,3,2,3,3,1,4,8,0,3,6,2,2,2,2,1,3,3,3,2,4,1,2,2,3,2,1,4
ASV1456,5,4,3,1,1,1,0,1,1,2,2,0,3,0,2,2,0,1,2,0,2,0,0,0,0,3,0,0,1,0,0,2,0,0,4,5,4,13,5,3,2,5,5
ASV1469,9,2,1,6,4,3,1,4,6,5,9,3,3,5,10,6,0,2,1,1,5,1,0,1,3,6,1,5,1,1,4,4,1,3,7,3,7,3,2,2,3,2,0
ASV1486,3,4,15,9,7,7,5,7,11,7,6,4,8,3,6,3,3,0,2,0,2,2,3,1,1,5,2,6,3,0,0,2,5,5,4,4,6,6,2,5,6,4,7
ASV1489,3,5,6,3,4,2,5,11,11,5,10,41,7,5,6,25,5,5,6,11,11,11,12,25,25,20,44,42,58,30,22,45,47,46,28,29,22,18,29,15,15,22,12
ASV1498,14,5,10,7,6,15,7,8,5,4,13,2,9,5,11,9,3,5,12,4,9,8,2,8,7,10,8,6,4,8,5,15,9,16,54,46,42,57,105,86,52,88,127
ASV1521,0,1,0,2,1,0,0,0,0,2,1,1,0,2,0,1,0,1,1,0,0,1,1,5,2,3,8,6,12,11,10,17,25,29,28,39,41,73,85,89,143,95,78
ASV1531,19,26,31,29,49,65,37,63,50,59,55,58,71,53,78,72,49,65,75,66,86,60,48,33,51,36,43,48,39,31,28,24,24,21,71,46,37,44,62,79,59,84,73
ASV1543,0,1,0,0,1,7,0,2,3,0,0,2,3,2,6,3,3,2,10,4,5,3,3,3,1,2,0,1,2,3,1,1,0,3,18,14,4,3,1,1,1,2,5
ASV1555,61,55,71,104,91,69,85,84,119,91,83,97,89,42,49,56,38,19,27,23,36,19,31,39,35,47,59,42,57,36,25,41,74,58,59,51,64,123,78,87,84,67,75
ASV1556,23,25,29,27,21,37,20,36,37,41,36,38,34,19,37,37,25,58,40,42,13,22,22,30,27,21,19,25,31,32,22,41,27,33,55,36,24,47,32,49,43,46,52
ASV1586,1,11,5,8,4,10,4,3,6,6,2,4,1,3,4,4,3,1,3,3,4,1,6,1,2,1,2,3,3,2,1,2,2,3,3,0,2,2,7,3,1,3,2
ASV1595,1,1,3,1,0,6,0,1,1,1,0,1,3,9,5,6,5,0,3,4,6,6,8,2,6,14,5,5,1,7,4,0,5,4,1,1,3,7,3,0,0,1,4
ASV1619,3,7,4,3,2,1,1,4,2,3,2,3,2,0,2,3,0,1,0,2,2,1,0,1,3,2,0,3,1,2,5,1,4,1,2,2,1,0,3,2,1,3,2
ASV1646,10,5,5,9,11,11,2,2,2,1,0,3,3,5,7,11,16,37,33,32,61,74,40,19,16,15,18,8,19,17,18,23,9,23,32,26,23,25,14,26,10,22,23
ASV1673,2,4,6,1,1,2,1,5,4,1,1,2,3,3,5,4,1,3,2,3,3,2,0,1,5,2,1,2,1,4,2,2,4,3,5,1,2,4,0,3,1,1,4
ASV1677,2,4,5,7,4,1,1,3,1,0,0,1,1,2,0,0,0,1,0,0,0,0,0,0,0,1,2,1,1,1,1,3,0,3,1,4,0,2,2,4,4,5,11
ASV1679,0,1,3,3,3,1,3,3,5,1,3,3,2,2,3,2,0,0,2,1,0,1,1,3,1,1,3,0,3,1,3,1,0,1,0,0,0,3,0,1,3,2,3
ASV1738,15,17,20,24,33,48,42,51,48,44,40,40,54,43,58,40,52,48,41,35,72,36,52,27,20,18,24,22,37,36,28,30,24,27,35,27,19,31,24,45,41,54,43
ASV1739,4,3,6,11,5,4,6,4,8,4,2,4,5,2,6,3,4,2,3,0,1,2,1,1,2,3,2,2,2,1,2,4,7,2,5,4,2,8,1,4,2,3,1
ASV1775,5,4,7,7,12,13,19,39,35,36,35,45,51,40,55,47,34,36,25,20,21,12,14,7,8,8,11,6,12,8,13,5,12,7,12,11,6,6,3,12,9,11,6
ASV1779,2,1,0,2,1,1,2,3,1,3,0,2,0,1,1,2,0,0,0,0,0,0,0,0,1,0,0,0,1,1,0,1,0,0,1,1,0,1,1,0,0,2,2
ASV1787,2,1,4,5,0,3,1,2,2,1,5,0,2,1,1,0,0,0,1,0,1,0,0,0,1,1,3,0,2,2,2,1,4,4,4,3,1,4,2,2,1,6,6
ASV1792,3,1,0,2,1,2,1,3,5,4,10,3,1,2,0,1,2,1,1,0,2,2,2,0,1,6,69,74,63,38,39,40,18,6,6,4,4,4,5,28,9,11,10
ASV1836,134,201,220,287,251,222,211,242,199,171,226,214,388,262,351,315,263,333,511,1101,986,1296,1249,726,412,423,464,270,381,311,307,270,298,245,193,205,136,140,80,89,64,83,78
ASV1846,4,1,2,1,0,0,1,0,0,0,0,1,1,2,2,0,0,2,2,3,2,2,4,3,2,3,1,4,3,2,1,4,4,3,1,4,0,1,1,1,0,0,0
ASV1865,10,5,9,6,6,6,3,4,4,1,3,4,0,6,6,3,2,3,1,4,4,3,2,1,3,0,3,2,1,1,3,1,5,4,5,2,2,6,4,4,3,4,5
ASV1870,5,3,4,1,2,2,3,6,1,2,4,3,6,7,7,10,18,30,30,24,45,29,23,25,12,10,14,7,9,9,10,5,10,4,6,4,4,2,3,0,1,0,0
ASV1878,1,2,4,1,0,1,0,2,2,2,2,1,2,2,3,0,0,0,0,0,0,0,0,0,0,0,0,0,0,0,0,0,0,1,0,3,0,0,0,2,0,1,3
ASV1884,1,0,2,3,1,1,0,0,1,0,2,3,1,7,4,1,2,0,2,0,1,2,2,1,0,0,0,0,0,2,1,0,2,2,1,0,4,0,2,0,1,1,0
ASV1894,0,0,2,1,1,0,0,0,0,0,0,1,0,0,1,0,0,0,0,1,0,1,2,2,7,10,9,7,13,14,20,25,19,25,30,30,17,30,38,48,41,35,26
ASV1900,3,4,4,2,11,3,10,5,6,4,5,3,5,1,9,11,4,4,7,2,3,4,3,4,2,0,0,3,2,2,2,3,5,6,6,6,1,5,4,3,9,6,6
ASV1903,2,5,4,3,0,0,0,1,0,2,0,5,1,1,4,1,0,2,4,2,4,1,0,0,1,5,3,0,2,5,1,4,4,1,0,0,2,3,2,2,1,3,6
ASV1909,1,1,0,0,2,1,0,0,0,0,0,1,1,1,0,0,0,0,0,0,0,0,0,0,0,0,0,0,0,0,0,0,0,0,3,0,1,0,1,1,1,1,0
ASV1920,3,1,2,8,7,3,2,3,2,1,2,0,1,1,1,1,0,2,3,2,3,1,1,0,1,0,2,1,1,0,3,2,5,1,0,3,2,1,2,2,3,1,1
ASV1922,1,1,3,1,2,2,1,3,2,1,4,1,4,2,2,1,5,0,0,2,2,1,1,1,2,1,1,0,2,0,3,0,5,1,3,2,1,2,4,1,1,2,3
ASV1925,0,0,1,0,0,0,1,0,0,0,1,0,0,1,3,0,1,2,3,4,4,2,3,0,1,5,4,1,3,2,0,2,3,0,0,0,1,1,2,0,0,0,0
ASV1943,23,39,56,43,68,68,96,88,78,71,51,52,54,38,57,64,90,61,63,41,53,63,58,66,77,52,49,28,45,18,31,21,26,31,68,59,61,76,44,46,41,40,37
ASV1958,41,41,49,42,46,34,43,39,43,54,65,34,37,35,32,43,43,22,26,18,19,20,62,128,118,76,92,50,75,55,47,74,66,48,37,48,37,38,76,52,45,52,38
ASV1972,1,1,2,3,1,0,0,0,0,0,0,0,0,0,0,1,0,0,0,0,2,0,0,0,0,0,0,1,0,0,0,0,0,0,0,0,0,0,1,0,0,1,0
ASV2000,50,41,58,53,67,47,52,63,58,60,70,82,70,57,58,45,60,31,55,24,26,43,97,236,190,146,135,87,173,104,87,99,92,88,66,67,77,60,110,94,87,95,82
ASV2066,78,58,90,50,98,110,73,106,117,82,104,88,108,69,93,96,69,83,95,69,91,84,79,44,79,73,100,74,58,46,34,42,40,42,45,41,22,37,25,30,26,32,30
ASV2082,4,3,5,5,4,3,0,7,1,2,2,4,0,2,2,3,2,2,0,0,3,1,2,0,2,3,1,2,2,4,4,2,2,1,6,3,2,5,3,2,2,3,3
ASV2083,104,101,116,88,25,26,25,8,8,9,7,3,8,4,3,3,4,3,1,1,1,9,20,22,31,20,60,73,88,63,131,132,110,91,48,51,24,21,12,6,6,10,5
ASV2104,1,0,0,0,1,2,1,0,1,0,0,1,1,0,1,0,0,0,2,0,0,1,1,0,2,2,0,0,0,0,0,0,0,0,0,0,0,0,0,0,0,1,9
ASV2105,1,4,6,3,2,1,3,2,3,9,3,5,5,6,7,13,13,10,20,17,24,28,34,36,43,29,37,30,33,22,24,38,39,31,14,17,13,12,9,5,7,4,3
ASV2150,0,2,1,2,0,1,0,0,3,1,1,1,0,0,2,1,1,0,0,0,0,0,1,0,1,0,0,0,0,0,0,0,0,0,0,0,0,0,2,1,0,1,0
ASV2167,3,3,4,1,4,3,7,2,7,3,4,2,1,4,2,2,1,2,5,2,2,3,1,0,3,1,1,2,2,2,4,3,2,4,2,0,0,2,0,2,2,4,5
ASV2178,4,6,9,2,8,8,1,2,3,1,7,3,2,2,1,0,1,0,3,5,5,1,1,2,1,2,2,1,0,0,0,1,0,1,3,1,4,2,1,3,0,3,7
ASV2180,1,2,7,2,4,5,5,0,5,2,3,4,2,4,5,6,0,2,1,1,4,3,1,2,0,2,1,0,2,3,4,0,2,2,1,1,2,2,0,2,0,3,2
ASV2182,3,0,2,20,1,1,0,2,3,1,2,0,0,1,1,0,1,0,0,0,0,0,0,0,0,0,0,0,0,0,0,0,0,2,0,1,0,1,1,0,1,1,0
ASV2203,9,6,6,6,4,6,3,2,3,1,5,0,1,0,2,3,1,2,1,0,1,0,1,2,2,5,1,3,3,0,1,2,4,3,2,0,0,3,2,2,1,2,3
ASV2228,0,0,3,6,1,2,0,1,2,1,3,0,3,1,1,2,0,0,5,1,3,4,3,1,3,1,2,1,0,3,1,0,6,2,0,2,0,1,0,0,0,2,1
ASV2234,5,2,2,2,3,5,1,4,6,2,9,9,2,8,9,3,2,4,3,1,3,2,2,1,4,6,2,1,4,2,3,0,4,2,2,1,3,0,1,1,2,3,2
ASV2239,3,8,5,5,4,5,5,2,4,7,5,3,3,0,2,2,3,1,2,1,5,5,1,4,0,1,5,3,2,1,5,4,3,1,7,3,2,3,4,1,3,4,11
ASV2259,1,2,4,4,3,3,2,1,4,2,3,3,1,1,2,4,2,0,0,2,1,2,0,1,1,1,1,1,0,4,0,2,4,0,0,2,2,0,0,1,1,1,2
ASV2324,2,1,3,2,1,4,4,2,2,5,0,2,2,4,1,2,1,1,3,2,1,0,9,26,29,29,37,24,57,32,22,34,59,68,52,38,48,62,47,43,46,26,13
ASV2334,3,5,0,3,2,2,1,2,5,3,2,0,1,0,1,4,1,1,1,1,2,1,0,0,1,0,2,0,0,2,0,1,4,0,1,1,2,0,2,1,3,3,1
ASV2378,3,0,2,3,2,1,5,1,0,1,1,0,1,0,4,0,2,0,1,0,0,2,0,2,0,1,1,0,1,0,0,2,0,1,2,0,0,0,2,1,0,0,2
ASV2396,2,4,6,0,1,3,1,1,3,1,3,2,1,3,0,3,0,1,0,1,2,2,2,0,2,4,1,3,2,0,3,0,1,1,0,2,0,0,2,3,4,1,1
ASV2409,15,6,3,4,23,10,7,37,37,17,11,26,29,27,33,75,63,37,8,5,5,7,17,8,5,4,17,12,12,2,7,3,5,4,5,3,6,5,1,2,3,1,1
ASV2412,2,1,1,1,1,1,2,1,3,1,3,1,0,2,2,0,1,1,3,3,0,1,1,0,1,0,0,0,2,0,1,0,1,1,1,0,1,0,2,0,0,5,1
ASV2426,6,3,4,1,1,1,0,2,4,4,2,1,2,3,4,2,0,0,1,0,1,0,0,0,3,1,0,1,0,0,0,0,1,0,5,1,0,2,1,2,0,0,1
ASV2438,4,1,9,8,13,12,3,2,1,1,2,3,1,2,5,17,12,36,37,29,55,24,18,17,8,8,7,10,6,4,13,12,21,19,14,20,16,9,15,31,21,20,30
ASV2451,7,3,6,6,7,2,2,4,4,2,5,3,1,7,1,5,2,1,3,1,1,4,2,3,0,3,1,3,0,0,1,1,5,0,2,4,1,4,8,1,2,1,5
ASV2468,42,25,29,44,37,13,19,15,26,23,10,8,15,5,5,3,2,0,0,2,1,1,1,1,2,0,1,4,2,2,2,4,5,2,1,3,2,8,6,3,4,3,1
ASV2505,64,41,75,53,66,70,72,80,70,41,82,84,103,57,88,69,28,59,49,37,52,34,34,24,21,39,55,53,48,41,61,49,46,45,84,75,40,68,58,76,63,109,105
ASV2550,1,1,0,0,1,1,1,0,0,1,1,3,2,0,0,0,0,2,2,3,3,1,1,0,0,0,0,0,4,0,0,1,1,0,0,2,0,0,0,4,0,2,0
ASV2555,0,2,2,3,3,4,4,3,9,10,11,5,5,3,9,3,3,3,4,1,2,1,6,3,3,2,5,1,2,2,8,7,10,22,25,59,60,125,64,48,42,47,35
ASV2598,0,3,0,0,1,1,2,1,1,1,0,0,1,1,2,1,0,0,1,1,0,0,0,0,2,0,0,1,1,0,1,0,1,1,0,0,0,2,0,0,0,0,0
ASV2663,1,4,1,1,0,3,0,4,3,2,4,3,1,1,2,1,0,0,0,0,0,0,1,0,0,0,1,0,0,1,0,1,1,0,0,1,1,0,0,2,1,3,6
ASV2679,4,3,3,6,3,2,0,0,0,3,3,0,4,1,6,1,0,1,1,1,1,0,0,0,0,1,0,1,0,1,0,0,1,1,1,3,1,2,1,2,2,1,1
ASV2691,0,0,7,5,1,1,1,3,0,4,3,2,0,1,1,2,1,1,1,0,1,2,1,0,1,0,1,1,1,0,1,2,3,1,1,2,2,1,4,2,5,2,3
ASV2759,1,0,2,1,0,0,2,1,1,0,0,1,0,2,0,0,1,0,0,2,0,2,2,5,5,13,21,8,22,24,29,33,79,82,75,82,78,80,99,100,77,62,55
ASV2764,1,2,2,1,1,0,2,0,2,1,2,0,2,1,0,1,1,1,0,0,1,0,0,0,0,0,0,2,0,0,0,0,0,0,2,2,0,1,1,0,1,0,0
ASV2765,7,5,11,26,16,7,25,11,17,11,23,25,22,20,35,45,36,30,22,23,26,26,42,51,36,31,47,36,58,27,43,50,61,44,29,25,22,29,12,24,14,22,16
ASV2790,5,1,5,6,7,4,3,7,4,5,3,3,4,3,6,8,6,5,6,5,8,5,4,2,2,9,7,5,4,4,4,3,1,2,1,2,3,1,2,3,0,3,2
ASV2791,0,1,0,0,0,2,1,5,2,1,0,0,0,2,0,0,2,0,0,2,2,1,0,0,0,0,2,0,1,1,0,0,0,0,1,4,0,0,0,0,0,2,3
ASV2807,0,0,1,0,1,1,0,1,0,0,1,0,2,0,0,1,2,2,1,2,2,3,1,0,0,2,1,3,1,0,0,0,0,0,1,0,0,1,0,0,0,0,0
ASV2811,2,0,2,0,0,0,0,3,3,1,1,1,1,3,3,2,1,1,0,1,2,1,1,0,1,5,3,0,2,0,4,1,0,0,2,1,1,0,4,0,0,1,0
ASV2819,2,1,3,2,2,4,1,0,0,0,0,0,2,4,1,0,1,0,1,1,1,0,0,0,0,1,4,1,1,0,0,2,1,1,1,2,0,0,0,0,0,1,0
ASV2820,2,2,6,1,2,1,0,0,1,1,3,3,2,1,2,0,0,1,1,0,2,0,2,0,3,1,1,0,0,1,1,2,4,2,3,1,2,0,1,1,1,1,2
ASV2852,2,5,3,4,7,1,2,2,5,1,4,4,2,1,3,0,3,2,1,2,1,0,1,1,3,1,1,0,0,1,3,2,3,0,2,1,2,1,0,2,5,1,3
ASV2864,27,18,23,19,16,23,23,33,20,18,26,33,44,27,39,44,54,49,39,44,51,48,43,51,30,42,59,48,54,47,36,67,50,41,56,49,25,31,26,37,21,25,36
ASV2872,4,3,3,2,3,3,4,1,0,0,3,1,1,0,2,1,1,2,3,1,1,3,0,0,1,1,1,0,2,0,0,1,3,2,0,0,1,3,5,0,2,5,2
ASV2894,69,64,77,59,30,33,38,32,19,11,18,8,27,9,25,9,16,32,39,55,53,36,33,23,13,13,36,22,19,24,46,37,37,29,41,35,28,20,14,11,24,16,18
ASV2954,43,40,34,17,30,23,24,31,32,39,42,48,56,48,49,63,60,47,105,43,79,68,50,68,79,95,109,80,151,98,106,119,75,58,125,83,58,80,48,46,22,45,41
ASV2955,18,15,29,33,50,32,17,15,13,6,8,15,16,16,29,31,22,52,44,19,38,26,22,11,19,14,22,11,17,14,18,15,14,9,12,12,11,7,12,13,12,20,28
ASV2959,50,41,48,49,58,61,62,50,65,61,35,59,42,34,48,50,42,32,46,43,69,60,53,45,54,45,61,25,62,31,40,50,39,41,47,31,25,31,28,22,15,26,11
ASV2966,8,18,27,50,100,131,108,202,209,213,267,176,349,178,193,154,109,127,184,200,142,144,214,141,76,94,119,85,107,124,136,118,200,202,184,212,142,177,126,109,76,142,142
ASV2985,0,0,3,0,1,1,1,0,0,0,1,1,0,0,3,2,0,2,0,0,0,2,1,0,1,0,2,1,0,0,1,2,1,1,0,0,0,1,1,2,0,1,0
ASV3000,9,2,6,2,2,2,4,1,6,0,8,2,9,4,3,2,4,1,3,8,0,2,4,3,2,5,2,4,5,1,5,10,15,18,4,12,12,7,16,15,9,32,41
ASV3015,0,0,0,0,0,0,0,0,0,1,0,1,1,1,0,0,0,1,1,1,4,0,1,0,0,1,1,0,2,0,0,0,1,0,0,2,0,0,1,0,0,1,1
ASV3021,1,4,2,3,3,1,0,2,4,2,3,4,3,5,0,2,2,2,0,0,0,1,0,0,0,1,1,0,1,0,0,1,2,1,0,1,0,1,2,3,1,3,4
ASV3039,0,3,2,4,2,2,1,1,1,0,3,1,1,3,4,0,0,1,0,0,0,0,0,0,0,0,0,0,0,0,0,1,2,0,1,1,1,0,1,5,1,2,5
ASV3056,0,2,0,0,0,2,0,3,0,1,5,1,2,1,2,2,0,1,2,3,3,1,0,1,2,1,5,1,1,1,1,1,1,0,2,1,0,0,1,0,2,0,1
ASV3065,233,162,244,161,197,283,201,291,299,265,316,294,345,235,382,389,386,390,384,254,353,163,155,160,99,146,197,127,237,171,118,143,61,102,106,102,57,54,31,56,44,38,33
ASV3076,0,3,5,7,0,0,1,1,0,1,2,2,2,2,0,2,2,0,0,0,0,0,0,0,0,0,0,1,2,1,0,2,0,1,3,1,0,3,4,2,1,3,2
ASV3113,2,0,5,7,4,1,2,3,0,0,2,2,3,3,6,1,0,1,3,0,2,8,3,0,0,3,4,0,0,1,5,0,5,5,2,0,0,2,1,3,1,3,1
ASV3161,17,19,18,13,13,31,29,29,43,46,81,81,40,16,23,12,3,4,5,2,3,1,0,4,1,0,0,0,0,0,0,0,0,0,0,1,0,0,0,0,0,0,0
ASV3193,4,5,1,2,0,2,1,4,4,8,0,3,3,2,1,1,4,1,2,0,0,0,2,0,1,1,1,0,0,2,3,1,3,3,1,4,2,3,1,2,2,1,4
ASV3228,3,4,4,5,2,1,2,4,3,0,2,0,1,0,1,2,1,1,0,2,0,2,0,0,1,2,2,1,2,0,2,0,0,1,5,1,2,8,1,4,3,1,3
ASV3237,2,2,2,1,1,2,1,1,0,2,5,1,0,1,2,0,1,0,0,0,1,2,2,0,3,0,0,2,1,6,0,1,1,1,1,1,1,1,0,2,0,3,2
ASV3308,5,5,7,4,7,5,7,7,11,6,20,16,21,17,27,55,36,45,48,37,35,28,23,16,9,14,14,12,13,11,15,12,8,5,3,6,2,3,1,1,3,0,3
ASV3329,0,1,0,1,2,2,2,0,3,1,3,0,3,1,0,2,0,0,0,2,1,1,0,1,0,1,1,0,1,0,1,0,2,2,1,1,0,2,0,1,1,0,0
ASV3330,0,0,0,0,1,0,0,1,0,3,0,0,2,13,5,16,1,0,1,0,4,16,23,6,4,12,14,7,14,13,5,3,10,2,0,0,0,1,0,0,0,0,0
ASV3366,3,1,4,4,4,4,2,2,0,2,1,1,1,0,0,0,2,0,2,1,0,1,0,1,0,0,2,1,2,5,3,1,2,3,1,2,3,1,1,3,1,1,1
ASV3371,1,0,0,0,0,1,1,3,0,0,0,1,0,1,0,0,0,0,0,0,0,1,0,0,0,1,2,0,0,0,0,0,1,0,1,0,1,4,1,0,2,0,1
ASV3372,0,0,0,0,0,0,0,0,0,0,0,0,0,0,0,0,0,0,0,0,0,0,0,0,0,0,0,0,0,0,0,0,0,0,0,0,0,0,0,0,0,2,1
ASV3392,1,0,1,1,0,0,0,0,0,1,0,0,1,1,0,0,2,0,0,0,2,3,1,0,0,1,0,0,0,5,3,1,0,2,2,1,0,0,4,1,2,0,4
ASV3399,1,1,5,2,0,0,0,1,0,0,1,1,0,2,1,0,1,0,2,0,1,1,2,0,1,1,1,0,0,0,1,1,0,2,1,3,2,1,3,1,1,0,1
ASV3425,0,0,1,0,1,0,0,1,0,1,1,0,1,1,1,0,0,0,2,1,2,0,0,0,3,2,0,0,2,1,0,1,1,2,2,0,2,2,0,3,0,2,3
ASV3498,2,0,4,2,1,0,1,1,1,0,0,2,0,1,1,2,1,0,0,1,0,3,1,0,2,1,0,1,1,1,2,0,2,2,1,0,3,1,0,2,0,5,0
ASV3509,21,22,18,26,33,20,41,31,77,43,55,60,46,27,41,38,27,20,19,9,9,15,25,55,83,41,46,51,86,30,31,44,34,32,24,28,31,36,30,25,20,19,9
ASV3547,34,32,50,52,75,81,88,149,86,81,83,93,98,101,145,183,127,163,144,146,170,185,176,113,134,100,80,65,116,64,48,66,42,47,44,59,29,42,39,54,48,37,29
ASV3592,0,1,1,2,0,1,0,1,1,0,1,0,0,0,1,0,0,0,1,0,0,0,0,0,0,0,0,0,0,0,0,0,0,0,1,0,0,0,0,0,1,1,0
ASV3651,13,16,14,25,17,16,15,14,16,13,18,13,14,6,11,10,7,5,11,12,9,19,10,5,2,9,8,9,15,10,16,8,14,32,27,18,19,46,28,30,27,49,84
ASV3671,24,32,29,46,27,19,31,25,30,30,17,17,15,8,8,12,14,4,9,6,5,5,17,15,15,23,17,22,29,22,15,25,33,34,27,28,27,18,27,12,14,11,7
ASV3714,2,4,4,2,1,3,0,3,4,1,2,4,0,4,1,2,1,0,5,2,3,1,3,0,1,0,1,0,1,1,0,1,1,1,2,5,1,1,5,2,1,1,5
ASV3755,2,5,6,3,2,3,1,1,1,0,2,0,0,1,0,0,0,0,1,0,0,0,2,0,0,0,0,1,1,1,1,0,4,5,2,3,1,1,4,2,2,4,5
ASV3772,0,0,0,1,0,0,0,0,0,0,0,0,0,0,0,0,0,0,0,0,0,0,0,0,0,0,0,0,0,0,0,0,0,0,0,0,0,0,0,0,1,1,0
ASV3822,0,1,2,3,1,0,2,0,2,0,1,1,2,0,1,0,0,0,0,0,1,0,0,0,1,1,1,0,0,0,0,1,1,0,0,0,0,1,0,2,0,0,2
ASV3823,0,1,0,0,0,2,0,0,0,0,0,2,0,1,0,1,0,0,0,1,0,0,0,1,1,4,1,1,0,0,1,0,1,0,0,1,0,0,0,0,1,0,1
ASV3845,2,1,5,3,7,11,11,11,17,13,30,27,64,42,52,41,49,72,125,172,136,174,146,82,56,41,77,41,84,76,47,66,97,91,71,69,55,65,71,224,249,174,158
ASV3863,0,0,0,0,0,2,0,2,0,0,0,0,1,0,0,0,1,1,1,0,5,2,0,1,0,0,0,0,1,1,0,0,1,1,2,1,1,1,0,0,0,0,0
ASV3893,0,0,1,0,0,1,0,1,0,3,1,1,0,0,0,0,0,0,0,2,1,1,0,0,0,0,0,0,0,1,0,1,1,2,1,2,0,0,0,0,0,0,0
ASV3921,1,3,2,2,0,6,0,0,0,0,0,2,0,0,3,1,0,0,0,2,0,1,0,0,0,2,1,0,1,0,0,0,1,0,1,0,0,0,2,2,1,2,0
ASV3936,0,0,0,1,0,0,2,1,0,0,0,1,0,0,1,0,0,1,1,1,6,0,0,0,0,1,3,0,2,0,2,0,0,0,1,0,0,1,0,0,0,1,0
ASV3988,68,41,68,50,57,43,40,39,44,34,37,19,42,31,19,17,17,9,21,16,18,15,17,11,6,16,9,7,11,8,8,12,17,15,13,11,4,11,14,10,11,13,20
ASV3990,4,11,9,5,3,4,2,2,2,2,0,0,2,5,1,1,1,3,4,4,3,2,0,1,2,3,5,0,2,1,2,1,3,2,3,3,2,2,1,4,2,7,7
ASV4005,1,2,1,2,0,0,1,1,3,1,2,0,0,4,2,0,0,0,0,0,1,0,1,0,0,0,0,0,0,1,2,0,1,0,0,3,1,0,1,1,0,3,0
ASV4008,0,0,1,2,1,0,1,1,0,1,1,1,0,0,5,0,0,0,2,0,1,3,2,2,1,1,0,0,0,0,0,0,1,1,1,2,0,2,0,2,0,0,0
ASV4013,0,0,2,0,0,1,1,2,0,1,4,3,0,1,5,5,1,0,0,0,3,2,1,1,0,1,0,0,2,0,1,0,1,0,1,0,0,0,0,0,0,3,1
ASV4016,202,158,192,167,85,84,54,73,42,42,30,30,43,31,20,25,23,12,33,26,29,46,57,39,34,50,61,60,85,95,86,114,184,174,169,222,137,224,136,105,94,136,171
ASV4039,0,1,2,2,1,0,0,0,0,0,4,1,0,0,2,0,1,1,0,0,1,2,1,0,1,1,1,1,0,0,0,0,0,1,0,0,4,1,0,3,0,2,0
ASV4050,3,1,1,0,0,1,0,0,3,2,2,0,0,3,1,3,1,1,2,2,1,0,2,0,2,3,5,4,6,1,2,3,4,1,2,3,0,0,0,0,2,1,3
ASV4060,4,4,3,4,4,2,0,2,0,0,3,2,1,3,5,5,2,1,2,0,0,2,1,0,0,1,0,2,2,2,2,4,3,2,1,2,0,1,0,0,0,1,1
ASV4083,2,2,2,4,5,2,0,1,2,1,3,0,0,0,1,2,2,0,1,1,1,0,2,0,1,1,0,2,1,5,1,0,0,0,1,0,2,3,1,0,2,0,2
ASV4113,1,1,1,0,0,1,0,0,0,0,0,0,0,0,1,0,1,0,1,1,4,0,0,0,1,0,0,0,1,0,0,0,1,0,0,0,0,1,1,1,0,1,0
ASV4160,1,2,2,5,5,11,12,20,23,19,5,16,17,17,17,16,18,16,12,23,19,13,23,31,25,27,35,17,38,33,24,30,25,23,34,29,30,40,30,43,37,62,58
ASV4254,12,5,20,25,28,42,46,41,28,46,25,31,71,46,49,43,26,104,101,117,133,118,147,114,62,84,154,111,128,108,221,196,156,161,149,197,138,184,122,128,137,154,179
ASV4282,1,2,1,0,0,0,2,0,0,0,2,1,0,0,0,0,0,0,0,0,1,0,0,0,0,0,0,0,0,0,0,0,0,0,0,0,1,0,1,2,0,2,3
ASV4364,0,0,0,1,0,0,0,0,0,0,1,0,0,1,0,0,1,1,0,0,2,0,0,0,0,0,0,0,2,0,0,1,0,0,0,1,0,0,0,1,0,0,0
ASV4366,0,0,0,0,0,1,0,0,0,0,0,0,0,0,0,0,0,0,0,0,0,0,0,0,0,0,0,0,0,0,0,0,0,1,0,0,0,0,0,0,0,1,8
ASV4393,0,2,1,3,4,3,3,1,2,0,1,1,2,4,1,2,1,2,6,0,1,1,0,0,2,2,4,1,2,2,0,0,0,2,0,1,0,1,1,0,0,2,0
ASV4433,6,2,5,1,2,4,0,7,0,3,5,4,3,4,1,0,0,0,3,2,2,4,0,0,1,2,0,1,1,1,0,1,3,3,4,7,1,1,0,6,1,3,8
ASV4547,20,12,32,26,42,67,49,67,60,49,49,66,45,30,36,21,6,14,18,3,15,7,15,8,2,2,10,5,11,5,5,7,4,14,15,9,3,6,6,6,3,7,8
ASV4625,1,2,5,3,2,0,3,1,3,0,1,3,0,1,3,1,3,1,0,1,1,1,0,0,1,3,1,0,1,0,2,1,0,0,0,1,2,2,2,0,1,1,1
ASV4638,99,76,105,96,72,53,40,44,32,31,24,16,21,15,18,5,10,6,13,9,6,16,45,18,15,19,102,71,113,144,130,126,158,122,104,82,53,96,33,39,33,39,44
ASV4639,0,0,0,0,0,0,0,0,0,0,0,0,0,0,0,0,0,0,0,0,0,0,0,0,0,0,0,0,0,0,0,0,0,0,0,0,0,0,0,0,0,0,0
ASV4684,0,0,0,0,0,0,0,0,0,2,0,0,0,0,1,0,0,1,1,0,3,0,0,0,0,0,0,0,0,0,1,0,0,0,1,1,1,0,0,0,0,0,1
ASV4685,20,25,60,73,108,133,142,235,223,215,224,175,411,273,278,192,186,209,383,355,345,359,409,186,122,185,157,126,184,258,234,260,374,351,314,342,248,365,234,231,182,253,290
ASV4782,49,40,45,56,75,56,52,33,18,27,25,34,31,33,35,46,36,33,41,31,32,32,33,31,32,37,26,21,28,33,28,47,28,28,27,15,23,4,3,3,1,4,3
ASV4789,19,14,20,25,28,14,8,8,17,10,12,24,24,15,30,42,17,28,40,40,63,41,14,4,3,4,20,11,23,20,39,21,23,10,6,5,6,3,2,1,0,4,0
ASV5058,0,1,0,0,0,0,4,1,0,2,0,1,1,1,0,0,0,0,0,0,1,1,0,1,2,1,0,1,1,0,0,0,1,1,1,0,0,1,0,1,1,0,2
ASV5083,0,0,0,0,0,1,0,1,1,0,1,0,1,1,7,1,1,1,2,1,2,3,4,2,3,3,2,4,3,0,1,2,3,2,0,1,0,0,0,0,0,0,1
ASV5128,0,0,0,0,0,0,0,0,0,0,0,0,0,0,0,0,0,0,0,1,0,0,0,0,0,0,0,0,0,0,0,0,0,1,1,1,0,0,0,2,0,0,0
ASV5256,0,0,0,0,0,0,0,0,0,0,0,0,0,0,1,0,0,0,0,0,0,0,0,0,0,0,0,0,0,1,0,0,0,1,0,0,0,0,0,0,0,0,0
ASV5714,4,5,10,7,18,19,11,10,14,3,18,13,29,20,35,38,28,56,47,47,81,89,82,86,70,84,104,79,89,101,112,122,98,99,100,85,45,69,52,52,35,48,29
ASV5780,4,1,0,0,1,2,0,1,1,1,1,0,1,1,0,0,1,1,1,1,1,2,0,1,0,1,1,0,1,0,0,2,2,0,3,2,1,0,2,0,0,3,2
ASV5831,0,0,0,0,0,0,0,0,0,0,1,1,0,0,0,0,0,0,0,0,0,0,0,0,0,0,0,0,0,0,1,0,0,1,1,0,1,2,0,2,1,2,3
ASV5845,1,1,1,1,1,0,0,3,0,23,18,2,7,0,0,16,50,6,2,4,10,17,6,2,5,5,2,12,17,6,9,13,4,7,1,4,3,5,5,0,2,0,4
ASV5854,0,0,0,0,1,1,2,1,0,0,0,0,3,1,0,0,1,0,0,0,2,0,0,2,0,0,0,0,0,0,0,0,1,1,1,3,0,0,1,1,0,0,0
ASV5934,3,4,7,2,1,2,0,3,0,1,3,1,0,0,3,1,0,0,0,0,3,4,0,0,1,0,0,0,0,1,0,0,2,6,1,4,0,1,3,5,3,3,4
ASV5963,0,0,1,0,1,1,1,0,1,0,1,0,1,2,0,4,2,0,2,2,2,0,0,1,0,1,2,0,2,0,0,0,0,0,2,1,0,2,2,0,0,0,0
ASV6084,0,3,2,0,3,1,1,0,2,2,1,3,1,2,0,0,0,1,0,0,3,2,2,2,0,1,0,0,0,2,0,1,2,1,0,2,0,2,0,1,0,0,4
ASV6145,0,0,0,1,0,0,0,0,0,0,0,1,0,0,0,0,1,0,0,0,0,0,0,0,0,0,0,0,0,0,0,1,0,1,0,0,0,0,0,0,0,0,1
ASV6268,42,39,34,35,45,40,37,61,46,52,41,47,72,49,42,64,49,40,40,28,34,43,48,55,52,46,59,40,68,41,59,59,50,52,38,40,28,37,24,26,20,23,14
ASV6279,0,0,1,0,1,0,0,0,0,0,0,1,0,0,0,0,1,0,3,3,0,2,3,1,0,6,2,7,5,8,5,1,4,3,5,3,2,0,0,2,0,0,0
ASV6294,0,0,0,1,1,1,0,11,3,1,2,0,0,0,0,1,6,4,3,0,1,1,0,1,0,1,0,2,1,0,1,0,0,0,1,1,0,0,1,1,0,1,0
ASV6336,3,2,2,4,4,1,2,0,2,0,1,2,2,1,6,6,0,5,2,19,58,41,34,26,33,28,12,12,12,9,7,11,12,9,4,3,2,5,1,0,2,0,2
ASV6358,0,0,0,0,0,0,0,0,0,1,0,0,0,0,0,0,0,0,0,0,0,0,0,0,0,0,0,0,0,0,0,0,0,0,0,0,0,0,0,2,0,1,0
ASV6559,1,1,1,0,0,0,0,2,1,0,2,1,0,0,0,1,0,0,1,0,0,0,0,0,0,0,0,0,1,1,0,0,0,0,0,0,0,0,0,0,1,2,1
ASV6577,3,4,11,2,1,2,3,0,1,0,0,1,2,3,0,0,1,1,1,1,3,0,1,0,0,0,3,0,1,4,0,0,1,0,1,1,1,1,1,3,1,5,0
ASV6606,0,0,0,0,0,0,0,0,0,0,0,0,0,1,0,0,0,0,0,0,0,0,0,0,0,0,0,0,0,0,0,0,0,0,0,0,0,0,0,0,0,0,1
ASV6740,29,11,29,18,20,24,14,13,13,11,7,13,15,6,6,9,6,9,10,4,13,16,13,10,22,11,16,15,15,11,11,23,18,28,53,37,22,36,31,47,27,47,36
ASV6837,0,0,0,0,0,0,0,0,0,0,0,0,0,0,1,1,0,1,0,1,1,1,1,0,0,5,0,1,0,0,0,0,1,0,0,0,1,1,0,0,0,0,0
ASV6873,3,2,1,1,0,0,1,0,0,2,1,0,0,0,0,0,0,0,2,2,1,0,1,1,0,2,0,1,0,1,0,1,1,0,2,1,1,1,1,2,1,2,1
ASV7137,1,1,1,0,0,0,0,1,2,0,2,1,0,3,3,2,1,1,2,1,0,1,0,0,1,0,0,0,0,3,2,1,1,0,0,1,0,1,0,3,2,2,2
ASV7270,0,0,0,0,0,0,0,0,0,0,0,0,0,0,0,0,1,0,1,0,0,0,0,0,0,0,0,0,0,0,0,0,0,0,0,1,1,0,0,0,1,4,3
ASV7271,1,0,1,0,0,2,0,1,0,0,1,1,0,2,2,0,0,0,0,0,0,0,0,0,0,0,1,0,0,1,0,0,0,0,2,0,1,2,2,2,3,4,5
ASV7565,0,2,0,0,0,2,0,1,1,0,0,3,2,1,1,3,2,2,2,2,3,1,5,1,2,1,2,0,0,1,2,0,0,3,2,1,4,1,0,0,1,1,0
ASV7614,0,0,0,0,0,1,0,0,0,0,1,2,0,0,3,7,28,42,31,4,11,4,2,2,3,1,0,0,0,3,0,0,0,1,0,2,2,0,0,0,0,0,0
ASV7675,0,0,0,0,0,0,0,0,0,0,2,0,0,1,0,0,0,0,0,0,0,1,0,1,0,0,0,0,0,0,0,0,0,0,0,2,0,1,0,0,1,0,1
ASV7718,2,1,3,1,1,3,3,0,0,2,1,0,1,2,2,2,1,0,0,0,1,0,0,0,0,0,1,0,0,3,0,0,1,0,2,0,0,1,0,2,0,2,2
ASV7780,0,0,0,0,0,0,0,0,1,0,1,0,0,0,1,0,0,0,0,0,0,0,0,0,0,0,0,0,0,0,0,0,0,0,0,0,0,0,0,0,0,0,0
ASV7823,42,60,85,84,52,48,42,31,25,31,18,16,29,16,15,9,15,13,9,9,12,24,33,34,12,19,28,14,17,29,36,46,76,78,71,60,43,50,19,14,8,9,25
ASV7883,0,0,0,0,0,0,0,1,0,0,1,0,0,1,1,2,1,0,0,0,2,0,2,1,1,2,0,1,1,0,0,1,0,2,0,0,0,0,0,0,0,0,0
ASV7906,0,0,0,0,1,0,1,0,0,0,0,0,1,0,0,1,0,0,0,0,0,0,0,0,0,0,0,0,0,0,0,0,0,0,1,0,1,0,0,0,0,0,0
ASV8018,0,6,0,2,2,2,0,1,1,1,1,0,0,0,1,0,0,3,0,0,2,0,1,0,1,1,2,0,0,1,0,1,3,1,1,1,1,0,3,3,0,4,1
ASV8269,0,1,0,0,0,0,0,0,0,0,0,0,0,1,0,0,1,1,0,0,0,0,0,0,1,0,0,0,0,0,0,0,1,1,1,0,0,1,0,0,0,0,0
ASV8287,1,0,1,0,2,1,2,1,5,1,1,0,3,3,1,11,7,3,0,1,1,0,1,1,2,0,2,2,3,0,1,0,0,2,1,0,1,0,0,0,0,0,0
ASV8686,1,0,0,0,1,1,0,0,0,0,0,1,1,0,2,0,2,0,1,0,0,0,0,0,0,0,2,0,1,0,0,0,0,0,1,0,0,1,1,1,0,1,0
ASV8750,17,12,10,8,6,14,9,14,12,13,20,28,24,14,29,24,26,40,31,26,49,32,33,34,45,32,49,40,50,28,23,24,28,31,25,31,15,20,24,16,9,9,14
ASV8784,2,1,2,2,3,0,0,1,3,1,1,1,1,0,2,0,0,0,0,1,1,2,0,0,0,0,0,1,0,1,0,0,0,1,0,2,0,0,0,1,2,2,2
ASV8801,6,28,32,53,38,39,32,60,46,33,46,50,112,71,62,46,43,38,77,109,90,126,155,78,46,70,87,45,45,83,98,88,193,147,103,137,95,138,84,114,78,116,172
ASV8853,0,0,0,0,1,2,0,1,0,0,0,0,1,0,0,1,0,0,0,0,0,0,0,0,0,1,0,0,0,0,0,0,0,0,0,1,0,1,0,2,1,0,1
ASV8955,1,1,2,3,2,1,0,1,2,1,3,0,1,4,0,2,0,0,1,0,5,1,0,0,0,1,0,0,2,1,0,3,2,0,3,0,0,1,1,2,2,1,3
ASV9346,14,21,11,23,27,19,48,20,34,41,29,20,19,11,17,12,11,13,12,8,7,8,24,34,46,28,29,32,32,16,13,23,29,12,21,13,10,23,18,15,20,7,14
ASV9439,1,1,0,0,0,0,1,0,0,4,0,0,1,1,1,2,0,0,1,1,1,0,0,0,0,0,0,0,0,0,0,0,0,0,0,0,0,0,0,0,0,0,1
ASV9583,0,0,1,0,3,0,0,0,0,1,1,1,1,2,3,2,0,1,0,0,2,0,0,1,0,0,1,0,1,0,0,0,1,0,0,0,0,0,0,1,0,2,0
ASV9692,2,0,0,1,0,1,0,1,1,0,1,1,0,2,0,0,2,0,0,0,0,1,0,2,3,1,2,1,2,0,0,0,1,0,0,0,0,0,0,0,0,0,0
ASV9811,0,0,0,0,1,0,0,0,1,1,0,0,2,0,0,1,0,0,0,0,0,0,0,1,1,0,0,0,0,0,0,1,1,0,1,0,0,1,0,0,0,1,0
ASV9850,0,0,0,0,0,0,0,0,0,0,0,0,0,0,0,1,0,0,0,0,0,0,0,2,0,0,0,0,0,0,0,0,0,0,0,0,1,0,1,0,0,0,0
ASV9895,0,0,0,1,0,0,0,0,0,0,0,1,0,0,0,0,0,0,0,0,0,0,0,0,0,1,0,0,0,0,0,0,2,0,0,0,0,0,0,0,0,1,2
ASV9993,0,0,0,0,0,0,0,0,0,0,0,0,0,0,0,0,0,0,0,0,2,2,3,5,1,5,4,3,8,6,5,4,4,0,0,0,0,0,0,0,0,0,0
ASV10017,0,0,0,0,0,0,0,0,0,0,0,0,0,0,0,0,0,0,0,0,0,0,0,0,0,1,0,0,0,0,0,0,0,0,1,1,0,0,0,0,0,0,0
ASV10157,1,2,4,4,14,20,14,36,52,51,104,97,205,82,90,46,48,32,83,120,69,72,124,56,50,59,59,35,48,71,60,51,92,77,60,87,62,62,45,45,46,56,61
ASV10166,0,0,2,0,0,0,0,0,0,1,0,0,0,0,0,0,0,0,0,0,0,0,0,0,0,0,0,0,0,0,0,0,0,0,0,0,0,0,0,0,0,0,0
ASV10288,0,0,0,0,0,0,0,1,0,0,0,0,0,0,0,0,0,0,0,0,0,0,0,0,0,0,0,0,0,0,0,0,0,0,0,0,0,0,0,0,0,0,0
ASV10296,0,0,0,0,0,0,0,0,0,0,0,0,0,0,0,0,0,0,0,0,0,0,0,0,0,0,0,0,0,0,0,0,0,0,0,0,0,0,0,0,0,0,0
ASV10353,2,0,3,1,2,2,0,2,1,0,0,1,0,2,0,1,0,0,1,2,1,0,0,0,0,0,1,0,0,4,1,0,2,0,3,0,0,2,0,1,1,1,0
ASV10424,0,0,0,0,0,1,0,0,1,0,0,0,1,1,0,2,1,0,0,0,0,1,0,0,0,1,0,0,0,0,0,0,0,0,1,0,0,0,0,0,0,0,0
ASV10436,0,0,1,0,0,1,0,0,0,1,0,0,0,0,0,1,0,0,0,0,1,0,0,0,0,0,0,0,0,0,1,0,0,0,1,0,0,0,0,0,1,0,0
ASV10501,1,0,0,0,0,0,0,1,0,0,0,0,0,0,0,1,0,0,0,0,2,0,0,0,0,0,1,0,1,0,1,0,0,0,0,2,0,0,1,0,0,0,1
ASV10552,1,0,0,0,0,0,0,0,3,0,1,0,0,0,0,0,0,0,0,0,0,0,1,0,1,1,0,0,0,0,0,0,0,0,0,0,0,0,0,0,0,0,1
ASV10598,0,0,0,0,0,0,0,0,1,0,0,0,0,0,0,0,0,0,0,0,0,0,0,0,0,0,0,0,0,0,0,0,0,0,0,0,0,0,0,0,0,0,0
ASV10644,0,0,0,0,0,0,0,0,0,0,0,0,0,0,0,0,0,0,0,0,1,0,0,1,0,0,0,0,0,0,0,0,0,0,0,0,1,0,0,0,0,0,0
ASV10649,0,0,0,0,0,1,0,0,0,0,0,0,0,0,0,0,2,0,0,0,0,0,0,0,0,0,0,0,0,0,0,0,0,1,0,0,1,0,0,0,0,0,0
ASV11175,0,0,0,0,0,0,1,0,1,0,0,0,0,0,0,0,0,0,0,0,0,0,0,0,0,0,0,0,1,0,0,0,0,0,0,0,0,0,0,0,0,0,0
ASV11360,0,2,1,1,0,0,1,0,0,1,0,0,1,0,2,0,1,0,0,0,0,0,0,0,0,0,0,0,0,0,0,0,0,0,2,0,0,0,0,1,1,1,1
ASV11437,0,0,0,0,0,0,0,0,0,0,0,0,0,0,0,0,0,0,0,0,1,0,2,0,0,0,0,0,0,0,0,0,0,0,0,0,0,0,0,0,0,0,0
ASV11920,1,0,3,0,1,0,0,0,0,0,2,1,0,1,1,0,0,0,0,0,0,1,0,0,1,0,0,0,1,0,0,0,0,0,1,0,0,1,0,0,0,1,2
ASV12066,52,26,39,42,21,26,18,22,33,21,13,14,14,8,9,7,7,4,3,1,5,10,7,23,22,9,18,17,35,11,16,20,8,13,12,8,10,22,20,21,19,19,11
ASV12095,0,0,0,0,0,0,0,0,0,0,0,0,0,0,0,0,0,0,0,0,0,0,1,0,0,0,0,0,0,0,0,0,0,0,0,0,0,0,0,0,0,0,0
ASV12467,28,9,5,10,5,17,29,19,17,86,12,16,21,8,29,15,8,8,13,12,10,20,15,24,28,26,23,23,28,23,9,26,16,13,56,17,13,20,17,22,19,31,5
ASV12531,0,0,0,1,0,0,0,0,0,0,0,0,0,0,0,1,0,0,0,0,1,0,1,0,0,0,0,0,0,0,0,0,0,0,0,0,0,0,0,0,0,0,0
ASV12777,0,0,0,0,0,0,0,0,0,0,0,0,0,1,2,1,0,0,1,0,0,2,0,2,0,1,1,0,0,1,1,2,1,0,0,1,0,0,0,1,0,0,0
ASV13051,0,0,0,0,2,0,0,0,0,0,0,0,0,0,0,0,0,0,0,0,0,0,0,0,0,0,0,0,0,0,0,0,0,0,0,0,0,0,0,0,0,0,0
ASV13711,0,0,0,0,0,0,0,0,0,0,0,0,0,0,0,0,0,0,0,0,0,1,0,0,0,0,0,0,0,0,0,0,0,0,1,0,0,0,0,0,0,0,1
ASV13776,0,0,0,0,0,0,0,0,0,0,0,0,0,0,0,0,0,0,0,0,0,0,0,0,0,0,0,0,0,0,0,0,0,0,0,0,0,3,0,0,0,0,0
ASV13808,0,0,0,0,0,0,0,0,0,0,0,0,0,0,0,2,0,1,0,0,0,1,0,1,0,1,1,2,0,1,0,1,0,0,0,0,0,0,0,0,0,0,0
ASV14068,0,0,0,0,0,0,0,0,0,0,0,0,0,0,0,0,0,0,0,0,0,0,0,0,0,0,0,0,2,0,0,0,0,0,1,0,0,0,0,0,0,0,0
ASV14116,0,0,0,0,0,0,0,0,0,0,0,0,0,0,0,0,0,0,0,0,0,0,0,0,0,0,0,0,0,0,0,0,0,0,0,0,0,0,0,0,0,0,0
ASV14217,0,0,0,0,0,0,0,0,0,0,0,1,0,0,0,0,0,0,0,0,0,1,0,0,1,0,0,0,0,0,0,0,0,0,0,0,0,0,0,0,0,0,0
ASV14241,0,0,0,0,0,0,0,1,0,0,0,0,0,0,0,0,0,0,0,0,0,0,0,0,1,1,0,1,0,0,0,0,0,0,0,0,0,0,0,1,0,0,0
ASV14317,0,1,0,3,4,1,1,6,2,3,2,2,4,6,3,1,1,0,1,2,0,1,2,5,2,5,6,1,3,4,6,6,1,12,12,27,16,45,51,84,85,96,102
ASV14559,0,0,0,0,0,0,0,0,0,0,0,0,1,0,0,0,0,0,0,0,0,0,0,1,0,0,0,0,0,0,0,0,0,0,0,0,0,0,0,0,0,0,0
ASV14675,0,0,0,0,1,0,0,1,0,0,0,0,0,0,0,0,1,1,0,0,0,0,0,0,1,2,0,0,0,0,0,0,0,0,1,0,0,0,0,1,0,0,0
ASV14783,0,0,1,0,0,0,0,0,0,0,0,0,0,0,0,0,0,0,0,0,0,0,0,0,0,0,0,0,0,0,0,0,0,0,0,0,0,0,1,0,0,1,0
ASV15044,0,0,0,0,0,0,0,0,0,0,0,0,0,0,0,0,0,0,0,0,0,0,0,0,0,0,0,0,0,0,0,0,0,0,0,0,0,0,1,0,0,0,2
ASV15519,0,0,0,0,0,0,0,0,0,0,0,0,0,0,0,0,0,0,0,0,0,0,0,1,0,0,0,0,0,0,0,0,0,0,0,0,0,0,0,0,0,0,0
ASV16093,0,0,0,0,0,0,0,0,0,0,0,0,0,0,0,0,0,0,0,0,1,0,0,0,0,0,0,0,0,0,0,0,0,0,0,0,0,0,0,0,0,0,0
ASV16969,0,0,0,0,0,0,0,1,0,0,0,0,0,0,1,0,0,0,0,0,0,0,0,0,0,0,0,0,0,0,0,0,0,0,0,0,0,0,0,0,0,0,0
ASV17246,0,0,0,0,0,0,0,0,0,0,0,0,0,0,1,0,0,0,2,0,1,0,0,0,0,0,0,0,0,0,0,0,0,0,0,0,0,0,0,0,0,0,0
ASV18501,0,0,0,0,0,0,0,0,0,0,0,0,0,0,0,0,0,0,0,0,0,0,0,0,0,0,0,0,0,0,0,0,0,0,0,0,0,0,0,0,0,0,0
ASV18779,0,0,0,0,0,0,0,0,0,0,0,0,3,0,0,2,0,0,0,0,0,0,1,0,0,0,0,0,0,0,0,0,0,0,1,0,0,0,0,0,0,0,0
ASV19563,0,0,0,1,0,0,0,0,1,0,0,0,0,0,5,0,0,0,1,0,0,0,0,0,0,0,0,0,0,0,0,0,1,0,0,2,0,0,1,0,0,0,0
ASV19948,0,0,0,0,0,0,0,0,0,0,0,0,0,0,0,0,0,0,0,0,0,0,0,0,0,0,0,0,0,0,0,0,0,0,0,0,0,0,0,0,0,0,0
ASV20649,0,0,4,2,0,2,1,4,2,2,1,3,2,1,2,4,1,0,0,1,0,0,0,0,0,0,0,1,0,0,0,0,0,0,1,2,3,1,0,1,2,3,1
ASV21209,91,46,55,31,39,54,47,47,40,34,28,25,12,5,10,9,7,4,3,2,1,2,1,3,0,0,3,0,0,0,0,0,1,1,3,0,0,0,0,0,0,0,0
ASV21211,12,11,15,7,4,2,1,2,4,1,2,1,1,0,0,3,2,3,3,2,6,3,5,2,1,4,3,3,3,6,7,10,9,10,4,5,15,72,178,141,133,91,75
ASV21262,0,0,0,0,0,1,0,0,0,0,0,0,0,2,2,2,0,0,0,0,0,0,0,0,0,0,0,0,0,0,0,0,0,0,0,0,0,0,0,0,0,0,0
ASV23623,0,0,0,0,0,1,0,1,0,0,0,0,0,0,0,0,0,0,1,0,0,0,0,0,0,0,0,0,0,0,0,0,0,0,0,0,1,0,0,0,0,0,0
ASV23764,0,0,0,0,0,0,0,0,0,0,0,0,0,0,0,0,0,0,0,0,0,0,0,0,0,0,0,0,0,0,0,0,0,0,0,0,0,0,0,0,0,0,0
ASV23943,0,0,0,0,0,0,0,0,0,0,0,0,0,0,0,0,0,0,0,0,0,0,0,0,0,0,0,0,0,0,0,0,0,0,0,0,0,0,0,0,0,0,0
ASV24048,0,0,0,0,1,0,0,0,0,0,0,0,0,0,0,0,0,0,0,0,0,0,0,0,0,0,0,0,1,0,0,0,0,0,0,0,0,0,0,0,0,0,0
ASV24515,0,0,0,0,0,0,0,0,0,0,0,0,0,0,0,0,0,0,0,0,0,0,0,0,0,0,0,0,0,0,0,0,0,0,0,0,0,1,0,0,0,0,0
ASV26873,0,0,0,0,0,0,0,0,0,0,0,0,0,0,0,0,0,0,0,0,0,0,0,0,0,0,0,0,0,0,0,0,0,0,0,0,0,0,0,0,0,0,0
ASV28460,0,0,0,0,0,1,0,0,0,1,0,0,0,0,0,0,0,0,0,0,0,0,0,0,0,0,0,0,0,0,0,0,0,0,0,0,0,0,1,0,1,0,0
ASV28952,0,0,0,0,1,0,0,0,0,0,0,0,0,0,0,0,0,0,0,0,0,0,0,0,0,0,0,0,0,0,0,0,0,0,0,0,0,0,0,0,0,0,0
ASV31483,0,0,0,0,0,0,0,0,0,0,0,0,0,0,0,0,0,0,0,0,0,0,0,0,0,0,0,0,0,0,0,0,0,0,0,0,0,0,0,0,0,0,1
ASV31960,0,0,0,0,0,0,0,0,0,0,0,0,0,0,0,0,0,0,0,0,0,0,0,0,0,0,0,0,0,0,0,0,0,0,0,0,0,0,0,0,0,0,0
ASV33990,0,0,0,0,0,0,0,0,0,0,0,0,0,0,0,0,0,0,0,0,0,0,0,0,0,0,0,0,0,0,0,0,0,0,0,0,0,0,0,0,0,0,0
ASV34351,0,0,0,0,0,0,0,0,0,0,0,0,0,0,0,0,0,0,0,0,0,0,0,0,0,0,0,0,0,0,0,0,0,0,0,0,0,0,0,0,0,0,0
ASV34484,0,0,0,0,0,0,0,0,0,0,0,0,0,0,0,0,0,0,0,0,0,0,0,1,0,0,0,0,0,0,0,0,0,0,0,0,0,0,0,0,0,0,0
ASV35177,0,0,0,0,0,0,0,0,0,0,0,0,0,0,0,0,0,0,0,0,0,0,0,0,0,0,0,0,0,0,0,0,0,0,0,0,0,0,0,0,0,0,0
ASV37630,0,0,0,0,0,0,0,0,0,0,0,0,0,0,0,0,0,0,0,0,0,0,0,0,0,0,0,0,0,0,0,0,0,0,0,0,0,0,0,0,0,0,0
ASV39690,11,9,5,9,3,4,5,5,9,6,12,4,5,10,11,9,21,26,39,27,40,55,67,66,59,40,64,48,80,53,37,58,31,23,17,13,6,10,4,1,2,2,0
ASV41264,0,0,0,0,0,0,0,0,0,0,0,0,0,0,0,0,0,0,0,0,0,0,0,0,0,0,0,0,0,0,0,0,0,0,0,0,0,0,0,0,0,0,0
ASV41547,0,0,0,0,0,0,0,0,0,0,0,0,0,0,0,0,0,0,0,0,0,0,0,0,0,0,0,0,0,0,0,0,0,0,0,0,0,0,0,0,0,0,0
ASV45181,0,0,0,0,0,0,0,0,0,0,1,0,1,0,0,0,0,0,0,1,2,0,1,0,0,0,0,0,0,0,0,0,0,2,0,0,0,0,0,0,0,0,0
ASV46835,0,0,0,0,0,0,0,0,0,0,0,0,0,0,0,0,0,0,0,0,0,0,0,0,0,0,0,0,0,0,0,0,0,0,0,0,0,0,0,0,1,0,0
ASV49704,0,0,0,0,0,0,0,0,0,0,0,0,0,0,0,0,0,0,0,0,0,0,0,0,0,0,0,0,0,0,0,0,0,0,0,0,0,0,0,0,0,0,0
ASV52556,0,0,0,0,0,0,0,0,0,0,0,0,0,0,0,0,0,0,0,0,0,0,0,0,1,4,5,1,2,0,0,0,0,0,0,0,0,0,0,0,0,0,0
ASV52988,0,0,0,0,0,0,0,0,0,0,0,0,0,0,0,0,0,0,0,0,0,0,0,0,0,0,0,0,0,0,0,0,0,0,0,0,0,0,0,0,0,0,0
ASV61337,0,0,0,0,0,0,0,0,0,0,0,0,0,0,0,0,0,0,0,0,0,0,0,0,0,0,0,0,0,0,0,0,0,0,0,0,0,0,0,0,0,0,0
ASV66036,0,0,0,0,0,0,0,0,0,0,0,0,0,0,0,0,0,0,0,0,0,0,0,0,0,0,0,0,0,0,0,0,0,0,0,0,0,0,0,0,0,0,0
ASV77581,0,0,0,0,0,0,0,0,0,0,0,0,0,0,0,0,0,0,0,0,0,0,0,0,0,0,0,0,0,0,0,0,0,0,0,0,0,0,0,0,0,0,0
ASV87342,0,0,0,0,0,0,0,0,0,0,0,0,0,0,0,0,0,0,0,0,0,0,0,0,0,0,0,0,0,0,0,0,0,0,0,0,0,0,0,0,0,0,0
ASV98498,0,0,0,0,0,0,0,0,0,0,0,0,0,0,0,0,0,0,0,0,0,0,0,0,0,0,0,0,0,0,0,0,0,0,0,0,0,0,0,0,0,0,0
ASV99965,0,0,0,0,0,0,0,0,0,0,0,0,0,0,0,0,0,0,0,0,0,0,0,0,0,0,0,0,0,0,0,0,0,0,0,0,0,0,0,0,0,0,0
ASV105966,3,4,2,4,5,2,1,6,4,6,7,8,2,1,3,6,18,6,3,5,13,15,23,36,56,33,48,40,66,39,32,47,47,39,35,25,17,22,13,8,11,7,8
ASV106008,0,0,0,0,0,0,1,0,0,0,1,0,0,0,0,0,0,0,0,0,2,0,0,0,1,1,1,0,0,0,0,0,0,0,2,2,0,0,0,0,2,0,0
ASV106518,0,0,0,0,0,0,0,0,1,0,0,0,0,0,0,0,0,0,0,0,0,0,0,0,0,0,0,0,0,0,0,0,0,0,1,0,0,0,0,0,0,0,0
ASV108102,1,2,4,2,1,3,2,0,0,3,1,1,2,2,0,3,0,0,0,0,1,0,0,0,0,1,2,0,0,1,0,2,0,1,1,0,0,2,0,0,0,2,1
ASV111920,49,37,42,42,74,73,60,98,85,98,94,125,150,122,151,189,233,281,372,218,446,363,467,399,369,354,502,433,612,369,324,312,244,210,195,218,127,120,82,88,66,74,60
ASV115155,0,0,2,0,0,0,0,1,0,0,0,0,0,1,0,0,0,0,0,0,0,0,0,0,2,0,0,1,2,0,0,0,0,0,1,0,0,0,0,0,0,0,0
ASV134653,8,2,2,3,6,7,12,7,8,13,13,12,7,10,11,9,15,10,7,9,6,14,21,49,88,35,58,62,139,46,27,56,64,52,40,35,61,65,53,32,24,10,9
ASV138035,8,10,18,18,14,17,13,17,15,20,13,12,17,16,18,11,12,8,17,9,22,17,12,11,9,12,18,6,23,13,4,15,9,4,5,8,9,4,9,8,4,3,6
ASV138204,0,0,1,0,0,0,0,0,0,0,0,0,0,0,0,0,0,0,0,0,0,0,0,0,0,0,0,0,0,0,0,0,0,0,0,0,0,0,0,0,0,0,1
ASV146361,0,0,0,0,0,0,0,0,0,0,0,0,0,0,0,0,0,0,0,0,0,0,0,0,0,0,0,0,0,0,0,0,0,0,0,0,0,0,0,0,0,0,0
newASV1,0,0,0,0,0,0,0,0,0,0,0,0,0,0,0,0,0,0,0,0,0,0,0,0,0,0,0,0,0,0,0,0,0,0,0,0,0,0,0,0,0,0,0
newASV8,11,14,19,20,23,19,12,19,40,17,18,81,27,32,28,36,28,37,13,10,14,25,26,46,38,35,32,33,34,17,32,37,23,35,26,25,22,28,41,60,41,31,37
newASV13,0,0,0,0,0,0,0,0,0,0,0,0,0,0,0,0,0,0,0,0,0,0,0,0,0,0,0,0,0,0,0,0,0,0,0,0,0,0,0,0,0,0,0
newASV18,44,26,29,32,28,46,28,21,36,19,31,41,39,32,45,56,30,47,37,31,30,42,49,40,42,44,46,34,46,43,44,54,65,72,47,37,35,33,48,48,36,28,37
newASV20,0,0,0,0,0,0,0,0,0,0,0,0,0,0,0,0,0,0,0,0,0,0,0,0,0,0,0,0,0,0,0,0,0,0,0,0,0,0,0,0,0,0,0
newASV21,1,0,0,1,0,0,0,0,1,1,0,0,0,0,0,1,2,1,0,0,0,0,0,0,0,1,0,0,2,0,0,0,0,0,0,0,0,0,1,0,0,0,0
newASV30,0,0,0,0,0,0,0,0,0,0,0,0,0,0,0,0,0,0,0,0,0,0,0,0,0,0,0,0,0,0,0,0,0,0,0,0,0,0,0,0,0,0,0
newASV31,0,0,0,0,0,0,0,0,0,0,0,0,0,0,0,0,0,0,0,0,0,0,0,0,0,0,0,0,0,0,0,0,0,0,0,0,0,0,0,0,0,0,0
newASV59,0,0,0,0,0,0,0,0,0,0,0,0,0,0,0,0,0,0,0,0,0,0,0,0,0,0,0,0,0,0,0,0,0,0,0,0,0,0,0,0,0,0,0
newASV73,0,0,0,0,0,0,0,0,0,0,0,0,0,0,0,0,0,0,0,0,0,0,0,0,0,0,0,0,0,0,0,0,0,0,0,0,0,0,0,0,0,0,0
newASV76,0,0,0,0,0,0,0,0,0,0,0,0,0,0,0,0,0,0,0,0,0,0,0,0,0,0,0,0,0,0,0,0,0,0,0,0,0,0,0,0,0,0,0
newASV88,30,22,25,16,28,41,38,65,55,59,67,69,89,81,100,118,116,118,118,74,91,46,25,23,16,15,19,12,29,16,13,16,19,13,12,9,10,10,8,8,4,8,6
newASV102,0,0,0,0,0,0,0,0,0,0,0,0,0,0,0,0,0,0,0,0,1,0,0,0,0,0,0,0,0,0,0,0,0,0,0,0,0,0,0,0,0,0,0
newASV146,0,0,0,0,0,0,0,0,0,0,0,0,0,0,0,0,0,0,0,0,0,0,0,0,0,0,0,0,0,0,0,0,0,0,0,0,0,0,0,0,0,0,0
newASV151,0,0,0,0,0,0,0,0,0,0,0,0,0,0,0,0,0,0,0,0,0,0,0,0,0,0,0,0,0,0,0,0,0,0,0,0,0,0,0,0,0,0,0
newASV185,0,0,0,0,0,0,0,0,0,0,0,0,0,0,0,0,0,0,0,0,0,0,0,0,0,0,0,0,0,0,0,0,0,0,0,0,0,0,0,0,0,0,1
newASV201,0,0,0,0,0,0,0,0,0,0,0,0,0,0,0,0,0,0,0,0,0,0,0,0,1,0,0,0,0,0,0,0,0,0,0,0,0,0,0,0,0,0,0
newASV219,0,0,0,0,0,0,0,0,0,0,0,0,0,0,0,0,0,0,0,0,0,0,0,0,0,0,0,0,0,0,0,0,0,0,0,0,0,0,0,0,0,0,0
newASV223,0,0,0,0,0,0,0,0,0,0,0,0,0,0,0,0,0,0,0,0,0,0,0,0,0,0,0,0,0,0,0,0,0,0,0,0,0,0,0,0,0,0,0
newASV235,0,0,0,0,0,0,0,0,0,0,0,0,0,0,0,0,0,0,0,0,0,0,0,0,0,0,0,0,0,0,0,0,0,0,0,0,0,0,0,0,0,0,0
newASV246,0,0,0,0,0,0,0,0,0,0,0,0,0,0,0,0,0,0,0,0,0,0,0,0,0,0,0,0,0,0,0,0,0,0,0,0,0,0,0,0,0,0,0
newASV370,0,0,0,0,0,0,0,0,0,0,0,0,0,0,0,0,0,0,0,0,0,0,0,0,0,0,0,0,0,0,0,0,0,0,0,0,0,0,0,0,0,0,0
newASV397,0,0,0,0,0,0,0,0,0,0,0,0,0,0,0,0,0,0,0,0,0,0,0,0,0,0,0,0,0,0,0,0,0,0,0,0,0,0,0,0,0,0,0
newASV2657,0,0,0,0,0,0,0,0,0,0,0,0,0,0,0,0,0,0,0,0,0,0,0,0,0,0,0,0,0,0,0,0,0,0,0,0,0,0,0,0,0,0,0
newASV20487,0,0,1,1,0,1,0,0,0,0,0,0,0,0,2,0,1,0,2,0,0,0,0,0,0,1,0,0,1,0,0,1,0,0,1,0,0,2,0,0,0,1,1
newASV27928,0,0,0,1,0,0,0,0,0,0,0,1,0,1,1,0,0,0,0,0,0,0,0,0,0,0,0,0,0,0,0,0,0,0,1,0,0,0,1,0,1,0,0
newASV29032,0,0,0,0,0,0,0,0,0,0,0,0,0,0,0,0,0,0,0,0,0,0,0,0,0,0,0,0,0,0,0,0,0,0,0,0,0,0,0,0,0,0,0
newASV29610,0,2,3,1,2,1,0,2,1,1,5,3,1,0,0,1,1,0,1,1,0,0,1,0,1,1,0,0,2,1,0,1,0,0,2,0,0,0,0,0,1,0,0
newASV38463,8,3,5,2,2,1,3,1,4,0,0,3,2,3,4,4,2,0,0,1,3,4,4,1,2,0,1,0,0,0,1,2,3,0,4,0,1,3,1,2,6,3,0
newASV41531,0,0,1,0,1,0,1,0,0,0,0,1,0,0,1,0,1,0,0,0,0,0,0,0,0,0,0,0,0,0,0,0,0,0,0,0,0,0,0,0,0,0,0
newASV47101,1,3,8,7,4,6,1,1,3,3,6,6,7,4,9,3,4,2,1,4,4,2,3,3,2,2,3,3,3,4,2,2,2,3,1,2,4,5,3,8,2,0,2
