ASV,MQ211208-1,MQ211208-2,MQ211208-3,MQ211208-7,MQ211208-8,MQ211208-11,MQ211208-12,MQ211208-13,MQ211208-15,MQ211208-16,MQ211208-18,MQ211208-22,MQ211208-24,MQ211208-26,MQ211208-27,MQ211208-28,MQ211208-30,MQ211208-31,MQ211208-32,MQ211208-34,MQ211208-35,MQ211208-36,MQ211208-37,MQ211208-38,MQ211208-40,MQ211208-42,MQ211208-44,MQ211208-45,MQ211208-46,MQ211208-47,MQ211208-48,MQ211208-49,MQ211208-50,MQ211208-51
ASV1,5,3475,38,142,178,186,4,0,51,21,138,48,80,43,119,47,2578,1749,8,0,70,87,1751,21,137,30,49,18,28,4,10,8,2323,101
ASV2,13,1383,89,118,172,61,4,2,32,4,14,11,32,46,23,11,1360,611,14,0,39,73,1288,18,83,14,14,14,46,6,6,4,1553,67
ASV4,6119,10991,15888,26158,13291,6978,25557,138,19118,8240,8226,14884,7951,10139,32296,16075,17987,15326,11248,18,27886,33711,22733,21397,21214,12665,4019,20161,16771,27733,17064,12868,4307,10111
ASV5,0,104,6,21,10,4,0,0,1,0,8,9,4,4,11,1,77,42,0,1,6,8,69,3,6,3,2,1,19,0,3,0,817,8
ASV6,5,377,26,69,48,47,9,7,31,17,33,42,42,59,112,37,318,190,10,0,25,50,276,24,34,7,9,12,21,16,19,40,631,22
ASV8,0,8,0,2,0,2,0,0,0,0,0,1,2,0,3,0,7,5,0,0,1,1,0,2,0,0,0,0,0,0,0,0,52,2
ASV10,10,156,14,33,20,27,9,4,24,16,34,39,20,20,68,39,153,140,14,0,36,80,157,23,32,16,4,23,19,22,27,14,207,24
ASV11,2,236,23,61,46,30,3,0,22,3,1,1,5,7,3,3,212,83,8,0,41,6,185,2,6,1,3,10,7,0,0,2,2340,17
ASV12,4,669,10,82,49,28,6,0,20,5,26,16,15,13,28,12,544,259,6,0,18,32,423,3,23,5,9,1,10,1,1,1,287,18
ASV13,2774,4564,7029,11412,5627,2854,10761,57,8399,3436,3682,6436,3519,4661,13964,6759,7744,6796,4950,13,12856,15119,9720,9150,9413,5637,1655,8759,7337,11970,7747,5903,1973,4164
ASV15,1,514,3,36,34,20,1,2,4,8,24,8,10,18,23,8,492,323,1,0,6,11,277,3,16,7,6,3,6,1,2,3,140,21
ASV16,0,80,2,8,4,3,1,0,5,12,5,2,5,9,2,1,31,35,3,0,8,0,20,0,5,2,1,9,3,1,0,0,365,9
ASV17,91,878,557,428,806,5241,4643,129,2853,1464,1018,2240,792,4961,2535,3466,1842,911,2501,1,3800,146,803,1839,708,533,206,643,614,533,637,1066,418,1328
ASV18,0,2,0,0,0,1,0,0,0,0,0,0,0,0,0,0,2,1,0,0,0,0,2,0,0,0,0,0,0,0,0,0,1,0
ASV19,0,199,5,6,13,9,0,0,4,1,4,2,2,3,4,5,77,121,0,0,6,2,63,4,5,4,1,0,5,0,0,0,267,8
ASV20,1,107,7,2,26,184,15,0,50,2,7,5,0,21,7,8,38,38,35,0,57,1,31,10,7,6,10,1,13,1,1,9,822,5
ASV21,0,7,1,2,1,8,4,0,0,0,9,1,0,5,1,3,4,1,12,0,1,0,6,0,0,1,0,1,0,2,1,0,2,0
ASV22,1,249,17,56,36,35,13,10,20,19,28,17,25,58,21,8,203,113,11,0,36,14,140,13,15,8,10,8,11,3,10,21,229,7
ASV23,0,0,1,0,0,0,0,0,0,0,0,1,1,0,0,0,0,0,0,0,3,0,0,0,0,0,0,43,0,0,0,1,0,0
ASV24,0,5,0,0,7,4,0,0,0,0,0,0,0,0,0,0,3,2,0,0,0,0,0,1,1,0,0,0,0,0,0,0,2,1
ASV26,7,133,4,8,21,19,18,4,16,16,34,50,14,20,124,57,108,56,5,0,17,28,61,18,16,11,3,17,11,8,20,31,341,25
ASV27,0,32,2,3,3,4,0,1,0,0,3,6,0,7,2,1,27,12,0,0,1,0,27,0,3,0,2,4,6,0,1,0,155,3
ASV28,2,29,37,16,26,136,172,1,488,1,2,1,6,30,5,8,40,16,92,0,102,3,17,56,6,5,19,79,14,6,1,10,115,7
ASV30,0,216,1,16,13,12,1,2,9,0,10,0,10,5,15,5,179,111,1,0,3,2,123,2,15,1,5,3,1,1,1,1,138,4
ASV31,1,26,28,68,3,25,3,0,8,7,17,8,7,10,10,21,16,10,14,0,24,22,27,5,3,1,16,4,64,3,7,3,906,7
ASV32,0,95,0,4,2,9,1,0,4,2,6,1,2,5,1,0,49,25,1,0,4,1,29,1,1,1,1,4,0,0,0,2,99,20
ASV33,0,5,0,0,1,3,0,1,2,0,1,0,1,6,1,1,4,7,2,0,1,0,6,0,0,0,0,0,1,3,0,0,19,9
ASV34,0,11,3,1,1,12,4,0,8,2,3,4,0,5,0,2,5,2,9,0,6,1,4,1,2,0,2,0,0,0,1,1,3,2
ASV35,4,289,1,11,26,13,1,1,8,4,9,5,14,13,12,2,219,137,2,0,2,4,174,0,14,2,2,1,2,1,0,2,149,32
ASV36,0,274,12,66,19,11,0,2,18,3,7,4,13,9,5,6,261,150,3,0,25,9,231,2,9,2,3,4,24,0,2,0,1539,12
ASV40,4,539,105,37,51,235,7,0,38,7,30,10,18,19,48,7,360,220,24,0,44,36,217,7,22,11,29,12,7,3,3,19,43,10
ASV41,0,169,5,13,9,5,0,0,5,1,2,4,3,2,8,4,134,76,2,0,3,9,111,2,10,1,0,1,9,0,0,4,619,3
ASV43,0,12,1,2,4,0,0,0,0,0,2,0,0,0,0,0,6,2,0,0,3,0,1,0,0,0,0,0,0,0,0,0,0,0
ASV44,2,52,9,11,7,20,5,1,29,3,3,4,7,15,10,3,40,44,9,0,34,5,39,3,4,1,19,11,15,1,2,5,290,16
ASV45,0,4,0,0,0,1,0,0,0,0,0,0,0,3,1,0,3,2,0,0,0,0,1,0,0,0,0,0,0,0,0,0,13,1
ASV47,440,1000,2302,1252,893,1335,2123,139,1087,937,1112,1262,1078,1122,1400,1593,1086,741,1386,0,1254,1209,1157,1928,985,598,1175,1129,1427,646,904,835,568,1191
ASV50,3,207,26,27,40,53,40,24,21,302,108,57,62,113,333,42,203,117,15,0,30,46,164,25,21,14,30,22,11,21,21,75,11,11
ASV51,0,60,1,7,4,2,0,0,1,0,3,3,3,2,0,2,64,49,0,0,5,8,47,1,1,2,0,3,1,0,3,0,305,11
ASV52,0,14,0,0,0,4,0,0,0,0,2,1,0,3,1,2,4,10,0,0,2,0,6,0,0,0,0,0,1,2,0,0,78,3
ASV54,0,12,0,1,3,2,0,0,0,0,1,0,0,0,1,0,14,5,0,0,1,0,2,0,0,0,0,0,2,0,0,0,115,2
ASV55,0,25,1,2,1,6,2,0,0,1,2,6,3,0,8,1,27,20,0,0,1,0,20,0,2,0,0,0,3,0,0,0,15,1
ASV60,1,125,9,19,19,71,9,6,7,9,16,11,12,23,29,12,83,44,8,0,6,4,84,3,0,5,24,10,5,2,5,15,70,12
ASV63,0,7,2,1,1,27,100,0,174,1,0,0,1,27,2,1,1,0,16,0,34,0,5,33,0,1,0,18,8,1,2,0,6,4
ASV67,0,166,2,10,13,12,1,6,4,4,1,2,7,5,6,2,142,81,0,0,5,2,89,0,5,2,5,3,3,3,1,0,131,4
ASV70,5,66,6,16,9,13,6,1,4,24,28,26,94,15,104,73,58,66,0,0,8,40,47,13,10,8,1,1,1,10,12,3,11,14
ASV71,0,20,0,1,0,1,0,0,2,0,7,0,2,3,1,0,9,7,1,0,1,0,7,0,0,2,0,0,0,1,0,0,42,4
ASV74,0,16,2,13,3,1,1,0,0,0,1,1,0,1,2,0,11,6,0,0,3,0,17,0,0,1,1,0,1,0,0,0,8,0
ASV81,0,14,0,0,2,5,4,0,1,0,1,1,0,4,1,3,4,1,1,0,2,0,1,2,2,0,1,1,0,0,0,1,25,2
ASV88,0,8,0,1,0,6,0,0,0,0,0,0,0,0,0,1,1,6,1,0,1,0,3,0,0,1,0,0,0,0,0,0,18,2
ASV92,0,45,1,2,1,7,0,0,2,1,2,2,2,2,3,0,19,19,0,0,2,2,10,0,3,0,2,0,0,0,0,0,23,5
ASV97,1,153,15,8,25,21,24,2,8,3,9,7,5,10,8,6,184,92,7,0,62,13,165,4,10,3,6,2,6,1,4,2,134,17
ASV98,165,361,795,485,386,361,643,55,367,445,528,571,432,509,848,650,487,300,363,0,520,514,456,606,332,265,385,321,488,233,405,479,318,464
ASV99,0,5,0,0,0,1,0,0,8,0,1,0,1,0,0,0,6,3,3,0,1,1,5,0,2,0,0,0,0,0,0,0,20,2
ASV100,0,18,0,1,3,4,0,0,0,0,0,0,0,1,0,0,9,13,0,0,0,0,15,0,1,1,0,0,0,0,0,0,92,0
ASV104,0,113,4,13,5,14,0,6,2,2,4,3,4,2,3,1,74,37,0,0,2,0,64,0,3,1,1,0,1,0,0,0,143,4
ASV105,0,13,0,0,2,0,0,0,0,0,0,0,0,0,0,0,4,3,0,0,1,0,1,0,0,0,0,0,1,0,0,0,43,0
ASV107,1,231,11,46,28,21,1,4,10,3,2,3,14,8,7,20,197,76,0,0,13,12,160,3,17,2,5,2,12,0,1,4,425,10
ASV108,1,82,5,10,7,9,0,0,3,0,0,1,3,0,0,3,57,29,2,0,5,1,52,0,2,2,0,0,0,0,1,0,60,0
ASV109,169,466,704,465,530,371,503,11,293,222,276,262,284,324,360,381,341,305,352,2,434,515,408,568,254,328,239,330,779,92,334,241,100,293
ASV110,0,4,0,1,1,9,0,0,1,0,0,0,0,1,0,0,1,1,0,0,0,0,1,0,0,0,0,0,0,0,0,0,19,0
ASV113,419,724,1413,1423,746,941,2098,10,2195,565,539,884,585,945,1379,990,992,819,1174,0,2674,1905,1274,1743,1363,839,276,1732,1695,1513,872,845,360,684
ASV114,0,75,1,17,8,0,0,0,1,0,0,0,0,4,2,0,66,32,0,0,1,3,68,1,2,1,2,2,12,0,0,0,567,3
ASV118,625,1043,1679,2517,1177,688,2951,10,2106,804,789,1473,737,1100,3108,1688,1669,1491,1247,1,2919,3297,2150,2276,2346,1405,431,2109,1781,3035,1795,1249,519,972
ASV119,126,268,531,339,234,344,473,9,290,263,276,341,284,317,445,582,298,217,316,0,335,355,274,386,215,151,290,245,370,138,224,218,169,350
ASV121,0,19,0,2,3,0,0,0,1,0,0,0,0,0,2,1,19,5,1,0,2,0,11,0,2,2,1,0,0,0,0,2,0,0
ASV123,6,129,123,158,86,35,4,0,1,29,79,59,57,18,81,30,93,82,12,0,27,51,248,14,3,2,15,1,48,0,3,3,412,21
ASV125,0,0,0,0,0,0,1,0,0,0,0,4,0,0,0,0,2,0,0,0,18,1,0,1,0,0,0,22,1,0,0,0,0,0
ASV127,0,106,3,3,5,13,5,0,4,8,5,3,3,10,11,3,41,27,0,0,3,2,26,2,4,2,6,0,1,2,2,0,6,7
ASV130,0,21,0,12,2,2,0,0,2,0,1,0,0,1,2,1,21,12,0,0,1,2,13,1,0,0,1,0,5,0,0,0,48,2
ASV134,172,529,905,603,442,493,829,66,529,467,583,695,529,560,1958,801,648,453,483,0,583,695,554,575,403,301,404,408,543,263,545,389,313,609
ASV139,0,2,0,0,0,1,0,0,0,0,0,0,0,0,0,1,0,1,0,0,0,0,0,0,0,0,0,0,0,0,0,0,1,1
ASV144,0,17,0,0,1,5,0,0,0,0,1,1,0,1,0,0,1,3,0,0,0,0,6,0,1,0,0,0,2,0,0,0,62,0
ASV145,1576,2625,5552,3419,2986,3939,5039,242,3060,3002,2589,3975,3285,2626,3778,4742,2789,1758,3257,1,3585,3902,3635,5461,3360,1807,3277,3719,4510,2001,2610,2050,1089,4241
ASV147,43,225,44,81,183,61,34,94,22,218,420,349,155,63,871,396,435,402,18,0,44,95,295,32,242,43,24,31,43,156,424,103,45,84
ASV148,11,24,28,23,24,63,203,0,322,8,8,17,12,44,33,12,31,21,44,0,83,15,41,94,48,30,9,226,23,25,17,67,20,21
ASV150,0,0,0,0,0,0,0,0,3,0,0,0,0,0,0,1,1,0,0,0,0,0,0,0,0,0,0,0,0,0,0,0,6,0
ASV155,0,6,0,1,3,6,5,0,2,0,0,2,0,3,1,0,4,2,0,0,3,2,1,2,0,0,1,1,0,0,0,0,6,0
ASV156,90,264,299,321,353,462,493,19,778,216,175,483,85,900,1027,233,400,737,454,0,495,503,452,416,278,182,131,292,359,154,326,297,167,183
ASV157,0,137,0,5,8,11,0,0,3,1,2,0,2,1,2,1,116,40,1,0,6,1,85,0,5,1,0,0,1,0,0,0,55,3
ASV159,0,67,1,5,7,6,0,0,3,0,4,0,4,1,1,1,68,31,0,0,2,0,49,0,1,2,0,5,1,0,1,0,81,5
ASV160,0,3,0,1,0,0,0,0,1,0,0,0,0,0,0,0,5,1,0,0,0,0,5,0,0,0,0,1,0,0,0,0,96,1
ASV162,659,1016,1486,2690,1229,672,2498,9,2042,827,775,1513,822,1080,3324,1672,1727,1358,1104,1,2873,3277,2177,2044,2193,1272,342,2032,1620,2979,1703,1408,509,1014
ASV163,117,827,432,319,396,387,320,28,182,511,561,631,360,432,1717,657,893,735,311,0,246,639,704,272,396,174,247,218,159,321,490,296,164,301
ASV167,11,55,12,34,55,73,32,4,92,20,30,58,38,96,55,69,68,67,35,0,45,13,32,24,18,15,2,18,23,25,52,15,83,25
ASV169,1,177,2,9,7,15,3,3,3,2,12,14,6,2,27,11,106,73,0,0,6,6,56,0,7,0,3,4,1,1,1,2,91,9
ASV172,0,9,0,0,1,2,0,0,0,0,1,0,0,0,0,0,11,8,0,0,3,2,7,0,0,0,0,0,1,0,0,0,166,1
ASV175,0,13,0,7,1,1,0,0,3,0,0,0,2,1,4,1,17,19,1,0,1,2,12,0,0,0,0,0,2,1,0,0,31,3
ASV176,0,77,1,3,4,6,1,0,1,3,4,4,2,11,4,5,51,35,1,0,0,2,28,0,3,0,0,0,5,1,0,0,99,6
ASV179,1,46,25,4,29,105,213,0,172,16,15,21,6,67,28,20,29,17,70,0,48,2,10,175,13,16,3,57,11,20,7,29,94,26
ASV185,0,29,0,1,6,2,0,0,0,1,0,0,1,0,0,0,35,18,0,0,1,0,21,1,4,1,0,0,3,0,0,0,178,8
ASV186,45,457,242,188,249,455,208,22,156,372,461,620,270,454,1520,483,934,683,211,0,108,337,400,177,277,129,143,179,120,203,371,161,83,262
ASV193,0,7,0,2,0,0,0,0,1,0,0,0,0,0,0,0,6,6,0,1,0,0,3,0,0,0,0,0,0,0,0,0,29,0
ASV194,0,10,1,0,3,4,11,0,3,0,0,0,2,3,2,0,2,3,1,0,2,0,3,0,0,0,0,3,0,1,0,0,14,5
ASV199,0,20,1,5,5,4,0,0,1,0,3,1,3,1,1,1,6,8,1,0,2,0,8,0,0,0,0,0,0,1,0,0,20,1
ASV202,145,944,707,480,596,714,529,33,391,807,827,916,417,691,2480,940,1072,1259,583,0,463,908,1009,385,446,223,397,340,317,392,617,292,132,418
ASV206,38,349,151,164,144,323,148,67,79,283,496,584,193,283,1151,526,587,518,68,0,102,291,395,95,174,49,99,42,64,135,230,107,99,191
ASV208,0,49,0,1,4,5,0,0,0,1,2,0,1,5,0,0,29,21,0,0,0,0,21,0,1,2,1,0,1,0,0,0,24,1
ASV209,0,12,0,0,0,4,0,0,0,0,0,0,0,2,1,0,6,6,0,0,0,0,7,0,0,1,0,0,0,0,0,0,11,0
ASV210,0,59,0,10,11,2,0,2,0,1,4,0,2,5,4,3,51,29,0,0,5,1,46,0,3,1,3,1,7,0,0,0,237,9
ASV211,0,18,6,0,5,21,1,1,3,0,0,0,0,0,1,2,11,6,3,0,14,0,11,0,1,2,0,2,1,1,0,0,68,2
ASV212,163,328,748,374,295,412,744,45,342,319,352,367,374,395,468,538,324,216,457,1,443,396,384,609,347,204,378,414,435,234,331,282,190,406
ASV213,0,25,1,3,1,0,0,0,0,1,1,1,1,1,0,1,27,9,0,0,1,0,21,0,2,0,0,1,0,0,0,0,28,1
ASV217,0,19,0,5,1,4,2,1,0,0,4,14,1,3,11,22,20,13,0,0,2,1,9,0,1,0,0,1,2,2,3,2,213,4
ASV218,1,94,2,7,10,8,1,6,12,2,5,3,5,2,13,6,55,25,0,0,1,3,29,3,4,3,1,0,1,1,1,4,18,3
ASV219,40,215,138,122,159,66,62,13,56,129,205,205,90,103,860,279,361,439,88,0,86,211,278,95,163,85,36,42,52,170,152,49,128,93
ASV228,1,80,12,13,10,22,12,13,37,7,22,14,31,31,64,21,62,32,6,0,14,20,48,8,10,11,11,10,9,5,10,47,54,6
ASV230,68,248,230,232,166,171,147,16,119,200,306,285,136,179,436,217,273,664,153,0,149,221,208,183,122,65,110,65,138,127,152,101,80,153
ASV231,0,24,1,5,1,2,1,0,0,0,0,0,1,0,0,0,11,5,0,0,1,1,12,0,0,1,0,0,0,0,0,0,38,0
ASV232,0,1,0,0,0,0,0,0,0,0,0,0,0,1,0,0,1,0,0,0,0,0,0,0,0,0,0,0,0,0,0,0,1,1
ASV234,0,5,0,0,2,2,0,0,0,0,0,0,1,3,0,0,0,0,0,0,0,0,0,0,0,0,0,0,0,0,0,0,2,0
ASV235,351,599,1143,1220,701,640,1573,10,1967,500,475,779,472,666,1414,886,862,736,926,5,2074,1681,1172,1578,1193,785,230,1356,1332,1392,782,687,255,534
ASV236,0,74,1,11,2,5,0,0,1,1,4,0,0,1,5,4,58,26,0,0,1,4,54,2,2,1,1,0,0,0,0,0,9,2
ASV242,2,27,3,5,3,4,2,0,5,1,8,5,2,6,7,2,27,17,0,0,10,3,9,1,4,1,1,1,1,0,0,1,64,5
ASV243,239,560,1146,655,417,637,1194,52,727,441,524,572,490,647,686,885,535,418,741,0,749,610,573,1082,657,392,475,681,704,463,486,525,232,640
ASV244,126,366,826,399,288,473,808,69,458,325,417,460,420,444,499,642,377,273,555,0,448,436,428,640,384,214,421,415,489,227,328,296,193,453
ASV245,106,251,417,346,239,245,450,16,279,259,294,394,239,295,528,393,352,229,272,0,374,359,269,344,213,151,197,199,302,129,267,207,139,308
ASV257,0,7,0,0,0,5,0,0,0,0,1,0,1,1,2,2,6,2,0,0,0,0,8,0,1,0,0,1,0,0,0,0,19,1
ASV259,0,4,1,0,0,3,0,0,0,0,1,0,0,2,0,0,4,3,0,0,0,0,2,0,0,0,0,0,0,0,0,0,23,0
ASV261,0,10,0,0,0,6,0,0,1,0,0,0,1,2,0,1,4,0,0,0,0,0,1,0,0,2,0,0,0,0,0,0,30,1
ASV272,46,184,337,224,160,189,307,13,156,165,219,238,180,208,538,261,210,181,185,0,228,234,189,270,163,110,143,130,211,107,169,146,100,184
ASV282,0,1,0,0,1,0,0,0,1,0,0,0,0,0,0,0,2,0,0,0,0,0,2,0,0,0,0,0,0,0,0,0,6,0
ASV287,0,55,5,13,12,9,6,0,28,0,7,4,1,4,10,4,59,34,2,0,4,13,29,6,11,7,7,2,5,5,0,4,90,7
ASV288,3,19,23,4,12,377,535,3,182,20,16,44,40,547,47,67,14,14,223,0,126,11,5,163,8,11,11,25,32,1,16,5,29,32
ASV289,2,9,4,2,9,272,32,3,2,8,30,16,28,322,56,48,3,6,57,0,22,4,2,5,4,5,9,8,1,1,29,17,2,8
ASV296,0,1,0,0,0,4,0,0,5,0,2,0,0,3,0,2,0,2,0,0,0,0,1,0,0,0,0,0,0,0,0,0,0,0
ASV298,0,3,0,1,1,3,0,0,0,0,0,0,0,0,0,1,0,0,0,0,0,0,0,0,0,0,0,0,0,0,0,0,13,0
ASV299,0,97,1,9,5,11,0,2,2,2,8,2,4,1,5,0,91,42,0,0,5,4,46,0,3,4,3,0,2,0,0,0,41,1
ASV301,0,9,0,0,2,3,1,0,1,0,1,0,0,2,0,0,5,1,0,0,2,0,3,1,1,0,0,0,0,0,0,2,16,1
ASV307,886,2059,2603,2932,2045,970,1968,28,1270,1284,1220,2342,1273,1065,3927,2739,3489,2523,1200,0,2329,4703,3808,1998,2618,1885,662,1900,1805,2818,1934,1916,679,1498
ASV308,88,254,594,322,205,342,511,49,228,240,253,307,265,269,371,406,247,182,321,0,323,316,295,401,249,157,297,269,377,166,213,205,134,293
ASV309,0,1,0,0,0,2,0,0,0,0,0,0,0,0,0,0,0,0,0,0,0,0,1,0,0,0,0,0,1,0,0,0,0,0
ASV322,98,242,579,309,220,335,462,36,282,235,277,315,231,268,325,420,254,197,338,1,328,310,266,417,221,120,263,246,356,151,208,211,120,292
ASV328,0,38,0,4,8,8,2,2,5,0,0,3,0,1,0,1,18,7,0,0,1,0,14,1,0,0,1,0,1,0,0,9,50,2
ASV333,66,383,189,237,157,156,84,29,96,276,424,496,234,186,1266,622,676,700,122,0,119,456,437,126,271,110,59,41,97,238,349,140,172,162
ASV334,1,12,3,0,3,2,2,0,2,4,7,10,6,5,5,8,13,3,0,0,0,1,6,0,1,1,0,2,0,1,0,0,0,13
ASV337,0,37,0,4,6,0,0,3,3,0,1,0,2,1,6,0,10,10,0,0,1,0,10,0,3,0,2,0,2,0,0,0,53,2
ASV338,0,4,4,0,1,3,0,0,0,1,0,0,0,1,0,0,5,1,0,0,0,0,1,0,0,0,0,0,0,0,0,0,7,0
ASV339,0,39,0,0,4,1,0,0,0,0,1,0,0,0,0,0,23,12,0,0,1,2,28,0,0,2,0,0,0,0,0,0,64,7
ASV340,1,10,4,0,11,66,23,3,31,2,8,11,11,28,9,13,9,4,26,0,13,1,8,5,5,3,1,4,4,7,5,1,2,4
ASV343,0,7,0,2,0,0,0,0,0,0,0,0,0,0,0,0,5,1,1,0,0,0,6,0,0,0,1,0,0,0,0,0,10,0
ASV345,58,202,289,232,215,220,260,38,308,268,300,268,131,367,739,284,351,424,299,0,272,362,317,222,180,104,104,132,186,141,218,195,86,166
ASV346,0,114,22,10,22,57,3,0,72,1,2,1,2,1,4,3,64,31,27,0,54,1,66,15,5,4,1,10,8,0,0,9,26,5
ASV357,0,27,0,11,2,1,0,0,0,0,1,0,2,1,0,0,26,18,0,0,2,6,15,0,4,0,0,0,2,0,0,0,244,1
ASV358,0,12,0,0,0,4,0,0,2,0,1,1,2,0,0,0,1,3,0,0,0,1,0,0,1,0,0,4,0,0,0,0,1,0
ASV360,36,206,120,93,135,230,165,3,66,464,652,296,273,253,1050,434,272,350,79,0,102,158,175,110,146,60,151,67,56,82,274,83,21,136
ASV362,2,47,5,10,11,2,2,1,4,4,7,7,4,2,24,12,20,17,9,0,2,3,23,1,5,3,2,1,6,4,3,5,7,4
ASV365,1,169,10,106,19,13,6,0,28,1,0,3,7,4,3,5,169,71,1,0,42,26,160,6,17,4,3,10,2,4,2,8,2,5
ASV368,55,156,245,147,107,128,202,9,126,113,144,171,128,143,374,167,168,123,138,0,169,164,131,172,103,73,93,132,207,85,125,99,69,147
ASV371,0,9,0,3,0,4,3,0,10,0,2,0,0,5,0,0,2,5,2,0,2,0,1,1,1,1,0,1,1,0,0,1,2,0
ASV374,0,12,1,0,2,3,2,1,0,0,2,0,0,0,0,1,6,3,1,0,0,0,3,0,0,1,1,1,1,0,0,0,32,0
ASV375,0,19,0,0,2,13,0,0,2,0,1,0,0,0,0,3,10,12,0,0,2,0,9,0,2,0,2,0,0,0,0,1,11,3
ASV379,0,7,0,0,0,0,1,0,1,0,4,0,1,0,0,0,4,0,0,0,0,0,0,0,0,0,0,0,0,0,0,0,3,0
ASV381,176,578,318,261,769,1662,1013,190,668,822,462,758,453,909,1031,2118,1335,658,1037,0,1128,353,718,1241,995,250,181,727,477,475,689,448,167,778
ASV382,96,244,491,275,194,315,441,29,241,217,250,262,239,249,291,360,259,130,310,0,293,242,229,408,255,116,278,212,324,144,192,152,122,249
ASV386,0,21,1,1,1,0,1,1,2,1,0,1,0,7,1,0,7,3,1,0,1,0,9,0,0,0,2,1,1,0,0,1,73,0
ASV388,0,29,1,2,1,2,0,2,0,5,5,1,2,5,4,2,22,10,0,0,2,4,14,0,1,0,1,3,0,1,0,5,16,3
ASV389,0,36,0,12,1,3,0,0,0,0,1,1,1,1,2,0,28,11,0,0,2,2,29,0,0,1,0,1,8,1,0,0,341,3
ASV390,0,3,0,0,0,3,0,0,1,0,0,0,1,0,0,0,0,0,0,0,0,0,0,0,0,0,0,0,0,0,0,0,1,0
ASV392,7,112,172,39,105,221,501,27,349,50,55,91,78,272,113,84,112,78,114,0,121,25,87,72,50,41,6,127,29,88,41,276,61,52
ASV397,268,1627,728,934,723,489,353,195,300,785,890,1385,641,532,1946,1077,1854,1344,295,0,372,1330,1275,428,648,421,204,265,324,572,664,565,260,545
ASV399,0,35,6,4,4,5,2,7,11,2,8,3,10,11,53,1,43,22,4,0,14,6,24,2,4,0,1,4,3,4,2,8,94,3
ASV401,645,1003,2133,1293,1216,1393,1806,113,1149,1162,939,1433,1205,972,1393,1766,1021,655,1200,1,1410,1418,1261,2003,1201,643,1280,1334,1614,779,962,770,365,1544
ASV403,32,50,330,155,126,125,219,6,102,21,52,86,85,53,83,123,41,42,369,0,321,132,181,122,198,48,68,150,243,117,75,22,48,85
ASV413,103,230,635,381,235,325,544,26,296,237,237,285,261,303,362,499,283,175,354,0,326,328,240,491,232,140,275,272,369,169,209,212,134,330
ASV414,96,482,430,474,406,247,258,137,196,436,866,604,378,240,1067,750,740,641,144,0,306,781,674,283,924,285,101,194,207,342,396,362,121,348
ASV419,21,202,69,104,126,53,40,17,18,322,208,317,161,217,618,289,270,281,29,0,61,146,207,40,69,67,21,21,32,132,153,59,30,77
ASV420,35,132,103,292,160,84,481,14,559,86,148,299,204,213,359,362,249,188,207,0,548,172,395,358,390,276,8,167,113,277,325,256,171,174
ASV422,169,242,397,733,252,82,215,9,393,135,119,197,151,140,290,259,785,474,207,0,684,893,470,322,305,287,30,251,363,358,226,286,249,161
ASV436,0,3,0,0,0,0,0,0,0,0,0,0,0,0,0,0,2,2,0,0,0,0,1,0,0,0,0,0,0,0,0,0,8,0
ASV439,0,5,0,0,0,0,0,0,0,0,1,0,1,0,0,0,1,0,0,0,0,0,2,0,0,0,0,0,1,0,0,0,1,1
ASV440,4,102,20,16,23,29,8,16,12,39,37,35,42,49,108,23,92,49,15,0,10,41,64,16,13,6,16,10,8,7,17,34,17,13
ASV441,0,4,0,1,0,0,3,0,0,0,0,0,1,0,0,3,2,1,0,0,16,0,5,0,0,0,0,30,0,0,0,0,0,4
ASV443,0,11,0,1,1,5,0,0,1,0,0,2,0,0,0,0,4,5,0,0,1,0,6,0,0,1,0,0,2,0,0,1,28,2
ASV445,46,139,204,195,116,113,215,20,124,133,143,171,151,180,264,200,147,114,121,0,162,164,141,178,95,86,99,91,179,62,132,107,78,142
ASV459,0,1,0,0,0,2,0,0,1,0,0,0,0,0,0,0,1,2,0,0,0,0,3,0,0,0,0,0,0,0,1,0,10,0
ASV460,0,22,0,2,1,0,0,1,0,0,0,0,0,1,0,0,26,11,0,0,0,0,11,0,1,0,1,0,3,0,1,1,103,0
ASV465,44,87,208,112,83,117,202,21,116,108,142,145,123,101,260,160,135,79,83,0,142,145,148,159,108,84,111,88,122,65,127,115,83,110
ASV473,12,130,73,35,56,60,70,15,68,113,91,134,41,161,257,104,174,111,59,0,46,79,81,55,50,36,26,34,22,42,77,34,28,76
ASV476,0,4,0,2,1,2,0,0,0,0,0,0,0,0,0,0,3,0,0,0,0,0,0,0,0,0,1,0,1,0,0,3,66,1
ASV479,0,6,0,0,0,0,0,0,0,0,0,0,0,0,1,0,1,2,0,0,0,0,0,0,0,0,0,0,0,0,0,0,8,0
ASV480,3,54,16,16,21,21,15,2,24,48,92,82,36,44,320,210,98,72,6,0,18,48,66,30,33,14,11,7,20,28,37,9,25,17
ASV485,0,20,2,5,4,8,1,1,1,2,8,5,4,7,11,3,21,11,1,0,2,2,18,1,1,2,1,0,0,0,0,2,17,6
ASV491,37,209,73,113,80,54,28,23,28,101,188,261,74,164,576,215,374,333,29,0,72,238,256,46,172,68,22,17,53,103,121,54,101,87
ASV492,20,46,46,125,55,72,284,18,221,46,55,113,59,156,144,217,77,84,54,0,125,98,87,146,119,82,16,112,69,96,124,149,105,105
ASV493,24,90,130,135,79,51,121,16,92,112,120,197,69,92,569,182,173,104,57,0,116,160,92,115,97,108,44,78,93,95,138,99,38,83
ASV502,0,25,2,6,2,2,0,0,0,1,1,1,1,0,6,1,26,10,0,0,3,0,14,3,4,1,4,1,0,1,1,1,2,0
ASV503,0,13,1,0,3,5,0,0,0,0,1,0,1,0,0,0,2,2,0,0,0,0,9,0,0,0,0,0,0,0,0,0,11,0
ASV507,124,366,292,202,592,1190,741,108,497,596,284,547,351,703,846,1957,996,492,718,1,935,253,549,868,666,193,151,521,370,347,433,349,145,575
ASV513,0,36,2,6,5,4,4,2,19,0,3,0,1,3,0,2,29,9,0,0,1,0,16,5,4,1,0,4,2,1,2,3,86,3
ASV515,0,4,3,2,2,17,13,1,13,0,0,1,0,4,0,2,0,2,4,0,15,1,1,3,3,1,2,8,1,0,0,2,2,3
ASV518,0,2,0,0,2,1,0,0,0,0,1,0,1,1,0,0,1,1,1,0,1,0,5,0,0,1,0,0,0,0,0,0,15,1
ASV521,52,220,187,204,153,102,113,7,137,115,139,174,63,136,329,137,320,306,136,0,125,350,262,165,117,73,37,85,142,148,117,93,81,95
ASV535,32,122,97,125,136,115,162,8,210,99,101,162,31,166,389,163,150,181,122,0,121,194,105,141,106,62,64,104,125,113,169,101,55,105
ASV541,607,1149,2404,1052,1203,953,2275,18,1035,1204,1171,1346,1207,1085,1513,2295,1156,1160,1179,0,1394,1492,1540,2360,1342,748,1298,1064,1751,882,961,465,356,1281
ASV543,0,1,0,0,0,1,0,0,0,0,1,0,0,0,0,0,1,0,0,0,0,0,0,0,0,0,0,0,0,0,0,0,3,0
ASV552,0,96,2,9,2,3,0,2,0,0,16,5,11,3,18,9,79,54,1,0,5,7,62,2,9,1,4,1,2,1,0,0,79,6
ASV554,0,37,10,10,8,27,2,4,3,2,3,2,6,12,12,2,46,18,7,0,8,13,37,8,4,5,4,2,9,2,2,11,156,7
ASV563,73,193,474,234,184,268,375,33,222,142,199,216,200,211,239,438,177,166,238,0,220,235,212,290,194,112,205,231,294,117,174,171,90,238
ASV572,2,46,6,6,9,14,7,3,13,8,3,7,5,16,14,12,30,21,15,0,18,10,27,8,6,4,6,2,10,4,4,10,58,4
ASV584,0,29,0,1,3,2,0,0,0,0,0,0,0,0,2,1,17,9,0,0,2,0,8,0,0,0,1,0,2,0,0,0,19,1
ASV586,0,28,0,6,2,2,0,0,0,2,3,1,1,1,2,4,24,19,1,0,2,1,14,1,2,1,0,0,2,0,0,0,18,1
ASV591,0,5,0,0,0,1,0,0,0,0,1,0,0,1,0,0,0,1,0,0,0,0,1,0,0,0,0,0,0,0,0,0,7,0
ASV593,0,15,0,4,2,7,1,4,2,4,9,11,16,8,15,21,17,7,0,0,2,4,10,2,0,2,0,0,2,1,3,3,2,0
ASV601,0,3,0,1,6,136,10,2,18,26,20,30,9,173,52,21,6,3,7,0,1,2,10,2,1,2,11,0,0,1,15,0,0,5
ASV634,0,20,0,1,0,0,0,0,0,0,0,0,2,0,2,0,14,6,0,0,2,0,19,3,2,2,0,1,0,0,0,1,41,0
ASV636,13,186,20,49,45,50,23,13,30,125,107,114,55,150,321,109,211,177,19,0,49,118,119,35,67,31,11,13,15,36,80,26,56,54
ASV656,1,61,10,15,17,15,6,14,6,4,18,11,9,24,30,12,73,37,2,0,13,8,70,9,8,7,7,6,4,4,3,45,200,9
ASV665,154,575,771,678,655,318,2254,17,1421,557,436,796,483,814,1625,1169,1153,1091,528,1,1022,605,879,1160,506,432,196,824,547,742,630,503,96,525
ASV668,21,47,124,93,48,62,109,16,57,76,87,96,73,76,126,98,87,43,48,0,77,79,63,82,38,42,52,50,75,45,72,65,43,68
ASV671,0,0,0,1,0,0,0,0,0,0,0,1,0,0,0,4,3,0,0,0,24,0,6,0,0,0,0,17,0,0,0,0,0,1
ASV675,13,84,50,58,53,18,22,6,22,89,118,93,39,43,282,114,115,114,19,0,30,80,134,33,62,34,10,18,36,35,63,25,12,28
ASV679,26,51,26,114,31,22,81,7,112,19,28,117,36,100,58,68,130,100,24,0,140,97,65,61,52,71,9,40,59,103,53,142,124,33
ASV682,45,1326,252,120,618,1430,190,131,64,2489,1487,1567,821,811,5018,1105,1031,1024,138,0,72,268,472,122,154,82,830,98,43,135,609,77,26,304
ASV683,53,44,31,121,44,14,31,0,88,19,16,25,14,35,62,94,115,69,114,0,236,120,70,97,124,70,3,51,20,52,35,65,59,24
ASV687,44,153,243,170,103,157,197,16,112,127,106,161,125,117,204,226,149,108,142,0,114,145,133,164,89,78,106,96,143,65,113,139,95,179
ASV693,0,32,8,0,1,8,5,0,17,0,0,2,5,2,2,6,17,14,2,0,9,2,18,3,2,1,0,4,5,0,1,2,11,1
ASV695,4,52,17,27,62,37,27,12,3,68,83,113,28,23,278,136,71,33,5,0,7,47,129,7,160,23,13,7,20,13,76,24,8,29
ASV700,0,10,0,0,0,0,1,0,0,0,0,0,0,0,0,0,3,5,0,0,0,0,3,0,0,0,0,1,0,0,0,0,42,0
ASV705,0,7,0,0,0,0,0,0,0,0,0,0,0,0,0,0,2,0,0,0,0,0,0,0,0,0,0,0,0,0,0,0,8,0
ASV712,63,139,298,161,113,154,245,17,138,129,150,166,154,165,194,247,135,104,189,0,158,183,157,242,123,104,162,133,185,82,112,104,72,163
ASV726,11,16,72,40,71,390,2756,2,809,22,28,80,114,285,32,97,30,64,837,0,1754,33,27,1112,54,58,137,193,354,85,24,66,82,136
ASV737,0,11,0,0,0,1,1,0,0,0,1,0,0,1,0,1,5,0,0,0,2,0,1,0,0,0,0,0,0,0,0,0,0,0
ASV738,14,172,43,33,204,784,151,48,64,230,269,376,133,290,623,344,148,131,148,0,125,26,110,111,60,46,60,62,46,54,113,61,16,179
ASV760,0,45,0,5,2,5,0,0,3,0,0,1,0,2,5,2,35,20,0,0,1,0,25,0,1,1,1,2,0,1,1,0,29,2
ASV764,36,103,139,129,62,87,135,18,99,89,125,107,107,105,170,137,111,91,92,0,135,146,111,129,73,63,67,80,96,45,111,67,45,102
ASV765,14,21,72,117,30,18,91,1,164,5,7,27,4,16,3,15,64,38,90,0,376,122,61,85,19,30,5,37,67,61,11,38,73,28
ASV767,0,36,0,4,1,8,3,1,4,0,2,0,1,0,1,0,6,13,1,0,3,0,6,0,2,1,1,1,1,0,0,2,0,1
ASV777,149,227,358,625,233,104,431,10,378,128,105,270,137,113,310,351,608,357,228,0,555,878,578,354,431,347,29,240,407,519,260,398,191,199
ASV782,100,332,395,179,647,1098,252,100,108,294,353,585,493,214,411,493,238,206,545,0,219,249,472,207,504,127,980,268,362,364,345,198,124,403
ASV789,1,99,3,11,5,12,0,0,1,3,2,2,4,1,5,1,92,24,1,0,2,0,49,0,4,1,6,0,0,0,0,0,7,1
ASV793,0,16,0,2,2,7,2,0,0,0,3,0,1,0,0,0,9,2,0,0,4,0,3,0,1,0,0,6,1,0,0,1,42,1
ASV794,0,13,0,4,3,1,1,0,23,1,0,0,0,1,0,0,7,4,0,0,1,1,7,1,1,1,1,4,0,0,0,0,141,5
ASV798,7,77,58,28,55,144,137,2,113,56,74,62,47,221,122,85,72,80,191,0,117,53,44,91,28,27,20,56,46,13,25,18,17,65
ASV802,0,36,4,6,6,10,4,3,7,6,13,15,3,7,20,8,44,23,2,0,4,3,25,2,2,1,3,1,3,1,7,12,3,4
ASV807,2,49,14,15,16,11,6,0,9,1,6,4,3,4,5,6,83,48,4,0,12,9,76,6,7,2,0,4,4,3,3,0,3,5
ASV810,202,325,272,394,394,502,571,23,332,158,165,463,286,220,246,388,420,272,441,1,467,454,352,360,332,176,198,271,455,192,392,118,201,380
ASV818,120,330,455,167,619,1114,262,87,101,288,303,505,439,201,416,379,172,201,503,0,180,245,516,194,503,123,923,271,333,315,319,150,75,371
ASV820,0,1,1,0,9,210,95,0,45,5,3,9,6,98,7,11,1,4,29,0,20,1,2,47,3,0,3,5,1,2,5,4,0,4
ASV822,0,31,0,0,1,3,0,0,0,0,1,0,1,0,2,0,13,13,0,0,1,0,31,0,1,0,0,0,0,0,0,0,9,1
ASV827,16,100,10,40,65,38,17,29,58,90,56,121,41,41,248,199,257,275,5,0,19,78,141,15,167,92,16,20,40,66,150,72,38,52
ASV828,84,142,192,322,144,74,281,1,247,64,83,156,88,118,338,165,253,196,162,0,352,394,262,259,239,157,50,206,236,262,212,143,66,104
ASV831,1,15,2,7,7,10,3,13,1,6,14,6,11,39,27,7,9,17,0,0,3,9,8,7,4,8,3,2,4,3,3,14,5,1
ASV846,9,130,44,62,50,87,51,28,29,178,221,263,135,112,486,250,204,185,32,0,50,92,477,28,58,31,25,13,20,40,107,38,20,79
ASV856,32,88,199,123,67,109,165,16,80,76,103,97,83,101,121,125,83,53,113,0,98,88,86,127,79,46,95,90,139,38,82,71,28,96
ASV871,488,719,783,677,1016,741,761,52,600,722,546,1351,866,526,774,1606,833,682,712,2,1108,971,737,1047,778,681,266,863,1150,530,1101,480,338,1260
ASV878,9,21,15,30,12,47,94,2,196,7,11,16,7,62,10,30,27,18,10,0,63,38,34,41,41,71,2,71,20,39,29,48,41,44
ASV879,0,24,2,5,3,6,0,4,1,1,5,4,3,4,8,10,17,14,0,0,3,3,14,1,1,0,0,1,4,1,4,2,21,2
ASV882,29,109,169,98,86,149,398,4,226,112,154,146,116,176,240,207,91,140,268,1,216,138,125,142,88,79,96,99,127,145,95,60,55,107
ASV884,0,20,0,1,0,15,0,0,2,0,1,0,0,0,0,0,6,8,0,0,0,0,8,0,0,0,0,0,1,0,0,0,10,2
ASV885,0,27,1,4,5,5,0,0,2,0,4,1,1,5,4,0,38,30,4,0,1,3,42,1,3,0,0,5,4,0,1,0,147,4
ASV892,0,23,0,0,5,6,6,3,10,1,4,7,0,11,23,6,12,7,4,0,0,2,9,5,0,0,2,0,0,2,2,1,15,0
ASV895,75,141,250,270,168,132,354,0,243,116,103,147,110,137,267,216,206,184,160,0,336,351,273,279,259,146,66,293,218,337,164,125,63,125
ASV899,363,773,1612,720,785,704,1671,8,699,765,741,913,825,730,882,1463,787,727,844,1,961,1015,1029,1558,833,499,895,709,1224,608,673,287,259,875
ASV900,563,886,806,691,1053,874,778,64,660,723,516,1489,829,558,748,1710,900,653,768,0,1154,1034,794,1124,868,702,287,913,1291,549,1130,511,367,1316
ASV901,34,451,190,137,155,139,150,11,66,148,246,228,132,154,429,312,270,176,133,0,88,184,238,90,145,83,148,82,79,143,147,82,56,131
ASV902,9,158,22,21,44,156,40,12,20,207,208,220,119,152,860,226,139,183,14,0,25,60,100,34,71,28,92,20,14,44,148,24,7,63
ASV929,0,17,0,3,0,3,0,0,0,1,1,3,1,0,3,0,13,5,0,0,1,0,10,1,1,1,0,0,0,0,0,0,0,0
ASV932,27,100,213,109,84,123,164,13,109,92,104,110,91,125,129,162,102,66,154,0,127,111,105,166,82,68,104,89,180,62,78,83,60,126
ASV935,28,76,193,80,75,101,141,10,76,74,66,88,97,90,102,131,65,52,99,0,115,87,88,153,68,58,83,79,82,43,51,75,40,108
ASV953,7,134,59,10,175,383,143,33,176,139,91,331,228,250,234,143,114,181,73,0,52,19,291,81,40,18,37,41,20,43,93,61,11,82
ASV970,0,11,2,3,4,6,4,0,12,2,1,2,1,4,0,3,12,5,1,0,3,2,6,0,3,1,0,8,2,1,1,1,45,1
ASV974,263,426,1012,601,530,650,849,48,444,544,419,675,588,381,582,794,451,306,548,0,568,661,635,867,557,311,598,613,756,335,486,332,206,693
ASV988,0,1,0,0,0,2,3,0,1,1,1,0,1,4,2,0,2,1,2,0,0,0,0,4,0,0,0,0,2,0,0,0,0,1
ASV991,5,56,26,17,29,64,54,0,58,55,56,72,40,47,283,108,59,51,20,0,34,27,31,26,24,13,14,39,11,24,33,33,19,34
ASV995,1,18,2,3,3,219,3,4,1,1,8,5,3,7,3,2,21,10,1,0,0,2,12,2,1,1,25,0,0,0,0,4,20,8
ASV997,371,783,1560,726,847,1015,1114,49,718,773,733,1160,822,771,990,1430,751,531,733,0,1011,1060,952,1468,877,516,531,995,1282,580,784,528,268,1227
ASV1008,0,24,7,4,4,1,2,0,5,2,1,0,2,0,2,0,19,11,3,0,3,2,9,1,1,0,2,0,0,1,0,3,42,4
ASV1014,331,597,1295,711,593,894,1420,16,726,692,663,889,673,753,976,1132,600,455,694,1,900,870,869,1261,709,451,774,1000,1046,538,543,423,211,1042
ASV1016,0,0,0,1,1,0,0,0,2,0,0,0,0,1,0,1,6,1,0,0,0,0,4,0,0,0,0,0,0,0,0,0,8,1
ASV1019,0,19,1,0,2,6,0,0,2,0,1,0,0,0,0,2,5,3,0,0,1,0,7,0,0,0,0,0,0,0,0,0,0,0
ASV1024,149,301,560,324,199,588,762,22,599,350,327,464,383,516,309,475,215,242,542,0,670,360,249,751,202,217,349,324,929,144,175,169,176,355
ASV1026,2,13,18,14,18,113,64,0,48,12,8,29,10,58,24,23,24,23,55,0,26,4,11,27,8,50,5,17,11,5,8,19,129,15
ASV1047,0,2,0,1,0,0,0,0,0,0,0,0,0,0,0,0,2,3,0,0,0,0,3,0,0,0,0,0,2,0,0,0,14,2
ASV1050,0,84,3,12,8,19,2,0,6,0,1,1,1,9,2,2,85,40,2,0,20,11,60,2,5,4,5,2,5,0,2,0,80,3
ASV1053,0,41,0,8,3,0,0,2,0,0,1,0,1,0,3,0,22,14,0,0,3,2,12,2,2,1,0,2,1,0,1,0,19,2
ASV1056,316,549,1261,589,640,774,1434,19,791,689,687,1102,832,748,963,1518,593,418,625,0,1102,862,731,1432,708,585,358,1006,1037,464,780,540,234,1128
ASV1061,22,46,49,75,69,53,92,12,117,61,40,85,17,79,197,69,72,112,75,0,58,88,37,64,64,50,35,46,55,48,74,55,42,50
ASV1062,1,38,1,7,4,5,0,0,1,102,4,3,2,6,8,5,28,30,2,0,4,3,17,0,2,0,1,0,0,1,6,1,0,0
ASV1064,0,11,1,5,3,1,6,0,6,0,4,3,3,4,6,1,8,6,3,0,3,0,8,2,0,0,0,1,1,0,1,0,21,5
ASV1071,1,34,1,9,1,1,0,1,0,1,0,0,2,3,1,0,52,36,0,0,3,4,25,0,1,1,0,0,6,0,0,0,509,3
ASV1109,27,240,17,56,103,234,103,13,50,195,198,261,88,148,487,216,158,178,62,0,61,62,123,52,61,53,33,32,9,31,98,47,18,98
ASV1114,0,26,0,0,1,1,0,0,3,0,0,0,1,0,0,4,30,10,0,0,0,0,22,0,1,0,2,1,0,0,0,0,1,0
ASV1117,74,397,200,252,231,203,164,40,115,319,372,532,169,203,967,409,669,717,160,0,140,454,431,194,161,78,105,69,70,144,251,138,80,158
ASV1121,50,259,294,327,302,319,1121,23,613,416,238,574,309,530,1041,690,457,514,210,0,343,232,345,489,211,188,146,282,319,375,396,225,48,272
ASV1122,14,153,55,101,78,132,59,77,36,202,234,244,109,180,612,313,187,208,57,0,63,183,315,37,122,43,29,36,45,109,222,112,22,87
ASV1150,164,249,324,280,351,395,371,17,308,307,187,471,283,274,291,532,303,212,392,0,483,321,349,479,354,233,132,447,507,273,378,164,114,441
ASV1157,0,0,0,0,0,0,0,0,0,0,0,0,0,1,0,1,0,0,0,0,0,0,1,0,0,0,0,0,0,0,0,0,8,1
ASV1166,6,14,36,7,34,254,459,2,225,19,20,40,38,217,22,52,19,34,346,0,480,21,21,297,12,26,6,59,179,23,12,28,48,36
ASV1167,2,106,25,22,89,1333,345,35,72,229,209,216,135,405,370,419,230,83,150,0,109,15,94,107,48,39,47,29,37,18,93,43,8,161
ASV1168,0,27,1,2,5,4,0,0,2,1,0,0,0,0,0,0,10,9,1,0,4,1,8,0,0,0,1,0,0,0,0,0,1,0
ASV1177,25,166,231,59,194,83,486,22,193,106,236,204,259,194,494,611,2363,542,100,1,113,158,500,211,426,105,35,230,35,150,215,174,9,316
ASV1179,0,16,0,1,2,0,0,0,0,0,1,0,0,0,1,0,2,6,0,0,0,0,3,0,0,1,0,0,2,0,0,0,23,0
ASV1186,1,6,2,3,2,3,3,3,0,26,4,11,21,3,12,24,7,8,1,1,2,7,2,5,2,3,0,1,0,0,0,1,1,3
ASV1193,121,137,401,145,187,196,384,7,108,155,203,222,199,267,437,267,225,131,181,3,146,197,167,190,176,137,168,142,232,97,103,110,57,136
ASV1202,24,124,43,106,60,72,56,36,34,197,239,220,110,77,410,236,185,186,42,1,74,130,147,45,67,54,21,33,48,142,144,82,43,81
ASV1217,38,125,74,83,188,388,231,40,171,191,96,189,113,202,224,460,313,154,273,0,275,96,192,274,280,68,53,142,114,118,168,91,41,199
ASV1236,193,301,385,332,396,492,416,18,415,332,269,576,297,345,373,662,372,254,494,0,598,444,443,538,381,285,133,575,591,356,507,200,143,527
ASV1249,1,49,27,12,10,34,3,2,21,2,2,2,4,0,0,6,33,20,5,0,39,20,27,2,16,2,3,7,5,0,2,5,95,6
ASV1260,150,267,297,274,329,446,337,14,292,285,196,431,243,275,265,502,255,181,375,0,467,285,325,415,321,223,112,424,440,222,331,145,137,390
ASV1262,28,25,65,136,27,6,45,2,96,5,15,20,10,14,44,53,119,99,65,0,140,201,123,78,60,81,6,27,93,37,17,58,78,14
ASV1275,31,297,108,165,127,79,105,53,37,242,271,310,163,137,772,402,387,318,59,1,81,239,225,68,106,84,59,38,42,86,154,96,27,110
ASV1295,122,306,570,310,202,455,796,11,399,339,274,454,292,378,375,547,258,286,382,0,401,405,239,663,275,221,274,335,575,255,273,201,119,400
ASV1307,9,48,28,14,131,446,234,17,91,105,110,114,231,145,275,239,72,70,122,0,106,14,51,89,90,25,36,27,57,138,125,23,12,57
ASV1312,5,22,77,43,40,123,143,79,167,24,104,67,42,476,67,152,62,60,186,0,123,59,60,50,31,32,13,24,34,19,34,47,32,55
ASV1317,11,33,71,77,38,31,90,10,48,55,63,102,53,57,306,102,82,71,31,0,61,79,55,62,56,61,25,41,32,40,75,39,26,57
ASV1333,0,5,0,1,2,0,0,0,0,0,1,0,2,0,0,1,4,0,0,0,2,0,1,0,0,1,0,0,0,0,0,0,0,0
ASV1349,6,24,11,11,23,34,17,7,3,42,28,28,19,20,118,74,46,37,6,0,8,9,69,9,29,7,13,12,16,34,26,12,8,20
ASV1372,5,8,5,9,13,412,272,2,126,14,11,20,33,283,29,51,14,12,29,0,60,7,4,70,11,12,1,22,7,10,11,54,10,22
ASV1384,0,16,3,31,11,27,53,16,120,26,27,66,36,113,82,142,32,36,9,0,22,21,22,12,20,21,1,39,2,30,83,56,27,23
ASV1405,47,179,64,164,106,76,73,49,66,217,163,242,165,78,409,293,265,206,52,0,89,210,352,95,217,100,87,72,51,108,223,132,35,102
ASV1420,7,8,130,37,46,100,77,4,43,18,52,59,45,23,26,89,11,12,88,0,68,10,57,55,89,28,92,121,68,74,59,9,20,45
ASV1428,4,61,27,36,28,51,34,30,14,140,91,101,58,59,228,116,102,70,17,0,31,65,81,25,46,18,25,9,16,56,70,42,10,32
ASV1453,5,305,39,101,179,309,98,18,66,247,250,363,96,177,763,263,181,193,67,0,86,125,223,38,47,68,42,52,26,34,138,52,20,109
ASV1469,55,367,496,341,370,169,1129,7,772,354,204,432,297,378,641,773,633,447,288,1,538,295,465,664,247,258,124,418,291,339,379,247,52,318
ASV1482,0,7,0,2,0,1,0,0,0,0,0,0,0,1,0,1,6,1,0,0,0,0,0,1,2,0,0,0,1,0,0,0,14,0
ASV1486,131,257,176,257,273,305,348,10,181,105,104,256,172,120,137,244,264,187,236,0,312,308,214,271,193,104,136,163,298,104,228,92,143,222
ASV1501,0,47,0,3,3,2,0,0,1,3,8,1,9,2,9,1,22,19,0,0,5,2,26,0,4,2,2,3,1,0,0,0,41,0
ASV1509,0,4,5,0,1,3,0,0,15,0,2,0,0,3,1,3,11,3,4,0,1,0,4,7,0,0,1,9,1,0,2,1,5,2
ASV1526,7,9,48,5,19,145,439,0,439,0,2,1,9,37,3,11,6,14,277,0,120,6,8,176,7,29,7,53,21,6,3,23,9,8
ASV1536,0,75,1,18,7,20,7,3,12,2,1,2,4,10,7,1,70,34,3,0,19,14,69,2,6,1,1,4,5,0,1,1,1,6
ASV1543,3,10,124,21,52,254,52,3,12,40,86,104,59,26,78,145,10,20,70,0,11,19,94,11,43,6,152,32,21,49,67,9,6,40
ASV1548,0,1,0,0,0,1,0,0,0,0,0,0,0,0,0,0,0,2,0,0,0,0,2,0,0,0,0,0,0,0,0,0,0,0
ASV1584,2,71,18,18,27,59,20,3,8,110,95,95,52,64,326,117,68,94,15,0,10,44,38,20,26,16,20,7,10,20,79,20,6,37
ASV1586,579,863,2055,1083,976,1236,1955,55,1076,1037,995,1380,1088,961,1167,1731,978,703,1081,1,1210,1358,1194,2062,1168,782,810,1162,1684,812,919,671,338,1554
ASV1595,2,16,6,4,24,301,19,8,4,72,56,36,23,81,93,70,84,19,19,0,9,5,12,1,9,8,28,3,2,1,15,0,2,13
ASV1619,187,289,707,333,369,415,771,16,473,394,371,576,475,382,557,749,339,246,368,0,580,456,410,789,419,294,189,608,582,269,434,274,114,630
ASV1636,0,105,1,20,14,10,0,0,2,0,1,0,4,8,5,1,80,44,0,0,3,3,68,3,8,0,5,0,2,0,1,0,80,1
ASV1647,0,4,0,0,3,0,0,0,1,0,0,0,0,0,0,0,1,1,0,0,0,0,1,0,0,0,0,0,0,0,0,0,0,0
ASV1648,0,15,0,1,1,0,0,0,0,0,0,1,1,0,0,0,12,4,0,0,0,1,7,0,2,0,1,4,0,0,0,0,20,0
ASV1649,0,14,0,4,2,6,0,0,1,0,0,0,1,2,0,0,12,13,0,0,0,1,3,0,1,0,0,0,0,0,0,0,15,0
ASV1673,172,362,778,325,370,329,727,11,278,325,342,392,371,347,435,705,355,344,398,0,417,455,478,658,424,224,374,322,542,271,271,135,106,384
ASV1679,136,316,523,235,368,195,530,7,256,314,323,307,325,243,251,559,273,322,231,2,345,354,396,449,342,145,316,151,359,191,221,93,91,282
ASV1705,27,89,174,95,52,74,162,3,101,87,77,69,75,83,93,129,70,55,79,1,72,71,78,129,41,40,72,79,90,46,63,68,29,93
ASV1727,0,0,0,0,0,0,0,0,0,0,0,0,0,0,0,0,0,1,0,0,1,0,2,0,1,0,0,0,1,0,0,0,9,0
ASV1731,0,3,0,0,0,1,0,0,0,0,0,0,0,0,0,0,1,4,0,0,0,0,3,0,0,0,0,0,0,0,0,0,12,0
ASV1739,78,190,113,182,161,242,259,14,146,85,84,188,126,110,97,178,225,119,178,0,214,214,149,184,143,88,74,138,165,98,197,57,115,159
ASV1751,78,347,69,165,336,317,221,13,169,277,210,409,174,194,786,465,503,329,148,0,201,170,356,186,248,196,46,108,39,142,389,174,46,298
ASV1779,5,19,31,24,27,57,71,2,70,22,48,72,71,194,62,177,40,13,37,0,29,36,20,51,19,11,19,21,20,26,58,39,13,60
ASV1781,155,339,564,277,353,161,599,6,263,324,320,345,359,295,304,602,266,374,263,1,374,321,391,423,342,173,312,188,336,191,200,121,96,321
ASV1787,185,370,573,350,381,385,586,33,369,411,437,634,463,323,566,746,433,265,305,0,441,482,446,638,393,276,226,526,539,282,498,240,137,590
ASV1846,10,291,54,21,114,358,39,24,23,622,274,388,200,206,1095,260,206,206,35,0,11,73,116,39,39,34,184,32,12,40,185,23,7,93
ASV1849,0,5,0,0,1,3,0,0,1,0,0,0,0,0,0,0,4,2,0,0,2,0,1,0,0,0,0,0,0,0,0,0,1,1
ASV1861,11,86,30,42,33,20,24,6,22,87,131,82,34,62,174,91,111,152,25,0,22,87,78,31,33,31,16,9,28,22,82,35,39,62
ASV1864,0,39,1,3,3,2,1,0,1,0,5,0,1,0,3,1,30,37,0,0,0,2,22,0,4,0,0,1,0,0,0,2,7,3
ASV1865,611,1026,2015,1036,1253,1218,1424,55,934,1184,1142,1933,1371,1081,1306,2116,978,714,930,0,1238,1201,1092,2059,1274,794,417,1291,1699,737,1280,574,361,1760
ASV1878,52,95,105,240,85,37,149,1,127,54,33,89,61,45,147,124,161,95,95,0,216,259,179,112,184,101,15,87,114,147,104,129,42,87
ASV1884,57,215,36,97,199,220,115,9,54,184,145,304,176,130,422,291,349,211,77,0,177,77,218,90,130,116,28,46,18,75,135,86,27,164
ASV1899,0,4,0,0,0,0,2,0,0,0,0,0,0,0,0,1,3,0,0,0,0,0,2,0,0,0,1,0,0,0,0,0,0,1
ASV1918,0,48,0,3,0,4,1,1,4,0,1,4,1,3,1,1,24,19,0,0,0,1,18,1,2,0,0,0,1,0,0,1,4,3
ASV1920,87,158,309,134,155,234,361,3,213,179,190,221,213,204,225,322,126,102,177,0,248,201,213,411,203,99,189,271,265,120,144,125,48,220
ASV1922,142,302,649,287,324,393,467,10,295,285,294,410,325,308,428,590,296,203,358,0,414,429,387,607,399,196,206,424,538,261,331,163,97,517
ASV1925,10,343,46,19,102,414,52,46,16,575,482,340,172,204,1582,246,304,288,36,0,15,81,119,25,57,18,189,18,10,27,127,19,1,72
ASV1937,0,33,0,4,9,12,6,11,5,19,21,21,19,27,52,28,44,25,15,0,0,10,30,2,4,3,4,5,1,4,20,5,3,13
ASV1938,100,232,462,224,197,322,439,5,216,249,254,301,227,262,400,362,235,164,219,0,253,269,214,406,240,125,175,231,312,199,205,117,80,261
ASV1972,95,80,260,591,152,33,191,5,152,57,49,107,77,56,146,143,281,255,195,0,410,578,280,297,251,200,12,154,322,164,156,247,108,139
ASV2009,3,40,23,1,51,232,54,7,20,92,64,104,35,70,119,97,32,23,29,0,39,8,35,31,20,11,11,25,19,1,32,7,8,62
ASV2049,41,243,156,38,139,282,240,37,66,210,234,239,153,231,378,212,213,204,107,0,42,103,141,129,118,45,206,95,45,81,110,55,14,152
ASV2055,1,41,11,14,13,12,10,2,5,12,18,17,6,8,32,12,39,20,5,0,16,13,25,6,15,2,4,2,5,3,14,6,26,2
ASV2063,30,84,95,135,161,117,44,18,68,49,31,144,25,94,366,53,146,235,124,0,89,205,135,84,65,28,69,45,99,63,72,76,17,36
ASV2065,7,63,35,32,35,40,41,11,34,33,27,58,47,196,122,58,67,73,30,0,78,43,58,24,35,23,6,21,47,55,33,56,42,27
ASV2082,281,450,862,412,526,588,860,21,585,600,497,908,716,576,571,1044,468,314,479,1,720,638,485,1062,661,442,132,752,845,484,748,283,165,932
ASV2095,0,1,0,0,0,0,0,0,0,0,0,0,0,0,0,0,0,2,0,0,0,0,0,1,0,0,0,0,0,0,1,0,0,1
ASV2104,2,4,5,15,14,30,142,0,30,0,1,8,7,5,1,4,33,81,38,0,51,7,16,45,11,8,311,22,16,227,3,90,16,4
ASV2109,0,1,1,0,1,354,0,1,1,1,0,0,0,0,1,0,0,1,1,0,0,1,5,0,0,0,2,0,0,0,2,0,0,0
ASV2116,1,146,4,18,30,24,19,1,7,450,111,73,35,52,199,63,128,105,3,0,10,14,152,11,18,7,5,9,2,9,25,15,18,18
ASV2122,0,0,0,0,0,0,0,0,0,0,0,0,0,0,0,0,0,1,1,0,3,0,0,0,0,0,0,0,9,0,0,0,351,0
ASV2124,0,2,0,1,0,1,0,0,0,0,1,0,0,0,0,0,0,1,0,0,0,0,0,0,0,0,0,0,0,0,0,0,0,0
ASV2150,13,44,52,73,21,45,57,0,45,21,41,49,34,61,57,89,81,68,38,1,105,121,116,45,36,33,15,35,32,41,38,44,26,39
ASV2167,233,406,825,454,464,499,557,22,348,481,481,684,535,409,449,756,390,270,405,0,455,462,425,804,498,299,211,519,660,353,502,265,140,720
ASV2178,457,689,1347,737,916,932,1106,45,721,837,823,1413,1089,780,881,1568,691,480,694,0,917,834,755,1587,899,570,299,1029,1400,560,954,444,266,1386
ASV2180,272,498,1021,544,594,627,741,19,433,551,532,815,626,464,573,977,499,328,495,2,527,606,529,1031,662,391,192,637,831,440,561,294,150,834
ASV2184,23,73,93,88,73,34,42,1,63,49,69,65,44,50,256,74,350,202,58,0,77,211,137,55,75,47,13,47,58,67,34,89,28,24
ASV2203,495,703,1508,832,1026,906,1187,42,672,910,799,1453,1179,862,962,1647,706,533,699,0,970,899,850,1652,1006,589,306,1098,1367,605,981,421,291,1473
ASV2228,36,341,41,102,221,387,104,42,46,401,346,517,187,174,1359,472,417,335,62,0,72,110,187,74,128,86,94,63,23,76,262,97,26,231
ASV2234,27,193,183,133,251,105,704,7,356,133,130,172,163,187,339,388,598,324,123,0,199,117,334,319,149,108,91,163,87,133,186,103,30,224
ASV2239,20,45,25,29,54,65,56,3,19,16,14,75,19,10,40,54,17,27,47,1,55,49,38,27,64,30,36,46,61,36,64,11,21,53
ASV2248,22,125,152,73,92,139,75,7,47,120,144,123,67,79,335,118,135,128,95,0,53,153,124,68,75,56,106,81,61,66,90,79,11,92
ASV2259,75,153,299,109,135,224,337,4,247,123,177,194,164,159,214,255,139,114,174,1,204,222,173,327,166,91,198,217,251,111,130,114,47,198
ASV2262,12,49,29,11,86,500,140,7,61,143,105,127,58,185,135,184,43,42,137,1,107,6,48,60,66,23,17,46,49,17,40,29,6,104
ASV2273,29,76,122,82,81,101,103,5,96,73,63,98,32,75,267,79,74,121,173,0,81,114,115,136,50,32,101,72,144,51,72,31,9,60
ASV2275,0,17,0,1,1,3,0,0,0,0,1,0,1,1,0,0,12,6,0,0,0,0,3,0,0,0,0,0,0,0,0,0,14,1
ASV2283,0,17,0,2,1,5,1,0,1,1,4,0,1,0,0,3,13,10,0,0,0,0,5,0,0,0,1,1,0,0,0,0,0,0
ASV2291,46,250,164,104,79,94,86,15,45,77,134,158,67,77,306,155,253,233,70,1,85,187,249,88,124,57,69,66,77,85,113,59,79,62
ASV2301,18,117,86,38,71,283,123,35,34,174,156,136,142,136,346,133,95,79,56,0,39,62,73,76,39,31,191,48,45,30,85,31,8,94
ASV2334,84,148,334,194,154,219,318,8,178,155,149,187,194,170,223,247,172,114,182,0,198,227,189,299,195,96,173,216,278,118,161,109,65,247
ASV2344,0,9,0,1,0,0,0,0,1,0,1,0,0,0,0,0,3,2,0,0,0,0,3,0,1,0,0,0,0,0,0,0,1,0
ASV2345,41,208,118,144,133,100,40,12,36,92,117,184,100,105,365,234,347,285,62,0,82,275,235,61,131,76,20,42,70,106,135,95,40,75
ASV2378,67,128,325,137,137,253,327,7,197,158,166,174,175,178,217,235,111,117,207,0,217,188,190,282,148,97,186,267,281,105,123,79,45,213
ASV2396,249,462,948,495,485,601,790,21,427,561,506,669,580,476,649,953,494,351,452,1,619,575,617,786,591,348,408,686,757,383,493,323,170,761
ASV2409,10,85,123,121,119,106,356,8,232,129,80,170,98,155,299,191,133,130,89,0,126,84,123,222,85,84,61,90,101,108,94,72,15,86
ASV2426,49,121,282,169,169,36,704,0,533,103,73,183,148,154,281,294,270,193,152,0,363,183,227,370,140,134,34,256,128,183,157,158,22,162
ASV2429,0,0,0,0,0,1,0,0,1,0,1,0,0,0,0,0,0,1,0,0,0,0,1,0,0,0,0,0,0,0,0,0,4,1
ASV2430,11,86,37,45,43,71,46,11,23,127,109,143,74,76,338,171,130,159,37,0,38,56,91,30,58,26,52,19,28,41,85,27,11,53
ASV2450,0,9,1,1,7,9,3,13,4,30,12,10,16,18,36,10,8,10,2,0,3,6,9,2,7,5,5,2,2,0,8,6,4,2
ASV2451,404,602,1307,643,826,825,1016,33,602,845,722,1262,1026,716,845,1398,654,442,630,2,809,781,694,1515,845,530,264,900,1153,530,878,390,244,1314
ASV2531,1,0,11,11,4,3,290,0,146,1,0,1,2,16,2,3,5,6,49,0,191,3,1,113,4,9,2,22,94,8,1,12,17,10
ASV2550,21,103,51,61,156,169,53,21,45,80,38,111,30,51,290,95,75,143,127,0,96,44,143,121,41,20,140,56,66,31,58,13,15,40
ASV2570,0,0,1,0,3,5,3,0,0,0,1,0,2,4,0,1,2,0,0,0,0,1,1,0,0,0,1,0,0,0,3,0,0,0
ASV2580,1,24,14,18,15,14,11,6,19,16,18,47,16,13,65,36,36,39,13,0,24,24,99,13,227,14,7,7,10,15,36,28,7,42
ASV2598,63,88,250,112,91,166,302,0,139,104,93,131,119,101,123,153,72,83,109,0,118,136,102,205,107,54,111,172,203,70,59,59,32,151
ASV2613,8,46,42,38,27,35,30,14,14,59,63,75,34,34,127,159,67,44,6,0,19,61,53,25,26,19,12,14,13,25,57,29,10,25
ASV2627,36,79,84,84,80,86,88,17,64,53,50,128,64,70,82,105,88,77,93,0,100,117,76,132,94,53,64,84,132,61,97,46,42,80
ASV2663,5,13,33,26,23,138,259,0,304,4,7,31,10,214,28,30,23,17,86,0,191,9,18,111,20,19,8,50,30,16,14,27,22,32
ASV2691,170,343,547,366,415,399,539,15,343,376,356,568,429,299,452,699,304,230,265,1,444,461,377,619,404,264,208,509,468,301,414,219,115,575
ASV2693,23,99,122,83,85,101,104,4,92,85,79,106,33,89,246,76,95,124,175,0,60,100,130,121,67,32,104,58,97,64,73,39,11,52
ASV2778,4,4,7,52,10,7,81,2,85,2,3,28,17,35,11,46,23,7,16,0,112,112,24,71,21,124,2,32,62,31,17,76,42,70
ASV2790,31,53,102,106,63,43,172,1,138,39,31,56,41,65,118,85,67,58,78,0,145,128,107,118,80,45,15,135,64,163,62,40,22,49
ASV2791,41,109,142,58,187,329,87,21,32,100,111,154,138,71,111,125,54,59,156,0,66,80,141,72,153,48,296,87,113,113,81,60,38,115
ASV2798,26,116,96,58,82,80,57,9,38,118,104,115,51,52,327,105,131,112,57,0,20,106,116,73,54,20,74,53,49,31,74,48,9,71
ASV2799,9,39,3,23,22,24,10,13,6,20,24,42,11,10,127,56,31,35,9,0,13,12,25,14,9,11,9,4,5,13,32,27,10,28
ASV2807,4,324,46,16,125,376,35,44,20,537,391,323,175,170,1316,213,216,251,25,0,13,42,83,22,29,17,170,29,13,27,115,22,2,61
ASV2811,34,121,136,125,113,81,404,4,224,127,111,229,114,200,359,292,168,216,94,0,142,85,135,183,105,94,41,151,116,164,137,107,33,89
ASV2814,0,0,0,0,0,0,0,0,1,0,0,0,0,0,0,0,0,0,0,0,0,0,0,0,0,0,0,0,0,0,0,0,0,0
ASV2819,90,186,374,213,156,275,552,6,209,183,162,247,215,218,223,311,170,104,224,0,227,234,155,385,171,153,194,222,328,168,186,110,61,265
ASV2820,82,179,388,190,191,266,310,10,191,167,212,308,211,205,337,376,194,148,213,1,279,259,261,353,214,133,148,283,346,148,204,135,63,306
ASV2835,0,15,0,1,0,2,0,0,2,0,0,0,1,0,0,0,13,9,0,0,0,1,11,0,2,0,0,0,4,0,0,0,178,0
ASV2852,279,527,1010,576,659,616,731,27,492,586,567,945,665,579,630,1073,449,370,465,1,622,575,528,1140,647,383,204,722,910,420,664,290,173,983
ASV2855,0,3,1,0,0,0,0,0,0,0,0,0,1,0,0,0,1,2,0,0,0,0,1,0,0,0,0,0,0,0,0,0,0,0
ASV2865,18,113,98,31,108,247,167,11,49,78,67,83,72,115,168,96,72,140,130,0,41,44,109,80,36,16,105,44,36,36,58,22,6,35
ASV2872,293,466,1000,564,526,548,935,31,587,495,484,664,531,505,624,867,454,341,536,0,556,623,569,1043,599,337,421,534,856,368,547,361,161,713
ASV2887,22,66,44,45,28,22,22,1,16,59,23,27,17,15,21,31,37,193,25,0,49,38,46,24,15,12,13,18,20,13,20,13,22,23
ASV2980,0,8,0,0,0,5,0,0,7,1,0,0,0,0,0,0,2,5,0,0,1,0,3,0,0,0,0,0,0,0,0,1,0,0
ASV3014,0,10,0,1,1,28,1,0,21,0,2,0,1,3,0,5,3,5,0,0,7,3,3,1,6,1,0,4,1,1,0,0,1,4
ASV3015,10,44,41,21,87,155,41,18,26,51,59,84,70,24,62,56,22,23,70,0,30,31,55,33,55,17,137,24,42,35,43,9,11,62
ASV3061,18,58,87,61,84,68,77,4,62,74,42,81,28,80,190,66,51,123,158,0,54,89,97,120,53,23,64,62,88,22,51,27,10,52
ASV3076,100,174,342,215,231,223,339,12,233,270,226,357,269,193,319,409,213,180,188,0,273,252,241,331,236,160,121,307,309,174,310,150,80,346
ASV3091,14,73,47,108,45,63,76,21,46,77,90,132,80,91,143,111,106,67,55,0,58,112,79,49,52,46,18,25,44,34,78,80,39,59
ASV3113,30,62,82,46,79,225,187,1,139,66,27,84,81,131,92,123,62,35,103,0,126,57,93,218,75,51,82,132,114,61,75,40,14,76
ASV3177,3,80,20,9,28,92,24,2,8,157,102,84,56,48,257,86,44,57,13,0,12,27,41,15,10,6,75,10,11,11,40,4,0,18
ASV3193,2,11,23,8,16,162,358,2,77,14,7,25,12,165,31,32,26,7,78,0,49,4,15,52,4,7,4,19,25,4,17,63,25,19
ASV3211,10,29,32,15,22,17,14,13,10,5,12,16,18,13,20,13,27,31,19,0,36,34,61,12,28,8,2,5,7,7,7,5,2,7
ASV3226,3,3,2,24,3,13,23,0,40,2,4,1,36,12,2,309,1,2,6,0,9,16,3,6,12,4,1,11,7,1,3,6,3,34
ASV3233,14,24,11,22,25,36,39,4,45,20,13,40,18,27,16,34,17,11,40,1,39,27,21,42,25,15,10,15,71,20,17,2,15,26
ASV3237,79,163,334,120,174,292,403,23,204,186,165,304,227,220,231,345,140,116,263,0,181,161,179,341,172,129,155,236,289,122,188,149,70,288
ASV3241,0,1,0,0,1,0,2,0,0,3,2,1,0,2,1,2,1,0,0,0,0,1,1,0,1,0,1,2,0,0,1,0,0,1
ASV3263,55,133,326,155,139,168,320,5,149,145,175,257,186,167,179,264,119,74,108,0,218,174,184,280,143,101,85,183,200,108,171,105,42,226
ASV3270,60,91,151,82,80,106,198,5,110,74,89,120,104,96,116,132,75,88,105,0,114,91,108,203,98,62,108,129,145,53,69,48,27,114
ASV3324,71,112,228,126,131,162,214,8,129,126,105,188,136,122,177,214,113,92,115,0,151,151,145,203,113,94,116,140,183,94,144,71,44,185
ASV3329,87,136,242,135,171,191,254,8,157,163,143,270,181,148,243,295,157,113,140,0,233,199,215,278,209,126,100,202,220,147,203,122,50,280
ASV3331,65,112,132,102,106,113,115,11,86,70,75,172,100,66,137,161,111,85,140,0,143,138,97,126,101,69,109,116,166,65,124,77,40,142
ASV3366,66,137,311,191,182,239,323,15,220,217,180,300,216,233,240,406,171,125,185,0,337,258,221,360,227,149,97,300,328,188,244,130,40,270
ASV3371,66,135,217,154,146,137,205,6,129,175,113,237,154,133,207,294,164,106,132,0,210,180,174,250,167,103,84,215,224,103,222,100,53,245
ASV3392,9,12,27,8,53,1226,328,11,43,66,42,130,79,471,110,204,77,15,108,0,29,3,57,72,14,9,21,15,14,22,24,15,1,75
ASV3399,74,115,227,129,133,193,271,7,200,120,135,211,88,158,178,259,131,86,152,0,228,155,172,282,132,98,93,161,215,108,109,82,60,224
ASV3407,0,4,0,0,0,0,0,0,0,0,0,0,0,1,0,0,2,0,0,0,0,0,0,0,0,0,0,0,0,0,0,0,1,0
ASV3412,18,77,56,20,80,164,77,2,20,119,77,94,59,72,156,86,91,108,51,0,21,36,75,40,18,16,90,24,35,21,39,19,2,17
ASV3413,0,0,0,0,0,0,0,0,1,0,0,0,0,0,0,0,0,0,0,0,12,0,1,3,0,0,0,9,0,0,0,0,0,0
ASV3423,34,143,60,72,93,135,71,9,66,95,124,187,75,81,279,240,271,126,55,0,58,104,199,82,89,60,24,57,19,66,162,78,24,99
ASV3448,0,19,0,5,2,0,0,0,1,2,2,0,3,1,3,1,13,11,0,0,1,3,17,4,2,0,0,0,0,1,2,2,10,1
ASV3477,76,115,256,122,104,107,278,0,95,114,113,132,120,101,129,200,90,127,135,0,129,154,142,217,131,71,126,114,199,105,100,46,32,138
ASV3479,45,74,101,78,89,107,78,1,90,85,52,112,78,74,82,159,76,56,129,0,137,104,100,112,103,69,53,131,176,79,118,44,49,107
ASV3491,37,76,81,44,106,93,87,2,55,70,61,99,107,46,103,114,70,68,99,0,96,51,75,101,59,29,97,50,74,32,73,28,23,87
ASV3498,176,256,488,297,244,243,595,24,331,287,284,451,375,254,244,573,277,172,203,0,364,360,240,489,297,193,150,267,390,182,380,227,107,461
ASV3517,58,108,255,117,118,115,236,1,103,128,125,150,113,112,303,229,128,123,128,0,148,144,171,235,137,66,140,107,178,98,111,48,29,135
ASV3523,67,119,275,127,157,142,264,5,124,139,155,150,135,135,171,260,155,132,135,0,195,195,187,285,167,85,156,134,234,101,119,45,35,138
ASV3565,55,135,238,121,148,153,193,6,128,135,137,187,147,105,215,243,125,87,144,1,172,171,146,261,145,92,91,167,174,89,135,73,33,224
ASV3657,74,107,310,132,134,191,337,8,188,177,162,289,180,201,232,317,111,95,147,0,286,196,170,326,151,125,77,226,275,96,168,114,66,273
ASV3667,24,38,32,88,50,5,11,0,18,11,7,8,6,4,24,7,47,53,88,0,54,80,96,43,32,8,22,16,128,9,10,16,263,6
ASV3672,0,16,0,0,0,1,0,0,1,0,1,3,0,4,0,2,13,4,1,0,0,0,6,1,0,1,0,2,0,0,1,0,0,0
ASV3698,9,26,56,35,18,33,58,7,32,14,36,28,17,26,25,41,30,19,38,1,37,25,21,57,30,12,36,19,39,13,22,22,11,31
ASV3712,7,81,25,25,89,869,91,27,26,186,181,231,142,397,391,215,135,57,64,0,34,23,104,42,41,24,45,22,12,24,73,49,22,72
ASV3767,19,153,88,27,87,278,161,16,34,164,126,134,123,105,238,141,134,130,73,0,25,40,121,60,37,23,115,39,35,42,79,30,11,94
ASV3822,52,80,156,69,102,129,207,7,133,91,88,159,81,112,144,190,77,63,79,0,162,112,107,187,122,75,78,132,171,85,61,47,27,154
ASV3827,0,4,5,0,10,255,11,0,8,18,14,9,2,41,60,13,4,3,9,0,7,0,3,5,1,0,4,1,1,1,2,2,0,8
ASV3863,18,42,73,30,133,175,44,10,18,44,66,82,83,23,64,77,30,27,66,0,28,34,97,24,53,5,189,33,31,62,53,24,16,65
ASV3921,156,266,473,278,319,312,372,9,210,316,282,466,346,256,277,469,220,169,271,0,323,308,273,563,326,194,99,345,424,202,330,120,99,466
ASV3927,57,118,214,117,121,149,211,6,116,145,128,148,139,124,156,184,83,109,136,0,154,176,139,197,150,75,100,127,175,97,153,72,37,200
ASV3928,0,13,0,3,0,0,0,0,0,0,2,2,1,1,1,1,19,4,0,0,3,2,15,0,1,0,1,0,1,0,0,0,35,1
ASV3936,8,28,28,5,61,336,17,16,13,68,41,46,71,36,67,44,29,20,35,0,4,8,38,12,33,7,265,13,16,9,30,7,3,17
ASV3990,164,133,130,165,306,539,562,27,400,123,81,294,163,154,214,278,186,129,339,0,411,133,275,488,213,152,214,386,374,179,128,107,88,248
ASV3999,52,100,168,79,100,138,138,2,84,92,85,134,93,81,118,157,92,64,91,0,119,138,99,172,106,58,120,84,147,69,122,57,36,119
ASV4005,131,183,389,208,237,248,388,4,278,268,214,369,300,234,235,426,204,159,191,0,328,270,242,471,294,171,81,311,357,201,298,128,78,397
ASV4008,7,35,25,40,17,16,15,20,7,35,50,71,22,15,128,80,86,56,16,0,13,73,109,19,53,32,7,12,17,21,30,46,10,28
ASV4028,0,19,11,4,1,16,3,0,40,0,0,0,2,0,1,1,12,6,1,0,14,1,5,3,0,2,0,7,0,0,1,0,1,0
ASV4083,234,352,715,372,503,435,536,16,308,433,424,722,537,410,490,786,349,272,359,0,478,419,393,815,495,259,170,510,640,302,523,177,145,733
ASV4113,17,62,103,50,153,198,38,14,21,53,68,84,69,43,68,69,32,33,104,0,40,51,89,46,84,31,187,55,70,63,64,32,30,67
ASV4124,3,44,25,10,45,201,93,10,56,85,62,85,34,107,146,125,43,47,51,0,58,12,29,75,17,11,16,44,31,17,27,15,6,61
ASV4142,2,2,2,4,7,1,6,0,7,2,2,2,3,4,0,1,2,2,10,1,18,3,7,0,9,8,0,2,13,7,4,3,7,4
ASV4171,63,186,154,141,150,149,99,22,55,94,63,148,58,70,248,115,223,188,143,0,103,217,195,97,94,62,156,83,133,68,130,64,42,62
ASV4173,0,29,1,10,1,0,0,1,0,0,0,0,0,0,0,0,7,11,0,0,0,0,19,0,0,0,1,0,3,0,0,1,27,0
ASV4206,1,48,18,13,21,24,14,12,13,36,55,44,25,48,78,30,51,35,12,0,5,22,27,9,15,8,2,5,6,7,24,9,3,22
ASV4214,15,108,38,23,74,46,27,1,11,116,92,119,60,42,373,103,132,124,19,0,16,42,94,22,28,22,49,27,15,25,74,26,4,39
ASV4309,0,13,2,5,3,2,2,0,1,0,1,0,0,1,0,0,8,3,0,0,0,2,7,1,0,0,1,0,4,0,0,0,88,0
ASV4364,1,5,10,13,14,34,39,38,19,8,27,17,12,58,20,23,6,8,34,0,25,5,7,12,2,10,4,3,15,4,8,83,5,20
ASV4369,3,36,5,1,23,14,4,0,5,3,1,9,3,3,109,10,22,58,20,0,5,16,55,11,11,3,52,1,23,1,10,1,281,6
ASV4393,28,79,127,50,76,166,152,11,126,81,64,94,74,120,90,137,71,47,115,1,120,80,87,177,64,43,100,84,105,38,62,40,33,102
ASV4568,1,127,6,1,20,160,15,4,2,345,169,101,83,84,436,65,45,71,3,0,6,14,11,15,6,2,230,2,0,7,43,2,3,14
ASV4609,61,119,178,86,103,105,185,8,118,104,90,169,156,110,109,210,96,72,70,0,133,130,92,164,117,76,61,104,129,89,102,84,47,157
ASV4625,110,222,353,231,196,203,317,11,174,232,206,340,256,176,329,393,213,134,184,0,220,262,211,422,271,150,71,266,336,180,259,88,66,340
ASV4639,1,1,10,6,1,8,77,0,148,1,180,237,671,1820,144,447,4,6,14,0,59,10,5,123,69,13,2,50,9,35,73,7,4,27
ASV4668,16,91,71,17,66,173,93,3,22,74,75,96,82,109,185,85,75,69,57,0,24,31,62,74,34,14,114,34,31,23,44,24,8,57
ASV4684,6,41,25,12,67,271,30,16,13,56,60,57,44,28,76,39,18,15,29,0,16,21,40,9,22,5,289,12,18,12,28,8,6,21
ASV4722,0,2,7,2,2,4,1,12,0,7,8,10,5,9,67,2,5,6,2,0,0,7,3,2,4,1,3,0,2,0,5,7,2,0
ASV4771,33,105,203,84,107,180,281,8,139,99,125,157,137,147,134,201,106,64,189,0,123,93,105,207,101,80,92,139,200,106,101,76,28,179
ASV4803,0,3,37,0,2,297,102,0,5,10,4,7,30,172,1,9,4,1,207,0,33,1,11,2,0,0,74,3,1,0,0,0,0,1
ASV4812,0,46,1,6,3,3,1,0,1,0,1,0,5,2,5,0,34,21,1,0,2,1,20,0,5,0,0,2,0,0,0,0,0,4
ASV4829,8,27,31,24,23,35,16,0,9,24,28,28,23,19,61,30,30,255,9,0,20,25,49,17,20,8,13,13,12,16,22,11,7,17
ASV4898,57,118,257,115,157,148,294,8,180,158,163,249,210,177,151,336,160,112,147,0,226,149,123,339,187,119,53,224,231,111,204,80,53,301
ASV4914,75,113,221,108,127,136,252,9,120,116,121,193,182,109,125,265,135,66,86,1,159,159,104,207,129,78,56,127,151,78,136,83,43,194
ASV5048,2,23,14,7,14,7,1,13,3,12,22,22,11,10,105,20,25,34,4,0,7,24,46,6,16,12,2,9,4,2,19,9,10,5
ASV5058,75,140,253,140,128,125,275,10,144,141,110,214,166,119,155,266,125,80,119,0,177,188,115,245,136,106,55,139,205,96,153,103,54,230
ASV5159,3,18,0,16,8,17,4,5,4,18,17,28,7,8,61,15,26,13,0,1,1,8,3,2,3,3,2,2,0,2,10,1,3,4
ASV5172,16,29,16,22,33,47,31,2,19,13,15,37,56,17,34,38,34,30,32,1,36,31,25,38,25,17,23,26,40,21,26,11,15,28
ASV5405,1,5,13,5,16,14,60,0,36,1,6,43,483,26,20,118,18,8,7,0,151,33,9,30,42,4,9,12,6,154,33,16,23,142
ASV5442,8,107,33,16,16,91,23,16,10,62,58,48,41,32,104,50,21,36,14,0,6,17,21,15,11,7,66,14,6,18,27,10,1,31
ASV5464,0,4,0,0,0,1,0,0,0,0,0,0,0,0,0,0,4,6,0,0,0,0,2,0,0,0,0,0,0,0,0,0,4,2
ASV5662,44,61,136,101,97,121,151,5,94,111,65,121,111,97,101,180,96,46,102,0,159,110,93,184,99,60,49,133,168,90,119,63,35,164
ASV5854,102,182,339,176,191,269,408,8,182,208,169,278,215,200,291,367,152,114,198,1,195,224,206,317,149,118,133,209,276,154,188,107,58,241
ASV5895,59,92,193,102,119,135,218,2,131,149,120,232,142,133,124,245,108,71,101,0,162,137,124,307,181,105,26,191,201,96,170,80,37,245
ASV5936,68,100,217,101,119,133,240,2,113,160,129,236,186,156,126,304,131,97,109,0,191,135,130,318,161,96,36,211,214,103,193,78,53,274
ASV5989,61,52,138,173,81,24,111,0,79,22,26,43,46,32,77,78,108,111,87,0,134,198,114,90,97,122,6,141,162,125,47,79,23,37
ASV6042,63,73,168,84,89,69,191,3,95,65,78,121,113,91,118,204,100,45,63,0,108,124,73,165,95,66,40,94,106,68,110,65,29,122
ASV6081,0,12,1,2,3,4,2,0,0,0,1,0,3,4,4,0,13,5,0,0,1,0,10,1,0,0,0,0,0,0,0,0,19,3
ASV6145,9,11,24,6,20,61,283,1,107,3,30,72,131,238,68,174,49,17,43,0,18,13,63,77,37,67,22,60,17,21,58,29,6,96
ASV6177,0,12,1,1,0,1,0,0,0,1,2,0,0,0,2,0,19,7,0,0,4,1,17,0,1,0,0,0,0,0,0,0,1,2
ASV6180,6,14,13,7,19,34,22,3,18,9,5,17,4,13,5,11,13,6,30,1,20,12,13,33,10,3,5,6,10,8,10,5,17,16
ASV6259,0,15,0,5,1,2,0,0,0,0,0,0,0,0,0,0,23,12,0,0,0,0,10,0,0,0,0,0,1,0,0,0,24,2
ASV6358,7,3,54,28,3,188,69,0,132,0,1,1,0,9,1,3,22,111,139,0,656,31,11,77,5,2,181,16,135,7,1,3,18,3
ASV6456,22,30,146,127,30,11,79,0,75,13,25,53,32,41,38,58,50,54,60,1,171,137,66,162,48,53,5,87,151,55,39,40,24,42
ASV6559,52,97,209,115,117,110,237,7,121,105,107,156,158,116,219,212,89,70,91,0,125,148,102,216,114,87,52,139,180,83,138,89,59,192
ASV6577,116,108,76,131,183,242,209,21,197,69,51,199,101,58,129,160,114,73,185,1,259,88,148,289,138,89,115,185,194,69,98,61,54,155
ASV6593,0,0,0,0,0,1,0,0,0,0,0,0,0,0,0,0,0,0,0,0,0,0,0,0,0,0,0,0,0,0,0,0,10,0
ASV6619,62,79,144,70,116,118,190,2,107,125,107,175,165,125,105,215,83,60,83,0,141,109,91,241,117,88,38,164,167,78,173,43,41,221
ASV6627,1,12,12,15,10,11,20,3,12,14,11,16,5,9,19,17,17,8,6,1,10,15,9,6,5,9,3,6,11,11,15,5,9,13
ASV6653,9,58,51,16,76,346,184,11,30,140,97,231,124,274,307,245,159,83,54,0,30,13,126,78,55,69,24,40,11,54,58,142,20,107
ASV6719,2,6,145,0,10,358,0,10,1,4,9,2,3,3,1,0,31,4,20,0,12,1,135,0,0,1,2,0,2,0,0,0,0,0
ASV6873,63,112,159,152,120,223,178,8,117,99,71,208,97,75,170,239,124,70,130,1,175,173,247,231,144,99,174,187,231,111,105,75,34,146
ASV6952,1,22,6,7,9,11,10,12,8,6,12,29,6,8,33,25,23,16,0,0,2,5,12,2,4,6,3,2,2,4,7,6,6,20
ASV7001,54,99,220,103,138,134,163,4,109,112,126,185,155,119,166,233,105,64,97,0,150,138,138,214,135,78,31,148,191,66,131,55,36,224
ASV7150,19,25,80,43,43,52,117,0,68,60,52,73,51,52,83,83,46,37,42,1,73,57,58,93,52,46,31,70,76,33,59,39,20,63
ASV7209,14,135,14,36,109,76,23,8,21,76,101,137,53,30,295,180,166,116,12,0,24,37,104,16,60,25,10,21,8,38,64,30,9,68
ASV7259,42,54,126,55,64,58,131,4,76,61,52,92,87,61,77,124,67,33,49,1,83,79,54,122,70,52,27,75,89,45,62,43,32,92
ASV7260,32,51,104,56,72,71,152,2,82,86,71,148,123,110,73,161,63,56,76,0,127,101,74,194,103,70,18,122,126,64,110,45,27,154
ASV7420,0,7,49,2,18,15,6,16,2,26,6,9,10,19,36,2,10,18,5,0,2,8,37,7,5,5,13,1,6,5,3,8,2,7
ASV7425,45,79,178,106,114,134,135,9,94,117,107,179,131,95,136,179,91,62,103,0,128,100,113,192,135,80,30,132,168,76,94,62,38,161
ASV7441,15,24,52,32,40,82,84,6,76,49,38,51,47,76,42,71,31,26,49,1,63,37,45,79,48,21,34,47,50,29,30,15,14,53
ASV7455,3,15,3,30,12,0,3,0,6,2,0,1,2,0,10,1,13,15,20,0,7,13,22,14,11,0,8,4,39,10,3,4,118,3
ASV7718,62,84,70,83,108,194,151,8,147,60,28,140,64,68,87,109,72,49,113,1,179,54,100,154,80,53,97,108,129,59,58,49,27,103
ASV7906,79,101,206,151,90,127,224,7,109,122,99,143,136,95,134,194,109,73,138,0,114,162,132,211,147,97,118,129,202,67,113,86,41,182
ASV7911,1,11,3,1,4,23,1,3,3,24,149,98,9,9,377,42,34,24,0,1,0,6,6,6,0,2,6,0,0,1,7,1,1,10
ASV7915,65,131,207,111,145,125,142,2,91,143,138,249,170,109,184,286,128,83,94,1,144,157,125,219,137,100,45,157,221,88,168,86,36,237
ASV7973,34,62,99,55,75,71,126,3,85,89,67,170,137,62,70,142,54,57,73,0,89,80,68,143,63,58,14,107,136,45,99,48,29,182
ASV8022,8,0,2,0,0,5,116,0,35,0,4,3,9,162,2,6,0,0,117,0,125,1,1,30,1,2,0,7,5,1,7,2,0,5
ASV8132,55,74,49,67,102,158,162,15,131,66,32,129,68,60,91,110,64,53,97,0,131,60,97,140,81,59,75,126,131,50,59,53,39,112
ASV8746,0,2,0,0,0,4,0,0,0,0,0,0,0,5,0,1,0,1,0,0,1,0,1,0,0,1,0,0,0,0,0,0,1,0
ASV8784,61,47,59,73,95,127,110,4,110,46,28,95,73,40,72,91,70,37,114,0,158,57,85,165,75,48,84,116,107,49,47,37,32,81
ASV8955,77,64,50,103,131,218,134,17,138,55,33,125,53,55,57,79,51,40,141,0,185,47,63,179,59,49,52,102,132,35,36,34,27,89
ASV9002,34,57,120,68,67,72,95,1,66,47,52,80,54,71,77,99,63,48,57,0,61,91,69,87,62,22,96,68,98,38,58,29,29,61
ASV9188,0,1,117,0,3,1138,1,16,0,1,10,1,0,2,0,0,24,5,31,0,0,2,62,0,2,0,7,1,1,0,1,0,0,1
ASV9216,1,0,4,2,3,591,535,0,89,4,15,3,21,262,1,5,0,0,44,0,636,2,1,148,0,2,6,5,17,0,1,0,2,6
ASV9850,5,9,8,2,16,35,202,2,87,3,22,45,86,162,32,106,22,7,22,0,12,7,23,60,34,36,23,51,6,17,30,16,0,72
ASV9987,4,20,10,14,10,15,5,17,2,26,18,30,7,10,59,29,14,11,6,0,4,11,395,6,16,8,6,1,8,6,97,11,4,11
ASV10201,7,35,25,4,11,77,30,0,5,36,49,23,21,21,61,25,27,23,11,1,7,14,17,8,11,4,46,11,7,7,9,4,1,10
ASV10281,0,0,0,0,1,9,11,0,2,0,3,1,5,24,2,1,0,0,1,0,246,0,0,1,0,1,0,0,1,1,1,1,1,6
ASV10328,6,23,9,20,15,19,23,0,14,6,8,26,11,12,7,12,12,16,24,1,17,8,10,17,13,9,9,14,22,13,10,7,6,20
ASV10674,0,31,2,5,2,11,1,0,1,1,2,2,2,2,1,0,18,17,0,0,14,1,13,0,0,1,1,0,0,1,1,0,0,1
ASV10950,0,13,0,2,0,1,0,0,0,0,0,0,0,0,0,0,11,3,0,0,2,0,7,0,0,0,0,0,1,0,0,0,24,0
ASV11360,39,60,117,81,128,230,215,13,160,86,59,164,118,103,95,156,79,60,183,0,198,61,94,229,85,80,79,184,220,55,73,73,42,143
ASV11581,0,1,0,0,2,28,2,14,5,2,11,10,3,10,29,3,5,2,2,0,3,0,5,0,0,0,3,1,2,1,5,46,2,2
ASV11669,0,11,3,6,0,0,0,0,0,0,0,0,0,2,0,1,6,1,1,0,1,1,5,0,0,0,0,0,0,0,0,0,4,0
ASV11758,3,15,11,3,5,35,16,13,5,12,18,11,16,5,14,12,13,11,7,0,3,11,7,5,9,3,14,4,5,0,10,4,1,32
ASV11761,0,0,1,0,7,5,0,29,0,14,11,4,5,25,151,6,0,2,1,0,1,0,5,1,0,3,15,1,0,0,0,13,0,0
ASV11803,44,27,83,54,57,82,122,1,68,66,67,71,107,60,56,133,55,37,41,1,87,69,68,126,68,49,18,93,105,56,78,27,35,120
ASV12066,0,27,0,2,3,1,0,0,0,0,0,0,1,0,0,0,16,11,0,0,2,0,18,0,2,0,0,0,0,0,0,0,0,0
ASV12113,0,1,0,4,1,3,0,57,0,3,3,3,9,3,32,5,2,2,0,0,0,0,21,0,0,0,0,0,3,2,4,1,0,0
ASV12165,0,0,1,2,0,1,0,0,0,0,0,0,0,0,1,0,1,0,0,1,0,0,0,0,0,0,1,1,0,0,0,0,1,0
ASV12728,0,1,2,1,4,283,2,0,7,3,2,4,0,19,7,4,2,1,13,0,8,0,3,1,0,1,3,1,0,0,2,1,0,1
ASV12833,0,13,2,3,0,2,1,0,0,0,0,1,1,1,1,1,6,3,0,0,0,1,1,1,1,0,0,0,1,0,0,0,0,0
ASV13862,13,17,183,37,50,120,67,13,101,2,46,70,72,220,47,188,101,101,51,1,200,106,36,40,15,5,149,24,178,10,58,7,8,57
ASV14783,3,1,13,6,7,34,207,0,25,1,4,9,26,179,6,36,18,12,31,0,89,9,18,12,8,5,1,15,19,7,11,6,3,28
ASV15417,1,0,3,1,0,13,94,0,17,0,0,4,10,128,1,8,0,0,272,0,65,1,1,8,0,0,0,1,2,1,2,0,0,6
ASV15728,2,7,8,3,5,6,2,0,332,7,4,2,6,2,7,3,5,2,3,0,3,3,7,8,0,4,1,12,1,1,1,1,4,2
ASV16981,0,3,2,2,4,8,0,0,174,1,1,0,2,1,1,4,1,1,1,0,0,1,1,2,0,0,0,2,1,0,0,0,2,1
ASV18170,36,53,74,169,90,17,68,0,41,32,36,91,27,27,186,70,154,77,33,0,86,264,139,85,112,64,17,66,64,137,77,86,20,31
ASV19178,3,5,3,2,6,5,5,19,2,5,0,1,1,6,7,7,14,5,6,0,3,3,261,0,3,2,3,0,2,4,0,2,1,2
ASV19632,3,5,39,8,1,118,59,3,414,0,2,2,2,10,3,1,20,51,89,0,276,20,3,401,2,5,173,42,88,2,2,9,3,1
ASV19845,0,0,16,0,1,224,0,0,1,0,2,0,0,0,0,0,3,1,7,0,0,0,12,0,0,0,0,0,0,0,0,0,0,0
ASV20063,0,1,0,0,1,1,0,1,0,2,5,3,0,2,1,0,1,2,0,1,0,0,2,0,0,0,0,0,0,1,0,0,0,0
ASV20981,0,0,12,0,0,1385,0,65,0,2,2,3,0,2,0,0,4,0,5,0,0,0,21,1,1,0,6,2,1,0,0,0,0,0
ASV22171,0,3,38,0,3,634,2,2,1,10,5,3,5,9,0,2,6,2,5,0,1,1,8,2,1,0,4,1,0,1,2,0,0,0
ASV22344,1,5,8,4,2,5,13,0,3,6,2,14,6,5,311,10,6,6,3,0,4,2,7,5,4,0,10,3,3,1,3,7,0,4
ASV22396,0,3,21,0,4,3274,7,43,0,5,6,2,0,3,0,0,8,2,6,0,2,0,44,2,2,0,9,0,0,0,0,0,0,0
ASV24112,0,1,0,0,0,0,0,1,0,0,0,0,0,0,1,3,215,0,0,0,0,2,3,0,1,1,1,1,0,0,7,1,0,3
ASV25212,0,2,3,2,7,3,0,20,4,10,11,4,8,7,34,1,5,3,0,0,1,2,5,3,0,0,2,0,0,0,0,2,1,0
ASV26386,0,0,0,0,0,19,2,30,0,20,9,14,15,15,118,0,0,3,0,0,0,3,0,6,0,1,4,0,4,1,0,25,0,0
ASV27254,0,0,2,0,0,2,4,0,641,1,0,0,2,1,0,0,2,1,0,0,3,0,0,2,0,2,0,1,0,0,1,0,0,0
ASV27280,1,0,11,6,1,1,7,0,6,0,0,4,2,49,1,18,0,1,11,0,250,8,9,2,3,0,3,3,18,1,4,1,2,1
ASV28911,0,0,0,0,0,0,1,0,1,0,0,0,0,0,0,0,0,0,0,1,1,0,0,0,0,0,0,0,0,0,0,0,0,0
ASV31406,0,1,16,0,0,258,0,4,0,0,0,0,0,0,0,0,3,0,2,0,0,0,8,0,0,0,1,0,0,0,0,0,0,0
ASV33420,0,2,9,0,1,305,0,5,0,1,3,1,0,0,1,0,2,0,6,0,0,0,13,0,0,0,7,0,0,0,0,0,0,0
ASV36113,0,1,0,0,0,0,0,31,1,0,0,0,0,0,0,0,0,0,0,0,0,0,0,0,0,0,0,0,0,0,0,0,0,0
ASV36435,0,0,10,0,0,374,5,0,0,0,5,0,1,10,0,1,0,0,6,0,0,0,0,0,0,0,1,1,0,0,0,0,0,0
ASV39011,0,1,0,0,4,18,2,12,4,5,6,2,19,8,56,2,1,5,1,0,3,1,4,3,0,4,7,1,0,4,0,31,0,0
ASV40287,0,0,4,0,0,223,0,0,0,0,0,0,0,1,0,0,2,0,1,0,2,0,6,0,0,0,6,0,0,0,0,0,0,0
ASV40534,0,0,1,0,2,14,12,14,1,1,1,1,1,2,0,1,0,0,1,0,0,2,2,4,0,5,6,0,0,0,2,0,0,0
ASV42003,2,1,0,0,2,2,0,0,1,1,1,3,0,0,1,3,1,0,3,1,2,1,0,0,5,0,1,2,2,1,1,0,0,1
ASV43917,4,2,6,1,2,1,4,0,6,1,4,4,3,5,2,2,2,1,2,1,5,4,0,5,5,3,2,7,4,2,1,3,1,10
ASV44406,2,0,155,0,114,150,0,0,1,1,1,0,7,120,0,3,5,4,177,0,3,0,21,1,0,1,71,0,1,0,0,0,0,0
ASV51748,3,3,203,0,28,1364,0,3,0,1,31,0,0,0,0,1,51,4,49,0,0,5,25,0,2,0,149,0,0,1,0,0,0,1
ASV52166,0,0,6,0,3,32,256,0,34,0,2,1,14,67,1,4,0,0,9,0,269,0,2,102,1,0,0,3,8,0,1,2,5,3
ASV58619,0,0,0,0,0,0,0,0,0,0,0,0,0,0,0,0,0,0,0,1,0,0,0,0,0,0,0,0,1,0,0,0,0,0
ASV59296,0,0,0,0,1,7,0,2,2,0,0,0,0,0,0,1,5,15,1,0,230,3,2,0,0,0,5,0,1,0,0,0,0,0
ASV61814,0,0,0,0,0,1,2,0,4,0,0,0,0,0,0,0,0,0,4,1,4,0,1,1,0,0,0,1,3,0,0,0,0,0
ASV66534,10,68,83,34,30,191,0,3,0,0,0,0,0,0,0,0,89,126,19,0,185,120,30,5,5,0,207,0,20,1,0,0,17,1
ASV67501,0,0,1,0,2,47,4,0,9,0,3,0,7,1,3,8,0,0,32,0,263,0,2,0,2,1,4,3,0,4,0,36,1,1
ASV69417,0,0,0,0,0,0,1,0,1,0,0,0,0,0,1,0,0,0,0,1,1,0,0,1,0,0,0,0,1,0,0,0,0,0
ASV69599,1,4,1,0,1,7,4,4,5,0,5,8,16,6,36,26,2,2,1,0,21,4,2,4,11,11,6,1,1,4,7,465,1,4
ASV80844,0,0,36,0,1,1124,5,1,0,1,16,0,1,84,0,0,7,0,37,0,2,9,20,0,0,0,16,0,0,0,0,0,0,0
ASV86301,0,0,9,0,2,503,0,4,0,1,11,2,0,4,0,1,0,0,1,0,1,0,8,0,0,0,0,0,3,0,0,1,0,0
ASV88705,0,0,3,0,7,13,15,0,22,2,2,7,26,1,1,71,3,1,5,0,236,9,1,8,30,3,2,8,0,2,13,8,4,9
ASV93678,0,1,31,0,2,1730,5,8,0,6,205,3,8,64,25,10,3,0,1,0,0,2,32,3,0,0,95,1,1,0,2,1,0,1
ASV97044,2,0,6,0,3,72,298,0,2,12,43,0,37,36,0,5,1,1,35,0,31,0,9,62,1,0,2,16,0,2,2,7,0,6
ASV103127,2,0,1,2,1,1,6,0,2,1,1,6,5,2,3,6,4,0,2,1,9,2,2,1,4,1,2,3,2,2,5,2,1,2
ASV104366,0,0,0,0,3,1,0,0,0,0,0,0,0,0,0,0,0,1,0,1,0,0,1,2,0,0,1,1,0,1,0,0,0,1
ASV106008,20,34,50,30,84,150,49,19,16,33,44,70,68,19,55,63,18,25,59,0,20,34,53,18,60,20,127,34,38,49,35,24,11,56
ASV108102,81,117,120,114,173,165,98,6,85,115,61,199,117,73,102,244,148,87,126,0,179,136,92,170,142,114,54,135,210,73,172,79,51,164
ASV112928,0,1,9,3,4,16,331,1,54,3,4,11,36,23,11,40,10,24,3,0,14,15,3,33,18,8,17,37,23,13,48,8,3,84
ASV136780,3,9,5,1,3,3,6,0,4,5,1,6,6,1,4,12,4,2,5,1,7,2,2,7,3,2,0,4,9,1,3,0,0,8
ASV138035,313,686,896,1107,715,466,1496,8,976,493,568,904,571,617,1965,1034,895,938,655,2,1476,1555,1054,1223,1252,642,275,1142,873,1443,1035,730,235,643
ASV138043,0,8,0,0,0,4,0,0,0,0,0,1,0,0,0,0,3,4,0,0,1,0,2,0,0,0,0,0,0,0,0,0,7,0
ASV138067,7,15,52,14,34,1016,477,0,69,1,2,1,2,15,5,21,19,26,756,0,617,15,35,81,9,6,39,27,78,190,5,10,11,16
newASV3,0,27,0,1,1,4,0,1,0,0,3,0,0,3,1,0,7,1,0,0,0,0,8,1,1,0,0,0,1,0,0,0,8,1
newASV24,0,14,14,8,15,18,5,14,2,15,10,15,15,12,51,17,19,7,4,0,4,11,26,15,10,3,5,0,4,1,6,19,3,6
newASV66,0,0,0,1,1,0,448,0,155,0,0,2,0,2,0,0,0,0,1,0,31,1,0,235,0,3,2,8,2,1,0,4,0,0
newASV109,2,4,10,2,0,13,99,0,316,0,1,1,7,0,0,3,3,3,2,0,2,3,1,315,73,21,2,125,2,13,1,34,1,1
newASV164,3,0,6,7,0,1,42,0,177,0,0,2,14,3,0,14,0,0,13,0,5,6,2,112,22,14,0,43,3,6,7,25,5,4
newASV209,2,7,53,24,10,303,0,0,4,0,0,0,0,1,0,0,22,133,226,0,205,47,40,2,2,1,36,0,147,0,0,0,8,0
newASV220,1,1,4,2,1,12,114,0,180,0,0,0,3,0,0,5,8,0,6,0,44,0,0,146,6,15,2,65,17,11,4,9,2,41
newASV261,0,9,0,0,2,6,3,0,2,1,2,1,7,0,3,2,5,0,1,0,0,0,5,2,0,1,0,0,0,0,1,1,0,7
newASV291,9,0,13,18,4,6,66,0,308,0,0,1,1,3,1,1,1,0,19,0,21,10,3,157,10,11,1,72,28,4,2,11,17,0
newASV317,1,4,12,0,0,13,252,2,10,0,1,1,6,1,0,9,1,6,8,0,18,4,1,13,6,0,4,6,13,3,14,3,1,44
newASV407,0,2,7,3,2,49,0,0,0,0,0,0,0,0,0,0,2,0,10,1,371,0,2,0,0,0,0,0,8,0,0,0,2,0
newASV424,2,3,7,1,4,3,291,0,49,0,0,0,0,3,2,0,3,0,2,0,1,0,2,60,10,4,1,76,1,7,0,9,1,2
newASV761,0,0,0,0,0,557,0,7,1,1,3,0,0,1,0,0,4,0,1,0,0,0,6,1,0,0,1,0,0,0,0,0,0,0
newASV1310,0,2,0,0,2,0,0,0,0,224,1,0,0,18,1,0,0,0,0,0,1,0,0,0,0,0,0,0,0,1,0,0,0,0
newASV1495,0,0,3,0,2,332,0,7,0,0,2,0,0,1,0,0,6,1,1,0,0,0,12,0,0,0,4,0,1,0,0,0,0,0
newASV1780,0,23,0,1,2,0,0,0,0,0,1,0,1,0,0,0,16,16,1,0,3,1,14,0,1,0,0,0,0,0,0,0,0,0
newASV2435,0,0,0,0,4,210,0,0,0,0,0,0,0,0,0,0,3,0,0,0,0,0,0,0,0,0,0,0,0,0,0,0,0,0
newASV3036,0,2,0,0,0,21,0,2,0,0,0,0,0,0,0,1,1,1,0,0,1,0,2,0,0,2,95,0,0,0,0,0,0,0
newASV4717,0,0,1,0,0,1,0,0,0,0,0,0,0,0,0,0,0,1,3,1,9,0,0,0,0,0,1,0,4,0,0,0,2,0
newASV4831,0,0,4,4,7,8,2,0,0,0,0,0,0,0,0,0,2,5,3,2,59,1,1,0,0,0,9,0,1,0,0,0,0,0
newASV7554,0,0,3,0,0,0,2,0,3,0,0,4,0,1,1,1,1,3,0,1,2,1,2,4,0,1,0,1,0,0,0,0,1,0
newASV12469,0,0,0,0,0,5,0,0,0,0,0,0,0,0,0,0,0,0,3,1,0,0,0,0,0,0,1,0,2,0,0,0,0,0
newASV14213,0,0,0,0,0,0,0,0,2,1,0,0,1,0,0,1,0,0,0,1,53,0,0,0,0,0,0,0,0,1,0,0,0,0
newASV29610,69,123,158,348,143,33,209,1,192,90,51,153,70,79,277,171,217,182,125,0,260,383,270,224,196,174,35,187,196,314,183,117,50,83
newASV30456,0,0,1,0,1,1,0,0,1,0,1,0,1,0,2,1,1,0,0,1,0,1,1,1,0,0,0,0,4,0,0,0,0,1
newASV38463,61,106,217,281,144,93,329,3,415,102,94,117,84,151,263,212,193,139,156,0,441,394,286,281,266,135,32,332,288,329,172,123,49,111
newASV44692,0,4,5,8,3,2,9,0,8,4,0,8,7,3,7,4,8,6,3,1,8,7,7,0,5,2,0,3,3,9,4,2,1,4
newASV47101,108,168,240,568,272,80,374,6,350,151,121,322,164,154,634,334,380,281,140,0,427,625,373,373,390,294,44,288,263,550,346,256,75,155
