ASV,MQ211217-59,MQ211217-60,MQ211217-61,MQ211217-62,MQ211217-63,MQ211217-64,MQ211217-65,MQ211217-67,MQ211217-68,MQ211217-69,MQ211217-70,MQ211217-72,MQ211217-74,MQ211217-76,MQ211217-78,MQ211217-79,MQ211217-80,MQ211217-81,MQ211217-82,MQ211217-83,MQ211217-84,MQ211217-85,MQ211217-86,MQ211217-89,MQ211217-90,MQ211217-92,MQ211217-93,MQ211217-94,MQ211217-95,MQ211217-96,MQ211217-97,MQ211217-98,MQ211217-99,MQ211217-100,MQ211217-101,MQ211217-102,MQ211217-103,MQ211217-105,MQ211217-106,MQ211217-107,MQ211217-108,MQ211217-109,MQ211217-110
ASV1,8,0,6,4,14,6,0,2,32,2,20,40,6,712,24,4,16,10,12,46,8,0,0,0,2,4,58,472,10,28,2,34,38,32,8,20,66,2,2,0,226,16,46
ASV2,8,6,4,2,2,8,4,0,0,0,8,6,0,140,4,6,10,0,0,2,4,0,0,0,2,2,2,258,10,16,0,12,44,2,0,0,10,2,4,2,62,2,14
ASV3,0,0,2,0,4,6,0,0,16,0,14,4,2,16,4,0,0,4,0,0,0,0,0,0,0,0,0,24,0,0,0,0,14,0,0,0,0,4,0,0,2,0,0
ASV4,19056,60508,46268,79262,52414,87094,64704,8594,63406,81590,54062,55962,57260,61812,60362,63220,24566,32780,47126,25784,50730,96636,87486,27008,43280,71508,95056,64610,53246,43318,43774,51250,34160,24788,46098,82508,91188,24808,60018,31904,61008,38748,27420
ASV5,6,0,2,0,0,2,0,0,2,0,12,2,0,72,4,0,0,6,4,2,0,0,0,2,2,0,0,14,0,2,0,2,24,0,0,4,2,2,0,0,14,2,2
ASV6,20,20,10,8,6,8,2,24,6,6,74,14,4,30,12,20,8,12,18,18,2,18,20,0,6,0,12,34,20,16,20,44,32,10,4,14,6,24,8,8,66,180,106
ASV7,0,0,0,0,0,0,0,0,6,0,0,4,0,52,0,0,0,0,2,2,0,2,0,0,2,0,2,26,0,0,2,4,4,2,2,0,6,0,0,0,18,2,2
ASV8,4,0,0,0,0,0,0,0,4,0,0,2,0,18,0,0,0,0,0,2,0,0,0,0,0,0,0,2,0,0,0,0,0,6,2,0,0,8,0,0,0,20,0
ASV11,0,0,0,0,2,0,0,0,0,0,4,4,0,6,0,2,0,0,0,0,0,0,0,2,0,0,0,10,0,0,2,0,6,2,0,0,0,0,0,0,2,2,0
ASV12,2,0,4,0,0,0,0,2,6,0,2,6,0,80,0,6,2,2,0,4,0,0,0,0,2,0,2,38,0,0,0,0,12,0,0,6,0,4,0,0,16,0,2
ASV13,8552,26200,20540,31158,16546,31046,21244,3632,24582,27676,22836,19412,22544,21188,25816,27844,8828,12758,14752,10062,17442,36698,31634,9026,14602,24600,34762,27686,20252,17892,19566,19120,14518,10246,18890,29054,28972,10256,22936,11340,23362,14702,9986
ASV14,26,8,20,14,4,64,0,24,32,40,92,44,8,364,18,54,22,22,6,48,6,8,4,0,2,2,74,230,34,8,68,14,88,22,8,30,52,82,20,6,544,8,22
ASV15,0,0,0,0,2,0,0,0,2,0,0,4,0,80,0,0,0,2,0,8,0,0,0,0,0,0,0,18,0,0,0,2,4,4,0,6,4,0,0,0,12,0,0
ASV16,4,0,4,0,4,4,2,10,0,2,6,2,0,6,4,2,0,0,0,2,2,0,0,0,2,0,0,12,0,2,0,2,24,4,0,2,2,4,2,2,10,4,10
ASV17,2820,1182,1370,878,1038,958,358,4194,1388,330,8074,1832,1442,98,1304,2782,730,2534,236,1878,418,68,196,54,378,144,342,1318,564,354,1204,194,9984,1524,2558,2294,142,4226,620,244,1350,300,560
ASV18,0,0,0,0,0,0,0,0,0,0,0,4,0,0,0,0,0,0,0,0,0,0,0,0,0,0,0,2,0,0,0,0,0,0,0,0,0,0,0,0,0,0,0
ASV19,0,0,0,0,0,0,0,2,0,0,0,2,0,16,0,0,0,0,0,0,0,0,0,0,0,0,0,0,0,0,0,0,0,0,0,0,0,0,0,0,2,0,0
ASV20,12,6,6,2,0,10,2,6,0,2,10,8,2,2,2,4,4,2,2,0,4,0,0,0,2,8,0,2,2,0,0,0,2,6,2,12,2,4,0,4,8,0,0
ASV22,8,10,6,8,4,10,2,10,6,0,14,4,0,80,14,12,2,10,14,8,8,0,12,8,0,0,24,30,6,4,8,10,26,10,0,16,12,14,4,2,26,40,28
ASV23,96,10,110,8,24,16,8,8,18,32,254,18,4,32,16,32,4,50,2,32,106,0,0,0,8,6,22,24,0,30,8,4,708,20,0,12,20,118,6,10,10,0,36
ASV24,2,0,4,2,0,0,0,6,0,2,10,0,0,0,0,4,0,2,0,2,0,0,0,0,0,0,0,2,0,0,0,0,10,0,0,0,0,20,0,0,0,16,0
ASV26,46,18,50,8,22,20,4,52,2,20,102,20,6,36,30,44,16,26,58,10,6,8,8,0,6,8,8,44,6,2,22,12,68,20,16,14,6,52,10,2,12,130,58
ASV27,4,2,2,0,4,4,0,0,0,2,6,10,0,72,10,0,2,0,8,0,0,0,0,0,0,0,2,8,0,0,6,4,14,0,0,12,12,2,0,0,6,0,4
ASV28,24,10,42,10,2,0,0,64,2,0,78,94,10,2,40,18,0,16,4,0,4,0,2,0,2,0,2,22,4,8,10,12,36,6,24,10,0,2,2,2,6,2,12
ASV29,2,0,0,0,4,4,2,2,0,0,0,4,0,48,2,0,8,2,0,0,0,2,0,0,0,0,0,16,4,0,0,2,0,2,0,0,2,0,0,0,8,0,2
ASV30,4,0,4,0,0,0,2,2,6,4,12,6,0,130,4,6,0,14,0,8,0,0,0,0,2,2,6,118,0,4,4,8,26,2,0,4,14,2,0,0,14,8,4
ASV31,0,6,64,2,2,14,28,0,52,24,14,24,2,106,14,2,12,4,58,56,2,2,0,4,14,2,88,52,24,68,2,90,28,6,0,12,16,2,6,4,180,86,26
ASV32,0,0,2,0,4,10,0,0,0,0,0,10,0,44,8,0,0,0,0,0,6,0,0,0,4,0,0,6,0,6,0,2,4,0,0,4,10,6,0,0,8,0,2
ASV33,6,2,0,0,4,2,0,0,10,0,0,6,4,82,4,0,2,0,2,8,2,0,0,0,0,0,4,10,0,0,0,6,12,0,0,14,22,4,0,0,24,0,2
ASV34,60,26,16,12,2,0,2,276,12,22,160,2,14,0,18,32,2,12,0,2,4,0,2,0,6,0,4,14,14,6,18,0,104,34,36,2,0,38,16,4,2,10,4
ASV35,0,0,0,0,0,0,0,0,4,0,0,10,0,16,0,0,2,0,0,2,0,0,0,0,0,0,2,10,0,0,0,2,0,0,0,0,4,0,0,0,4,0,0
ASV36,38,2,30,6,4,4,2,36,2,6,34,0,0,12,4,36,0,2,8,16,0,0,0,6,0,0,2,14,0,6,16,0,46,30,2,2,6,48,0,0,6,0,4
ASV38,14,4,8,4,0,2,4,4,0,2,12,4,2,30,2,4,4,6,2,4,2,2,4,2,0,2,6,14,4,0,2,6,8,2,8,6,8,10,2,2,24,184,8
ASV39,14,0,8,0,0,4,0,2,0,4,56,2,2,0,2,14,4,0,2,2,2,0,2,0,0,0,0,0,0,2,4,2,108,6,0,2,0,8,0,0,4,0,4
ASV41,0,0,2,0,0,2,0,0,6,0,2,0,0,16,0,0,4,2,0,4,2,0,0,4,0,0,0,16,0,2,0,0,10,4,0,2,6,0,0,0,8,0,10
ASV42,0,0,4,0,0,0,0,0,4,0,0,6,0,0,2,0,2,0,0,0,0,0,0,0,0,0,0,0,0,2,0,0,8,2,0,0,0,0,0,0,2,0,0
ASV43,0,0,0,0,0,0,0,0,0,0,0,0,0,4,0,0,0,0,0,0,0,0,0,0,0,0,0,0,0,0,0,0,0,0,0,0,0,0,0,0,0,0,0
ASV45,0,0,0,0,0,0,0,0,0,0,0,0,0,2,0,0,0,0,0,0,0,0,0,0,0,0,0,0,0,0,0,0,0,0,0,0,0,0,0,0,0,0,0
ASV46,4,0,8,0,0,0,0,4,6,2,12,0,0,26,0,4,0,2,0,2,2,0,0,0,2,0,2,16,0,0,0,0,28,2,0,0,2,0,0,0,2,0,2
ASV47,688,1300,1784,1458,1540,1154,1258,546,798,1030,962,1008,736,1834,880,868,1942,1434,1214,1018,938,750,818,1486,1102,430,1524,1156,1840,2146,1628,1018,1066,1256,1532,1180,2002,1240,1478,780,1798,830,716
ASV49,14,4,14,0,2,6,0,4,0,2,40,4,0,2,0,10,2,2,2,8,2,0,0,0,0,0,0,0,0,4,0,0,100,0,2,0,0,2,0,0,0,2,10
ASV52,0,0,0,0,0,0,0,0,0,0,0,0,0,0,0,0,0,0,0,0,0,0,0,0,0,0,0,4,0,0,0,0,0,0,0,0,0,0,0,0,0,0,0
ASV53,0,0,0,0,0,0,0,0,0,0,0,0,0,2,0,0,0,0,0,0,0,0,0,0,0,0,0,0,0,0,0,0,0,0,0,2,0,0,0,0,0,0,0
ASV54,48,0,22,0,0,4,0,92,2,8,38,4,0,2,6,16,0,0,2,2,4,0,0,0,0,0,0,2,2,0,24,2,86,30,0,6,0,130,4,0,8,2,0
ASV55,0,2,0,0,2,0,0,0,6,0,0,2,0,26,0,0,0,4,0,0,0,0,0,0,0,0,0,8,0,0,0,0,2,0,0,0,4,0,2,0,4,0,0
ASV57,0,0,2,0,0,0,0,0,10,0,4,6,0,64,2,0,6,0,0,8,0,0,0,0,0,0,2,34,0,2,0,8,14,0,0,2,8,2,4,0,8,0,0
ASV58,14,2,40,0,14,8,4,6,0,4,36,6,2,8,2,4,2,4,0,0,34,0,0,0,2,4,4,6,0,12,0,0,78,18,4,0,12,10,2,6,2,0,6
ASV59,0,0,4,0,6,4,0,0,12,6,10,12,0,118,2,0,2,0,2,2,0,0,0,0,0,0,4,62,0,0,2,4,14,0,0,10,10,2,0,0,20,0,2
ASV60,14,0,10,8,10,14,2,20,2,4,40,20,2,22,8,20,14,20,6,32,6,0,0,4,0,2,10,28,0,6,30,6,34,8,4,34,4,48,2,4,10,36,4
ASV62,0,2,0,0,0,0,0,0,0,0,4,2,0,18,0,2,0,2,0,0,0,0,0,0,0,0,0,4,0,0,0,4,0,0,0,0,0,0,0,0,4,0,0
ASV63,22,4,12,4,2,0,6,88,2,2,66,0,8,0,4,12,0,10,0,2,0,0,0,0,4,0,0,0,18,6,14,0,112,22,28,0,0,22,6,0,16,0,2
ASV65,0,4,0,0,0,0,0,0,2,2,0,2,0,12,2,0,0,4,2,2,6,0,0,0,0,0,0,4,0,2,0,0,2,0,0,0,4,4,2,0,4,6,6
ASV70,2,12,6,8,2,12,0,0,4,6,16,12,2,102,0,8,4,12,6,12,6,2,0,2,2,4,2,52,2,2,14,12,28,2,0,8,14,8,0,0,14,2,6
ASV71,0,0,0,0,0,2,0,0,0,0,0,0,0,12,0,0,0,0,0,2,0,0,0,0,0,0,0,2,0,2,0,6,2,0,0,4,0,0,2,0,4,0,0
ASV72,2,0,0,0,4,2,0,0,0,0,4,0,0,0,0,0,0,0,0,0,0,0,0,0,0,0,2,0,2,0,0,2,0,0,0,0,0,0,0,0,0,0,0
ASV74,0,2,0,0,0,0,2,0,0,0,0,0,0,10,0,0,0,4,0,2,0,0,0,0,0,0,2,20,0,0,0,2,0,0,0,0,2,0,0,0,4,0,0
ASV76,0,4,0,0,0,0,0,0,0,0,0,0,0,16,0,0,6,0,2,0,0,0,0,0,0,0,2,20,2,0,2,6,2,0,0,2,2,0,0,2,38,0,0
ASV79,18,0,8,2,0,2,2,38,8,0,32,2,0,4,4,10,0,2,0,6,2,0,0,0,4,0,2,6,0,0,32,0,26,40,2,2,0,78,0,0,0,0,4
ASV81,2,2,0,0,0,0,0,4,4,0,8,0,0,0,2,0,0,4,0,0,0,0,0,0,0,0,0,2,0,0,0,0,6,2,0,0,2,0,0,2,0,0,0
ASV83,0,0,0,0,0,0,0,0,0,0,0,0,0,24,0,4,0,0,0,4,2,0,0,0,0,0,0,2,0,0,0,0,2,0,0,0,0,0,0,0,0,0,0
ASV84,0,0,0,0,0,0,0,0,0,0,0,0,0,0,0,0,0,0,0,0,0,0,0,0,0,0,0,0,0,0,0,0,0,0,0,0,0,0,0,0,0,0,0
ASV87,0,0,0,0,0,0,0,0,0,0,0,0,0,36,0,0,4,0,0,0,0,0,0,0,0,0,2,26,0,0,0,0,0,0,0,0,2,0,0,0,10,0,0
ASV88,0,0,0,0,0,2,0,0,2,0,0,0,0,4,0,0,0,0,0,0,0,0,0,0,0,0,0,0,0,0,0,0,4,0,0,0,0,0,0,0,0,0,0
ASV92,2,0,0,0,2,0,0,0,0,0,2,6,0,4,0,0,0,0,0,2,2,0,0,0,0,0,0,2,0,0,4,2,0,0,0,0,2,2,2,0,6,8,2
ASV96,0,0,0,0,0,2,0,2,0,0,2,0,0,0,0,0,0,0,0,0,0,0,0,0,0,0,0,0,0,0,0,0,2,2,0,0,0,0,0,0,0,2,0
ASV97,0,0,6,0,0,2,2,0,2,2,4,2,4,14,0,0,4,0,0,6,2,0,0,2,2,0,8,18,0,2,2,4,2,0,0,0,0,6,0,0,20,0,0
ASV98,232,338,356,368,230,326,148,184,212,272,362,312,156,338,244,238,362,298,230,328,184,134,212,260,232,90,358,340,400,530,602,306,498,266,278,364,330,570,282,116,470,138,162
ASV99,0,0,2,0,0,0,0,4,0,0,0,0,0,0,0,0,0,2,0,0,0,0,0,0,0,0,0,0,0,0,2,0,0,0,0,0,0,0,0,0,0,0,0
ASV103,2,0,0,0,8,0,0,10,0,4,0,0,0,0,2,0,2,0,0,0,0,0,8,0,0,0,2,0,6,0,16,4,2,2,2,6,0,0,0,84,36,0,2
ASV104,0,0,0,0,0,0,0,0,0,0,2,0,0,6,0,0,2,0,0,0,0,0,0,0,0,0,0,0,0,2,0,0,0,2,0,0,0,2,0,0,0,0,0
ASV105,0,0,0,0,0,0,0,0,0,0,2,0,0,2,0,0,0,0,0,0,0,0,0,0,0,0,0,0,0,0,0,0,0,0,0,0,0,2,0,0,0,0,2
ASV109,382,1626,1312,1300,3746,2728,1804,444,1004,1098,866,2016,850,896,752,402,1470,544,1784,310,498,632,380,1964,646,306,576,762,942,1228,2044,478,364,824,1170,2290,1196,1642,1036,330,1226,466,568
ASV110,0,0,0,0,0,0,0,0,0,0,0,0,0,0,0,0,0,0,0,0,0,0,0,0,0,0,0,0,0,0,0,0,0,0,0,0,0,0,0,0,2,0,0
ASV112,6,4,10,14,14,16,12,6,4,12,8,20,12,0,8,10,6,14,8,6,6,0,0,2,4,0,4,8,2,2,4,0,18,6,8,18,8,34,2,4,28,2,10
ASV113,7802,12938,12540,11698,6508,17468,7216,3938,10350,12582,14712,9918,11582,8506,12548,23334,2816,5332,6870,3292,7456,22354,13162,4614,4762,12960,17592,13728,11602,13098,17852,8112,6264,6020,9948,9038,10836,4194,9720,5848,12002,7384,5212
ASV114,0,0,2,0,0,0,0,0,0,2,0,0,0,12,0,0,0,0,0,0,0,0,0,0,0,0,0,10,0,0,0,0,0,0,0,0,0,0,0,0,8,0,0
ASV115,0,0,0,0,2,2,0,2,2,8,0,2,0,0,0,0,0,0,0,0,0,0,0,2,0,0,0,0,0,0,0,2,0,0,0,0,0,0,0,0,2,2,2
ASV118,1440,4184,3616,5086,3078,4382,3802,600,4000,4700,4414,3188,3696,3782,4580,4814,2058,2340,2790,1832,3218,6376,5848,1804,2564,4456,6662,4976,3512,3218,2342,3614,2964,1656,3228,5388,5212,1938,3830,2250,4664,2714,1786
ASV119,122,240,294,276,322,290,206,96,176,184,208,260,128,394,156,148,356,206,268,220,188,164,78,242,178,70,286,258,300,418,332,188,250,192,222,280,322,336,234,128,304,114,134
ASV120,6,0,8,0,0,4,0,0,0,0,10,0,0,0,0,0,0,2,0,4,0,0,0,0,0,0,2,0,0,0,0,2,0,0,0,2,2,0,0,0,0,2,0
ASV121,6,0,12,0,2,0,0,4,4,4,8,4,2,0,2,0,0,6,2,0,0,0,2,0,0,0,0,0,0,0,0,2,8,4,0,0,0,4,0,0,8,4,0
ASV122,0,0,2,0,0,2,0,0,0,0,2,0,0,0,0,0,0,0,0,0,0,0,0,0,0,0,0,0,0,0,0,0,0,0,0,0,0,0,0,0,0,0,0
ASV123,2,8,38,2,4,16,4,2,20,12,24,26,6,56,8,10,6,16,16,32,0,2,6,4,6,0,64,48,26,68,0,86,10,12,2,28,12,4,8,22,164,28,30
ASV127,0,0,8,0,0,0,0,0,0,0,0,0,0,20,0,0,2,2,2,2,0,0,0,0,0,2,0,4,0,2,0,0,2,8,0,0,0,0,0,0,2,0,0
ASV130,2,4,0,2,0,4,0,0,0,0,2,2,0,6,0,0,2,2,0,0,2,0,2,0,0,0,0,10,2,0,4,0,0,0,0,0,2,0,0,0,4,0,0
ASV131,0,0,0,0,0,0,0,0,0,0,0,0,0,2,0,0,0,0,0,0,0,0,0,0,0,0,0,2,0,0,0,0,0,0,0,0,2,0,0,0,0,0,0
ASV132,0,0,0,0,0,0,0,0,2,0,0,0,0,48,4,0,0,0,0,2,0,0,0,0,0,0,6,4,0,0,0,0,4,0,0,10,8,0,0,0,0,0,0
ASV133,2,0,2,0,0,0,0,4,0,0,0,4,0,0,2,0,2,0,0,2,0,0,0,0,0,0,0,0,0,0,0,0,4,0,2,0,0,0,0,0,0,0,2
ASV134,236,406,470,376,398,416,278,186,222,328,404,364,176,568,296,358,550,436,322,388,274,208,202,418,322,136,460,426,440,618,620,314,520,368,448,470,596,568,372,218,594,200,196
ASV135,0,0,0,0,0,2,0,4,0,0,12,0,0,0,0,2,0,0,0,0,0,0,0,0,2,0,0,18,0,2,6,0,24,2,2,0,0,4,0,0,10,2,2
ASV136,4,0,0,0,0,0,0,0,0,0,2,2,0,6,2,0,0,0,4,2,6,0,0,0,0,0,0,6,0,0,0,4,4,0,0,2,0,0,0,0,2,2,0
ASV137,0,0,4,0,0,2,2,0,12,2,2,26,0,288,2,0,10,8,4,10,0,0,0,0,0,2,20,56,8,2,0,16,4,4,2,14,16,2,8,0,66,8,22
ASV139,0,0,0,0,0,0,0,0,0,0,0,0,0,6,0,0,0,0,0,0,0,0,0,0,0,0,0,2,0,0,0,0,0,0,0,0,0,0,0,0,0,0,0
ASV141,0,0,4,0,6,12,2,0,8,6,6,14,0,78,6,6,4,10,2,8,0,0,0,0,4,0,0,34,0,4,2,2,8,4,2,8,6,2,4,2,6,0,0
ASV142,0,0,0,0,0,0,0,0,0,0,0,0,0,0,0,0,0,0,0,0,0,0,0,0,0,0,0,0,0,0,0,0,0,0,0,0,0,0,0,0,0,0,0
ASV144,0,0,0,0,0,0,0,0,0,0,0,0,0,4,0,0,0,0,0,0,0,0,0,0,0,0,0,0,0,0,0,0,0,0,0,0,0,0,0,0,0,0,0
ASV145,1850,4784,5122,4768,3834,3416,3374,1566,2326,2694,2566,2436,2296,3268,2998,1834,4754,3432,2760,2202,2330,1950,2092,3008,2760,934,2304,2746,4658,5958,3952,2298,1986,3454,4538,2806,4474,3454,4400,1586,4488,1744,1540
ASV146,0,0,2,0,0,2,0,0,2,4,6,2,0,32,2,0,2,0,0,4,2,0,0,0,0,0,0,0,0,0,0,4,8,0,0,6,8,2,0,0,10,0,4
ASV148,24,20,188,6,6,8,6,86,18,4,192,44,18,6,60,40,4,80,4,32,8,0,16,0,6,0,10,52,16,10,28,32,66,14,54,18,22,16,18,0,40,98,28
ASV149,0,0,0,0,0,0,0,0,0,0,0,0,0,6,0,0,0,0,0,0,0,0,0,0,0,0,0,2,0,0,0,0,0,0,0,0,2,0,0,0,0,0,0
ASV150,2,0,0,0,0,0,0,0,0,0,8,2,0,2,0,6,0,0,0,0,0,0,0,0,0,0,0,0,0,0,0,0,2,0,0,2,0,10,0,0,0,2,0
ASV151,0,0,0,0,4,0,0,0,0,0,0,0,0,10,0,0,0,0,2,0,0,0,2,2,0,0,0,6,2,0,0,0,6,0,0,0,0,4,0,4,34,10,2
ASV154,0,0,4,0,2,2,0,0,0,0,0,2,0,2,2,0,0,0,0,0,0,0,0,0,0,0,0,0,0,0,0,0,4,0,2,0,0,0,0,0,0,0,0
ASV155,0,0,0,0,2,0,0,2,2,0,2,0,0,10,2,0,4,0,0,0,0,0,0,0,0,0,0,4,0,0,0,0,2,2,0,0,0,0,0,2,0,2,2
ASV159,4,0,0,2,0,2,0,0,0,0,2,0,0,22,0,0,0,2,0,2,0,0,0,0,0,0,6,0,0,0,0,2,16,0,0,4,2,0,0,0,4,2,4
ASV162,2570,5790,5038,6138,2512,4962,3144,1280,5246,4450,6844,3286,4992,3154,6496,7916,1488,2560,2554,2050,3076,7516,5492,1374,2350,3512,5780,6410,4552,4940,4596,3778,3576,2274,4130,4838,4116,2328,4812,1638,4682,2878,1852
ASV163,100,138,158,148,182,146,84,94,110,100,254,302,24,334,130,230,264,176,108,306,70,36,72,76,124,34,212,274,96,86,282,206,390,68,168,452,170,418,104,56,248,98,134
ASV165,0,0,2,0,0,2,0,0,6,2,2,22,0,204,0,2,0,4,0,18,2,0,0,0,2,0,4,28,0,0,0,0,6,0,0,10,20,2,0,0,12,0,0
ASV167,46,30,38,60,4,14,24,192,20,12,234,16,20,0,20,140,6,24,0,20,6,8,16,2,6,4,2,32,6,16,60,2,356,32,10,18,0,110,4,10,78,4,4
ASV168,0,0,0,0,0,0,0,0,0,0,0,0,0,4,0,0,0,0,0,0,2,0,0,0,0,0,0,0,0,0,0,0,2,2,0,0,0,0,0,0,0,0,0
ASV169,4,0,0,2,2,2,0,0,4,2,2,2,0,16,4,4,0,0,0,2,0,0,0,2,0,2,0,8,0,0,0,0,2,0,0,2,0,2,0,0,2,0,0
ASV171,0,0,0,0,0,0,0,0,0,0,0,0,0,0,0,0,0,0,0,0,0,0,0,0,0,0,0,0,0,0,0,0,6,0,0,0,0,0,0,0,0,0,0
ASV172,0,0,0,0,0,0,0,0,2,0,0,10,0,0,0,0,0,2,0,0,0,0,0,0,0,0,0,2,0,0,0,0,6,0,0,0,0,0,0,0,0,0,0
ASV174,8,0,2,6,4,6,0,4,8,2,8,8,0,104,2,2,2,6,2,14,6,0,2,0,0,2,4,36,2,2,10,6,16,0,2,4,10,16,2,2,10,6,10
ASV177,2,0,2,4,8,10,6,0,12,12,0,28,2,98,8,0,14,8,72,32,2,6,2,4,4,6,58,32,8,14,4,40,2,4,0,46,8,8,0,6,86,46,40
ASV178,0,0,0,0,0,0,0,2,0,0,0,0,0,2,0,0,0,0,0,0,0,0,0,0,0,0,0,2,0,0,0,2,0,0,0,0,0,0,0,0,0,0,0
ASV179,90,36,54,18,12,12,12,82,20,14,182,16,24,4,24,58,8,42,6,28,8,0,0,0,12,2,20,26,12,8,2,8,100,58,134,70,4,30,20,12,16,6,24
ASV182,0,0,0,2,2,0,0,0,8,0,2,2,0,78,6,0,4,0,0,12,4,0,0,0,0,2,0,34,0,0,0,2,0,0,0,0,6,0,0,0,6,0,0
ASV183,0,0,0,0,2,0,0,0,0,0,0,0,0,2,0,0,0,0,0,0,0,0,0,0,0,0,0,2,0,0,0,0,6,4,0,0,0,0,0,0,0,0,0
ASV184,0,0,0,0,0,2,0,0,2,0,0,0,0,8,0,0,0,2,0,0,0,0,0,0,0,2,2,6,0,0,0,0,2,0,0,0,0,0,2,0,2,2,2
ASV186,60,116,76,68,64,68,24,110,94,56,164,184,34,126,140,190,58,116,22,166,48,16,30,18,18,20,90,100,44,42,70,62,400,42,84,132,54,162,96,12,82,18,34
ASV188,0,0,2,0,4,0,0,0,0,0,0,0,0,8,0,0,0,0,0,0,2,0,0,0,0,0,0,4,2,0,0,2,0,0,0,0,0,0,0,0,2,0,0
ASV193,0,0,0,0,0,0,0,0,0,0,0,0,0,14,0,0,0,0,0,0,0,0,0,0,0,0,2,12,0,0,0,0,0,0,0,0,0,0,0,0,2,0,0
ASV194,0,0,0,0,2,0,0,0,0,0,0,0,2,0,0,0,0,0,0,0,0,0,0,0,0,0,0,0,0,0,0,0,2,0,0,2,0,2,0,0,2,0,0
ASV195,0,0,0,0,2,0,0,0,0,0,0,2,4,30,0,0,4,0,0,0,0,0,0,0,0,0,2,2,2,0,0,0,0,0,0,2,4,0,0,0,4,2,0
ASV197,2,0,0,0,0,2,0,2,0,0,0,0,0,0,0,0,0,0,0,0,2,0,0,0,0,0,2,2,0,0,0,0,0,0,0,0,0,0,0,0,6,0,0
ASV198,0,0,0,0,0,0,0,2,0,0,0,2,0,4,0,0,0,0,0,0,0,0,0,0,0,0,0,2,0,0,0,0,0,0,0,2,0,2,0,0,2,0,0
ASV199,0,0,0,0,0,0,0,6,0,0,0,0,0,0,0,0,0,0,0,0,0,0,0,0,0,0,0,0,0,0,0,0,0,0,2,0,0,0,0,0,2,0,0
ASV200,2,0,0,0,0,0,0,0,0,0,0,2,0,0,0,0,0,0,0,0,0,0,0,0,0,0,0,0,0,0,0,0,0,0,0,0,0,0,0,0,0,0,0
ASV201,0,0,0,0,0,0,0,2,2,0,0,0,0,0,0,0,0,0,0,0,0,0,0,0,0,0,0,0,0,0,0,2,0,2,0,0,0,0,0,0,0,0,0
ASV202,186,238,258,390,412,416,162,132,200,282,378,538,88,670,380,366,632,344,258,464,186,102,210,286,194,96,504,854,218,404,576,350,576,148,190,860,442,648,246,154,496,158,218
ASV209,0,0,0,0,2,4,0,0,2,0,0,2,0,4,0,0,0,0,0,0,0,0,0,0,0,0,0,0,0,0,0,0,2,0,0,2,0,0,0,0,0,0,0
ASV210,8,0,8,2,2,6,0,8,4,0,14,10,0,144,0,8,0,4,6,6,2,0,2,0,0,0,18,64,0,2,54,4,16,10,0,10,12,26,0,2,6,4,8
ASV211,0,0,2,0,0,0,0,4,0,0,6,0,2,6,0,2,0,0,0,2,0,0,0,0,0,0,0,4,0,0,0,0,6,0,0,0,0,0,2,2,2,0,0
ASV212,228,482,638,514,512,430,348,206,318,296,300,332,238,622,370,290,716,444,362,316,340,262,246,566,320,130,544,418,580,772,590,404,416,398,540,400,642,440,550,284,622,268,240
ASV213,0,2,0,0,0,4,0,0,0,0,4,6,0,12,4,0,0,2,0,0,0,0,2,0,0,0,2,14,0,0,0,0,8,4,0,4,2,0,2,0,4,4,0
ASV214,4,0,2,4,0,10,14,18,8,12,8,50,4,2,12,2,0,16,4,4,10,0,0,0,0,0,4,26,0,8,2,0,6,6,28,12,0,0,2,2,146,0,0
ASV217,12,2,2,2,0,0,4,24,2,2,12,2,0,2,4,12,0,0,0,4,0,0,0,4,0,0,2,4,2,0,6,0,10,0,8,8,0,2,0,0,0,0,2
ASV221,10,10,22,12,12,10,6,14,6,0,20,28,6,28,10,22,10,16,60,16,8,2,12,18,8,12,16,24,8,12,8,32,30,8,2,38,12,36,2,6,40,194,54
ASV222,10,4,18,4,0,8,4,20,2,0,30,4,2,6,0,12,2,4,0,2,0,0,0,0,0,4,2,10,0,0,10,4,16,0,4,4,6,16,2,0,0,48,4
ASV223,0,0,0,0,0,0,0,0,0,0,0,0,0,0,0,0,0,0,0,0,0,0,0,0,0,0,0,0,0,0,0,0,0,0,0,0,0,0,0,0,0,0,0
ASV226,96,54,58,12,18,30,2,262,28,10,176,18,38,4,28,72,6,70,2,20,2,8,16,2,12,6,10,32,8,18,56,4,380,28,20,38,12,172,12,6,56,16,28
ASV230,70,94,154,106,78,162,50,64,48,78,156,152,62,252,108,134,144,120,58,98,42,46,46,100,52,48,132,162,52,130,218,122,178,88,98,240,142,238,86,58,180,48,90
ASV231,0,2,0,0,0,0,0,0,4,0,0,0,0,0,0,0,0,4,0,0,0,0,0,0,0,0,0,0,0,0,0,2,6,0,0,0,0,0,0,0,0,0,0
ASV235,4998,8142,8300,8336,4012,13046,5726,2312,6410,8640,9236,6716,7504,5704,8904,15414,2252,3562,4460,2064,5074,14156,8804,2614,3312,8578,12272,10586,7692,8628,8896,5750,4826,3526,6382,6860,8042,3430,6400,3848,7372,5306,3778
ASV239,0,0,0,0,0,0,0,0,0,0,6,0,0,8,0,2,0,0,0,0,0,0,0,0,0,0,2,0,0,0,4,0,0,2,0,0,0,2,0,0,0,0,0
ASV240,0,0,2,2,12,16,4,0,16,0,16,36,8,506,12,0,6,10,10,12,8,6,0,0,0,2,8,134,10,10,2,34,10,2,0,36,54,10,2,4,60,2,10
ASV243,440,904,1168,774,770,640,690,408,536,506,624,626,428,986,526,716,980,582,602,486,418,504,490,792,534,202,978,794,1148,1358,936,572,634,854,1168,632,1018,692,1048,426,1216,458,370
ASV244,246,476,602,504,598,440,334,182,286,328,338,424,240,624,286,308,684,452,438,362,320,262,248,536,394,168,580,390,660,896,578,336,414,466,578,306,710,424,612,258,660,288,278
ASV245,132,244,250,196,192,176,154,124,142,124,232,192,58,266,154,194,244,220,156,216,112,78,72,158,104,36,192,332,198,298,438,148,358,192,196,228,204,346,206,86,294,92,114
ASV246,2,0,2,0,0,0,0,0,0,0,0,0,0,4,0,0,0,0,0,0,0,0,0,0,0,0,2,4,0,0,0,0,6,2,0,0,2,0,0,0,4,0,0
ASV247,0,0,0,0,0,0,0,0,0,0,0,0,0,0,0,0,0,0,0,0,0,0,0,0,0,0,0,0,0,0,0,0,0,2,0,0,0,0,0,0,0,0,0
ASV248,4,0,0,0,0,0,0,2,0,2,2,2,0,0,4,4,0,0,2,0,0,0,0,0,0,0,2,2,0,0,0,0,6,0,0,0,0,2,0,0,8,0,0
ASV249,44,14,28,24,4,90,6,26,26,38,80,62,0,62,44,144,10,18,10,64,8,0,12,0,8,2,24,110,10,38,44,28,124,10,6,34,28,98,6,6,404,6,20
ASV251,0,0,0,0,0,0,0,0,2,0,8,0,0,34,2,0,2,0,4,4,4,0,0,0,2,0,2,18,0,0,0,0,4,0,2,2,8,2,0,0,10,0,0
ASV253,0,0,0,0,0,0,0,0,0,0,0,0,0,0,0,0,0,0,0,0,0,0,0,0,0,0,0,0,0,0,0,0,2,0,0,0,0,0,0,0,0,0,0
ASV254,2,0,0,0,0,2,0,0,0,0,0,0,0,18,0,0,2,0,0,0,0,0,0,0,2,0,0,0,0,0,0,0,2,0,0,0,0,0,2,2,8,0,0
ASV256,0,0,0,2,10,0,0,2,2,2,8,2,0,122,0,0,0,2,0,6,0,0,0,0,0,2,10,26,0,0,0,4,2,0,0,6,10,0,6,0,10,2,0
ASV260,2,8,6,2,2,6,4,4,2,2,14,10,0,10,4,8,0,0,8,10,0,2,0,2,0,0,2,8,0,0,0,6,4,6,6,6,4,0,6,0,16,4,0
ASV262,0,0,0,0,0,0,0,0,0,0,2,0,0,32,4,0,0,0,0,4,0,0,0,0,0,0,6,12,0,0,0,0,6,0,0,0,2,0,0,0,2,4,0
ASV263,0,0,0,0,0,0,0,0,0,0,0,0,0,0,0,0,0,0,0,0,0,0,0,0,0,0,0,0,0,0,0,0,0,2,0,0,0,0,0,0,2,0,0
ASV268,0,0,0,0,0,2,2,0,2,0,0,0,0,24,0,0,4,0,0,0,2,0,0,0,0,0,0,2,0,0,0,0,2,0,0,4,0,0,0,0,0,0,0
ASV269,0,0,0,0,0,2,0,0,0,0,0,2,0,0,0,0,0,0,0,0,0,0,0,0,0,0,0,0,0,2,2,0,2,2,0,2,0,0,0,0,0,0,0
ASV274,0,0,0,0,6,0,0,0,2,2,0,2,0,84,0,0,6,4,0,0,6,0,2,0,0,0,2,14,0,2,0,0,2,2,0,4,6,0,0,0,6,0,2
ASV275,0,0,0,2,0,0,0,0,0,0,2,2,0,2,0,0,0,0,0,0,0,0,4,0,0,0,2,10,4,2,2,2,4,2,0,2,0,4,2,4,0,4,2
ASV278,4,4,2,0,10,6,6,0,52,10,20,58,4,814,18,6,10,12,8,52,2,0,0,0,0,0,46,146,6,28,2,104,22,10,8,52,114,8,2,2,192,6,14
ASV279,0,2,2,2,0,0,0,0,0,0,4,0,0,16,0,0,0,0,0,0,0,0,0,0,2,0,0,2,0,0,0,2,0,0,0,6,0,6,0,0,0,0,4
ASV280,0,0,0,0,0,0,0,0,4,0,2,10,0,32,2,0,0,6,0,0,0,0,0,0,0,0,2,16,0,0,0,0,12,4,0,2,6,2,0,0,2,0,4
ASV281,0,0,0,0,0,0,0,0,0,0,0,0,0,0,0,0,0,0,0,2,0,0,0,0,0,0,0,2,0,0,0,0,0,0,0,0,0,0,0,0,2,0,0
ASV282,0,0,0,0,0,0,0,2,0,0,0,0,0,0,0,0,0,0,0,0,0,0,0,0,0,0,0,2,0,0,0,0,0,0,0,2,0,0,0,0,0,0,0
ASV286,0,0,0,10,6,2,4,0,6,0,0,12,0,4,0,0,0,0,0,0,0,0,0,0,0,0,0,0,0,0,0,0,0,0,0,0,0,0,0,0,0,0,0
ASV288,146,102,46,176,50,28,16,230,78,36,316,166,154,16,50,148,52,332,8,110,92,2,14,6,26,20,38,48,78,30,54,12,342,112,174,204,10,320,66,20,90,22,48
ASV291,0,0,0,0,0,0,0,0,0,0,0,0,0,6,0,0,0,0,0,0,2,0,0,0,0,0,0,2,0,0,0,0,0,0,0,0,0,0,0,0,0,0,2
ASV300,0,0,0,0,0,0,0,0,0,0,0,0,0,2,2,0,0,0,0,0,0,0,0,0,0,0,0,0,0,0,0,0,0,0,0,0,0,0,0,0,2,0,0
ASV301,0,0,0,0,0,0,0,0,0,0,0,0,0,0,0,0,0,0,0,0,0,0,0,0,0,0,0,2,0,2,0,0,2,2,0,0,0,0,0,0,0,0,0
ASV304,0,0,0,0,0,0,0,0,0,0,0,0,0,0,0,0,0,0,0,0,0,0,0,0,0,0,0,0,0,0,0,0,0,0,0,0,0,0,0,0,0,0,0
ASV307,586,1428,1052,2630,1480,1624,2646,362,1486,1402,1216,818,1392,2294,1252,1052,2058,1658,1536,1218,2010,1786,2216,906,2422,1668,1514,1278,1884,1578,1072,1638,1266,954,1954,1724,3382,1390,2420,1514,1962,956,590
ASV308,136,338,388,376,406,350,280,126,178,222,288,264,160,478,234,198,492,332,290,204,246,208,212,356,258,110,366,288,462,568,410,260,230,296,418,280,442,276,404,216,440,190,152
ASV310,0,0,4,0,0,2,0,0,0,0,0,0,0,4,0,0,0,0,0,2,2,0,0,0,0,0,0,4,0,0,0,0,8,0,0,0,0,0,0,0,2,0,0
ASV311,8,8,18,20,0,0,0,28,6,0,12,0,8,0,14,18,0,4,0,2,0,0,0,0,2,0,0,4,12,0,8,0,10,18,2,4,0,14,0,0,14,4,4
ASV314,6,2,2,0,2,14,0,4,2,4,12,2,0,12,2,6,0,2,0,6,6,0,0,0,0,0,2,16,0,2,2,0,16,2,0,4,4,6,2,0,0,18,4
ASV317,0,0,0,0,0,0,0,0,0,0,0,0,0,4,0,0,0,0,0,0,0,0,0,0,0,0,0,2,0,0,0,0,0,0,2,0,0,0,0,0,0,0,0
ASV319,0,0,0,0,2,0,0,0,0,0,0,0,0,4,0,0,0,0,0,0,0,0,0,0,0,0,0,0,0,0,0,0,0,0,0,2,0,0,2,0,6,2,0
ASV322,152,294,398,300,338,292,284,142,192,202,264,216,162,468,250,164,448,320,260,216,230,162,176,368,256,76,384,298,402,558,402,254,252,274,316,278,496,272,394,192,434,200,134
ASV328,0,0,0,2,0,0,0,0,0,0,2,0,0,0,0,2,0,0,0,0,0,0,0,4,0,0,0,2,0,0,0,0,6,0,0,0,0,0,0,0,4,2,0
ASV329,0,0,0,0,0,0,0,0,0,0,0,0,0,0,0,0,0,0,0,0,0,0,0,0,0,0,0,0,0,0,0,0,0,0,0,0,0,0,0,0,0,0,0
ASV339,0,0,0,0,0,0,0,0,0,0,0,2,2,2,0,0,0,0,0,0,0,0,0,0,0,0,0,4,0,0,0,0,2,0,0,0,0,0,0,0,0,0,0
ASV340,72,52,44,14,6,4,4,270,24,4,96,2,40,2,24,20,18,46,8,20,12,2,2,0,6,6,4,16,38,34,44,2,140,70,158,12,4,90,36,12,42,8,4
ASV352,0,0,0,0,0,0,0,0,0,0,0,0,0,0,0,0,0,0,0,0,0,0,0,0,0,0,0,0,0,0,0,0,0,0,0,0,0,0,0,0,0,0,0
ASV353,0,0,0,0,0,0,0,0,0,0,0,0,0,14,0,0,0,0,0,0,0,0,0,0,0,0,2,0,0,0,0,0,0,0,0,0,0,0,0,0,6,0,0
ASV354,2,0,0,0,2,0,0,0,2,0,0,0,0,2,0,0,0,0,0,2,0,0,0,0,0,0,0,0,0,0,0,0,0,0,2,0,0,0,0,0,0,0,0
ASV358,0,0,0,0,0,0,0,0,0,0,0,0,0,0,0,0,0,0,0,0,0,0,0,0,0,0,0,0,0,0,0,0,0,2,0,0,0,0,0,0,0,0,0
ASV360,70,74,104,148,104,134,96,72,70,124,150,140,38,124,120,150,174,124,72,180,104,26,54,68,92,22,90,136,86,96,216,68,192,76,114,152,94,338,104,24,130,30,58
ASV367,2,0,0,0,0,4,0,0,2,0,2,4,0,12,0,0,0,0,0,0,2,0,0,2,0,0,2,4,0,0,0,0,2,0,0,0,0,0,0,0,0,2,0
ASV369,0,2,0,0,2,0,0,0,0,0,0,2,2,44,0,0,6,0,2,0,0,0,0,0,0,0,0,2,0,0,0,0,0,0,0,2,2,0,0,2,12,2,2
ASV371,2,0,2,0,0,0,0,2,0,0,6,0,0,0,0,2,0,0,0,0,0,0,0,0,0,0,0,2,0,0,0,0,12,0,0,0,0,0,0,0,0,2,0
ASV376,4,6,4,6,6,6,2,2,6,6,6,2,0,10,2,4,4,2,2,2,0,0,2,0,0,2,4,10,0,2,18,10,10,0,0,8,6,18,0,2,62,0,30
ASV377,0,0,0,0,0,0,0,0,0,0,0,0,0,20,0,0,0,2,0,4,2,0,0,0,0,0,0,6,0,2,0,0,2,0,0,2,0,0,0,0,0,0,0
ASV379,2,0,0,0,0,0,0,0,0,0,2,0,0,0,0,0,0,0,0,0,0,0,0,0,0,0,0,0,0,0,0,2,0,0,0,0,0,0,0,0,0,2,0
ASV381,3026,1430,846,780,1334,480,942,2690,1972,414,5628,1086,1086,54,2612,3520,478,1290,146,1578,186,314,536,88,528,130,398,962,624,236,518,388,11246,1356,2114,1280,330,4780,1398,302,812,496,218
ASV382,136,302,352,342,344,302,300,76,168,222,166,200,170,372,176,172,476,276,284,204,208,180,194,324,220,128,322,248,420,504,382,172,240,244,324,284,488,208,360,190,406,226,172
ASV384,0,4,2,6,0,2,0,0,0,0,2,4,0,8,0,4,0,2,0,4,0,0,0,0,2,0,0,0,0,0,0,2,2,0,0,2,6,4,4,0,6,2,0
ASV387,8,6,6,6,14,12,0,6,8,8,30,42,6,74,10,4,4,8,14,16,6,2,0,0,4,4,14,34,4,8,6,18,8,2,6,22,16,24,0,4,38,8,24
ASV388,0,0,0,0,2,0,2,0,0,0,4,2,2,22,0,0,2,2,0,2,2,0,0,0,0,0,0,0,0,2,0,0,0,0,0,0,2,6,0,0,2,0,2
ASV396,0,4,0,0,10,2,2,0,0,0,0,12,0,8,2,0,2,0,0,0,0,0,0,2,0,0,4,6,0,0,0,2,0,0,0,6,2,0,2,4,4,2,0
ASV397,82,158,130,72,96,76,52,74,62,84,194,124,32,188,102,98,192,138,56,130,54,32,58,42,42,30,144,218,112,124,148,198,322,58,70,198,130,392,82,34,176,44,112
ASV401,706,1756,1916,1852,1460,1358,1468,660,768,1086,982,1008,856,1402,1264,724,1740,1502,1070,910,1002,826,816,1218,1090,378,856,1090,1998,2238,1602,930,864,1572,1936,1104,1784,1488,1770,638,1714,740,558
ASV402,0,0,0,0,0,0,0,0,4,0,0,0,0,2,0,0,0,2,0,0,0,0,0,0,0,0,2,0,0,0,0,0,2,0,2,4,0,0,2,0,10,0,2
ASV403,262,798,592,248,188,40,278,432,418,48,1148,126,636,80,296,570,868,392,92,36,152,204,900,92,144,188,738,524,2388,686,990,168,290,946,1188,376,220,162,420,884,1320,348,172
ASV406,0,0,0,0,4,4,0,0,0,2,4,4,0,14,0,0,2,2,2,0,2,0,0,0,0,2,0,6,0,0,2,4,0,0,0,6,0,0,2,0,2,0,2
ASV413,180,290,404,352,426,296,296,118,186,222,246,290,206,396,218,196,430,280,284,234,200,164,202,338,254,82,288,296,422,574,424,244,224,286,390,222,490,334,400,192,444,176,160
ASV414,144,172,260,222,130,108,62,104,146,116,298,142,124,156,200,368,108,186,102,184,62,58,92,44,104,44,152,250,212,190,458,128,344,140,188,112,116,780,160,70,294,88,242
ASV416,0,0,0,0,0,0,0,0,0,0,0,0,0,0,0,0,0,0,0,0,0,0,0,0,0,0,0,0,0,0,0,0,0,0,0,0,0,0,0,0,0,0,0
ASV419,40,26,22,20,10,30,6,26,18,14,94,20,10,28,12,20,18,24,34,44,12,8,6,4,10,2,8,22,12,10,40,26,62,2,20,52,40,106,8,0,30,6,20
ASV420,208,102,98,34,20,10,22,522,52,4,380,28,52,14,100,170,20,94,18,100,14,18,32,6,14,10,16,186,82,40,224,36,668,102,198,32,10,204,40,26,56,48,26
ASV422,362,300,1130,60,16,632,42,594,62,440,1382,778,40,42,276,2750,84,294,70,58,56,20,48,24,116,22,208,210,150,138,360,280,530,758,588,76,24,244,110,42,274,178,170
ASV423,0,0,0,0,0,0,0,0,0,0,0,0,0,0,0,0,0,0,0,0,0,0,0,0,0,0,0,0,2,0,0,0,0,2,0,0,0,0,0,0,0,0,0
ASV426,0,0,8,0,6,0,0,0,2,2,38,6,4,20,18,4,2,2,0,4,0,0,0,0,0,0,2,6,0,0,0,2,16,2,2,2,2,0,0,0,16,4,4
ASV439,0,0,0,0,0,0,0,0,0,0,0,0,0,2,0,0,0,0,0,0,0,0,0,0,0,0,0,0,0,0,0,0,0,0,0,0,0,0,0,0,0,0,0
ASV443,0,0,2,0,4,0,0,0,0,0,0,0,0,2,0,0,0,0,0,0,0,0,0,0,0,0,0,0,0,0,2,0,6,0,0,2,0,0,0,0,2,0,0
ASV448,0,0,0,0,0,0,0,0,0,0,0,2,0,14,0,0,2,0,0,0,0,0,0,0,0,2,2,0,0,0,0,0,4,2,0,0,2,0,0,0,0,0,2
ASV451,0,0,0,0,0,0,0,0,0,0,0,0,0,0,0,0,0,0,0,0,0,0,0,0,0,0,0,0,0,0,0,0,0,0,0,0,0,0,0,0,2,0,0
ASV453,0,0,0,0,0,0,0,0,0,0,0,0,0,2,0,0,0,0,0,0,0,0,0,0,0,0,0,0,0,0,0,0,0,0,2,0,0,0,0,0,0,2,0
ASV454,0,2,0,0,2,2,2,4,0,2,2,2,0,0,0,0,0,2,0,0,0,0,0,0,0,0,0,0,0,0,0,0,2,0,0,0,0,2,0,0,0,0,0
ASV455,0,0,2,0,0,0,0,0,4,0,0,0,0,2,2,0,0,2,0,0,0,0,0,0,0,0,0,4,0,0,0,0,2,0,0,0,0,0,0,0,0,0,0
ASV456,0,0,0,0,0,0,0,0,0,0,0,0,0,4,0,0,0,0,0,0,0,0,0,0,0,0,0,0,0,0,0,0,0,0,0,0,0,2,0,0,0,0,0
ASV459,0,0,0,0,0,0,0,0,0,0,0,0,0,2,0,0,0,0,0,0,0,0,0,0,0,0,0,0,0,0,0,0,0,0,0,0,0,0,0,0,0,0,0
ASV460,0,0,0,0,0,4,0,0,0,0,0,0,0,6,0,0,0,0,0,0,2,0,0,0,0,0,0,10,0,0,0,0,2,0,0,0,0,0,0,0,0,0,0
ASV461,0,0,0,0,0,0,0,0,0,0,0,0,0,2,2,0,0,0,0,0,0,0,0,0,0,0,0,0,0,0,0,0,2,0,0,0,0,0,0,0,0,0,0
ASV463,0,0,0,0,0,0,0,0,0,0,0,0,0,0,0,0,0,0,0,0,0,0,0,0,0,0,0,2,0,0,0,0,0,0,0,0,0,0,0,0,0,0,0
ASV464,0,0,0,0,0,0,0,0,0,0,0,0,0,4,0,0,0,0,0,4,0,0,0,0,0,0,0,2,0,0,0,0,0,0,0,0,0,0,0,0,0,0,0
ASV466,0,0,0,0,0,0,0,0,0,0,0,0,0,0,0,0,0,0,0,6,0,0,0,0,0,0,0,0,0,0,0,0,0,2,0,0,0,0,0,0,4,0,0
ASV470,0,0,0,0,0,0,0,0,0,0,4,0,2,2,2,0,2,0,0,0,0,0,0,0,0,0,0,4,0,0,0,0,4,0,0,0,0,0,0,0,0,0,0
ASV471,0,0,0,0,0,0,0,0,0,0,0,0,0,0,0,0,0,0,0,0,0,0,0,0,0,0,0,0,0,0,0,0,0,0,0,0,0,0,0,0,4,2,0
ASV473,144,106,96,114,44,214,14,176,60,126,222,528,26,270,228,528,64,88,28,348,46,2,14,42,54,20,82,806,28,40,236,70,1012,102,66,394,112,874,56,10,144,42,86
ASV476,0,0,0,0,0,0,0,0,0,0,0,0,0,0,0,0,0,0,0,0,0,0,0,0,0,0,0,0,0,0,0,0,0,0,0,0,0,0,0,0,0,0,0
ASV477,0,0,0,0,0,0,0,0,4,0,0,0,2,0,0,0,0,0,0,0,0,0,0,0,0,0,0,0,0,0,0,0,0,0,0,0,0,0,0,0,0,0,0
ASV481,6,8,8,0,0,0,0,14,0,0,20,6,2,2,2,2,0,0,0,0,0,0,0,0,2,0,2,10,2,0,12,4,12,12,2,6,4,22,0,0,0,4,4
ASV482,0,0,0,0,0,0,0,0,0,0,0,0,0,0,0,0,0,0,0,0,0,0,0,0,0,0,0,0,0,0,0,0,0,0,0,0,0,0,0,0,0,0,0
ASV483,0,0,0,0,0,0,0,0,0,0,0,0,0,0,0,0,0,0,0,0,0,0,0,0,0,0,0,0,0,0,0,0,0,0,0,0,0,0,0,0,0,0,0
ASV487,0,0,2,0,0,0,0,0,4,0,0,0,0,6,0,0,0,0,0,2,0,0,0,0,0,2,0,6,4,2,0,0,0,2,0,0,0,0,0,0,4,0,0
ASV491,46,100,116,36,68,28,28,44,44,24,158,22,92,30,86,68,18,136,82,152,18,44,74,46,12,34,84,80,32,34,56,314,168,46,30,26,30,142,18,10,158,44,168
ASV492,404,42,216,76,8,56,18,642,62,26,678,62,46,24,114,410,6,144,12,244,52,12,12,2,22,6,44,196,92,50,218,34,602,82,78,28,10,220,44,30,100,80,26
ASV499,0,0,0,0,0,0,0,0,2,0,0,0,0,4,0,0,0,0,0,0,0,0,0,0,0,0,0,2,2,0,0,0,0,0,0,0,0,0,0,0,0,0,0
ASV503,0,0,0,0,0,0,0,0,0,0,0,0,0,0,0,0,0,0,0,0,0,0,0,0,0,0,0,0,0,0,0,0,0,0,0,0,4,0,0,0,2,0,0
ASV505,0,0,0,0,0,0,0,0,0,0,0,0,0,0,0,0,0,0,0,0,0,0,0,0,0,0,0,0,0,0,0,0,0,0,0,0,0,0,0,0,0,0,0
ASV507,2148,868,510,506,876,314,554,1926,1036,206,3382,660,732,48,1498,2064,340,788,94,1022,124,176,328,46,354,82,330,580,422,178,382,234,7270,908,1332,816,218,3270,898,186,510,312,150
ASV508,0,0,0,0,0,0,0,0,0,0,0,0,0,0,0,0,0,0,0,0,0,0,0,0,0,0,0,0,0,0,0,0,0,0,0,0,0,0,0,0,0,0,0
ASV512,0,0,0,0,0,2,0,0,2,2,2,0,0,132,2,0,2,0,0,6,0,0,4,0,0,0,2,16,0,2,2,0,8,0,0,4,10,6,0,0,10,0,4
ASV513,8,6,6,0,0,2,2,4,0,0,22,2,0,2,2,0,0,0,0,4,0,0,0,0,0,0,0,8,0,0,4,0,12,8,0,2,0,4,4,4,0,0,0
ASV514,0,0,2,0,4,0,0,0,2,2,4,2,0,46,0,2,0,0,0,2,2,0,0,0,0,0,0,14,0,4,0,2,4,0,0,6,2,2,0,0,4,0,0
ASV515,4,0,4,0,2,0,0,4,0,0,0,4,2,0,0,0,0,2,0,0,0,0,0,0,0,0,0,2,0,0,0,2,4,0,4,0,0,2,0,0,2,4,0
ASV516,0,0,0,0,0,2,0,0,0,2,2,0,2,8,0,0,0,0,0,0,0,0,0,0,0,0,0,2,0,0,0,0,2,0,0,0,0,0,0,0,6,0,0
ASV526,0,0,0,0,0,0,0,0,0,0,2,0,0,0,2,0,0,0,0,0,0,0,0,0,0,0,0,0,0,0,0,0,0,0,0,0,0,0,0,0,0,0,0
ASV541,624,986,1088,1102,882,580,874,378,230,208,332,190,308,346,188,216,298,174,174,310,136,112,158,240,314,72,70,170,256,220,238,524,516,610,650,466,860,638,1178,772,1280,382,508
ASV544,0,0,0,0,0,0,0,0,0,0,0,2,0,2,0,0,0,0,0,0,0,0,0,0,0,0,0,2,0,0,0,0,0,0,0,2,0,0,0,0,0,0,0
ASV553,0,0,0,0,0,0,0,0,0,0,0,0,0,0,0,0,0,0,0,0,0,0,0,0,0,0,0,0,0,0,0,0,0,0,0,0,0,0,0,0,2,0,0
ASV559,92,166,56,10,0,0,0,448,10,2,204,0,6,0,8,56,0,18,0,2,8,0,0,0,0,0,0,0,0,12,44,2,90,46,44,0,0,104,4,0,0,0,0
ASV563,136,252,330,254,218,186,194,88,160,170,186,208,136,296,186,156,358,202,250,184,184,144,124,308,152,76,228,212,306,400,276,174,172,246,288,226,326,174,268,120,384,162,154
ASV568,0,0,2,0,0,0,0,0,0,2,0,2,0,2,2,0,0,2,0,2,0,0,0,0,0,0,0,4,0,0,0,0,2,0,0,0,0,0,0,0,0,0,0
ASV575,0,0,0,0,0,0,0,0,0,0,0,0,0,0,2,0,0,0,0,0,0,0,0,0,0,0,0,0,0,0,0,0,0,0,0,0,0,0,0,0,4,0,0
ASV579,0,0,0,0,0,0,0,0,0,0,2,0,0,0,0,0,0,0,0,0,0,0,0,0,0,0,0,0,0,0,0,0,0,0,0,0,0,0,0,0,0,0,0
ASV590,0,0,0,0,0,0,0,0,0,0,0,4,0,24,0,0,0,0,0,4,2,0,0,0,0,0,0,0,0,0,0,0,0,0,0,0,2,0,0,0,4,0,0
ASV592,0,0,0,0,0,0,0,0,0,0,0,0,0,0,0,0,0,0,0,0,0,0,0,0,0,0,0,0,0,0,0,0,0,0,0,0,2,0,0,0,2,0,0
ASV606,0,0,2,0,2,0,0,0,2,0,2,2,0,28,4,0,0,0,0,4,4,0,0,0,0,0,2,18,0,2,0,0,0,0,0,0,4,0,0,2,2,0,0
ASV609,0,0,0,2,0,0,0,0,0,0,4,2,0,18,0,0,2,2,2,0,2,0,0,0,0,0,2,0,0,0,0,0,0,0,0,0,0,2,0,0,0,0,0
ASV625,0,0,0,0,0,0,0,0,0,0,0,0,0,2,0,0,0,0,0,0,0,0,0,0,0,0,0,2,0,0,0,0,0,0,0,0,0,0,0,0,2,0,0
ASV640,0,10,0,0,8,0,6,0,2,0,0,22,0,10,0,0,0,4,0,2,0,0,0,2,0,0,0,2,0,0,0,0,2,0,0,8,0,0,2,0,4,2,6
ASV641,0,0,0,0,0,0,0,0,0,0,0,0,0,0,0,0,0,0,0,0,0,0,0,0,0,0,0,0,0,0,0,0,0,0,0,0,0,0,0,0,0,0,0
ASV643,2,0,0,0,0,0,0,4,0,0,0,0,0,0,0,2,0,0,0,0,0,0,0,0,0,0,0,0,0,0,0,0,0,0,0,0,0,2,0,0,0,0,0
ASV651,0,0,0,0,0,0,0,0,0,0,0,0,0,0,0,0,0,0,0,0,0,0,0,0,0,0,0,0,0,0,0,0,0,0,0,0,0,0,2,0,0,0,0
ASV653,0,0,0,0,0,4,2,0,0,0,0,4,0,16,0,0,0,0,2,0,2,0,0,0,0,0,0,2,0,0,0,6,0,0,0,2,2,2,0,0,8,2,2
ASV659,0,0,0,0,0,0,0,0,0,0,0,0,0,0,0,0,0,0,0,0,0,0,0,0,0,0,0,0,0,0,0,0,0,0,0,0,0,0,0,0,2,0,0
ASV660,0,0,0,0,2,0,0,0,0,0,0,6,0,16,0,0,0,2,0,0,2,0,0,0,0,0,0,4,0,0,0,0,0,0,0,2,2,0,0,0,4,0,4
ASV665,748,948,1410,2572,5824,1818,2144,306,2276,8536,1986,2508,1248,678,1378,1224,664,1758,6702,734,628,6226,938,13726,604,6398,4308,784,1320,490,652,1618,1484,820,1086,1318,734,5138,1146,2210,8074,16106,3956
ASV669,0,0,2,0,0,0,0,0,2,0,0,0,0,8,0,0,0,0,0,0,0,0,0,0,0,0,2,4,0,0,0,0,0,0,0,2,2,0,0,0,2,0,0
ASV672,0,0,6,0,0,4,4,0,2,2,4,4,2,20,0,0,2,4,12,0,0,4,0,4,2,4,24,12,14,22,0,26,2,2,0,4,0,0,0,12,72,22,2
ASV675,10,32,32,34,4,28,22,18,10,42,50,24,10,58,30,36,20,26,50,26,16,36,18,22,14,36,20,20,12,48,70,38,34,16,20,34,18,76,18,12,48,22,44
ASV679,38,16,100,8,4,6,12,96,10,4,224,472,10,6,100,20,30,20,12,0,6,16,14,8,0,2,22,22,20,14,82,26,216,16,110,18,30,40,8,10,36,12,8
ASV682,102,192,138,1112,1038,1182,704,60,248,758,158,1176,198,1248,170,118,600,430,278,512,466,52,70,254,902,106,102,92,118,94,112,150,330,138,228,1322,1392,1756,342,88,158,64,144
ASV693,4,0,0,0,0,0,0,2,2,2,0,0,0,10,0,0,0,0,0,0,0,0,0,2,2,0,2,2,0,0,0,4,2,2,0,2,6,0,0,0,0,28,2
ASV695,32,22,62,120,132,142,22,108,62,38,114,336,52,64,56,50,46,158,54,264,68,8,28,20,52,14,54,140,38,36,120,46,224,18,16,166,56,396,52,14,58,142,80
ASV700,0,0,0,0,0,0,0,0,0,0,4,0,2,0,0,0,0,0,0,0,0,0,0,0,0,0,0,2,0,0,0,0,0,0,0,0,0,0,0,0,0,0,0
ASV703,4,0,10,4,4,6,2,0,6,6,10,14,2,8,8,2,0,2,2,8,2,0,0,0,0,2,2,4,0,0,0,0,14,0,0,10,4,0,0,0,2,2,0
ASV704,26,4,4,20,14,80,2,56,0,32,80,14,6,2,14,18,2,4,2,8,4,0,0,0,2,0,0,12,0,0,0,0,24,10,18,14,10,14,2,0,0,6,0
ASV715,0,0,0,0,0,0,0,0,0,2,0,4,0,10,4,0,0,0,0,0,0,0,0,0,0,0,0,2,0,0,0,0,0,0,0,0,0,0,0,0,2,0,2
ASV718,0,0,0,0,0,0,0,0,0,2,0,0,0,0,0,0,0,0,0,0,0,0,0,0,0,0,0,0,0,2,0,0,0,0,0,0,0,0,0,0,6,0,0
ASV726,92,120,96,100,18,18,110,178,64,22,366,340,74,6,66,106,32,204,6,66,74,12,16,2,12,6,30,30,158,82,46,22,246,114,188,94,2,114,58,26,52,12,28
ASV727,0,0,0,0,0,0,0,4,2,0,2,4,0,44,4,0,0,0,0,4,0,0,2,0,0,0,0,8,0,0,2,0,4,0,0,2,0,0,0,0,8,0,4
ASV728,0,0,0,0,0,2,0,0,0,0,2,2,0,0,2,0,0,0,0,0,0,0,0,0,0,0,0,2,0,0,0,0,0,2,0,2,4,0,0,0,0,2,4
ASV735,0,0,0,0,0,0,0,0,0,0,0,0,0,0,0,0,0,0,0,0,0,0,0,0,0,0,0,0,0,0,0,0,2,0,0,0,0,0,0,0,0,0,0
ASV737,0,0,0,0,0,0,2,0,0,0,0,0,0,0,0,0,0,0,0,0,2,0,0,0,0,0,0,0,0,0,2,0,0,0,0,0,2,0,0,2,0,0,0
ASV738,96,92,96,132,370,194,208,154,90,56,308,236,176,22,82,34,130,244,46,86,52,4,24,14,122,22,32,34,74,34,52,12,222,138,198,432,48,274,80,68,94,18,84
ASV744,0,0,0,0,0,0,0,0,0,0,0,0,0,2,0,0,0,0,0,0,0,0,0,0,0,0,0,0,0,0,0,0,0,0,0,0,0,0,0,0,0,0,0
ASV746,0,0,0,0,0,0,0,0,2,0,2,0,0,4,0,0,0,2,0,0,0,0,0,0,0,0,0,2,0,0,0,0,0,0,0,0,0,2,0,0,2,0,0
ASV749,0,0,0,0,0,0,0,0,0,0,0,2,0,4,0,0,0,0,2,0,0,0,0,0,0,0,0,2,0,2,0,2,0,0,0,0,0,0,0,0,12,0,0
ASV751,0,0,0,2,0,2,0,0,0,0,0,0,0,0,0,0,0,0,0,0,0,0,0,2,0,0,0,0,0,0,0,0,4,0,0,0,0,0,0,0,0,0,2
ASV765,4730,464,1878,198,54,846,180,2620,162,792,4674,24592,66,18,1604,3978,6,694,0,360,438,0,10,0,172,2,12,24,8,4,64,1252,144,552,6846,150,2,42,332,14,272,648,14
ASV767,0,2,2,0,0,0,0,2,0,2,4,4,2,0,2,4,0,2,2,0,0,2,0,0,0,0,0,2,4,2,0,2,2,0,0,0,2,2,0,0,2,2,6
ASV769,0,0,0,0,0,0,0,4,0,0,2,0,0,0,0,0,0,0,0,0,0,0,0,0,0,0,0,2,0,0,0,0,2,0,0,0,0,0,2,0,0,0,0
ASV773,0,0,0,0,0,0,0,0,0,0,0,0,0,0,0,0,0,0,0,0,0,0,0,0,0,0,0,0,0,0,0,0,0,0,0,0,0,0,0,0,0,0,0
ASV777,320,60,196,56,6,0,10,298,72,6,514,56,18,40,164,420,42,120,34,216,38,26,30,14,10,14,108,260,104,140,386,136,466,114,96,24,10,124,38,26,128,32,54
ASV779,4,2,0,0,0,0,0,0,4,2,2,6,0,0,10,0,2,2,0,2,0,0,0,0,0,0,0,0,0,0,0,0,2,2,2,2,0,0,0,0,0,0,0
ASV782,302,3304,1976,2960,6808,1264,7188,622,2070,1268,1002,1328,3190,1256,1108,482,11566,4294,1152,384,1790,978,1848,1530,3350,1116,1844,560,6462,1796,794,866,424,1948,7092,2628,2934,1772,5556,4794,4778,1480,860
ASV785,30,10,10,10,2,0,2,292,4,2,78,78,0,2,610,14,0,6,0,2,0,2,2,4,0,0,4,8,10,8,30,2,42,18,22,24,0,4,4,0,2,0,6
ASV791,2,0,0,0,0,0,0,2,0,0,2,0,0,0,0,0,0,0,0,0,0,0,0,0,0,0,0,0,0,0,2,2,10,2,0,0,0,0,0,0,2,2,0
ASV798,42,28,46,44,54,78,28,78,22,44,148,150,28,86,62,100,40,32,16,108,10,6,26,16,32,14,56,174,20,16,78,36,296,42,114,168,68,190,36,14,72,14,84
ASV809,0,0,0,0,0,0,0,0,0,0,0,0,0,0,0,0,0,0,0,0,0,0,0,0,0,0,0,0,0,0,0,0,0,0,0,0,0,0,0,0,0,0,0
ASV810,580,866,864,754,708,662,188,852,702,264,932,386,574,232,856,620,460,790,224,678,378,226,350,158,438,42,306,662,712,1142,1406,406,1036,886,1156,614,340,1508,862,236,818,214,306
ASV818,324,2960,1678,2598,6190,1030,5940,580,1702,1124,1080,1310,2814,1114,988,414,9338,4134,1078,322,1406,836,1524,1204,3052,1060,1638,582,5800,1610,784,762,456,1872,6660,2370,2388,1838,4938,4404,4630,1186,834
ASV820,72,102,102,462,56,38,10,242,86,16,402,16,156,4,70,54,30,580,12,114,176,4,8,2,50,12,6,10,78,32,32,0,82,198,238,82,8,190,90,28,48,10,22
ASV823,0,0,2,0,0,0,0,0,0,0,0,4,0,24,0,4,0,0,0,2,0,0,0,0,0,0,2,2,0,0,0,4,0,0,0,6,2,0,0,0,0,0,4
ASV825,0,0,0,0,0,0,0,0,0,0,0,0,0,0,0,0,0,0,0,0,0,0,0,0,0,0,0,0,0,0,0,2,2,0,0,0,0,0,0,0,0,0,0
ASV828,300,308,410,454,264,342,370,78,324,402,332,296,278,402,630,458,206,194,200,158,306,592,520,124,206,294,548,358,426,478,234,394,270,172,290,530,508,136,344,230,528,254,170
ASV857,0,0,0,0,0,2,0,0,0,0,0,0,0,0,0,0,0,0,0,0,0,0,0,0,0,0,0,0,0,0,0,0,0,0,0,0,0,0,0,0,2,0,0
ASV859,2,0,0,0,0,2,0,6,0,0,2,2,0,48,0,0,0,0,2,0,0,0,0,0,0,0,0,8,0,4,0,0,2,0,0,0,12,0,0,0,2,2,0
ASV863,0,2,0,0,0,0,0,0,2,0,0,0,0,12,0,0,0,0,0,0,0,0,0,0,0,0,0,6,0,0,0,0,0,0,0,0,0,0,0,0,0,0,0
ASV870,0,0,0,0,0,0,0,0,0,0,0,4,0,2,0,2,0,0,0,0,0,0,0,0,0,0,0,0,0,0,0,0,0,0,0,0,0,0,0,0,4,0,0
ASV871,856,1696,1526,982,1404,1162,396,2096,1082,648,1220,546,1086,264,1162,646,1338,1856,354,1228,614,198,518,262,708,68,184,1056,2512,1606,1378,446,2414,1110,3296,1004,820,2406,2102,546,1182,124,414
ASV882,672,772,818,3788,5408,9760,3912,426,2022,8072,1644,4600,1144,1822,1494,1258,530,1370,1746,992,1114,366,942,1484,1616,978,546,756,1144,540,1110,2758,1592,952,1328,6434,2922,2394,1330,368,664,1096,2476
ASV883,0,0,0,0,0,0,0,0,4,0,0,0,0,6,2,0,2,0,0,0,0,0,0,0,0,0,2,0,0,0,0,0,2,0,0,0,8,0,0,0,0,0,0
ASV892,0,0,0,6,8,6,4,0,2,0,2,0,2,20,2,2,0,2,4,4,0,0,0,0,0,0,0,6,2,0,0,4,4,2,0,0,12,0,0,0,4,4,2
ASV895,238,604,550,1074,952,1382,1052,120,842,1674,794,852,844,1050,684,782,470,478,928,378,766,1728,1378,548,784,1200,1862,746,954,604,460,928,430,298,558,1106,1538,296,1098,622,924,680,492
ASV899,412,662,738,680,622,404,614,238,142,124,178,134,186,202,114,144,206,92,150,214,114,84,92,146,186,44,46,96,126,116,142,318,342,444,392,286,532,388,774,480,836,266,278
ASV900,970,2032,1774,1272,1730,1216,594,2362,1272,758,1460,650,1276,278,1426,648,1738,2248,532,1440,872,278,708,280,874,98,230,1260,3126,2030,1586,604,2622,1356,4182,1056,902,2562,2468,668,1474,172,396
ASV905,0,0,0,0,0,0,0,0,0,0,0,0,0,0,0,0,0,0,0,0,0,0,0,0,0,0,0,0,0,0,0,0,0,0,0,0,0,0,0,0,2,0,0
ASV910,0,0,0,0,0,0,0,0,0,0,0,0,0,0,0,0,0,0,0,0,0,0,0,0,0,0,0,0,0,0,0,0,0,0,0,0,0,0,0,0,0,0,0
ASV912,0,0,0,0,2,0,0,0,0,0,0,0,0,16,0,0,2,0,2,0,0,0,0,0,0,0,4,12,0,0,0,6,2,0,0,0,0,0,0,0,14,0,4
ASV916,0,0,0,0,0,0,0,0,0,0,0,0,0,0,0,0,0,0,0,0,0,0,0,0,0,0,0,0,0,0,0,0,2,0,0,0,0,0,0,0,0,0,0
ASV922,68,72,40,106,88,232,26,84,80,98,138,392,38,266,120,192,112,88,84,286,50,22,38,48,68,10,156,326,54,76,188,124,264,42,70,404,178,586,92,24,194,22,110
ASV927,4,0,0,0,0,0,0,0,4,0,0,0,0,10,0,2,0,2,0,0,2,0,0,0,0,0,0,0,0,0,2,2,4,0,0,0,0,0,0,0,0,2,6
ASV941,0,0,0,0,0,0,0,0,0,0,0,0,0,0,0,0,0,0,0,0,0,0,0,0,0,0,0,0,0,0,0,0,0,0,0,0,0,0,0,0,0,0,0
ASV951,0,0,2,0,0,0,0,2,8,2,6,4,0,16,0,2,4,2,0,6,0,2,0,0,0,0,4,6,0,2,0,0,2,0,2,4,4,2,2,2,4,0,6
ASV959,2,0,0,0,0,0,0,0,4,2,2,2,0,20,0,0,4,2,0,6,2,0,0,0,0,0,0,4,0,0,2,2,2,0,0,8,2,0,0,0,4,0,0
ASV965,0,0,0,0,0,0,0,0,0,0,0,0,0,2,0,0,0,0,0,0,0,0,0,0,0,0,0,0,0,0,0,0,2,0,0,0,2,0,0,0,2,0,0
ASV973,0,0,0,0,0,0,0,0,0,0,0,0,0,0,0,0,0,0,0,0,0,0,0,0,0,0,0,0,0,0,0,0,0,0,0,0,0,0,0,0,0,0,0
ASV974,330,908,1020,862,758,728,764,334,452,590,554,476,478,668,564,376,956,826,586,494,478,392,426,598,600,222,528,542,908,1178,806,438,448,736,966,526,972,668,908,266,860,300,236
ASV980,0,0,0,0,0,0,0,0,0,0,0,0,0,2,0,0,0,0,0,2,0,0,0,0,0,0,0,8,0,8,0,0,0,0,2,0,0,0,0,0,2,0,0
ASV997,510,1214,1294,1060,910,870,564,596,746,726,794,630,570,646,794,552,1232,958,538,748,724,434,444,538,608,174,432,718,1360,1692,1186,578,828,1052,1508,890,1050,1418,1206,358,1042,316,358
ASV1010,520,1238,1040,952,172,156,86,1040,980,122,1244,44,1450,122,574,694,296,1234,38,102,278,116,396,44,120,112,246,358,2322,590,778,94,506,1484,2146,154,64,1782,792,412,950,134,264
ASV1013,2,2,6,4,0,2,2,2,8,2,0,4,14,14,2,2,0,0,0,14,2,0,2,0,0,0,0,32,6,18,10,0,0,12,2,0,0,2,2,2,28,0,0
ASV1014,536,1004,1276,1394,1282,1040,824,486,580,762,750,650,728,850,810,524,1518,1088,754,588,732,414,654,914,876,268,480,714,1590,1602,1222,560,724,1052,1458,788,1468,1068,1374,418,884,392,444
ASV1024,350,464,568,448,368,442,188,350,278,292,488,216,324,454,382,322,822,642,254,454,308,196,334,114,264,138,228,466,904,1036,814,218,528,556,764,418,600,556,576,212,322,162,186
ASV1031,0,0,0,0,0,0,0,0,0,0,0,0,0,0,0,0,0,0,0,0,0,0,0,0,0,0,0,2,0,0,0,0,0,0,0,0,0,0,0,0,2,0,0
ASV1035,2,0,0,0,0,0,0,2,0,0,2,0,0,0,0,0,0,0,0,0,0,0,0,0,0,0,0,0,0,0,0,0,0,0,0,0,0,0,0,0,0,0,0
ASV1050,0,2,4,0,0,0,0,0,4,0,6,0,0,10,0,2,0,0,0,2,0,2,0,0,0,0,0,0,0,0,0,2,2,0,0,0,4,0,0,0,6,2,0
ASV1056,538,1028,1280,1054,724,752,470,672,692,650,932,496,494,518,752,568,1048,986,462,806,596,264,338,348,538,88,350,840,1164,1454,1272,550,980,780,1438,620,780,1582,1198,332,1016,210,382
ASV1095,0,0,0,0,0,0,0,0,0,0,0,0,0,0,0,0,0,0,0,0,0,0,0,0,0,0,0,0,0,0,0,0,0,0,0,0,0,0,0,0,0,0,0
ASV1097,12,2,194,4,2,8,0,48,2,18,188,210,0,2,26,16,0,4,4,4,0,0,0,0,2,0,2,12,4,0,6,50,22,24,46,2,0,8,0,0,2,28,8
ASV1099,0,0,0,0,0,0,0,0,0,0,0,0,0,0,0,0,0,0,0,0,0,0,0,0,0,0,0,0,0,0,0,0,0,0,0,0,0,0,0,0,0,0,0
ASV1109,84,24,12,46,60,34,24,142,14,28,98,76,16,24,56,28,44,54,2,28,8,16,26,8,24,8,12,38,12,14,24,8,296,30,28,60,32,258,20,2,18,16,20
ASV1112,28,70,28,66,4,76,22,8,34,48,30,16,8,140,20,40,10,22,8,16,16,0,2,2,6,0,10,162,30,48,180,10,6,40,22,20,20,6,22,4,1154,16,14
ASV1117,56,46,66,68,60,52,36,42,64,64,196,52,24,122,82,64,76,116,44,180,46,24,48,20,42,18,70,74,24,62,88,76,148,30,42,180,102,212,46,20,88,30,70
ASV1121,302,248,436,1360,492,532,400,146,572,1042,716,490,478,170,382,528,164,658,406,322,334,208,170,354,370,276,222,200,390,138,188,270,818,312,338,278,336,966,350,106,240,788,248
ASV1129,0,0,0,0,0,0,0,0,0,0,0,2,0,0,0,0,0,2,0,0,0,0,0,0,0,0,0,0,0,0,0,0,0,0,0,0,0,0,4,0,0,0,0
ASV1150,356,558,460,378,346,334,170,406,306,222,498,190,270,106,354,292,378,494,172,368,244,88,134,114,242,42,92,302,494,588,384,140,576,384,786,350,256,704,462,176,354,78,178
ASV1152,0,0,2,2,0,0,0,4,0,0,6,0,0,0,0,0,0,0,0,0,0,0,0,0,0,0,0,0,0,0,0,2,2,2,0,0,0,2,0,0,0,0,0
ASV1163,14,18,12,10,2,16,2,4,6,2,52,10,4,16,4,6,16,6,10,6,8,22,4,14,2,6,16,6,14,20,16,68,18,2,10,14,16,38,2,16,40,12,54
ASV1167,58,82,24,262,294,134,100,124,78,36,186,170,124,16,94,46,92,280,54,162,104,0,6,16,44,18,16,56,18,16,26,10,226,48,118,316,12,1198,74,12,22,8,44
ASV1171,0,0,0,0,0,0,0,0,0,0,0,0,0,0,0,0,0,0,0,0,0,0,0,0,0,0,0,0,0,0,0,0,0,0,0,0,0,0,0,0,0,0,0
ASV1177,792,610,372,352,98,152,30,726,232,140,886,162,116,124,750,700,298,2524,134,600,224,42,110,346,44,96,294,526,98,126,538,222,780,198,220,80,514,8082,256,102,218,102,146
ASV1191,0,0,0,0,0,0,0,0,0,0,0,0,0,6,0,0,0,0,0,0,0,0,0,0,0,0,0,0,0,0,0,0,2,0,0,0,0,0,0,0,0,0,0
ASV1193,104,434,486,1152,1352,3426,1948,144,522,1350,254,1852,680,640,492,234,642,410,1780,208,506,226,152,1278,676,1172,622,168,264,234,266,560,206,462,474,954,1374,730,812,194,336,458,316
ASV1217,590,252,156,104,264,68,162,562,282,66,934,214,168,8,380,438,104,204,42,274,36,76,90,18,90,32,82,168,122,26,118,74,1768,230,386,224,54,818,278,68,142,92,36
ASV1236,390,726,726,452,436,478,184,558,500,274,540,280,340,152,480,360,526,526,192,456,346,128,152,156,276,74,154,442,542,776,448,218,740,448,886,478,350,848,590,170,412,104,198
ASV1252,0,0,0,0,0,0,0,0,0,0,0,0,0,0,0,0,0,0,0,0,0,0,0,0,0,0,0,0,0,0,0,0,0,0,0,0,0,0,0,0,0,0,0
ASV1253,280,564,518,1288,6,108,20,678,342,82,350,18,570,6,140,238,74,742,16,138,494,32,60,30,56,30,8,68,462,218,200,26,202,430,572,42,28,706,242,56,186,48,36
ASV1259,2,0,0,12,4,0,2,6,0,0,8,8,0,0,2,0,0,4,0,6,0,0,0,2,0,2,0,4,2,0,0,4,0,0,4,0,2,0,0,0,6,4,6
ASV1260,330,606,502,420,418,368,180,466,416,236,470,208,282,118,436,304,416,464,156,418,268,84,142,96,280,60,92,298,490,584,352,156,614,410,778,362,268,692,540,162,398,80,138
ASV1262,310,122,162,62,0,8,2,456,56,6,570,42,28,32,340,548,66,116,34,182,46,22,24,10,14,22,108,342,140,164,556,134,520,74,78,4,2,158,54,50,122,60,154
ASV1272,0,0,0,0,0,0,0,0,0,0,0,0,0,0,0,0,0,0,0,0,0,0,0,0,0,0,0,0,0,0,0,0,0,0,0,0,0,0,0,0,0,0,0
ASV1276,0,0,0,0,0,0,0,0,0,0,0,4,0,6,0,0,0,0,0,0,2,0,0,0,0,0,0,2,0,0,0,0,0,0,0,2,0,0,0,0,0,0,0
ASV1286,0,0,0,0,0,0,0,0,0,4,2,0,0,12,0,0,0,0,2,4,0,0,0,0,2,0,0,0,0,0,0,0,0,0,0,0,2,0,0,0,0,72,0
ASV1295,236,558,566,518,384,440,316,242,308,346,420,328,334,440,364,298,688,428,318,312,282,116,224,206,256,110,210,372,520,674,650,220,398,420,566,342,486,538,554,192,340,180,152
ASV1312,20,26,20,38,12,48,10,18,22,46,82,70,10,24,44,84,26,30,14,40,14,4,16,16,10,2,40,62,30,20,78,24,520,18,26,90,14,312,24,4,168,10,74
ASV1353,2,2,2,0,4,0,0,4,2,0,10,0,0,4,4,2,0,0,0,6,0,0,0,0,0,0,2,8,0,2,0,4,0,2,4,4,2,4,0,0,4,0,2
ASV1354,4,0,0,0,2,0,0,0,2,0,4,8,2,46,0,0,0,0,0,0,2,0,0,0,0,0,0,22,0,0,2,4,8,0,0,2,8,0,0,0,4,0,0
ASV1381,44,26,98,24,16,10,20,84,30,18,178,44,22,32,76,54,14,164,4,60,18,14,14,14,12,8,34,100,42,18,70,60,136,14,24,46,2,52,22,14,110,330,88
ASV1387,0,0,0,0,0,0,4,0,0,0,0,0,0,10,0,0,0,0,4,0,0,0,0,0,0,0,2,2,2,2,0,0,0,0,0,4,2,0,0,0,4,0,0
ASV1413,0,0,0,0,0,0,0,0,0,0,0,0,0,0,0,0,0,0,0,0,0,0,0,0,0,0,0,0,0,0,0,0,0,0,0,0,0,0,0,0,0,0,0
ASV1420,976,2406,1760,1856,630,234,506,770,2486,284,1998,300,3010,244,870,696,2220,2710,160,180,942,270,842,238,640,338,1024,486,4772,940,950,182,540,1474,3950,796,284,1190,3228,996,1690,304,326
ASV1430,0,0,0,0,0,0,0,0,0,0,0,0,0,0,0,0,0,0,0,0,0,0,0,0,0,0,0,0,0,0,0,0,0,0,0,0,0,0,0,0,0,0,0
ASV1451,10,4,4,4,4,10,0,12,4,4,24,2,0,8,4,10,4,10,0,2,0,2,0,0,2,0,4,10,2,4,10,4,14,2,4,0,8,12,6,4,2,2,4
ASV1453,128,22,14,36,68,34,16,74,10,64,98,104,28,6,48,38,18,80,2,34,18,20,24,12,30,8,12,60,16,16,18,10,454,34,44,76,10,272,30,14,14,20,8
ASV1456,346,478,284,248,144,70,72,358,430,118,534,54,586,60,378,340,236,522,26,58,184,32,90,40,110,104,110,170,620,222,554,50,152,512,930,146,60,750,516,186,324,80,126
ASV1469,320,588,842,1334,418,888,730,154,1100,1194,1142,540,624,250,696,604,336,1200,718,410,444,386,656,564,404,580,424,378,748,286,330,864,824,398,704,592,470,1990,832,178,472,1360,536
ASV1486,450,510,532,494,482,400,114,476,434,176,510,322,330,146,470,322,240,526,144,514,234,140,260,92,254,30,204,478,496,828,936,262,706,542,730,364,318,936,512,140,508,154,194
ASV1489,0,0,0,0,0,0,0,0,0,0,0,0,0,2,0,0,0,0,0,0,0,0,0,0,0,0,0,0,0,0,0,0,0,0,0,0,0,0,0,0,0,0,0
ASV1498,0,0,0,0,0,0,0,0,0,0,0,0,0,0,0,0,0,0,0,0,0,0,0,0,0,0,0,0,0,0,0,0,0,0,0,0,0,0,0,0,0,0,0
ASV1521,4,0,0,0,0,0,0,0,0,0,0,0,0,0,0,0,0,0,0,2,0,0,0,0,0,0,0,0,0,0,0,2,0,0,0,0,0,0,0,0,0,0,0
ASV1531,0,0,0,0,0,0,0,0,0,0,0,0,0,2,0,0,0,0,0,0,0,0,0,0,0,0,0,0,0,0,0,0,0,0,0,0,0,0,0,0,0,0,0
ASV1543,184,1328,576,1868,676,350,480,256,1438,432,640,240,2308,242,474,312,1058,2318,170,214,1052,96,264,188,610,210,276,172,1590,374,244,108,176,844,3162,336,298,2156,1654,680,998,278,272
ASV1555,2,0,0,0,0,2,2,2,2,0,10,2,0,40,2,2,12,0,0,6,0,0,4,0,0,0,4,16,4,4,4,6,4,0,2,8,6,6,4,2,20,8,0
ASV1556,0,0,0,0,0,0,0,0,0,0,0,0,0,0,0,0,0,0,0,0,0,0,0,0,0,0,0,0,0,0,0,0,0,0,0,0,0,0,0,0,0,0,0
ASV1586,828,1922,2014,1972,1778,1658,1460,760,1100,1228,1096,1022,1174,1314,1258,738,3348,1920,1408,960,1240,862,980,1536,1360,432,812,1216,2090,2656,1754,1018,940,1656,2310,1388,2206,1490,2246,902,1970,652,732
ASV1595,36,28,34,108,130,68,56,80,38,24,70,78,56,2,36,50,42,368,12,54,16,4,4,12,44,24,8,6,10,12,18,0,164,66,68,76,24,682,40,16,34,18,24
ASV1619,310,512,628,532,380,448,234,346,350,338,504,252,290,314,402,318,468,514,216,400,294,124,168,218,290,54,172,494,630,682,670,280,560,442,674,324,376,830,584,210,498,124,214
ASV1646,0,0,0,0,0,0,0,0,0,0,0,0,0,0,0,0,0,0,0,0,0,0,0,0,0,0,0,0,0,0,0,0,0,0,0,0,0,0,0,0,0,0,0
ASV1673,214,318,336,332,268,150,264,114,100,50,130,76,110,116,56,86,64,50,60,108,56,54,46,70,72,24,24,38,74,42,66,154,172,196,192,104,268,210,312,240,432,134,140
ASV1677,72,24,48,6,2,16,0,212,8,2,150,30,12,8,14,42,2,18,2,16,2,2,4,0,0,2,2,24,16,6,54,8,148,8,16,10,0,44,10,6,16,12,2
ASV1679,142,162,130,120,162,62,112,78,24,24,54,40,32,38,38,30,50,28,32,42,14,10,30,10,52,4,8,4,36,24,24,88,88,120,52,96,106,76,150,170,246,40,72
ASV1738,0,0,0,0,0,0,0,0,0,0,0,0,0,0,0,0,0,0,0,0,0,0,0,0,0,0,0,0,0,0,0,0,0,0,0,0,0,0,0,0,0,0,0
ASV1739,298,408,372,402,348,312,74,408,336,166,374,230,232,122,410,292,200,360,102,346,140,94,146,44,234,14,128,292,346,542,540,168,524,394,646,306,174,706,322,112,348,84,168
ASV1775,0,0,0,0,0,0,0,0,0,0,0,0,0,4,0,0,0,0,0,0,0,0,0,0,0,0,0,0,0,0,0,0,0,0,0,0,0,0,0,0,0,0,0
ASV1779,30,54,90,40,114,164,48,36,22,122,130,402,116,44,102,116,92,226,358,128,74,28,72,26,46,36,352,528,66,64,158,222,186,34,58,94,38,220,28,92,314,154,322
ASV1787,314,466,462,306,304,356,196,430,310,256,400,216,240,192,432,288,482,510,142,466,202,60,224,92,236,14,108,434,662,644,576,296,670,302,804,338,260,726,462,166,404,54,124
ASV1792,0,0,2,0,0,0,0,0,0,0,0,0,0,0,0,0,0,0,2,0,0,0,4,4,0,2,2,0,0,0,0,8,0,0,0,0,0,2,0,4,4,0,0
ASV1836,24,56,42,84,122,122,68,18,36,68,48,236,16,344,62,92,84,84,48,124,16,6,12,44,34,8,42,134,30,46,28,26,94,24,68,222,106,142,58,8,60,22,42
ASV1846,34,138,82,404,404,716,252,26,156,308,64,570,106,572,94,58,218,268,126,310,282,28,30,100,300,46,48,312,64,190,280,60,140,104,88,620,582,864,166,12,84,24,70
ASV1865,376,1184,1268,1196,934,838,726,662,512,726,732,438,422,454,534,432,1672,918,570,566,650,368,248,694,792,124,494,596,1006,1178,612,618,926,568,1424,878,1134,1274,1446,290,900,316,392
ASV1870,0,0,0,0,0,0,0,0,0,0,0,0,0,0,0,0,0,0,0,0,0,0,0,0,0,0,0,0,0,0,0,0,0,0,0,0,0,0,0,0,0,0,0
ASV1878,184,30,76,8,4,10,0,168,44,4,228,22,20,18,152,178,36,48,6,80,16,10,12,6,2,12,40,154,40,54,190,46,232,44,48,2,2,80,30,18,52,30,46
ASV1884,74,96,54,46,54,26,24,120,98,14,148,34,20,14,96,280,30,78,8,76,12,10,12,4,26,16,12,56,36,22,44,12,160,46,58,36,8,460,50,22,46,28,22
ASV1894,0,0,0,0,0,0,0,0,4,0,4,0,0,0,2,0,0,0,0,0,0,0,0,0,0,0,0,0,0,0,0,0,2,0,0,0,0,0,0,0,0,0,0
ASV1900,278,78,170,94,34,50,8,312,62,44,464,106,58,260,162,324,132,166,148,430,112,32,20,46,42,38,216,298,96,112,230,142,446,90,96,158,60,294,74,50,104,50,118
ASV1903,32,4,0,16,0,14,2,120,4,14,50,54,8,0,12,32,2,20,0,28,0,0,10,4,6,0,0,18,0,0,22,2,404,44,16,30,0,124,0,4,16,2,6
ASV1909,124,300,158,80,28,8,24,154,152,22,196,18,142,56,104,136,202,178,26,8,58,44,144,26,16,50,96,110,604,166,232,18,84,294,526,62,32,64,230,94,278,46,32
ASV1920,140,216,276,248,276,220,188,132,168,134,198,122,134,184,200,208,346,302,148,212,174,40,116,94,192,56,68,176,290,316,316,100,248,312,372,184,308,362,332,102,166,68,104
ASV1922,216,518,510,412,438,410,270,276,356,304,388,266,228,328,364,252,582,440,210,270,350,170,176,242,282,56,186,312,566,716,510,200,366,426,594,416,406,650,522,168,474,166,196
ASV1925,30,54,24,372,318,368,266,14,48,214,68,410,44,338,52,44,204,126,74,204,152,6,20,54,258,36,22,20,36,24,44,52,122,38,90,394,380,550,68,8,46,18,42
ASV1943,0,0,0,0,0,0,0,0,0,0,0,0,0,0,0,0,0,0,0,0,0,0,0,0,0,0,0,0,0,0,0,0,0,0,0,0,0,0,0,0,0,0,0
ASV1958,34,0,36,0,18,10,0,4,2,8,54,2,2,40,2,12,2,14,2,10,20,2,0,4,0,2,20,30,0,0,12,6,146,2,0,0,20,14,4,2,2,2,26
ASV1972,56,70,80,14,10,14,8,32,44,0,128,4,4,26,52,104,64,18,10,24,10,26,74,8,6,6,90,198,116,120,350,104,138,58,78,40,20,40,26,36,146,38,22
ASV2000,46,10,82,16,28,28,4,16,0,12,70,12,6,48,4,18,4,18,14,18,38,2,0,2,2,0,22,18,6,26,6,2,226,14,0,6,30,38,8,0,4,2,38
ASV2066,0,2,0,0,0,0,0,0,0,0,0,0,0,0,0,0,0,0,0,0,0,0,0,0,0,0,0,0,0,0,0,0,0,0,0,0,0,0,0,0,0,0,0
ASV2082,344,654,792,544,520,552,252,514,380,486,496,330,356,230,438,292,796,688,248,424,284,112,216,254,298,50,144,480,782,878,616,318,828,438,1000,444,440,1204,678,192,574,78,228
ASV2083,0,0,0,0,0,2,0,0,2,0,0,4,2,2,0,0,0,2,0,2,0,0,0,0,0,0,0,4,0,0,0,2,0,0,0,0,0,2,0,0,6,0,0
ASV2104,10,6,292,4,0,20,2,18,4,34,374,910,2,2,132,64,0,34,2,0,4,0,2,0,8,0,0,14,2,4,14,88,28,24,150,0,0,4,0,0,26,40,2
ASV2105,0,0,2,0,0,0,0,0,0,0,0,0,0,6,0,0,0,0,0,2,0,0,0,0,0,0,0,0,0,0,0,0,0,0,0,0,6,0,0,0,0,2,0
ASV2150,92,110,226,48,32,26,32,76,46,44,282,166,60,36,118,352,46,124,74,66,56,26,58,16,38,26,174,370,50,92,114,190,106,168,160,40,40,90,122,56,172,118,194
ASV2167,172,504,498,488,526,502,466,278,228,330,298,252,140,172,262,176,940,398,354,216,256,172,108,468,402,76,250,260,448,528,270,294,328,254,576,390,604,498,632,198,406,180,112
ASV2178,222,822,850,838,714,678,514,522,394,482,594,392,258,312,380,300,1068,694,398,458,380,242,172,512,562,134,336,474,772,808,376,428,668,398,952,602,720,948,936,184,600,254,274
ASV2180,134,598,644,528,772,570,524,340,284,458,382,346,238,274,364,216,1160,358,406,248,400,258,162,458,472,120,316,322,596,690,292,314,474,338,686,460,696,654,810,152,538,206,210
ASV2182,26,2,18,2,0,4,2,48,4,74,52,650,0,0,90,18,0,10,0,8,0,0,0,0,28,0,2,8,8,0,4,112,90,10,14,0,0,6,2,2,50,10,4
ASV2203,256,966,1042,970,760,630,576,628,474,610,650,410,324,334,494,382,1232,730,450,434,436,284,192,600,558,102,368,500,882,998,370,528,858,530,1170,606,836,1004,1044,238,746,236,280
ASV2228,40,52,24,72,206,54,52,100,36,46,88,72,54,10,88,88,50,130,20,68,34,6,18,4,64,8,4,46,20,18,30,8,178,52,36,42,24,522,50,8,40,26,6
ASV2234,274,366,706,988,646,648,414,114,640,1450,478,512,398,140,372,266,244,918,786,290,270,1116,228,2206,206,850,620,202,350,154,208,428,366,220,392,348,298,1866,324,206,1218,2376,604
ASV2239,124,304,318,170,368,144,78,282,170,52,196,88,230,36,220,48,124,258,56,52,68,82,70,42,182,12,46,76,268,218,216,68,236,326,500,144,110,334,412,138,194,46,48
ASV2259,130,276,280,256,202,206,164,160,136,168,184,134,170,198,166,188,326,294,140,164,180,46,102,106,176,42,62,170,272,322,294,90,222,246,422,166,304,312,294,100,144,58,102
ASV2324,16,2,26,20,14,16,12,6,16,8,48,12,0,24,2,8,12,16,10,20,0,16,0,12,10,0,12,6,6,22,20,12,30,4,18,28,26,30,10,10,12,2,6
ASV2334,102,238,270,234,176,214,200,104,124,132,140,100,124,160,162,96,248,214,158,114,116,106,118,160,132,52,176,164,292,332,224,140,126,180,206,140,242,194,272,86,210,98,70
ASV2378,112,198,352,300,334,224,174,124,126,120,182,114,130,198,168,166,336,354,166,162,158,74,144,148,230,56,50,176,372,376,268,98,164,246,328,180,340,264,314,64,186,76,100
ASV2396,296,686,868,706,632,484,450,330,392,414,404,316,358,338,494,316,880,654,290,470,420,220,218,314,414,134,242,454,768,840,608,326,470,610,928,420,556,656,760,256,600,190,234
ASV2409,186,276,358,1560,15750,1244,3186,88,2042,20314,536,4140,454,502,308,296,850,548,20350,286,240,16672,484,44164,406,17668,12110,260,950,130,226,998,508,144,298,688,274,1074,390,6736,23200,47602,10302
ASV2412,24,58,34,58,178,32,42,48,62,42,92,154,72,22,58,34,98,40,30,14,14,14,42,50,62,10,202,60,84,56,44,16,58,78,54,568,386,50,34,78,134,38,40
ASV2426,144,338,466,454,242,214,240,70,572,372,510,212,210,176,346,336,154,444,350,132,114,208,404,296,96,260,318,242,418,174,206,620,390,210,300,244,166,668,362,110,282,756,270
ASV2438,0,0,0,0,0,0,0,0,0,0,0,0,0,4,0,0,0,0,0,0,0,0,0,0,0,0,0,0,0,0,0,0,0,0,0,0,0,0,0,0,0,0,0
ASV2451,238,840,870,798,626,710,438,484,358,538,632,350,278,298,420,288,1090,608,412,430,400,260,144,506,502,126,328,452,668,842,386,446,638,422,1094,550,636,884,918,162,626,232,258
ASV2468,0,0,0,0,0,0,0,0,0,0,0,0,0,4,0,0,0,0,2,0,0,0,0,0,0,0,0,12,0,0,0,0,0,0,0,0,0,0,0,0,0,2,0
ASV2505,0,0,0,0,0,0,0,0,0,0,0,0,0,0,0,0,0,0,0,0,0,0,0,0,0,0,0,0,0,0,0,0,0,0,0,0,0,0,0,0,0,0,0
ASV2550,22,62,74,80,208,46,64,26,64,26,68,58,42,44,56,12,144,82,28,40,60,18,68,58,98,12,62,48,102,60,24,60,72,46,72,380,186,58,140,78,114,28,34
ASV2555,0,6,2,0,4,0,2,0,0,2,0,0,0,2,0,0,8,0,0,6,0,2,0,0,0,0,0,2,0,4,0,2,4,0,6,0,0,0,4,0,2,4,0
ASV2598,72,172,200,182,174,168,110,74,98,156,104,86,92,196,118,74,286,130,110,122,104,74,122,116,120,46,72,88,206,240,180,78,76,140,166,116,238,110,186,90,140,66,76
ASV2663,184,106,396,86,46,108,44,236,68,68,1058,912,96,18,450,146,66,140,14,86,82,0,6,6,48,4,10,60,22,8,32,36,158,176,478,278,12,20,32,2,18,38,28
ASV2679,124,170,176,126,162,128,40,206,166,64,176,84,96,36,172,122,74,182,52,154,46,50,78,28,90,12,60,126,174,202,236,84,240,168,240,130,104,284,172,44,146,32,66
ASV2691,304,496,570,396,534,360,296,436,304,282,378,244,312,208,402,258,632,532,164,410,288,142,220,208,300,24,134,382,756,666,492,210,528,386,860,296,382,700,620,226,434,76,138
ASV2759,18,52,38,36,28,62,14,14,94,16,344,2,68,14,14,10,40,94,110,76,44,26,34,12,2,52,24,4,18,54,34,194,10,26,4,22,0,4,52,4,106,40,70
ASV2764,122,148,218,454,592,560,246,40,258,1258,226,248,184,82,156,184,76,236,844,144,110,646,102,2452,120,938,392,62,166,54,110,146,254,154,198,126,122,418,118,192,798,3018,558
ASV2765,0,0,0,0,0,0,0,0,0,0,0,2,0,2,0,0,0,0,0,0,0,0,0,0,0,0,0,0,0,0,0,0,0,0,0,0,0,0,0,0,0,0,0
ASV2790,602,1184,1098,1942,1850,4664,2228,384,1328,3198,1260,2080,1458,2652,1168,1784,596,874,1568,628,1504,3732,2684,962,1406,3648,3440,1284,1488,1090,2156,1476,516,566,1190,2608,3710,400,1472,1236,1544,1304,816
ASV2791,118,1112,634,694,1826,294,1962,194,570,278,370,348,872,252,326,156,3012,1246,302,106,402,286,512,422,978,276,540,180,1906,538,250,264,92,692,2488,722,708,442,1724,1594,1568,450,244
ASV2807,16,30,38,180,186,168,84,18,48,130,56,226,30,236,44,38,118,88,42,100,90,4,14,42,120,32,20,12,26,18,48,32,66,16,50,212,226,356,56,10,30,6,32
ASV2811,114,160,210,574,564,490,244,36,306,1046,262,254,220,52,134,112,80,278,756,108,134,476,98,2142,120,666,354,50,204,88,90,154,242,114,182,160,154,726,172,190,604,2706,358
ASV2819,96,456,356,398,324,334,300,108,220,254,174,276,208,358,224,120,504,280,344,150,214,168,208,250,180,94,180,262,392,518,364,156,146,256,484,274,490,286,420,134,336,122,102
ASV2820,136,318,364,286,298,274,136,222,182,176,220,154,140,176,180,158,336,254,116,196,178,114,130,146,162,64,106,246,264,392,324,190,194,262,356,244,242,376,318,88,260,66,116
ASV2852,166,648,596,574,442,498,294,334,248,318,414,288,210,196,302,216,740,454,340,330,282,164,110,380,320,68,266,284,522,618,254,284,414,276,658,428,626,614,664,136,434,208,186
ASV2864,0,0,0,0,0,0,0,0,0,0,0,0,0,0,0,0,0,0,0,0,0,0,0,0,0,0,0,0,0,0,0,0,0,0,0,0,0,0,0,0,0,0,0
ASV2872,370,1004,990,918,884,804,726,366,500,580,484,518,518,612,628,360,1548,870,700,470,586,436,456,714,614,204,372,584,1118,1356,926,458,482,742,998,588,1096,742,1088,422,904,390,358
ASV2894,0,0,0,0,0,0,0,0,0,0,0,0,0,0,4,0,0,0,0,0,0,0,0,0,0,0,0,0,0,0,0,0,0,0,0,0,0,0,0,0,0,0,0
ASV2954,0,0,0,0,2,2,0,0,2,0,0,0,0,4,0,0,0,0,0,0,0,0,0,0,0,0,0,0,0,0,0,2,0,0,0,0,0,0,0,0,0,0,0
ASV2955,0,0,0,0,0,0,0,0,0,0,0,0,0,0,0,0,0,0,0,0,0,0,0,0,0,0,0,6,0,0,0,0,0,0,0,0,0,0,0,0,0,0,0
ASV2959,0,0,0,0,0,0,0,0,0,0,0,0,0,2,0,0,0,0,0,0,0,0,0,0,2,0,0,2,0,0,0,0,0,0,0,0,0,0,0,0,2,0,0
ASV2966,0,2,4,0,0,8,2,0,10,0,0,0,2,68,4,0,4,12,2,14,0,0,0,4,0,0,12,0,2,0,0,6,0,16,6,6,2,0,0,0,50,10,24
ASV2985,16,18,30,80,1572,20,320,78,72,18,46,930,22,62,42,32,534,62,166,10,22,36,54,1728,76,20,206,26,102,48,48,48,58,64,70,958,1002,40,18,100,458,32,68
ASV3000,0,0,2,0,0,0,0,0,0,0,0,0,0,4,0,0,0,0,0,0,0,0,0,0,0,0,0,0,0,0,0,0,0,0,2,0,0,0,0,0,0,0,2
ASV3015,54,560,262,470,1048,198,928,118,328,172,216,234,510,140,216,40,1268,724,154,50,228,116,274,176,540,148,232,94,862,250,120,112,88,338,1254,396,354,384,1014,650,734,220,102
ASV3021,232,70,112,70,14,24,6,322,38,8,420,120,56,74,180,296,34,134,26,188,34,16,32,28,10,18,138,154,100,100,230,110,372,74,82,42,12,74,46,32,78,68,50
ASV3039,862,326,1112,110,24,174,0,378,312,28,1726,28,318,44,248,1334,32,180,48,60,50,104,82,16,2,118,80,134,256,490,404,140,1124,484,264,166,12,2234,102,16,128,214,174
ASV3056,64,52,32,136,288,422,154,58,136,354,164,528,62,112,90,96,34,88,96,82,64,54,36,68,94,104,38,100,146,60,90,102,92,54,80,532,200,244,76,16,80,84,136
ASV3065,0,0,0,0,0,0,0,0,0,0,0,4,2,12,0,0,2,0,2,0,0,0,0,0,0,0,0,2,0,0,0,2,0,0,2,2,2,0,0,2,8,0,2
ASV3076,170,238,258,154,180,186,78,248,156,144,292,104,136,104,194,124,254,256,100,262,138,34,124,50,118,8,56,198,346,370,340,124,380,142,452,176,130,462,204,88,242,20,84
ASV3113,170,210,270,122,148,124,86,124,106,92,172,86,68,22,114,102,78,144,8,90,78,22,32,50,128,16,24,62,168,112,106,26,186,148,262,124,78,136,182,40,86,30,22
ASV3161,0,0,0,0,0,0,0,2,0,0,0,0,0,0,0,0,0,0,0,0,0,0,0,0,0,0,2,0,0,0,0,0,0,0,0,0,0,0,0,0,0,0,0
ASV3193,20,6,8,16,14,20,8,26,12,4,52,6,10,0,20,20,10,14,6,182,4,6,4,2,0,4,4,8,4,0,12,4,44,18,32,20,2,36,10,2,22,8,12
ASV3228,74,88,98,112,168,80,40,238,82,32,158,50,130,12,86,60,40,122,14,106,52,6,30,4,90,2,46,64,82,124,164,24,198,192,218,62,42,356,148,40,96,4,30
ASV3237,110,188,242,168,130,150,78,154,186,162,210,112,108,148,198,210,208,158,122,156,96,68,46,106,110,36,122,168,176,286,312,138,162,238,202,152,156,310,192,46,204,64,100
ASV3308,0,0,0,0,0,0,0,0,0,0,0,0,0,0,0,0,0,0,0,0,0,0,0,0,0,0,0,0,0,0,0,0,0,0,0,0,0,0,0,0,0,0,0
ASV3329,136,240,240,146,140,160,108,204,144,108,190,108,138,74,176,152,220,258,88,180,104,40,102,56,102,12,54,194,318,328,270,90,258,160,362,82,162,380,236,88,174,36,82
ASV3330,6,40,56,954,1288,784,550,8,90,400,96,276,220,36,22,12,3408,2028,358,276,338,0,6,48,1346,168,40,2,28,4,10,44,2,164,86,142,148,6,32,62,70,50,238
ASV3366,148,342,378,282,312,240,210,164,200,220,302,162,238,164,204,172,400,310,158,180,156,108,108,124,236,46,112,204,430,394,324,150,286,248,474,248,308,350,398,98,304,52,128
ASV3371,92,204,168,132,152,118,56,148,122,86,130,58,70,52,146,108,156,164,46,150,88,28,76,36,82,10,38,158,264,236,222,74,292,128,216,126,84,288,176,68,158,18,44
ASV3372,278,86,58,112,0,0,0,1060,102,0,124,0,70,0,16,118,0,192,0,14,64,2,0,0,0,0,0,12,26,52,92,0,28,264,552,0,0,14,32,0,0,4,0
ASV3392,54,82,38,134,32,44,22,104,48,20,66,12,130,4,20,46,28,126,0,26,64,4,10,2,24,20,10,68,16,20,84,4,36,66,168,46,10,446,44,6,4,8,12
ASV3399,124,380,278,204,126,166,58,184,146,62,254,98,158,162,220,140,202,272,102,200,132,52,102,28,116,10,54,142,258,316,212,68,316,246,326,130,144,296,306,76,144,50,76
ASV3425,68,180,212,90,106,318,52,90,364,88,504,196,22,52,224,86,12,34,42,70,26,14,14,36,28,4,32,30,0,30,92,38,228,92,64,696,116,236,146,4,28,18,74
ASV3498,214,366,454,486,392,368,200,270,278,310,266,144,190,206,324,188,456,488,220,270,212,100,160,210,256,52,132,324,508,564,424,198,444,350,492,254,304,486,432,184,436,102,144
ASV3509,0,0,0,0,0,2,0,0,0,0,0,0,2,38,0,0,0,0,0,0,0,0,0,0,0,0,0,0,0,0,0,0,0,0,0,2,0,0,0,0,0,0,0
ASV3547,726,806,3774,566,4000,1546,872,506,460,1134,1170,5602,262,6562,592,834,3492,622,2078,506,308,1328,1788,3190,614,398,1182,976,1786,1332,1946,1554,898,2818,1658,5488,5054,542,570,1992,5112,1386,690
ASV3592,116,346,240,106,18,16,36,174,194,22,200,20,222,66,132,126,204,190,28,18,74,48,90,16,30,36,90,132,658,146,160,30,64,294,622,40,36,40,280,160,242,66,42
ASV3651,0,0,4,0,0,0,0,0,0,0,0,0,0,0,0,0,2,2,0,0,0,0,0,0,0,0,2,2,4,2,0,0,0,0,2,0,0,0,0,0,0,4,0
ASV3714,324,400,266,166,262,174,148,590,310,42,548,138,578,6,250,162,110,344,12,66,50,12,32,6,126,20,30,48,270,206,250,20,208,614,858,130,30,396,398,70,210,20,36
ASV3755,232,380,300,182,324,206,58,578,260,74,338,88,252,14,222,160,108,314,66,270,130,32,46,24,114,22,26,146,338,338,302,76,322,322,514,88,72,438,336,60,174,26,76
ASV3772,474,180,596,12,8,468,178,286,10,390,734,1042,4,18,114,1014,20,40,28,6,16,174,804,6,358,6,30,222,646,540,1266,424,222,390,452,14,8,4,82,540,3470,242,24
ASV3822,84,180,228,116,112,104,28,148,132,30,156,36,114,68,150,130,132,186,32,188,104,42,48,34,72,20,26,96,182,214,134,80,198,166,226,90,76,262,178,26,56,22,58
ASV3823,56,132,126,348,416,1916,386,32,138,678,82,614,142,126,98,52,144,96,852,52,144,80,56,446,132,254,154,70,112,104,120,258,98,96,112,200,284,502,148,54,208,144,166
ASV3845,0,0,4,0,0,4,2,0,0,0,6,0,0,30,2,0,0,2,0,0,4,0,0,0,0,0,4,0,0,2,0,0,6,4,0,4,10,4,0,0,10,2,2
ASV3863,40,460,336,574,1244,242,1268,116,336,208,190,252,450,218,168,96,1966,736,218,88,362,146,286,284,578,160,314,102,974,242,122,118,54,276,934,458,550,328,862,744,746,232,152
ASV3893,46,126,182,268,130,406,82,22,136,422,114,540,54,88,48,28,42,40,76,28,52,80,16,164,126,32,44,136,30,68,158,156,56,86,58,518,190,738,174,28,210,76,86
ASV3921,104,284,332,348,262,226,224,188,136,194,172,116,124,82,150,88,448,226,132,126,156,106,64,188,200,48,142,154,222,308,120,130,224,174,380,218,270,348,322,74,174,90,116
ASV3936,54,246,148,582,1632,366,1278,70,192,268,114,360,366,216,94,54,1454,574,166,42,366,44,100,184,778,110,106,28,426,92,66,34,46,238,536,476,668,412,508,260,278,98,92
ASV3988,12,36,16,26,0,12,10,10,12,8,24,6,12,4,22,12,10,10,2,18,6,0,0,2,6,0,2,6,12,20,22,0,12,8,32,10,4,0,20,4,14,2,4
ASV3990,324,876,670,420,598,374,306,566,468,120,698,350,534,40,426,142,194,550,58,132,102,88,170,34,258,44,102,164,490,492,380,156,524,854,1012,292,246,732,794,214,346,106,78
ASV4005,134,288,262,194,254,216,100,242,170,204,258,112,144,80,206,140,316,278,124,206,108,56,84,104,140,22,54,220,380,452,286,106,364,172,456,184,154,406,354,92,198,38,82
ASV4008,8,4,18,12,12,18,0,16,8,10,50,18,10,4,20,26,12,14,16,14,12,2,4,8,2,6,14,32,10,20,40,12,18,16,12,6,6,58,20,4,54,8,268
ASV4013,68,130,198,228,386,284,306,60,82,150,216,120,74,70,66,82,1872,280,776,122,108,126,134,128,150,160,224,112,246,66,46,170,44,616,220,416,298,36,116,358,358,156,426
ASV4016,2,0,4,0,0,0,0,2,10,4,2,0,0,2,2,0,0,0,0,4,0,0,0,0,0,0,0,42,8,6,2,2,6,4,6,0,2,8,0,2,6,4,0
ASV4039,18,40,34,68,92,88,58,10,26,56,64,92,22,56,24,20,94,82,170,26,38,20,28,30,18,32,28,272,30,36,48,38,12,24,34,44,24,46,30,12,30,8,656
ASV4050,24,26,30,14,48,26,18,34,22,14,96,34,18,14,48,44,80,40,24,22,14,8,2,6,26,6,12,18,12,12,0,4,60,270,48,48,22,40,38,16,32,12,56
ASV4060,128,290,268,182,266,142,62,190,156,130,190,74,166,16,172,74,186,228,40,116,82,38,48,24,142,30,48,102,180,190,148,26,232,200,408,146,132,218,278,72,114,28,74
ASV4083,116,404,480,462,318,374,224,308,212,236,268,168,110,136,188,160,568,334,200,232,192,122,76,244,276,34,182,212,372,464,184,204,338,222,522,294,342,482,428,132,348,108,120
ASV4113,42,426,240,446,1118,138,1218,102,412,202,150,234,442,108,118,50,1750,724,220,52,282,130,262,238,542,164,212,76,976,258,104,136,60,294,1034,408,514,306,922,728,692,200,112
ASV4160,0,0,0,0,0,0,0,0,0,0,0,0,0,0,0,0,0,0,0,0,0,0,0,0,0,0,0,2,0,0,0,0,2,0,0,0,0,0,0,0,0,0,0
ASV4254,0,0,0,0,0,0,0,0,2,0,0,0,0,0,0,0,0,0,0,2,0,0,0,0,0,0,0,0,0,2,0,0,0,0,0,0,0,0,0,0,2,0,2
ASV4282,122,384,194,138,40,24,36,136,220,20,210,34,250,54,142,116,350,208,28,22,98,68,114,32,54,72,204,132,816,208,198,32,64,268,706,82,76,42,384,158,274,108,60
ASV4364,4,14,14,22,16,86,14,10,10,44,48,28,4,12,20,18,30,30,20,6,14,10,6,18,6,12,38,100,36,18,54,8,78,6,22,36,32,52,2,4,816,8,40
ASV4366,36,32,76,30,0,0,0,196,46,0,122,104,42,0,20,76,4,82,2,4,48,0,2,0,0,0,22,0,32,12,68,8,40,78,190,0,0,16,8,0,6,2,4
ASV4393,144,256,302,266,336,190,174,136,130,222,170,154,154,180,158,114,360,274,140,154,146,68,118,178,216,44,110,108,250,270,160,96,254,220,376,160,250,210,282,130,216,96,116
ASV4433,266,496,378,190,120,118,50,1026,364,38,530,94,490,24,304,178,136,516,18,76,76,10,26,6,148,22,18,76,394,298,358,32,318,732,976,118,54,664,326,68,176,30,60
ASV4547,0,0,0,0,0,0,0,0,0,0,2,0,0,0,0,0,0,0,0,0,0,0,0,0,0,0,0,0,0,0,2,0,0,0,0,0,0,0,0,0,4,0,0
ASV4625,78,266,246,190,246,254,192,118,120,214,164,148,80,76,128,104,396,128,114,110,110,76,52,152,174,40,98,130,220,232,94,144,172,108,262,166,212,258,346,82,212,62,54
ASV4638,0,0,2,0,0,4,2,0,4,6,0,0,0,4,0,0,0,4,0,4,6,0,0,0,0,0,0,18,0,4,0,6,0,6,0,6,0,2,0,0,2,0,2
ASV4639,18,854,208,708,6,38,268,382,150,28,120,1744,418,14,2036,638,72,978,90,52,268,36,90,14,2,24,1120,898,138,132,1502,430,1258,72,670,16,4,256,500,94,498,154,82
ASV4684,26,216,154,422,1408,274,1098,52,188,262,72,334,294,212,80,40,1302,470,146,52,268,50,104,190,684,120,144,22,334,118,76,56,42,198,528,438,664,412,486,270,248,120,84
ASV4685,0,0,10,2,8,4,4,4,16,0,6,8,0,136,2,0,0,6,14,8,0,0,0,0,0,0,10,2,0,2,0,16,0,28,10,32,18,4,0,0,48,10,10
ASV4782,0,0,0,0,2,2,0,0,2,0,0,12,0,38,0,0,0,0,0,4,0,0,0,0,0,0,0,12,4,0,0,4,0,0,0,0,4,2,0,0,6,0,6
ASV4789,0,0,0,0,0,0,0,0,0,0,0,0,0,4,0,0,0,0,2,2,4,0,0,0,0,0,0,4,0,0,0,0,0,0,0,10,4,0,0,0,0,0,0
ASV5058,100,202,182,268,222,202,88,108,116,168,144,90,108,88,148,104,248,210,106,152,156,52,80,98,132,16,54,202,250,320,228,90,246,166,282,106,160,256,224,60,198,58,86
ASV5083,24,112,122,486,558,362,228,30,74,204,50,260,74,174,64,28,228,102,186,120,156,60,24,208,100,48,68,48,94,106,52,68,70,32,108,298,178,110,82,54,94,46,76
ASV5128,16,76,46,140,460,84,252,34,58,58,46,90,100,58,52,22,454,198,40,24,62,12,32,36,194,36,48,10,124,60,28,14,16,58,172,108,106,126,156,48,76,30,38
ASV5256,10,6,42,2,2,0,0,262,14,2,242,6,4,0,20,20,0,6,2,10,2,0,0,0,0,0,0,14,10,2,26,4,2,42,12,4,2,14,0,2,22,4,4
ASV5714,0,2,4,0,0,0,14,0,2,4,0,2,0,0,2,0,0,20,0,2,4,0,0,0,0,0,0,0,0,0,0,0,0,0,0,2,0,0,4,0,0,2,0
ASV5780,116,180,110,86,118,82,96,278,118,16,286,100,260,0,144,76,66,186,2,50,36,10,20,2,84,10,12,20,134,106,136,2,86,272,424,76,8,184,140,46,92,10,34
ASV5831,196,292,272,620,4,84,4,322,290,16,374,14,344,60,60,202,140,652,20,130,436,18,18,10,14,40,34,24,198,154,216,10,136,432,526,348,88,290,132,26,64,28,44
ASV5845,0,0,0,0,0,0,0,0,0,0,0,6,0,0,0,0,0,0,0,0,0,0,0,0,0,0,0,0,0,0,0,0,0,0,2,0,0,0,0,0,0,0,0
ASV5854,108,370,322,420,358,268,276,118,182,166,182,188,220,268,226,124,522,378,172,160,242,146,200,224,240,82,140,208,372,444,270,124,222,204,498,258,444,262,482,154,256,102,144
ASV5934,184,280,180,114,76,68,22,614,180,22,396,68,272,6,162,76,64,320,10,76,42,14,28,12,56,6,8,46,192,168,244,26,194,426,556,60,44,322,182,38,142,18,48
ASV5963,28,144,124,18,116,58,32,86,70,32,288,30,62,8,62,70,554,232,86,32,22,10,24,40,30,64,84,28,214,64,48,58,18,1476,412,80,62,18,32,254,192,44,196
ASV6084,128,232,162,94,130,110,92,286,164,18,238,86,266,16,110,70,78,256,8,58,52,10,30,16,104,12,24,26,170,122,140,8,116,284,384,74,16,230,160,42,128,22,22
ASV6145,384,242,706,122,88,132,44,424,108,140,956,356,52,20,260,920,30,196,206,534,76,4,2,14,82,24,194,254,0,4,26,76,20,210,264,90,42,100,222,16,162,100,390
ASV6268,0,0,0,0,0,2,0,0,0,0,0,0,0,0,0,0,0,0,0,0,0,0,0,0,0,0,2,0,0,0,0,0,4,0,0,0,0,0,0,0,0,0,0
ASV6279,6,16,10,116,74,68,20,6,4,168,8,128,6,126,14,20,34,130,20,322,64,4,8,20,80,2,6,4,12,12,20,8,10,10,12,186,76,324,14,4,6,4,14
ASV6294,180,1912,1564,2054,796,440,130,176,1090,796,390,700,1460,182,416,294,426,1196,188,98,610,162,528,1472,572,378,524,254,1680,804,384,934,152,788,2136,772,564,564,1466,1564,4372,684,546
ASV6336,0,0,0,0,0,0,0,0,0,0,0,2,0,0,0,0,0,0,0,0,0,0,0,0,2,0,0,0,0,0,0,0,0,0,0,2,0,0,0,0,0,0,0
ASV6358,22,2,2,0,0,10,0,34,2,8,36,78,0,2,0,36,0,0,0,2,0,0,4,0,2,0,0,0,2,2,12,2,1064,16,4,2,0,32,0,2,12,8,6
ASV6559,74,184,242,206,230,172,150,88,120,144,118,130,100,112,116,100,268,178,104,114,102,74,86,122,128,40,88,118,218,324,176,94,128,158,288,112,198,188,238,78,206,58,90
ASV6577,284,672,518,310,672,328,370,414,380,120,402,204,402,30,298,82,252,508,56,96,88,78,110,22,258,52,88,116,458,338,214,76,358,684,854,246,212,474,812,200,298,60,48
ASV6606,14,28,40,22,18,22,16,212,18,12,64,16,30,0,36,14,10,56,4,62,8,2,8,10,6,0,6,22,90,42,50,4,96,40,174,34,6,64,56,2,16,8,8
ASV6740,0,0,0,0,0,0,0,0,0,0,0,0,0,0,0,0,0,0,0,0,0,0,0,0,0,0,0,0,0,0,0,0,0,0,0,0,0,0,0,0,0,0,0
ASV6837,6,34,64,98,214,156,112,14,30,82,50,92,30,24,38,22,220,162,92,64,74,18,4,46,84,24,26,10,6,14,2,22,26,498,36,130,88,42,62,48,28,34,76
ASV6873,128,268,384,194,180,190,224,126,140,126,148,150,198,174,166,78,246,230,124,80,96,84,120,128,134,52,84,104,288,324,158,140,120,258,348,194,258,198,262,134,288,92,88
ASV7137,346,352,880,692,222,304,184,122,516,370,746,192,226,60,360,364,72,476,292,130,112,248,118,444,46,194,182,112,300,150,280,260,602,280,302,306,64,2238,174,56,320,580,300
ASV7270,46,144,66,458,102,180,48,92,102,58,72,28,268,26,62,122,106,318,22,42,148,4,18,16,60,46,22,212,176,40,32,6,34,128,308,52,24,448,154,42,50,22,30
ASV7271,132,160,156,74,82,66,26,324,126,22,228,38,172,8,102,62,48,206,6,44,46,12,22,2,54,8,8,22,124,128,132,8,142,250,352,72,18,244,152,38,96,12,12
ASV7565,170,230,354,960,870,1694,554,80,674,2212,348,1276,392,176,468,230,98,438,606,148,222,120,82,988,214,262,244,196,76,58,96,250,340,114,252,806,340,546,344,52,162,648,342
ASV7614,0,0,0,0,0,0,0,0,0,0,0,0,0,0,0,0,0,0,0,0,0,0,0,0,0,0,0,0,0,0,0,0,0,0,0,0,0,0,0,0,0,0,0
ASV7675,200,532,2046,182,144,36,84,826,608,166,2784,758,362,10,1262,764,10,730,14,494,118,18,114,10,32,4,112,88,32,26,46,220,14,484,1898,48,20,6,1082,68,358,132,316
ASV7718,124,348,214,168,326,150,152,212,134,42,242,86,176,22,184,52,136,234,30,64,54,30,50,18,126,28,54,50,228,210,124,68,200,360,344,112,122,226,366,94,168,28,34
ASV7780,8,30,24,10,120,60,40,4,40,26,24,34,10,42,10,14,100,40,42,20,10,8,32,26,18,12,54,32,26,12,8,28,10,618,22,112,48,4,16,22,54,26,44
ASV7823,0,2,0,4,2,2,0,0,6,0,2,2,0,2,4,0,0,2,2,2,0,0,0,0,0,0,8,10,2,2,2,2,0,6,0,0,4,2,2,0,4,0,4
ASV7883,2,54,40,314,504,680,378,10,32,324,26,258,74,30,32,14,790,284,364,72,108,8,2,32,324,90,44,4,14,2,4,30,10,192,56,194,354,8,32,48,54,34,128
ASV7906,84,204,240,188,162,192,190,92,108,144,94,106,128,134,158,66,302,188,100,102,138,90,106,116,144,48,98,170,188,268,184,106,120,180,240,124,198,170,232,106,240,54,84
ASV8018,176,404,290,136,320,140,150,236,152,50,332,76,216,10,178,84,140,242,32,68,60,30,62,18,152,18,32,60,274,230,190,64,204,374,450,146,140,284,384,120,174,48,58
ASV8269,138,360,294,188,268,138,90,262,148,52,226,76,158,26,126,40,164,292,62,74,82,36,72,44,138,46,26,94,436,344,200,42,166,226,502,134,136,300,430,116,212,82,68
ASV8287,12,48,36,256,2208,192,446,4,136,2604,56,528,56,30,52,18,70,104,1808,44,38,1732,84,4248,78,1820,1650,6,52,26,34,108,42,22,30,114,44,62,38,804,2690,3848,1288
ASV8686,124,300,288,174,276,140,64,274,166,66,260,66,220,18,158,82,146,320,62,94,84,30,56,10,100,24,38,90,404,218,192,56,208,272,556,86,102,278,254,150,204,26,36
ASV8750,2,4,0,0,2,2,0,0,0,2,0,0,0,0,0,0,0,0,0,0,0,0,0,0,0,0,2,0,0,0,0,0,0,0,0,4,0,0,2,0,0,0,0
ASV8784,114,292,268,150,296,130,130,202,186,68,188,88,214,16,148,64,160,194,32,68,60,34,66,28,108,26,46,38,230,216,130,28,198,342,392,132,86,246,386,122,178,44,24
ASV8801,2,0,0,2,0,0,0,0,6,0,0,2,2,24,2,2,2,2,0,2,2,0,0,0,0,0,8,0,2,2,0,0,0,12,2,2,4,4,6,0,6,2,2
ASV8853,72,1246,1042,972,216,238,44,110,584,322,222,292,712,84,226,128,220,660,58,52,194,66,168,276,256,156,266,130,830,452,176,302,68,380,1410,422,256,240,864,558,970,280,184
ASV8955,180,452,362,222,474,190,202,336,176,62,330,162,264,24,222,40,162,306,24,82,80,38,72,30,192,26,24,68,334,226,176,62,240,396,542,180,136,290,470,92,216,62,58
ASV9346,0,0,2,0,0,0,0,0,0,0,2,0,0,0,0,2,0,0,0,0,0,0,0,0,0,0,0,0,0,0,0,0,2,0,0,0,0,0,0,0,0,0,0
ASV9439,18,46,52,6,46,8,6,46,30,0,128,4,28,4,44,36,286,76,36,10,12,4,10,18,12,28,22,16,74,24,12,22,12,742,196,50,20,12,18,82,70,36,68
ASV9583,12,2,24,24,62,44,20,12,0,20,8,28,6,20,8,24,420,40,174,12,8,10,24,14,10,44,56,20,26,6,10,36,4,40,22,40,80,2,6,30,32,26,52
ASV9692,8,74,40,84,306,370,76,10,58,206,52,268,34,62,28,42,44,22,46,20,34,88,40,130,70,22,32,70,70,82,58,146,24,304,72,72,52,154,60,32,228,74,72
ASV9811,16,100,46,78,86,52,2,14,186,26,80,88,116,6,174,10,32,50,26,50,48,12,4,36,16,6,68,8,10,22,16,34,62,4,52,48,0,480,54,20,16,126,26
ASV9850,568,208,1206,36,24,56,28,638,56,54,948,132,16,8,102,1248,16,74,30,168,20,0,2,8,52,6,46,64,2,2,6,28,22,236,312,20,14,104,156,4,22,52,108
ASV9895,6,16,54,8,2274,2,4,24,18,14,98,204,52,2,148,2,2,300,4,16,92,0,4,6,0,0,2,46,2,12,4,48,0,0,18,10,458,24,0,4,58,14,34
ASV9993,0,30,4,3252,6144,2056,290,0,50,1972,4,792,126,62,26,6,46,1516,28,594,1306,0,0,58,2938,4,2,0,2,2,0,0,0,6,54,434,894,6,42,2,0,0,0
ASV10017,6,102,60,154,298,44,486,14,82,54,42,50,142,56,42,20,584,146,68,18,80,22,78,48,176,36,56,12,232,48,14,26,8,58,180,146,134,64,240,138,140,62,38
ASV10157,0,0,0,0,0,4,0,0,2,0,0,0,2,18,4,0,2,0,2,4,0,0,0,0,0,0,8,0,0,0,0,2,0,0,0,12,2,0,0,0,6,0,0
ASV10166,4,0,4,0,14,0,0,0,2,0,0,0,4,4,2,0,2,4,4,4,0,0,0,0,0,0,40,2,0,0,0,22,0,2,0,4,46,2,0,8,22,12,236
ASV10288,8,10,28,34,12,30,16,2,2,12,14,388,12,44,54,10,26,102,6,20,22,0,4,14,0,18,34,30,6,10,22,34,36,2,36,6,0,28,4,4,16,14,10
ASV10296,0,346,0,0,2,0,0,0,0,4,190,2,0,0,0,0,0,2,0,4,0,0,0,26,2,2,4,0,0,6,0,2,0,0,4,8,6,0,0,0,0,0,2
ASV10353,140,336,284,194,370,122,180,206,144,44,226,114,186,10,184,28,136,238,46,70,38,42,52,18,134,20,26,42,214,194,132,88,176,276,476,160,142,196,392,98,174,68,44
ASV10424,12,48,36,12,54,16,16,40,28,8,92,24,36,4,34,54,236,66,36,8,8,6,8,26,18,34,30,10,82,16,16,12,22,734,202,28,30,2,22,74,118,18,76
ASV10501,60,1072,956,654,150,174,24,88,442,220,184,124,550,34,176,84,186,572,64,28,156,54,162,114,164,112,236,90,774,402,152,212,80,360,1470,184,162,262,776,448,908,242,146
ASV10552,24,62,14,66,0,36,0,48,38,32,16,10,50,16,22,14,34,84,12,0,16,0,6,12,10,24,14,12,18,6,22,8,6,30,178,22,2,496,46,4,30,12,114
ASV10598,0,22,150,10,2,24,12,34,6,24,126,348,8,2,50,26,8,68,12,6,6,0,8,2,0,2,8,40,0,4,4,76,8,6,44,4,8,6,4,4,50,64,10
ASV10644,34,184,142,128,570,244,116,50,66,80,90,108,46,62,50,40,134,98,96,38,44,16,46,288,140,24,24,26,164,134,76,58,78,108,148,200,270,56,112,72,128,32,32
ASV10649,800,1020,4544,274,130,1220,1414,3248,272,3126,5716,6186,236,20,2154,3176,2,538,4,596,142,36,134,6,1302,0,12,44,150,48,112,866,12,1126,4188,50,32,28,1000,592,1240,708,70
ASV11175,48,304,162,220,70,72,12,58,176,86,102,62,246,42,72,42,202,286,14,38,144,14,56,22,140,48,84,50,270,128,70,48,62,200,464,60,148,154,334,186,228,80,48
ASV11360,150,334,304,176,268,146,184,202,152,54,232,148,194,28,184,90,146,264,48,74,80,34,62,14,132,26,70,60,276,188,136,42,156,266,388,122,78,184,344,76,220,56,42
ASV11437,8,114,52,114,384,68,242,14,76,78,28,74,96,50,22,8,290,156,42,12,78,4,32,58,160,32,40,2,96,32,26,22,2,54,174,84,132,72,150,74,112,18,14
ASV11920,60,162,90,182,108,140,62,86,208,114,216,196,66,150,86,38,8,16,82,78,32,40,6,204,40,22,20,88,34,102,168,108,70,80,52,408,124,276,156,14,264,102,172
ASV12066,0,0,0,0,0,0,0,0,0,0,0,0,0,0,0,0,0,0,0,0,0,0,0,0,0,0,0,0,2,0,0,0,0,0,0,0,0,0,0,0,0,0,0
ASV12095,0,46,46,248,554,236,162,18,68,146,46,118,48,16,66,2,636,354,176,162,174,18,16,54,288,50,14,10,62,18,12,24,10,88,102,102,180,6,60,50,56,6,32
ASV12467,0,0,0,0,0,0,0,0,0,0,0,0,0,10,0,0,0,0,0,0,0,0,0,0,0,0,0,0,0,0,0,0,0,0,0,0,0,0,0,0,0,0,0
ASV12531,6,18,28,4,70,20,10,4,2,12,20,26,4,26,18,6,50,20,34,8,8,2,36,12,6,2,12,12,8,12,4,16,4,250,20,44,36,4,10,10,18,6,18
ASV12777,8,26,42,304,700,206,76,8,28,152,32,120,42,10,30,12,296,336,132,180,146,2,6,34,128,12,22,22,44,6,6,14,6,70,44,50,70,2,24,14,22,16,30
ASV13051,18,2,428,0,4,64,4,236,2,46,912,1708,2,0,26,126,4,2,0,0,0,0,0,0,2,0,0,0,0,0,2,266,2,56,54,2,0,0,0,4,26,110,0
ASV13711,10,28,38,10,22,8,8,18,6,10,60,18,16,0,22,26,106,52,10,10,6,4,8,16,6,30,16,14,44,10,14,6,4,358,128,22,6,8,4,42,36,6,28
ASV13776,8,30,52,8,40,8,10,26,10,12,58,6,20,10,20,22,156,92,18,14,12,4,10,8,10,20,24,18,50,10,18,2,6,572,134,32,18,8,10,70,50,18,36
ASV13808,6,24,30,58,812,296,448,2,14,70,22,210,38,22,26,12,1074,86,446,18,20,4,14,30,108,96,74,12,20,4,4,32,4,72,36,224,534,4,26,32,26,28,174
ASV14068,8,18,4,88,148,122,100,6,4,102,8,60,26,12,0,8,504,110,250,34,24,2,4,22,84,46,16,2,4,4,0,16,8,82,28,90,136,2,16,34,16,16,64
ASV14116,10,20,26,2,2,6,2,82,4,0,46,364,0,12,122,166,2,12,2,0,0,2,8,2,0,2,14,54,8,14,166,218,40,34,46,2,0,0,2,4,34,26,0
ASV14217,2,58,262,56,24,68,42,6,14,44,436,606,6,20,266,128,130,28,88,2,20,12,8,38,10,26,116,54,20,2,6,104,0,62,416,82,10,0,8,10,74,46,362
ASV14241,8,52,30,102,246,82,176,16,38,42,14,72,60,26,18,2,284,98,32,4,54,8,2,50,120,14,26,10,60,24,18,6,0,34,100,82,132,74,82,32,26,20,12
ASV14317,0,0,0,0,0,0,0,0,0,0,0,0,0,0,0,0,0,0,0,0,0,0,0,0,0,0,0,0,0,0,0,0,0,0,0,0,0,2,0,0,0,0,0
ASV14559,360,40,180,24,2,38,8,3454,26,38,1692,54,12,0,60,794,0,16,0,40,34,0,0,0,28,0,0,26,6,4,8,6,4,128,644,2,0,2,26,0,10,2,0
ASV14675,196,764,360,796,1092,922,126,146,1472,338,234,342,302,62,230,40,128,176,206,48,80,146,26,776,128,36,256,186,300,192,222,320,84,152,362,1044,190,120,590,82,1840,354,260
ASV14783,4,2,18,0,0,6,4,36,4,32,28,374,0,0,22,8,4,2,0,2,2,2,0,0,8,2,2,6,0,0,0,18,22,2,12,10,0,18,2,6,14,20,4
ASV15044,142,48,20,46,0,54,0,116,18,60,38,0,42,4,22,126,8,50,2,4,14,16,24,2,12,4,16,40,36,12,382,2,12,62,168,14,2,186,58,14,12,2,38
ASV15519,226,38,404,2,2,6,6,182,12,24,408,24,10,0,16,170,4,8,2,8,4,0,0,2,16,4,8,24,2,0,6,4,2,194,70,6,0,4,22,4,18,16,10
ASV16093,20,88,102,82,194,68,68,18,90,56,54,40,54,28,18,18,88,96,74,32,58,30,44,106,78,16,28,30,118,86,44,40,46,274,136,110,106,40,138,64,104,40,30
ASV16969,6,16,8,4,14,6,0,12,4,0,38,2,8,2,2,14,122,54,24,2,0,0,10,8,6,8,12,6,22,12,12,10,0,260,38,34,16,0,2,16,36,4,42
ASV17246,2,64,36,416,606,232,80,12,60,216,38,82,220,16,52,6,68,702,62,242,282,10,8,2,360,24,16,8,24,22,6,38,0,138,178,62,224,12,70,24,32,16,62
ASV18779,8,32,26,4,22,2,6,12,14,4,38,8,14,0,20,4,40,32,0,4,2,0,6,8,10,12,12,0,20,6,6,2,2,244,72,2,8,16,2,14,22,8,6
ASV19563,2,28,16,20,78,10,2,8,8,10,12,10,14,16,14,0,6,132,4,30,2,2,4,2,0,0,24,20,0,0,8,30,0,2,0,8,62,10,0,4,26,16,950
ASV19948,12,0,46,0,0,156,100,134,2,256,62,254,0,0,2,48,0,0,0,0,0,8,14,0,132,0,0,2,54,8,28,56,4,6,10,2,2,0,2,40,392,72,0
ASV20649,202,96,88,10,0,0,0,188,16,0,270,10,0,4,154,304,18,26,34,66,4,2,2,2,0,16,42,90,30,50,150,74,290,72,68,0,2,12,26,14,26,20,60
ASV21209,0,0,0,0,0,0,0,0,0,0,0,0,0,0,0,0,0,0,0,0,0,0,2,0,0,0,0,0,0,0,0,0,0,0,0,0,0,0,0,0,0,0,0
ASV21211,0,0,6,2,0,0,0,0,2,0,2,0,0,2,0,0,0,0,0,0,0,0,0,0,0,0,0,0,0,0,0,0,0,2,0,0,0,2,2,2,0,0,0
ASV21262,6,18,18,4,12,4,6,8,4,4,54,10,12,0,2,12,72,12,6,6,4,0,2,6,0,12,8,8,38,2,6,12,2,238,38,10,0,2,6,24,18,12,28
ASV23623,24,180,88,366,58,80,72,30,192,30,42,42,408,34,62,130,220,338,34,60,196,10,36,28,66,62,52,26,208,60,34,18,20,90,276,66,56,266,308,68,112,26,42
ASV23764,2,0,12,0,0,68,26,14,0,134,46,1230,0,2,22,6,0,0,0,0,0,0,0,0,74,0,0,2,0,0,2,24,26,18,78,0,0,26,0,0,6,12,0
ASV23943,0,0,8,2,58,4,16,0,2,4,26,52,0,0,0,0,22,12,206,8,0,10,6,36,0,24,4,0,2,4,0,22,0,0,0,24,4,0,0,4,8,8,514
ASV24048,210,8,62,0,4,8,8,594,2,20,154,32,4,0,2,62,0,8,2,0,0,0,4,0,10,0,0,6,0,4,2,2,10,34,6,0,2,20,2,0,2,2,0
ASV24515,6,34,42,8,0,0,0,0,36,0,54,4,290,0,38,6,2,20,0,6,16,0,0,0,0,0,0,2,0,0,2,2,0,2,2,0,0,2,8,0,0,0,0
ASV26873,0,2,2,0,0,0,0,2,0,2,2,2,0,0,6,2,0,0,0,2,0,2,0,0,0,2,0,0,0,0,0,4,100,0,0,0,0,916,0,0,2,0,4
ASV28460,78,2,110,0,4,4,0,654,4,10,286,62,2,0,32,310,0,8,0,10,0,0,0,0,8,0,2,6,0,2,2,12,2,30,166,0,0,4,4,0,6,0,0
ASV28952,688,424,1302,74,68,142,48,898,100,108,898,224,70,74,336,1484,44,216,58,102,96,4,2,14,68,20,32,34,6,12,56,26,4,374,464,54,14,16,246,6,38,40,88
ASV31483,2,30,12,180,122,92,32,6,36,68,12,50,76,4,14,6,14,352,24,70,92,4,2,2,126,8,10,2,4,4,10,10,6,62,60,34,96,4,20,26,16,6,18
ASV31960,6,208,298,104,18,136,24,54,4,170,920,7220,0,10,1920,414,8,2,0,6,24,0,0,2,14,0,2,48,6,2,14,1120,0,456,4742,6,2,0,4,26,276,706,2
ASV33990,2,24,12,78,6,8,0,2,2,24,14,2,20,0,4,0,10,90,2,20,34,0,6,0,42,4,2,0,10,2,2,6,8,362,16,8,14,0,16,2,16,2,6
ASV34351,136,418,1126,444,104,114,50,242,130,304,1724,576,140,16,954,928,2,356,6,380,148,6,44,8,50,0,4,0,8,16,6,56,0,186,1602,26,42,12,340,38,150,56,22
ASV34484,96,38,88,4,0,4,4,968,22,0,432,2,4,0,18,300,0,10,0,10,12,0,0,0,2,0,0,4,0,0,4,2,0,42,344,0,0,4,28,2,2,0,0
ASV35177,300,94,2404,2,2,10,8,178,12,26,2044,10,4,4,38,1078,0,14,0,4,2,6,2,0,16,0,4,20,4,8,2,2,4,1006,156,0,0,0,40,0,10,6,8
ASV37630,6,56,22,72,204,128,78,4,94,64,212,252,56,268,16,2,714,94,670,54,38,8,12,314,16,374,52,220,6,6,36,52,0,4,12,238,192,0,24,8,122,14,1754
ASV39690,0,0,0,0,0,2,0,0,0,0,0,4,0,22,0,0,0,0,0,0,0,0,0,0,0,0,0,2,0,0,0,0,0,0,0,0,0,0,0,0,0,0,0
ASV41264,26,4,78,0,0,252,24,32,6,184,48,312,0,0,0,36,0,0,0,0,0,4,4,0,180,0,0,2,8,2,10,330,2,8,16,0,2,0,0,68,220,242,0
ASV41547,0,0,0,0,0,0,0,0,0,0,0,32,0,0,0,0,0,0,0,0,0,0,2,0,0,2,0,254,10,24,314,34,0,0,0,0,0,0,0,4,18,2,0
ASV45181,0,2,0,0,2,4,0,0,2,4,0,0,0,8,0,2,0,0,0,0,0,0,0,0,0,0,0,2,0,0,4,0,2,8,6,102,676,8,0,0,4,2,0
ASV46835,16,8,538,8,0,116,10,192,2,136,1012,1782,4,0,46,156,2,54,0,0,2,0,0,0,30,0,0,4,2,0,0,48,2,82,922,2,0,0,10,2,24,74,2
ASV49704,2,6,0,16,0,16,16,0,12,10,6,4,18,2,4,0,10,6,470,10,2,0,0,0,8,8,42,6,0,4,8,60,0,0,0,0,0,4,6,6,24,36,128
ASV52556,0,0,0,40,20,842,412,0,0,134,0,10,2,0,0,0,0,14,0,12,2,0,0,0,166,0,0,0,0,0,0,0,0,0,0,0,2,0,2,0,0,0,0
ASV52988,72,0,44,0,0,0,0,1036,0,0,70,0,0,0,4,56,0,0,0,0,0,0,0,0,0,0,0,0,0,0,0,0,0,14,4,0,0,0,2,0,0,0,0
ASV61337,0,0,36,0,0,0,0,272,0,0,108,30,0,0,4,18,0,2,0,0,0,0,0,0,0,0,2,0,4,0,10,32,4,12,6,0,0,0,0,2,16,8,0
ASV66036,0,0,0,0,0,2,14,0,0,8,0,380,0,0,0,0,0,0,0,0,0,0,4,0,2,0,0,6,0,2,0,208,0,0,0,0,0,2,0,2,30,84,0
ASV77581,4,0,2,0,0,154,58,24,0,240,4,150,0,0,0,2,0,0,0,2,0,2,10,0,230,0,0,0,22,8,8,52,0,0,0,0,0,0,2,60,110,96,0
ASV87342,0,6,0,0,24,0,6,0,2,2,28,2,42,6,4,0,138,14,344,28,0,68,52,42,0,40,338,88,0,0,722,72,0,0,0,34,0,0,0,0,88,32,600
ASV98498,0,6,4,6,330,32,146,0,8,34,46,1058,10,70,0,0,220,32,704,12,6,168,86,782,4,318,18,6,6,20,2,132,0,0,0,116,90,0,14,14,116,2,304
ASV99965,90,0,66,0,0,0,0,938,0,0,74,4,0,0,0,24,0,0,0,0,0,0,0,0,0,0,0,0,0,0,0,0,2,12,6,0,0,0,0,0,0,0,0
ASV105966,0,0,0,0,0,0,0,0,0,0,0,2,0,6,0,0,0,2,0,0,0,0,0,0,0,0,0,0,0,0,0,0,0,0,0,2,8,2,0,0,0,0,0
ASV106008,26,412,260,422,862,128,978,96,220,154,104,208,348,158,168,70,1554,584,206,52,206,108,292,178,482,130,234,56,802,198,82,72,58,248,892,336,340,236,722,566,518,170,84
ASV106518,18,16,80,10,4,36,8,78,6,118,78,476,4,0,22,22,2,28,4,12,8,0,2,0,16,0,6,80,12,4,4,42,2,22,48,2,4,12,12,8,52,26,22
ASV108102,132,296,312,200,294,206,96,360,198,134,250,92,222,46,220,82,236,412,58,196,138,48,110,34,134,24,36,172,510,356,236,82,424,200,686,178,168,362,452,122,206,28,72
ASV111920,0,2,0,0,4,6,2,0,0,2,2,16,2,8,4,0,0,0,0,0,2,0,0,0,0,0,0,0,0,0,0,0,0,0,2,2,0,0,2,0,2,0,2
ASV115155,16,100,136,238,116,624,140,18,166,700,94,802,40,56,40,16,10,12,32,14,64,26,14,88,208,26,26,92,10,60,68,168,20,20,36,260,152,806,142,26,164,38,48
ASV134653,0,0,0,0,0,0,0,0,0,0,2,0,2,6,0,0,0,0,0,4,0,0,0,0,0,0,0,0,0,0,0,0,0,0,0,0,2,0,0,0,0,0,0
ASV138035,834,2666,2038,5218,4712,12296,5998,558,3340,7102,2580,5448,3226,6556,2972,3010,2036,2330,3984,1622,4236,8478,6594,2696,3650,7608,8010,3020,3022,1962,2772,3850,1770,1352,2738,6952,8916,1620,3902,2834,4146,2992,2110
ASV138204,158,220,462,114,0,4,32,204,26,8,492,234,164,24,224,360,18,4622,20,0,48,2,2,0,0,22,202,48,8,10,42,62,36,112,56,20,0,8,6,6,32,26,16
ASV146361,2,2,8,14,196,18,56,4,30,312,16,60,10,4,0,12,12,10,274,6,4,352,18,398,8,372,316,6,28,0,4,12,10,0,2,20,2,8,0,92,340,488,150
newASV1,158,744,592,574,3296,476,1150,96,1608,666,4072,1708,874,78,60,78,3600,3728,18692,790,530,2802,1900,2544,112,2108,3818,398,832,560,1778,3848,0,190,48,3434,548,2,1278,146,6992,842,39748
newASV8,0,0,0,0,0,0,0,0,0,0,6,2,0,20,0,0,0,0,0,0,0,0,0,0,0,0,0,4,0,0,0,0,6,0,0,2,4,0,0,0,4,0,0
newASV13,8,44,48,62,1612,384,1142,2,122,342,878,3416,68,162,8,6,374,358,676,156,86,122,38,1194,10,222,24,4,14,402,52,198,0,4,0,838,1396,0,132,0,90,46,1724
newASV18,0,0,0,0,0,0,0,0,0,0,0,4,0,40,0,0,0,0,2,4,0,0,0,0,0,0,0,12,0,0,0,2,8,0,0,4,4,0,0,0,2,0,4
newASV20,0,4,24,22,130,26,50,4,38,34,210,484,28,112,12,4,258,166,1378,68,56,832,158,600,0,370,42,10,12,10,54,324,0,2,0,178,66,2,22,54,228,26,1560
newASV21,16,18,22,72,500,8,14,2,2,30,14,26,46,2,18,2,72,494,90,42,8,2,6,2,2,2,94,12,0,0,12,96,16,8,0,8,154,42,4,12,232,24,3526
newASV30,194,92,1078,0,0,8,4,1616,4,8,920,18,0,2,52,682,0,2,0,0,0,0,0,0,4,0,0,0,0,0,8,2,0,298,298,0,0,0,64,2,12,4,2
newASV31,0,26,2,60,198,130,110,0,12,28,2,272,18,104,10,0,2466,16,648,34,24,0,0,680,32,214,4,0,2,0,0,16,0,0,18,202,202,0,8,0,0,6,20
newASV59,120,90,636,0,0,0,0,1056,0,2,516,32,0,0,26,494,0,0,0,0,0,0,0,0,2,0,0,2,0,0,2,8,0,190,202,0,0,0,32,0,2,0,0
newASV73,0,0,2,4,24,8,0,0,0,2,0,56,0,42,28,0,74,12,60,2,2,0,12,30,4,26,136,524,0,2,10,88,8,2,4,36,18,12,2,34,88,62,88
newASV76,18,10,56,14,2,2,0,16,2,4,160,16,2,0,4,10,4,14,2528,16,10,2,2,0,0,0,12,0,0,0,26,6,0,16,0,6,0,6,6,0,2,2,132
newASV88,0,0,0,0,0,0,0,0,0,0,0,0,0,2,0,0,0,0,0,0,0,0,0,0,0,0,0,0,0,0,0,0,0,0,0,0,0,0,0,0,4,0,0
newASV102,0,0,6,0,0,0,0,2,10,0,0,0,0,4,0,0,274,0,46,0,0,6,78,14,0,6,90,30,0,0,6,22,0,0,2,46,16,0,0,208,864,48,76
newASV146,8,8,18,48,224,116,78,0,18,44,76,224,44,10,4,2,4,58,454,56,52,30,34,0,18,18,16,6,0,4,18,24,0,2,0,24,8,0,36,2,56,18,156
newASV151,28,0,28,0,0,182,30,70,6,80,30,258,0,0,6,16,0,0,0,0,0,0,12,0,140,0,0,12,0,2,0,294,4,14,0,0,0,2,0,60,194,212,0
newASV185,0,22,40,4,0,4,0,2,2,28,6,428,18,0,374,4,0,702,0,10,2,0,2,0,0,0,0,0,0,0,0,16,0,0,6,2,0,4,0,0,0,18,0
newASV201,20,2,54,2,4,6,0,8,8,2,340,0,14,2,6,12,70,4,4,4,2,16,2,0,0,0,0,2,0,70,46,0,0,6,30,92,4,0,62,2,2,0,544
newASV219,0,0,0,0,4,0,0,0,0,0,0,0,0,0,0,0,54,0,264,0,0,2,0,324,0,418,0,0,0,0,2,0,0,0,0,10,2,0,0,0,6,0,202
newASV223,0,0,0,4,26,4,4,2,20,0,12,6,4,164,0,0,88,14,328,10,0,0,2,80,0,30,4,26,0,2,8,4,0,2,0,46,100,0,4,4,2,0,276
newASV235,18,0,120,2,10,0,2,8,12,2,246,0,24,0,0,8,18,38,188,16,0,2,0,0,0,0,6,0,0,0,4,12,0,10,0,0,2,2,18,0,64,2,298
newASV246,0,0,0,0,34,0,6,2,6,8,16,12,2,4,0,0,152,42,162,2,2,20,78,30,0,20,276,6,2,4,188,88,0,0,0,20,4,0,0,0,16,14,312
newASV370,0,0,0,2,48,14,6,0,2,4,2,24,2,12,0,0,118,10,196,2,6,22,6,42,0,56,0,0,0,0,6,6,0,0,0,22,36,0,0,0,2,0,242
newASV397,18,4,98,0,0,0,0,444,0,0,80,10,0,0,0,110,0,0,0,0,0,0,0,0,0,0,0,0,0,0,0,0,0,32,30,0,0,0,2,0,0,0,0
newASV2657,0,2,0,0,10,0,2,0,2,0,10,4,0,0,0,2,16,10,202,0,0,0,4,14,0,0,2,2,0,0,4,0,0,0,0,8,0,0,0,0,10,0,374
newASV20487,42,166,110,214,220,280,238,42,166,308,118,162,164,194,124,216,94,114,154,58,166,396,284,72,156,188,400,218,176,120,118,118,66,72,118,238,316,54,176,102,200,114,104
newASV27928,178,144,166,122,16,84,28,102,118,60,244,76,154,30,122,370,8,52,24,44,60,144,58,8,16,54,70,174,110,108,110,60,164,84,86,32,40,70,84,20,64,56,30
newASV29032,0,0,0,0,14,0,0,0,0,0,2,0,0,0,2,0,2,14,24,0,0,0,0,0,0,0,6,0,0,0,0,0,0,0,0,4,0,0,2,0,10,4,360
newASV29610,130,208,278,316,146,166,128,72,268,200,328,112,242,166,262,318,104,152,152,154,142,292,312,70,140,172,278,310,270,194,200,250,240,104,186,262,156,108,220,126,290,186,116
newASV38463,1126,2020,1956,2554,1126,3350,1734,468,1962,2642,2384,1752,2022,1582,2448,4068,430,880,1196,552,1384,3888,2958,634,992,2794,3742,2992,1850,1766,2774,1514,1256,710,1444,2100,2350,704,1676,958,1694,1390,904
newASV41531,36,76,72,136,130,404,184,18,92,272,102,148,94,162,60,176,46,42,104,22,122,320,226,56,94,334,290,116,96,46,142,98,38,24,88,186,254,12,100,96,108,120,60
newASV47101,370,1066,1016,1346,514,924,562,186,1108,762,1058,484,1022,608,1094,1180,302,498,532,456,678,1024,1050,244,554,522,1056,1272,962,870,900,754,732,588,726,1048,836,516,984,284,966,612,342
