ASV,MQ211208-1,MQ211208-2,MQ211208-3,MQ211208-4,MQ211208-7,MQ211208-8,MQ211208-10,MQ211208-11,MQ211208-12,MQ211208-13,MQ211208-14,MQ211208-15,MQ211208-16,MQ211208-17,MQ211208-18,MQ211208-22,MQ211208-23,MQ211208-24,MQ211208-25,MQ211208-26,MQ211208-27,MQ211208-28,MQ211208-30,MQ211208-31,MQ211208-32,MQ211208-34,MQ211208-35,MQ211208-36,MQ211208-37,MQ211208-38,MQ211208-39,MQ211208-40,MQ211208-42,MQ211208-44,MQ211208-45,MQ211208-46,MQ211208-47,MQ211208-48,MQ211208-49,MQ211208-50,MQ211208-51
ASV1,5,3475,38,2229,142,178,1,186,4,0,33,51,21,9,138,48,78,80,0,43,119,47,2578,1749,8,0,70,87,1751,21,1186,137,30,49,18,28,4,10,8,2323,101
ASV2,13,1383,89,953,118,172,1,61,4,2,20,32,4,4,14,11,15,32,0,46,23,11,1360,611,14,0,39,73,1288,18,284,83,14,14,14,46,6,6,4,1553,67
ASV4,6119,10991,15888,20328,26158,13291,679,6978,25557,138,34292,19118,8240,8937,8226,14884,6722,7951,7,10139,32296,16075,17987,15326,11248,18,27886,33711,22733,21397,11151,21214,12665,4019,20161,16771,27733,17064,12868,4307,10111
ASV5,0,104,6,84,21,10,0,4,0,0,0,1,0,2,8,9,11,4,0,4,11,1,77,42,0,1,6,8,69,3,53,6,3,2,1,19,0,3,0,817,8
ASV6,5,377,26,284,69,48,22,47,9,7,24,31,17,7,33,42,18,42,0,59,112,37,318,190,10,0,25,50,276,24,135,34,7,9,12,21,16,19,40,631,22
ASV8,0,8,0,11,2,0,0,2,0,0,2,0,0,0,0,1,0,2,0,0,3,0,7,5,0,0,1,1,0,2,7,0,0,0,0,0,0,0,0,52,2
ASV10,10,156,14,95,33,20,7,27,9,4,31,24,16,9,34,39,23,20,0,20,68,39,153,140,14,0,36,80,157,23,58,32,16,4,23,19,22,27,14,207,24
ASV11,2,236,23,183,61,46,0,30,3,0,7,22,3,3,1,1,10,5,0,7,3,3,212,83,8,0,41,6,185,2,46,6,1,3,10,7,0,0,2,2340,17
ASV12,4,669,10,456,82,49,0,28,6,0,14,20,5,4,26,16,19,15,0,13,28,12,544,259,6,0,18,32,423,3,232,23,5,9,1,10,1,1,1,287,18
ASV13,2774,4564,7029,8852,11412,5627,273,2854,10761,57,15028,8399,3436,3818,3682,6436,2903,3519,8,4661,13964,6759,7744,6796,4950,13,12856,15119,9720,9150,4972,9413,5637,1655,8759,7337,11970,7747,5903,1973,4164
ASV15,1,514,3,226,36,34,3,20,1,2,3,4,8,0,24,8,14,10,0,18,23,8,492,323,1,0,6,11,277,3,299,16,7,6,3,6,1,2,3,140,21
ASV16,0,80,2,60,8,4,0,3,1,0,1,5,12,0,5,2,1,5,0,9,2,1,31,35,3,0,8,0,20,0,31,5,2,1,9,3,1,0,0,365,9
ASV17,91,878,557,1695,428,806,268,5241,4643,129,2893,2853,1464,2263,1018,2240,1362,792,1,4961,2535,3466,1842,911,2501,1,3800,146,803,1839,1410,708,533,206,643,614,533,637,1066,418,1328
ASV18,0,2,0,9,0,0,0,1,0,0,0,0,0,0,0,0,0,0,0,0,0,0,2,1,0,0,0,0,2,0,5,0,0,0,0,0,0,0,0,1,0
ASV19,0,199,5,130,6,13,0,9,0,0,2,4,1,0,4,2,6,2,0,3,4,5,77,121,0,0,6,2,63,4,36,5,4,1,0,5,0,0,0,267,8
ASV20,1,107,7,98,2,26,1,184,15,0,8,50,2,9,7,5,20,0,0,21,7,8,38,38,35,0,57,1,31,10,80,7,6,10,1,13,1,1,9,822,5
ASV21,0,7,1,36,2,1,0,8,4,0,4,0,0,1,9,1,0,0,0,5,1,3,4,1,12,0,1,0,6,0,11,0,1,0,1,0,2,1,0,2,0
ASV22,1,249,17,211,56,36,7,35,13,10,17,20,19,4,28,17,17,25,0,58,21,8,203,113,11,0,36,14,140,13,109,15,8,10,8,11,3,10,21,229,7
ASV23,0,0,1,0,0,0,0,0,0,0,0,0,0,0,0,1,0,1,0,0,0,0,0,0,0,0,3,0,0,0,0,0,0,0,43,0,0,0,1,0,0
ASV24,0,5,0,7,0,7,0,4,0,0,0,0,0,0,0,0,0,0,0,0,0,0,3,2,0,0,0,0,0,1,12,1,0,0,0,0,0,0,0,2,1
ASV26,7,133,4,65,8,21,10,19,18,4,28,16,16,8,34,50,14,14,0,20,124,57,108,56,5,0,17,28,61,18,63,16,11,3,17,11,8,20,31,341,25
ASV27,0,32,2,19,3,3,0,4,0,1,0,0,0,0,3,6,0,0,0,7,2,1,27,12,0,0,1,0,27,0,15,3,0,2,4,6,0,1,0,155,3
ASV28,2,29,37,53,16,26,2,136,172,1,153,488,1,51,2,1,37,6,0,30,5,8,40,16,92,0,102,3,17,56,41,6,5,19,79,14,6,1,10,115,7
ASV30,0,216,1,137,16,13,4,12,1,2,3,9,0,1,10,0,11,10,0,5,15,5,179,111,1,0,3,2,123,2,62,15,1,5,3,1,1,1,1,138,4
ASV31,1,26,28,70,68,3,0,25,3,0,2,8,7,6,17,8,14,7,0,10,10,21,16,10,14,0,24,22,27,5,61,3,1,16,4,64,3,7,3,906,7
ASV32,0,95,0,95,4,2,0,9,1,0,0,4,2,0,6,1,6,2,0,5,1,0,49,25,1,0,4,1,29,1,144,1,1,1,4,0,0,0,2,99,20
ASV33,0,5,0,11,0,1,0,3,0,1,3,2,0,1,1,0,3,1,0,6,1,1,4,7,2,0,1,0,6,0,35,0,0,0,0,1,3,0,0,19,9
ASV34,0,11,3,18,1,1,0,12,4,0,0,8,2,3,3,4,2,0,0,5,0,2,5,2,9,0,6,1,4,1,11,2,0,2,0,0,0,1,1,3,2
ASV35,4,289,1,192,11,26,0,13,1,1,1,8,4,0,9,5,4,14,0,13,12,2,219,137,2,0,2,4,174,0,148,14,2,2,1,2,1,0,2,149,32
ASV36,0,274,12,227,66,19,0,11,0,2,4,18,3,1,7,4,6,13,0,9,5,6,261,150,3,0,25,9,231,2,106,9,2,3,4,24,0,2,0,1539,12
ASV40,4,539,105,535,37,51,0,235,7,0,16,38,7,4,30,10,84,18,0,19,48,7,360,220,24,0,44,36,217,7,623,22,11,29,12,7,3,3,19,43,10
ASV41,0,169,5,126,13,9,0,5,0,0,4,5,1,0,2,4,3,3,0,2,8,4,134,76,2,0,3,9,111,2,50,10,1,0,1,9,0,0,4,619,3
ASV43,0,12,1,11,2,4,0,0,0,0,0,0,0,0,2,0,0,0,0,0,0,0,6,2,0,0,3,0,1,0,3,0,0,0,0,0,0,0,0,0,0
ASV44,2,52,9,67,11,7,0,20,5,1,10,29,3,6,3,4,14,7,0,15,10,3,40,44,9,0,34,5,39,3,44,4,1,19,11,15,1,2,5,290,16
ASV45,0,4,0,10,0,0,0,1,0,0,0,0,0,0,0,0,0,0,0,3,1,0,3,2,0,0,0,0,1,0,3,0,0,0,0,0,0,0,0,13,1
ASV47,440,1000,2302,1815,1252,893,201,1335,2123,139,1563,1087,937,506,1112,1262,1189,1078,1,1122,1400,1593,1086,741,1386,0,1254,1209,1157,1928,1179,985,598,1175,1129,1427,646,904,835,568,1191
ASV50,3,207,26,267,27,40,29,53,40,24,50,21,302,13,108,57,50,62,0,113,333,42,203,117,15,0,30,46,164,25,98,21,14,30,22,11,21,21,75,11,11
ASV51,0,60,1,23,7,4,0,2,0,0,2,1,0,0,3,3,3,3,0,2,0,2,64,49,0,0,5,8,47,1,31,1,2,0,3,1,0,3,0,305,11
ASV52,0,14,0,19,0,0,0,4,0,0,0,0,0,0,2,1,3,0,0,3,1,2,4,10,0,0,2,0,6,0,14,0,0,0,0,1,2,0,0,78,3
ASV54,0,12,0,8,1,3,0,2,0,0,1,0,0,0,1,0,0,0,0,0,1,0,14,5,0,0,1,0,2,0,0,0,0,0,0,2,0,0,0,115,2
ASV55,0,25,1,16,2,1,0,6,2,0,0,0,1,0,2,6,2,3,0,0,8,1,27,20,0,0,1,0,20,0,13,2,0,0,0,3,0,0,0,15,1
ASV60,1,125,9,104,19,19,1,71,9,6,6,7,9,1,16,11,10,12,0,23,29,12,83,44,8,0,6,4,84,3,94,0,5,24,10,5,2,5,15,70,12
ASV63,0,7,2,10,1,1,0,27,100,0,68,174,1,53,0,0,0,1,0,27,2,1,1,0,16,0,34,0,5,33,5,0,1,0,18,8,1,2,0,6,4
ASV67,0,166,2,106,10,13,0,12,1,6,5,4,4,1,1,2,3,7,0,5,6,2,142,81,0,0,5,2,89,0,94,5,2,5,3,3,3,1,0,131,4
ASV70,5,66,6,61,16,9,5,13,6,1,9,4,24,1,28,26,59,94,0,15,104,73,58,66,0,0,8,40,47,13,81,10,8,1,1,1,10,12,3,11,14
ASV71,0,20,0,9,1,0,0,1,0,0,2,2,0,0,7,0,4,2,0,3,1,0,9,7,1,0,1,0,7,0,25,0,2,0,0,0,1,0,0,42,4
ASV74,0,16,2,9,13,3,0,1,1,0,7,0,0,0,1,1,0,0,0,1,2,0,11,6,0,0,3,0,17,0,13,0,1,1,0,1,0,0,0,8,0
ASV81,0,14,0,6,0,2,1,5,4,0,4,1,0,2,1,1,0,0,0,4,1,3,4,1,1,0,2,0,1,2,13,2,0,1,1,0,0,0,1,25,2
ASV88,0,8,0,9,1,0,0,6,0,0,0,0,0,0,0,0,1,0,0,0,0,1,1,6,1,0,1,0,3,0,11,0,1,0,0,0,0,0,0,18,2
ASV92,0,45,1,39,2,1,1,7,0,0,3,2,1,0,2,2,3,2,0,2,3,0,19,19,0,0,2,2,10,0,33,3,0,2,0,0,0,0,0,23,5
ASV97,1,153,15,94,8,25,1,21,24,2,5,8,3,1,9,7,194,5,0,10,8,6,184,92,7,0,62,13,165,4,83,10,3,6,2,6,1,4,2,134,17
ASV98,165,361,795,514,485,386,72,361,643,55,617,367,445,188,528,571,459,432,0,509,848,650,487,300,363,0,520,514,456,606,497,332,265,385,321,488,233,405,479,318,464
ASV99,0,5,0,15,0,0,0,1,0,0,2,8,0,2,1,0,2,1,0,0,0,0,6,3,3,0,1,1,5,0,4,2,0,0,0,0,0,0,0,20,2
ASV100,0,18,0,21,1,3,0,4,0,0,0,0,0,0,0,0,0,0,0,1,0,0,9,13,0,0,0,0,15,0,7,1,1,0,0,0,0,0,0,92,0
ASV104,0,113,4,62,13,5,0,14,0,6,2,2,2,0,4,3,4,4,0,2,3,1,74,37,0,0,2,0,64,0,38,3,1,1,0,1,0,0,0,143,4
ASV105,0,13,0,19,0,2,0,0,0,0,0,0,0,0,0,0,0,0,0,0,0,0,4,3,0,0,1,0,1,0,11,0,0,0,0,1,0,0,0,43,0
ASV107,1,231,11,126,46,28,2,21,1,4,6,10,3,1,2,3,10,14,0,8,7,20,197,76,0,0,13,12,160,3,67,17,2,5,2,12,0,1,4,425,10
ASV108,1,82,5,60,10,7,1,9,0,0,2,3,0,0,0,1,3,3,0,0,0,3,57,29,2,0,5,1,52,0,23,2,2,0,0,0,0,1,0,60,0
ASV109,169,466,704,839,465,530,8,371,503,11,342,293,222,264,276,262,216,284,0,324,360,381,341,305,352,2,434,515,408,568,283,254,328,239,330,779,92,334,241,100,293
ASV110,0,4,0,4,1,1,0,9,0,0,0,1,0,0,0,0,0,0,0,1,0,0,1,1,0,0,0,0,1,0,3,0,0,0,0,0,0,0,0,19,0
ASV113,419,724,1413,1823,1423,746,33,941,2098,10,2420,2195,565,874,539,884,407,585,0,945,1379,990,992,819,1174,0,2674,1905,1274,1743,772,1363,839,276,1732,1695,1513,872,845,360,684
ASV114,0,75,1,36,17,8,0,0,0,0,0,1,0,0,0,0,0,0,0,4,2,0,66,32,0,0,1,3,68,1,18,2,1,2,2,12,0,0,0,567,3
ASV118,625,1043,1679,2169,2517,1177,68,688,2951,10,3926,2106,804,976,789,1473,583,737,3,1100,3108,1688,1669,1491,1247,1,2919,3297,2150,2276,1056,2346,1405,431,2109,1781,3035,1795,1249,519,972
ASV119,126,268,531,423,339,234,23,344,473,9,385,290,263,125,276,341,296,284,0,317,445,582,298,217,316,0,335,355,274,386,351,215,151,290,245,370,138,224,218,169,350
ASV121,0,19,0,10,2,3,1,0,0,0,1,1,0,0,0,0,1,0,0,0,2,1,19,5,1,0,2,0,11,0,37,2,2,1,0,0,0,0,2,0,0
ASV123,6,129,123,177,158,86,0,35,4,0,5,1,29,3,79,59,8,57,1,18,81,30,93,82,12,0,27,51,248,14,73,3,2,15,1,48,0,3,3,412,21
ASV125,0,0,0,2,0,0,0,0,1,0,0,0,0,3,0,4,0,0,0,0,0,0,2,0,0,0,18,1,0,1,0,0,0,0,22,1,0,0,0,0,0
ASV127,0,106,3,131,3,5,0,13,5,0,6,4,8,1,5,3,6,3,0,10,11,3,41,27,0,0,3,2,26,2,51,4,2,6,0,1,2,2,0,6,7
ASV130,0,21,0,13,12,2,0,2,0,0,1,2,0,1,1,0,1,0,0,1,2,1,21,12,0,0,1,2,13,1,9,0,0,1,0,5,0,0,0,48,2
ASV134,172,529,905,818,603,442,112,493,829,66,751,529,467,208,583,695,592,529,1,560,1958,801,648,453,483,0,583,695,554,575,527,403,301,404,408,543,263,545,389,313,609
ASV139,0,2,0,3,0,0,0,1,0,0,0,0,0,0,0,0,0,0,0,0,0,1,0,1,0,0,0,0,0,0,0,0,0,0,0,0,0,0,0,1,1
ASV144,0,17,0,15,0,1,0,5,0,0,0,0,0,0,1,1,0,0,0,1,0,0,1,3,0,0,0,0,6,0,1,1,0,0,0,2,0,0,0,62,0
ASV145,1576,2625,5552,5116,3419,2986,317,3939,5039,242,3140,3060,3002,1707,2589,3975,3189,3285,2,2626,3778,4742,2789,1758,3257,1,3585,3902,3635,5461,3199,3360,1807,3277,3719,4510,2001,2610,2050,1089,4241
ASV147,43,225,44,204,81,183,120,61,34,94,60,22,218,17,420,349,102,155,0,63,871,396,435,402,18,0,44,95,295,32,258,242,43,24,31,43,156,424,103,45,84
ASV148,11,24,28,43,23,24,2,63,203,0,355,322,8,43,8,17,42,12,0,44,33,12,31,21,44,0,83,15,41,94,25,48,30,9,226,23,25,17,67,20,21
ASV150,0,0,0,1,0,0,0,0,0,0,0,3,0,0,0,0,0,0,0,0,0,1,1,0,0,0,0,0,0,0,0,0,0,0,0,0,0,0,0,6,0
ASV155,0,6,0,4,1,3,0,6,5,0,1,2,0,2,0,2,2,0,0,3,1,0,4,2,0,0,3,2,1,2,9,0,0,1,1,0,0,0,0,6,0
ASV156,90,264,299,671,321,353,38,462,493,19,956,778,216,171,175,483,202,85,0,900,1027,233,400,737,454,0,495,503,452,416,613,278,182,131,292,359,154,326,297,167,183
ASV157,0,137,0,102,5,8,1,11,0,0,1,3,1,1,2,0,5,2,0,1,2,1,116,40,1,0,6,1,85,0,30,5,1,0,0,1,0,0,0,55,3
ASV159,0,67,1,56,5,7,1,6,0,0,0,3,0,1,4,0,1,4,0,1,1,1,68,31,0,0,2,0,49,0,24,1,2,0,5,1,0,1,0,81,5
ASV160,0,3,0,2,1,0,0,0,0,0,0,1,0,0,0,0,0,0,0,0,0,0,5,1,0,0,0,0,5,0,2,0,0,0,1,0,0,0,0,96,1
ASV162,659,1016,1486,1900,2690,1229,59,672,2498,9,3644,2042,827,954,775,1513,679,822,5,1080,3324,1672,1727,1358,1104,1,2873,3277,2177,2044,1042,2193,1272,342,2032,1620,2979,1703,1408,509,1014
ASV163,117,827,432,1013,319,396,36,387,320,28,511,182,511,112,561,631,536,360,0,432,1717,657,893,735,311,0,246,639,704,272,786,396,174,247,218,159,321,490,296,164,301
ASV167,11,55,12,56,34,55,11,73,32,4,78,92,20,16,30,58,251,38,0,96,55,69,68,67,35,0,45,13,32,24,69,18,15,2,18,23,25,52,15,83,25
ASV169,1,177,2,112,9,7,2,15,3,3,1,3,2,4,12,14,5,6,0,2,27,11,106,73,0,0,6,6,56,0,87,7,0,3,4,1,1,1,2,91,9
ASV172,0,9,0,9,0,1,0,2,0,0,0,0,0,0,1,0,0,0,0,0,0,0,11,8,0,0,3,2,7,0,12,0,0,0,0,1,0,0,0,166,1
ASV175,0,13,0,22,7,1,0,1,0,0,1,3,0,0,0,0,0,2,0,1,4,1,17,19,1,0,1,2,12,0,15,0,0,0,0,2,1,0,0,31,3
ASV176,0,77,1,80,3,4,0,6,1,0,5,1,3,0,4,4,0,2,0,11,4,5,51,35,1,0,0,2,28,0,30,3,0,0,0,5,1,0,0,99,6
ASV179,1,46,25,50,4,29,2,105,213,0,144,172,16,64,15,21,26,6,0,67,28,20,29,17,70,0,48,2,10,175,36,13,16,3,57,11,20,7,29,94,26
ASV185,0,29,0,31,1,6,0,2,0,0,3,0,1,0,0,0,0,1,0,0,0,0,35,18,0,0,1,0,21,1,18,4,1,0,0,3,0,0,0,178,8
ASV186,45,457,242,582,188,249,41,455,208,22,361,156,372,74,461,620,308,270,0,454,1520,483,934,683,211,0,108,337,400,177,459,277,129,143,179,120,203,371,161,83,262
ASV193,0,7,0,3,2,0,0,0,0,0,0,1,0,0,0,0,0,0,0,0,0,0,6,6,0,1,0,0,3,0,2,0,0,0,0,0,0,0,0,29,0
ASV194,0,10,1,14,0,3,1,4,11,0,8,3,0,0,0,0,0,2,0,3,2,0,2,3,1,0,2,0,3,0,7,0,0,0,3,0,1,0,0,14,5
ASV199,0,20,1,17,5,5,0,4,0,0,1,1,0,1,3,1,0,3,0,1,1,1,6,8,1,0,2,0,8,0,5,0,0,0,0,0,1,0,0,20,1
ASV202,145,944,707,1505,480,596,65,714,529,33,644,391,807,127,827,916,697,417,1,691,2480,940,1072,1259,583,0,463,908,1009,385,1113,446,223,397,340,317,392,617,292,132,418
ASV206,38,349,151,439,164,144,75,323,148,67,162,79,283,40,496,584,281,193,1,283,1151,526,587,518,68,0,102,291,395,95,506,174,49,99,42,64,135,230,107,99,191
ASV208,0,49,0,52,1,4,0,5,0,0,0,0,1,0,2,0,3,1,0,5,0,0,29,21,0,0,0,0,21,0,25,1,2,1,0,1,0,0,0,24,1
ASV209,0,12,0,12,0,0,1,4,0,0,0,0,0,0,0,0,0,0,0,2,1,0,6,6,0,0,0,0,7,0,13,0,1,0,0,0,0,0,0,11,0
ASV210,0,59,0,55,10,11,1,2,0,2,1,0,1,1,4,0,3,2,0,5,4,3,51,29,0,0,5,1,46,0,44,3,1,3,1,7,0,0,0,237,9
ASV211,0,18,6,44,0,5,0,21,1,1,6,3,0,2,0,0,18,0,0,0,1,2,11,6,3,0,14,0,11,0,32,1,2,0,2,1,1,0,0,68,2
ASV212,163,328,748,619,374,295,48,412,744,45,560,342,319,143,352,367,394,374,0,395,468,538,324,216,457,1,443,396,384,609,408,347,204,378,414,435,234,331,282,190,406
ASV213,0,25,1,12,3,1,0,0,0,0,0,0,1,0,1,1,0,1,0,1,0,1,27,9,0,0,1,0,21,0,10,2,0,0,1,0,0,0,0,28,1
ASV217,0,19,0,8,5,1,1,4,2,1,4,0,0,1,4,14,11,1,0,3,11,22,20,13,0,0,2,1,9,0,10,1,0,0,1,2,2,3,2,213,4
ASV218,1,94,2,75,7,10,3,8,1,6,4,12,2,0,5,3,7,5,0,2,13,6,55,25,0,0,1,3,29,3,24,4,3,1,0,1,1,1,4,18,3
ASV219,40,215,138,287,122,159,31,66,62,13,107,56,129,42,205,205,110,90,0,103,860,279,361,439,88,0,86,211,278,95,223,163,85,36,42,52,170,152,49,128,93
ASV221,3,30,9,30,5,6,21,16,9,9,6,3,11,4,19,13,29,10,0,14,38,7,26,10,4,0,8,17,14,7,17,4,3,6,3,1,6,4,14,26,7
ASV228,1,80,12,87,13,10,25,22,12,13,31,37,7,3,22,14,61,31,0,31,64,21,62,32,6,0,14,20,48,8,55,10,11,11,10,9,5,10,47,54,6
ASV230,68,248,230,436,232,166,34,171,147,16,170,119,200,54,306,285,202,136,0,179,436,217,273,664,153,0,149,221,208,183,278,122,65,110,65,138,127,152,101,80,153
ASV231,0,24,1,17,5,1,0,2,1,0,1,0,0,0,0,0,2,1,0,0,0,0,11,5,0,0,1,1,12,0,9,0,1,0,0,0,0,0,0,38,0
ASV232,0,1,0,3,0,0,0,0,0,0,0,0,0,0,0,0,0,0,0,1,0,0,1,0,0,0,0,0,0,0,0,0,0,0,0,0,0,0,0,1,1
ASV234,0,5,0,3,0,2,0,2,0,0,0,0,0,0,0,0,0,1,0,3,0,0,0,0,0,0,0,0,0,0,2,0,0,0,0,0,0,0,0,2,0
ASV235,351,599,1143,1209,1220,701,24,640,1573,10,1901,1967,500,782,475,779,350,472,0,666,1414,886,862,736,926,5,2074,1681,1172,1578,731,1193,785,230,1356,1332,1392,782,687,255,534
ASV236,0,74,1,45,11,2,0,5,0,0,2,1,1,0,4,0,1,0,0,1,5,4,58,26,0,0,1,4,54,2,53,2,1,1,0,0,0,0,0,9,2
ASV242,2,27,3,22,5,3,0,4,2,0,1,5,1,2,8,5,6,2,0,6,7,2,27,17,0,0,10,3,9,1,15,4,1,1,1,1,0,0,1,64,5
ASV243,239,560,1146,887,655,417,86,637,1194,52,905,727,441,309,524,572,533,490,0,647,686,885,535,418,741,0,749,610,573,1082,427,657,392,475,681,704,463,486,525,232,640
ASV244,126,366,826,629,399,288,72,473,808,69,587,458,325,173,417,460,377,420,0,444,499,642,377,273,555,0,448,436,428,640,431,384,214,421,415,489,227,328,296,193,453
ASV245,106,251,417,359,346,239,34,245,450,16,355,279,259,134,294,394,277,239,0,295,528,393,352,229,272,0,374,359,269,344,319,213,151,197,199,302,129,267,207,139,308
ASV257,0,7,0,5,0,0,0,5,0,0,1,0,0,0,1,0,1,1,0,1,2,2,6,2,0,0,0,0,8,0,10,1,0,0,1,0,0,0,0,19,1
ASV259,0,4,1,20,0,0,1,3,0,0,1,0,0,0,1,0,2,0,0,2,0,0,4,3,0,0,0,0,2,0,7,0,0,0,0,0,0,0,0,23,0
ASV261,0,10,0,11,0,0,0,6,0,0,0,1,0,0,0,0,1,1,0,2,0,1,4,0,0,0,0,0,1,0,8,0,2,0,0,0,0,0,0,30,1
ASV272,46,184,337,337,224,160,38,189,307,13,251,156,165,85,219,238,228,180,0,208,538,261,210,181,185,0,228,234,189,270,228,163,110,143,130,211,107,169,146,100,184
ASV282,0,1,0,2,0,1,0,0,0,0,0,1,0,2,0,0,0,0,0,0,0,0,2,0,0,0,0,0,2,0,4,0,0,0,0,0,0,0,0,6,0
ASV287,0,55,5,54,13,12,1,9,6,0,17,28,0,11,7,4,2,1,0,4,10,4,59,34,2,0,4,13,29,6,41,11,7,7,2,5,5,0,4,90,7
ASV288,3,19,23,125,4,12,6,377,535,3,170,182,20,137,16,44,46,40,1,547,47,67,14,14,223,0,126,11,5,163,35,8,11,11,25,32,1,16,5,29,32
ASV289,2,9,4,39,2,9,1,272,32,3,16,2,8,5,30,16,20,28,0,322,56,48,3,6,57,0,22,4,2,5,18,4,5,9,8,1,1,29,17,2,8
ASV296,0,1,0,0,0,0,0,4,0,0,3,5,0,2,2,0,0,0,0,3,0,2,0,2,0,0,0,0,1,0,1,0,0,0,0,0,0,0,0,0,0
ASV298,0,3,0,9,1,1,0,3,0,0,0,0,0,0,0,0,0,0,0,0,0,1,0,0,0,0,0,0,0,0,3,0,0,0,0,0,0,0,0,13,0
ASV299,0,97,1,82,9,5,1,11,0,2,2,2,2,2,8,2,2,4,0,1,5,0,91,42,0,0,5,4,46,0,42,3,4,3,0,2,0,0,0,41,1
ASV301,0,9,0,14,0,2,0,3,1,0,0,1,0,0,1,0,0,0,0,2,0,0,5,1,0,0,2,0,3,1,6,1,0,0,0,0,0,0,2,16,1
ASV307,886,2059,2603,2709,2932,2045,126,970,1968,28,2141,1270,1284,776,1220,2342,1179,1273,0,1065,3927,2739,3489,2523,1200,0,2329,4703,3808,1998,1832,2618,1885,662,1900,1805,2818,1934,1916,679,1498
ASV308,88,254,594,510,322,205,50,342,511,49,354,228,240,117,253,307,287,265,0,269,371,406,247,182,321,0,323,316,295,401,266,249,157,297,269,377,166,213,205,134,293
ASV309,0,1,0,3,0,0,0,2,0,0,0,0,0,0,0,0,0,0,0,0,0,0,0,0,0,0,0,0,1,0,5,0,0,0,0,1,0,0,0,0,0
ASV322,98,242,579,463,309,220,44,335,462,36,394,282,235,112,277,315,289,231,0,268,325,420,254,197,338,1,328,310,266,417,330,221,120,263,246,356,151,208,211,120,292
ASV328,0,38,0,20,4,8,0,8,2,2,4,5,0,0,0,3,4,0,0,1,0,1,18,7,0,0,1,0,14,1,13,0,0,1,0,1,0,0,9,50,2
ASV333,66,383,189,316,237,157,112,156,84,29,161,96,276,45,424,496,305,234,0,186,1266,622,676,700,122,0,119,456,437,126,415,271,110,59,41,97,238,349,140,172,162
ASV334,1,12,3,9,0,3,1,2,2,0,6,2,4,0,7,10,2,6,0,5,5,8,13,3,0,0,0,1,6,0,26,1,1,0,2,0,1,0,0,0,13
ASV337,0,37,0,29,4,6,0,0,0,3,0,3,0,1,1,0,13,2,0,1,6,0,10,10,0,0,1,0,10,0,17,3,0,2,0,2,0,0,0,53,2
ASV338,0,4,4,8,0,1,0,3,0,0,0,0,1,0,0,0,0,0,0,1,0,0,5,1,0,0,0,0,1,0,0,0,0,0,0,0,0,0,0,7,0
ASV339,0,39,0,60,0,4,0,1,0,0,0,0,0,0,1,0,1,0,0,0,0,0,23,12,0,0,1,2,28,0,15,0,2,0,0,0,0,0,0,64,7
ASV340,1,10,4,15,0,11,4,66,23,3,11,31,2,12,8,11,4,11,1,28,9,13,9,4,26,0,13,1,8,5,10,5,3,1,4,4,7,5,1,2,4
ASV343,0,7,0,8,2,0,0,0,0,0,1,0,0,0,0,0,0,0,0,0,0,0,5,1,1,0,0,0,6,0,4,0,0,1,0,0,0,0,0,10,0
ASV345,58,202,289,434,232,215,56,220,260,38,409,308,268,67,300,268,201,131,1,367,739,284,351,424,299,0,272,362,317,222,336,180,104,104,132,186,141,218,195,86,166
ASV346,0,114,22,107,10,22,0,57,3,0,12,72,1,17,2,1,12,2,1,1,4,3,64,31,27,0,54,1,66,15,60,5,4,1,10,8,0,0,9,26,5
ASV357,0,27,0,14,11,2,0,1,0,0,0,0,0,0,1,0,1,2,0,1,0,0,26,18,0,0,2,6,15,0,18,4,0,0,0,2,0,0,0,244,1
ASV358,0,12,0,6,0,0,0,4,0,0,0,2,0,0,1,1,1,2,0,0,0,0,1,3,0,0,0,1,0,0,1,1,0,0,4,0,0,0,0,1,0
ASV360,36,206,120,299,93,135,29,230,165,3,110,66,464,38,652,296,275,273,0,253,1050,434,272,350,79,0,102,158,175,110,475,146,60,151,67,56,82,274,83,21,136
ASV362,2,47,5,32,10,11,9,2,2,1,7,4,4,1,7,7,7,4,0,2,24,12,20,17,9,0,2,3,23,1,20,5,3,2,1,6,4,3,5,7,4
ASV365,1,169,10,98,106,19,1,13,6,0,5,28,1,4,0,3,10,7,0,4,3,5,169,71,1,0,42,26,160,6,26,17,4,3,10,2,4,2,8,2,5
ASV368,55,156,245,219,147,107,17,128,202,9,191,126,113,60,144,171,154,128,0,143,374,167,168,123,138,0,169,164,131,172,131,103,73,93,132,207,85,125,99,69,147
ASV371,0,9,0,7,3,0,0,4,3,0,4,10,0,6,2,0,7,0,0,5,0,0,2,5,2,0,2,0,1,1,6,1,1,0,1,1,0,0,1,2,0
ASV374,0,12,1,32,0,2,0,3,2,1,0,0,0,0,2,0,2,0,0,0,0,1,6,3,1,0,0,0,3,0,11,0,1,1,1,1,0,0,0,32,0
ASV375,0,19,0,4,0,2,0,13,0,0,0,2,0,0,1,0,8,0,0,0,0,3,10,12,0,0,2,0,9,0,9,2,0,2,0,0,0,0,1,11,3
ASV379,0,7,0,3,0,0,0,0,1,0,0,1,0,0,4,0,0,1,0,0,0,0,4,0,0,0,0,0,0,0,1,0,0,0,0,0,0,0,0,3,0
ASV381,176,578,318,1093,261,769,259,1662,1013,190,846,668,822,448,462,758,538,453,1,909,1031,2118,1335,658,1037,0,1128,353,718,1241,843,995,250,181,727,477,475,689,448,167,778
ASV382,96,244,491,443,275,194,39,315,441,29,322,241,217,104,250,262,265,239,0,249,291,360,259,130,310,0,293,242,229,408,286,255,116,278,212,324,144,192,152,122,249
ASV386,0,21,1,17,1,1,0,0,1,1,0,2,1,1,0,1,0,0,0,7,1,0,7,3,1,0,1,0,9,0,12,0,0,2,1,1,0,0,1,73,0
ASV388,0,29,1,19,2,1,0,2,0,2,0,0,5,0,5,1,5,2,0,5,4,2,22,10,0,0,2,4,14,0,20,1,0,1,3,0,1,0,5,16,3
ASV389,0,36,0,15,12,1,0,3,0,0,0,0,0,2,1,1,3,1,0,1,2,0,28,11,0,0,2,2,29,0,15,0,1,0,1,8,1,0,0,341,3
ASV390,0,3,0,1,0,0,0,3,0,0,0,1,0,0,0,0,0,1,0,0,0,0,0,0,0,0,0,0,0,0,1,0,0,0,0,0,0,0,0,1,0
ASV392,7,112,172,179,39,105,15,221,501,27,247,349,50,129,55,91,85,78,0,272,113,84,112,78,114,0,121,25,87,72,188,50,41,6,127,29,88,41,276,61,52
ASV397,268,1627,728,1260,934,723,260,489,353,195,520,300,785,235,890,1385,755,641,0,532,1946,1077,1854,1344,295,0,372,1330,1275,428,904,648,421,204,265,324,572,664,565,260,545
ASV399,0,35,6,42,4,4,7,5,2,7,7,11,2,4,8,3,8,10,0,11,53,1,43,22,4,0,14,6,24,2,14,4,0,1,4,3,4,2,8,94,3
ASV401,645,1003,2133,1929,1293,1216,123,1393,1806,113,1180,1149,1162,592,939,1433,1166,1205,0,972,1393,1766,1021,655,1200,1,1410,1418,1261,2003,1147,1201,643,1280,1334,1614,779,962,770,365,1544
ASV403,32,50,330,139,155,126,11,125,219,6,92,102,21,122,52,86,33,85,0,53,83,123,41,42,369,0,321,132,181,122,68,198,48,68,150,243,117,75,22,48,85
ASV413,103,230,635,470,381,235,52,325,544,26,345,296,237,143,237,285,290,261,1,303,362,499,283,175,354,0,326,328,240,491,305,232,140,275,272,369,169,209,212,134,330
ASV414,96,482,430,485,474,406,263,247,258,137,224,196,436,102,866,604,346,378,0,240,1067,750,740,641,144,0,306,781,674,283,639,924,285,101,194,207,342,396,362,121,348
ASV419,21,202,69,163,104,126,31,53,40,17,60,18,322,12,208,317,146,161,0,217,618,289,270,281,29,0,61,146,207,40,172,69,67,21,21,32,132,153,59,30,77
ASV420,35,132,103,115,292,160,48,84,481,14,330,559,86,334,148,299,85,204,0,213,359,362,249,188,207,0,548,172,395,358,166,390,276,8,167,113,277,325,256,171,174
ASV422,169,242,397,181,733,252,49,82,215,9,366,393,135,294,119,197,103,151,0,140,290,259,785,474,207,0,684,893,470,322,141,305,287,30,251,363,358,226,286,249,161
ASV436,0,3,0,4,0,0,0,0,0,0,0,0,0,0,0,0,0,0,0,0,0,0,2,2,0,0,0,0,1,0,2,0,0,0,0,0,0,0,0,8,0
ASV439,0,5,0,3,0,0,0,0,0,0,0,0,0,0,1,0,0,1,0,0,0,0,1,0,0,0,0,0,2,0,2,0,0,0,0,1,0,0,0,1,1
ASV440,4,102,20,96,16,23,13,29,8,16,16,12,39,5,37,35,59,42,0,49,108,23,92,49,15,0,10,41,64,16,77,13,6,16,10,8,7,17,34,17,13
ASV441,0,4,0,1,1,0,0,0,3,0,1,0,0,4,0,0,0,1,0,0,0,3,2,1,0,0,16,0,5,0,0,0,0,0,30,0,0,0,0,0,4
ASV443,0,11,0,12,1,1,1,5,0,0,4,1,0,0,0,2,0,0,0,0,0,0,4,5,0,0,1,0,6,0,12,0,1,0,0,2,0,0,1,28,2
ASV445,46,139,204,182,195,116,24,113,215,20,165,124,133,68,143,171,120,151,0,180,264,200,147,114,121,0,162,164,141,178,183,95,86,99,91,179,62,132,107,78,142
ASV459,0,1,0,0,0,0,0,2,0,0,0,1,0,0,0,0,0,0,0,0,0,0,1,2,0,0,0,0,3,0,1,0,0,0,0,0,0,1,0,10,0
ASV460,0,22,0,10,2,1,0,0,0,1,0,0,0,1,0,0,0,0,0,1,0,0,26,11,0,0,0,0,11,0,10,1,0,1,0,3,0,1,1,103,0
ASV465,44,87,208,147,112,83,17,117,202,21,128,116,108,47,142,145,121,123,0,101,260,160,135,79,83,0,142,145,148,159,105,108,84,111,88,122,65,127,115,83,110
ASV473,12,130,73,252,35,56,15,60,70,15,153,68,113,37,91,134,92,41,0,161,257,104,174,111,59,0,46,79,81,55,263,50,36,26,34,22,42,77,34,28,76
ASV476,0,4,0,8,2,1,0,2,0,0,0,0,0,0,0,0,0,0,0,0,0,0,3,0,0,0,0,0,0,0,7,0,0,1,0,1,0,0,3,66,1
ASV479,0,6,0,8,0,0,0,0,0,0,0,0,0,0,0,0,0,0,0,0,1,0,1,2,0,0,0,0,0,0,0,0,0,0,0,0,0,0,0,8,0
ASV480,3,54,16,57,16,21,11,21,15,2,29,24,48,5,92,82,54,36,0,44,320,210,98,72,6,0,18,48,66,30,75,33,14,11,7,20,28,37,9,25,17
ASV485,0,20,2,30,5,4,1,8,1,1,2,1,2,0,8,5,1,4,0,7,11,3,21,11,1,0,2,2,18,1,18,1,2,1,0,0,0,0,2,17,6
ASV491,37,209,73,162,113,80,47,54,28,23,66,28,101,19,188,261,89,74,0,164,576,215,374,333,29,0,72,238,256,46,188,172,68,22,17,53,103,121,54,101,87
ASV492,20,46,46,63,125,55,70,72,284,18,288,221,46,99,55,113,44,59,1,156,144,217,77,84,54,0,125,98,87,146,70,119,82,16,112,69,96,124,149,105,105
ASV493,24,90,130,106,135,79,40,51,121,16,109,92,112,51,120,197,88,69,0,92,569,182,173,104,57,0,116,160,92,115,140,97,108,44,78,93,95,138,99,38,83
ASV502,0,25,2,21,6,2,2,2,0,0,1,0,1,1,1,1,2,1,0,0,6,1,26,10,0,0,3,0,14,3,18,4,1,4,1,0,1,1,1,2,0
ASV503,0,13,1,13,0,3,0,5,0,0,0,0,0,0,1,0,0,1,0,0,0,0,2,2,0,0,0,0,9,0,13,0,0,0,0,0,0,0,0,11,0
ASV507,124,366,292,782,202,592,171,1190,741,108,614,497,596,383,284,547,382,351,0,703,846,1957,996,492,718,1,935,253,549,868,634,666,193,151,521,370,347,433,349,145,575
ASV513,0,36,2,23,6,5,0,4,4,2,9,19,0,0,3,0,4,1,0,3,0,2,29,9,0,0,1,0,16,5,7,4,1,0,4,2,1,2,3,86,3
ASV515,0,4,3,5,2,2,1,17,13,1,7,13,0,5,0,1,3,0,0,4,0,2,0,2,4,0,15,1,1,3,10,3,1,2,8,1,0,0,2,2,3
ASV518,0,2,0,8,0,2,0,1,0,0,0,0,0,0,1,0,0,1,0,1,0,0,1,1,1,0,1,0,5,0,3,0,1,0,0,0,0,0,0,15,1
ASV521,52,220,187,272,204,153,11,102,113,7,129,137,115,49,139,174,121,63,0,136,329,137,320,306,136,0,125,350,262,165,157,117,73,37,85,142,148,117,93,81,95
ASV535,32,122,97,285,125,136,15,115,162,8,226,210,99,47,101,162,101,31,0,166,389,163,150,181,122,0,121,194,105,141,130,106,62,64,104,125,113,169,101,55,105
ASV541,607,1149,2404,2283,1052,1203,41,953,2275,18,1356,1035,1204,664,1171,1346,1303,1207,0,1085,1513,2295,1156,1160,1179,0,1394,1492,1540,2360,1219,1342,748,1298,1064,1751,882,961,465,356,1281
ASV543,0,1,0,0,0,0,0,1,0,0,0,0,0,0,1,0,0,0,0,0,0,0,1,0,0,0,0,0,0,0,4,0,0,0,0,0,0,0,0,3,0
ASV552,0,96,2,36,9,2,2,3,0,2,2,0,0,0,16,5,6,11,0,3,18,9,79,54,1,0,5,7,62,2,35,9,1,4,1,2,1,0,0,79,6
ASV554,0,37,10,13,10,8,0,27,2,4,9,3,2,0,3,2,10,6,0,12,12,2,46,18,7,0,8,13,37,8,26,4,5,4,2,9,2,2,11,156,7
ASV559,0,0,1,0,0,0,0,6,59,0,439,52,2,36,4,2,5,30,0,26,4,13,0,0,1,0,2,0,0,7,0,0,6,0,13,0,4,5,1,6,6
ASV563,73,193,474,343,234,184,25,268,375,33,281,222,142,93,199,216,234,200,0,211,239,438,177,166,238,0,220,235,212,290,212,194,112,205,231,294,117,174,171,90,238
ASV572,2,46,6,28,6,9,2,14,7,3,16,13,8,5,3,7,7,5,0,16,14,12,30,21,15,0,18,10,27,8,30,6,4,6,2,10,4,4,10,58,4
ASV584,0,29,0,22,1,3,0,2,0,0,0,0,0,0,0,0,0,0,0,0,2,1,17,9,0,0,2,0,8,0,14,0,0,1,0,2,0,0,0,19,1
ASV586,0,28,0,24,6,2,0,2,0,0,2,0,2,0,3,1,0,1,0,1,2,4,24,19,1,0,2,1,14,1,7,2,1,0,0,2,0,0,0,18,1
ASV591,0,5,0,4,0,0,0,1,0,0,0,0,0,0,1,0,0,0,0,1,0,0,0,1,0,0,0,0,1,0,1,0,0,0,0,0,0,0,0,7,0
ASV593,0,15,0,9,4,2,3,7,1,4,0,2,4,0,9,11,5,16,0,8,15,21,17,7,0,0,2,4,10,2,15,0,2,0,0,2,1,3,3,2,0
ASV601,0,3,0,36,1,6,0,136,10,2,7,18,26,1,20,30,18,9,0,173,52,21,6,3,7,0,1,2,10,2,11,1,2,11,0,0,1,15,0,0,5
ASV634,0,20,0,11,1,0,0,0,0,0,0,0,0,0,0,0,1,2,0,0,2,0,14,6,0,0,2,0,19,3,12,2,2,0,1,0,0,0,1,41,0
ASV636,13,186,20,95,49,45,56,50,23,13,48,30,125,12,107,114,66,55,0,150,321,109,211,177,19,0,49,118,119,35,179,67,31,11,13,15,36,80,26,56,54
ASV656,1,61,10,47,15,17,12,15,6,14,10,6,4,0,18,11,28,9,0,24,30,12,73,37,2,0,13,8,70,9,39,8,7,7,6,4,4,3,45,200,9
ASV665,154,575,771,800,678,655,61,318,2254,17,2223,1421,557,730,436,796,424,483,0,814,1625,1169,1153,1091,528,1,1022,605,879,1160,767,506,432,196,824,547,742,630,503,96,525
ASV668,21,47,124,76,93,48,17,62,109,16,89,57,76,28,87,96,89,73,0,76,126,98,87,43,48,0,77,79,63,82,63,38,42,52,50,75,45,72,65,43,68
ASV671,0,0,0,2,1,0,0,0,0,0,0,0,0,0,0,1,0,0,0,0,0,4,3,0,0,0,24,0,6,0,0,0,0,0,17,0,0,0,0,0,1
ASV675,13,84,50,85,58,53,3,18,22,6,40,22,89,13,118,93,45,39,0,43,282,114,115,114,19,0,30,80,134,33,70,62,34,10,18,36,35,63,25,12,28
ASV679,26,51,26,31,114,31,35,22,81,7,78,112,19,52,28,117,11,36,0,100,58,68,130,100,24,0,140,97,65,61,49,52,71,9,40,59,103,53,142,124,33
ASV682,45,1326,252,1423,120,618,47,1430,190,131,157,64,2489,40,1487,1567,2839,821,0,811,5018,1105,1031,1024,138,0,72,268,472,122,3186,154,82,830,98,43,135,609,77,26,304
ASV683,53,44,31,176,121,44,1,14,31,0,57,88,19,54,16,25,18,14,0,35,62,94,115,69,114,0,236,120,70,97,23,124,70,3,51,20,52,35,65,59,24
ASV687,44,153,243,184,170,103,29,157,197,16,159,112,127,66,106,161,177,125,0,117,204,226,149,108,142,0,114,145,133,164,127,89,78,106,96,143,65,113,139,95,179
ASV691,11,69,60,130,10,47,8,103,49,5,29,16,127,7,109,124,147,65,0,64,260,126,78,78,33,0,44,50,33,41,179,33,19,17,24,35,16,44,14,9,33
ASV693,0,32,8,13,0,1,0,8,5,0,4,17,0,5,0,2,7,5,0,2,2,6,17,14,2,0,9,2,18,3,11,2,1,0,4,5,0,1,2,11,1
ASV695,4,52,17,61,27,62,18,37,27,12,20,3,68,18,83,113,36,28,0,23,278,136,71,33,5,0,7,47,129,7,83,160,23,13,7,20,13,76,24,8,29
ASV700,0,10,0,3,0,0,0,0,1,0,0,0,0,1,0,0,0,0,0,0,0,0,3,5,0,0,0,0,3,0,6,0,0,0,1,0,0,0,0,42,0
ASV705,0,7,0,1,0,0,0,0,0,0,0,0,0,0,0,0,0,0,0,0,0,0,2,0,0,0,0,0,0,0,0,0,0,0,0,0,0,0,0,8,0
ASV712,63,139,298,211,161,113,20,154,245,17,197,138,129,73,150,166,157,154,0,165,194,247,135,104,189,0,158,183,157,242,170,123,104,162,133,185,82,112,104,72,163
ASV726,11,16,72,179,40,71,12,390,2756,2,869,809,22,526,28,80,160,114,0,285,32,97,30,64,837,0,1754,33,27,1112,50,54,58,137,193,354,85,24,66,82,136
ASV737,0,11,0,11,0,0,0,1,1,0,2,0,0,0,1,0,1,0,0,1,0,1,5,0,0,0,2,0,1,0,7,0,0,0,0,0,0,0,0,0,0
ASV738,14,172,43,403,33,204,78,784,151,48,94,64,230,47,269,376,567,133,0,290,623,344,148,131,148,0,125,26,110,111,390,60,46,60,62,46,54,113,61,16,179
ASV760,0,45,0,35,5,2,1,5,0,0,0,3,0,1,0,1,2,0,0,2,5,2,35,20,0,0,1,0,25,0,30,1,1,1,2,0,1,1,0,29,2
ASV764,36,103,139,138,129,62,25,87,135,18,119,99,89,40,125,107,103,107,0,105,170,137,111,91,92,0,135,146,111,129,109,73,63,67,80,96,45,111,67,45,102
ASV765,14,21,72,35,117,30,2,18,91,1,153,164,5,186,7,27,130,4,0,16,3,15,64,38,90,0,376,122,61,85,19,19,30,5,37,67,61,11,38,73,28
ASV767,0,36,0,20,4,1,0,8,3,1,1,4,0,0,2,0,6,1,0,0,1,0,6,13,1,0,3,0,6,0,3,2,1,1,1,1,0,0,2,0,1
ASV777,149,227,358,222,625,233,51,104,431,10,421,378,128,185,105,270,106,137,0,113,310,351,608,357,228,0,555,878,578,354,98,431,347,29,240,407,519,260,398,191,199
ASV782,100,332,395,709,179,647,62,1098,252,100,135,108,294,94,353,585,404,493,0,214,411,493,238,206,545,0,219,249,472,207,1104,504,127,980,268,362,364,345,198,124,403
ASV789,1,99,3,84,11,5,1,12,0,0,1,1,3,2,2,2,0,4,0,1,5,1,92,24,1,0,2,0,49,0,17,4,1,6,0,0,0,0,0,7,1
ASV793,0,16,0,20,2,2,0,7,2,0,0,0,0,2,3,0,0,1,0,0,0,0,9,2,0,0,4,0,3,0,20,1,0,0,6,1,0,0,1,42,1
ASV794,0,13,0,7,4,3,0,1,1,0,4,23,1,4,0,0,0,0,0,1,0,0,7,4,0,0,1,1,7,1,1,1,1,1,4,0,0,0,0,141,5
ASV798,7,77,58,272,28,55,6,144,137,2,176,113,56,32,74,62,53,47,0,221,122,85,72,80,191,0,117,53,44,91,147,28,27,20,56,46,13,25,18,17,65
ASV802,0,36,4,30,6,6,4,10,4,3,2,7,6,0,13,15,4,3,0,7,20,8,44,23,2,0,4,3,25,2,22,2,1,3,1,3,1,7,12,3,4
ASV807,2,49,14,69,15,16,0,11,6,0,6,9,1,7,6,4,1,3,0,4,5,6,83,48,4,0,12,9,76,6,22,7,2,0,4,4,3,3,0,3,5
ASV810,202,325,272,438,394,394,25,502,571,23,308,332,158,273,165,463,167,286,0,220,246,388,420,272,441,1,467,454,352,360,265,332,176,198,271,455,192,392,118,201,380
ASV818,120,330,455,610,167,619,46,1114,262,87,136,101,288,118,303,505,332,439,1,201,416,379,172,201,503,0,180,245,516,194,1043,503,123,923,271,333,315,319,150,75,371
ASV820,0,1,1,23,0,9,1,210,95,0,28,45,5,37,3,9,9,6,0,98,7,11,1,4,29,0,20,1,2,47,5,3,0,3,5,1,2,5,4,0,4
ASV822,0,31,0,20,0,1,0,3,0,0,0,0,0,0,1,0,2,1,0,0,2,0,13,13,0,0,1,0,31,0,15,1,0,0,0,0,0,0,0,9,1
ASV827,16,100,10,69,40,65,26,38,17,29,27,58,90,18,56,121,38,41,0,41,248,199,257,275,5,0,19,78,141,15,105,167,92,16,20,40,66,150,72,38,52
ASV828,84,142,192,260,322,144,3,74,281,1,409,247,64,91,83,156,56,88,0,118,338,165,253,196,162,0,352,394,262,259,138,239,157,50,206,236,262,212,143,66,104
ASV830,18,54,100,73,63,45,18,56,92,4,78,68,66,31,59,89,67,73,0,71,95,77,80,41,51,0,90,67,91,82,79,55,28,52,50,64,35,64,65,44,59
ASV831,1,15,2,15,7,7,13,10,3,13,6,1,6,1,14,6,10,11,0,39,27,7,9,17,0,0,3,9,8,7,21,4,8,3,2,4,3,3,14,5,1
ASV846,9,130,44,112,62,50,30,87,51,28,77,29,178,13,221,263,117,135,0,112,486,250,204,185,32,0,50,92,477,28,254,58,31,25,13,20,40,107,38,20,79
ASV856,32,88,199,161,123,67,22,109,165,16,110,80,76,42,103,97,112,83,0,101,121,125,83,53,113,0,98,88,86,127,98,79,46,95,90,139,38,82,71,28,96
ASV871,488,719,783,1270,677,1016,101,741,761,52,426,600,722,489,546,1351,620,866,0,526,774,1606,833,682,712,2,1108,971,737,1047,486,778,681,266,863,1150,530,1101,480,338,1260
ASV878,9,21,15,17,30,12,5,47,94,2,148,196,7,43,11,16,16,7,0,62,10,30,27,18,10,0,63,38,34,41,35,41,71,2,71,20,39,29,48,41,44
ASV879,0,24,2,12,5,3,1,6,0,4,2,1,1,0,5,4,1,3,0,4,8,10,17,14,0,0,3,3,14,1,19,1,0,0,1,4,1,4,2,21,2
ASV882,29,109,169,269,98,86,10,149,398,4,347,226,112,75,154,146,138,116,0,176,240,207,91,140,268,1,216,138,125,142,197,88,79,96,99,127,145,95,60,55,107
ASV884,0,20,0,14,1,0,0,15,0,0,0,2,0,0,1,0,8,0,0,0,0,0,6,8,0,0,0,0,8,0,10,0,0,0,0,1,0,0,0,10,2
ASV885,0,27,1,9,4,5,0,5,0,0,0,2,0,1,4,1,1,1,0,5,4,0,38,30,4,0,1,3,42,1,8,3,0,0,5,4,0,1,0,147,4
ASV892,0,23,0,23,0,5,1,6,6,3,7,10,1,0,4,7,2,0,0,11,23,6,12,7,4,0,0,2,9,5,15,0,0,2,0,0,2,2,1,15,0
ASV895,75,141,250,196,270,168,9,132,354,0,406,243,116,134,103,147,91,110,1,137,267,216,206,184,160,0,336,351,273,279,138,259,146,66,293,218,337,164,125,63,125
ASV899,363,773,1612,1613,720,785,24,704,1671,8,921,699,765,447,741,913,831,825,0,730,882,1463,787,727,844,1,961,1015,1029,1558,855,833,499,895,709,1224,608,673,287,259,875
ASV900,563,886,806,1335,691,1053,137,874,778,64,387,660,723,562,516,1489,662,829,1,558,748,1710,900,653,768,0,1154,1034,794,1124,579,868,702,287,913,1291,549,1130,511,367,1316
ASV901,34,451,190,437,137,155,19,139,150,11,122,66,148,35,246,228,218,132,0,154,429,312,270,176,133,0,88,184,238,90,212,145,83,148,82,79,143,147,82,56,131
ASV902,9,158,22,167,21,44,10,156,40,12,47,20,207,11,208,220,211,119,0,152,860,226,139,183,14,0,25,60,100,34,304,71,28,92,20,14,44,148,24,7,63
ASV929,0,17,0,39,3,0,1,3,0,0,1,0,1,0,1,3,3,1,0,0,3,0,13,5,0,0,1,0,10,1,19,1,1,0,0,0,0,0,0,0,0
ASV932,27,100,213,182,109,84,14,123,164,13,128,109,92,38,104,110,132,91,0,125,129,162,102,66,154,0,127,111,105,166,121,82,68,104,89,180,62,78,83,60,126
ASV935,28,76,193,116,80,75,12,101,141,10,120,76,74,33,66,88,101,97,0,90,102,131,65,52,99,0,115,87,88,153,91,68,58,83,79,82,43,51,75,40,108
ASV953,7,134,59,291,10,175,35,383,143,33,165,176,139,92,91,331,150,228,0,250,234,143,114,181,73,0,52,19,291,81,114,40,18,37,41,20,43,93,61,11,82
ASV970,0,11,2,9,3,4,0,6,4,0,12,12,2,4,1,2,5,1,0,4,0,3,12,5,1,0,3,2,6,0,4,3,1,0,8,2,1,1,1,45,1
ASV974,263,426,1012,765,601,530,58,650,849,48,562,444,544,268,419,675,480,588,0,381,582,794,451,306,548,0,568,661,635,867,520,557,311,598,613,756,335,486,332,206,693
ASV988,0,1,0,0,0,0,0,2,3,0,0,1,1,1,1,0,2,1,0,4,2,0,2,1,2,0,0,0,0,4,1,0,0,0,0,2,0,0,0,0,1
ASV991,5,56,26,68,17,29,2,64,54,0,60,58,55,17,56,72,57,40,0,47,283,108,59,51,20,0,34,27,31,26,61,24,13,14,39,11,24,33,33,19,34
ASV995,1,18,2,46,3,3,1,219,3,4,2,1,1,0,8,5,3,3,0,7,3,2,21,10,1,0,0,2,12,2,96,1,1,25,0,0,0,0,4,20,8
ASV997,371,783,1560,1229,726,847,71,1015,1114,49,930,718,773,396,733,1160,806,822,1,771,990,1430,751,531,733,0,1011,1060,952,1468,754,877,516,531,995,1282,580,784,528,268,1227
ASV1008,0,24,7,13,4,4,0,1,2,0,6,5,2,2,1,0,2,2,0,0,2,0,19,11,3,0,3,2,9,1,14,1,0,2,0,0,1,0,3,42,4
ASV1014,331,597,1295,1309,711,593,23,894,1420,16,926,726,692,401,663,889,740,673,1,753,976,1132,600,455,694,1,900,870,869,1261,841,709,451,774,1000,1046,538,543,423,211,1042
ASV1016,0,0,0,0,1,1,0,0,0,0,0,2,0,0,0,0,0,0,0,1,0,1,6,1,0,0,0,0,4,0,0,0,0,0,0,0,0,0,0,8,1
ASV1019,0,19,1,26,0,2,0,6,0,0,0,2,0,1,1,0,0,0,0,0,0,2,5,3,0,0,1,0,7,0,3,0,0,0,0,0,0,0,0,0,0
ASV1024,149,301,560,650,324,199,20,588,762,22,511,599,350,250,327,464,354,383,0,516,309,475,215,242,542,0,670,360,249,751,473,202,217,349,324,929,144,175,169,176,355
ASV1026,2,13,18,39,14,18,5,113,64,0,36,48,12,21,8,29,28,10,0,58,24,23,24,23,55,0,26,4,11,27,15,8,50,5,17,11,5,8,19,129,15
ASV1047,0,2,0,5,1,0,0,0,0,0,0,0,0,0,0,0,0,0,0,0,0,0,2,3,0,0,0,0,3,0,4,0,0,0,0,2,0,0,0,14,2
ASV1050,0,84,3,63,12,8,0,19,2,0,4,6,0,2,1,1,3,1,0,9,2,2,85,40,2,0,20,11,60,2,27,5,4,5,2,5,0,2,0,80,3
ASV1053,0,41,0,28,8,3,1,0,0,2,2,0,0,0,1,0,0,1,0,0,3,0,22,14,0,0,3,2,12,2,14,2,1,0,2,1,0,1,0,19,2
ASV1056,316,549,1261,874,589,640,58,774,1434,19,995,791,689,454,687,1102,647,832,1,748,963,1518,593,418,625,0,1102,862,731,1432,590,708,585,358,1006,1037,464,780,540,234,1128
ASV1061,22,46,49,123,75,69,10,53,92,12,112,117,61,27,40,85,42,17,0,79,197,69,72,112,75,0,58,88,37,64,51,64,50,35,46,55,48,74,55,42,50
ASV1062,1,38,1,39,7,4,0,5,0,0,3,1,102,1,4,3,2,2,0,6,8,5,28,30,2,0,4,3,17,0,26,2,0,1,0,0,1,6,1,0,0
ASV1064,0,11,1,9,5,3,0,1,6,0,0,6,0,0,4,3,2,3,0,4,6,1,8,6,3,0,3,0,8,2,6,0,0,0,1,1,0,1,0,21,5
ASV1071,1,34,1,20,9,1,0,1,0,1,0,0,1,0,0,0,0,2,0,3,1,0,52,36,0,0,3,4,25,0,20,1,1,0,0,6,0,0,0,509,3
ASV1073,5,36,3,35,18,49,40,5,4,11,11,6,76,3,57,38,27,20,0,10,131,97,69,64,7,0,9,60,27,3,46,10,6,7,8,10,15,29,7,5,9
ASV1109,27,240,17,252,56,103,27,234,103,13,41,50,195,25,198,261,270,88,0,148,487,216,158,178,62,0,61,62,123,52,314,61,53,33,32,9,31,98,47,18,98
ASV1114,0,26,0,28,0,1,0,1,0,0,0,3,0,0,0,0,2,1,0,0,0,4,30,10,0,0,0,0,22,0,8,1,0,2,1,0,0,0,0,1,0
ASV1117,74,397,200,395,252,231,60,203,164,40,227,115,319,40,372,532,260,169,1,203,967,409,669,717,160,0,140,454,431,194,413,161,78,105,69,70,144,251,138,80,158
ASV1121,50,259,294,478,327,302,37,319,1121,23,1130,613,416,362,238,574,340,309,1,530,1041,690,457,514,210,0,343,232,345,489,608,211,188,146,282,319,375,396,225,48,272
ASV1122,14,153,55,176,101,78,64,132,59,77,67,36,202,34,234,244,145,109,0,180,612,313,187,208,57,0,63,183,315,37,229,122,43,29,36,45,109,222,112,22,87
ASV1150,164,249,324,565,280,351,23,395,371,17,219,308,307,247,187,471,267,283,1,274,291,532,303,212,392,0,483,321,349,479,243,354,233,132,447,507,273,378,164,114,441
ASV1157,0,0,0,1,0,0,0,0,0,0,1,0,0,0,0,0,1,0,0,1,0,1,0,0,0,0,0,0,1,0,0,0,0,0,0,0,0,0,0,8,1
ASV1166,6,14,36,154,7,34,8,254,459,2,200,225,19,200,20,40,16,38,0,217,22,52,19,34,346,0,480,21,21,297,11,12,26,6,59,179,23,12,28,48,36
ASV1167,2,106,25,258,22,89,43,1333,345,35,127,72,229,55,209,216,202,135,0,405,370,419,230,83,150,0,109,15,94,107,540,48,39,47,29,37,18,93,43,8,161
ASV1168,0,27,1,6,2,5,0,4,0,0,1,2,1,0,0,0,0,0,0,0,0,0,10,9,1,0,4,1,8,0,3,0,0,1,0,0,0,0,0,1,0
ASV1177,25,166,231,258,59,194,237,83,486,22,570,193,106,132,236,204,60,259,0,194,494,611,2363,542,100,1,113,158,500,211,209,426,105,35,230,35,150,215,174,9,316
ASV1179,0,16,0,16,1,2,0,0,0,0,0,0,0,1,1,0,1,0,0,0,1,0,2,6,0,0,0,0,3,0,3,0,1,0,0,2,0,0,0,23,0
ASV1186,1,6,2,6,3,2,3,3,3,3,5,0,26,2,4,11,7,21,0,3,12,24,7,8,1,1,2,7,2,5,4,2,3,0,1,0,0,0,1,1,3
ASV1193,121,137,401,279,145,187,19,196,384,7,160,108,155,140,203,222,234,199,0,267,437,267,225,131,181,3,146,197,167,190,345,176,137,168,142,232,97,103,110,57,136
ASV1202,24,124,43,106,106,60,61,72,56,36,59,34,197,31,239,220,102,110,0,77,410,236,185,186,42,1,74,130,147,45,158,67,54,21,33,48,142,144,82,43,81
ASV1217,38,125,74,237,83,188,51,388,231,40,188,171,191,75,96,189,107,113,0,202,224,460,313,154,273,0,275,96,192,274,212,280,68,53,142,114,118,168,91,41,199
ASV1236,193,301,385,646,332,396,27,492,416,18,262,415,332,334,269,576,322,297,0,345,373,662,372,254,494,0,598,444,443,538,318,381,285,133,575,591,356,507,200,143,527
ASV1249,1,49,27,27,12,10,15,34,3,2,13,21,2,3,2,2,23,4,0,0,0,6,33,20,5,0,39,20,27,2,38,16,2,3,7,5,0,2,5,95,6
ASV1260,150,267,297,507,274,329,17,446,337,14,204,292,285,245,196,431,230,243,0,275,265,502,255,181,375,0,467,285,325,415,219,321,223,112,424,440,222,331,145,137,390
ASV1262,28,25,65,21,136,27,6,6,45,2,52,96,5,61,15,20,5,10,0,14,44,53,119,99,65,0,140,201,123,78,19,60,81,6,27,93,37,17,58,78,14
ASV1275,31,297,108,277,165,127,47,79,105,53,82,37,242,45,271,310,173,163,0,137,772,402,387,318,59,1,81,239,225,68,315,106,84,59,38,42,86,154,96,27,110
ASV1295,122,306,570,517,310,202,21,455,796,11,536,399,339,203,274,454,358,292,0,378,375,547,258,286,382,0,401,405,239,663,350,275,221,274,335,575,255,273,201,119,400
ASV1307,9,48,28,159,14,131,18,446,234,17,74,91,105,79,110,114,155,231,1,145,275,239,72,70,122,0,106,14,51,89,165,90,25,36,27,57,138,125,23,12,57
ASV1312,5,22,77,166,43,40,11,123,143,79,110,167,24,47,104,67,43,42,0,476,67,152,62,60,186,0,123,59,60,50,91,31,32,13,24,34,19,34,47,32,55
ASV1317,11,33,71,68,77,38,15,31,90,10,71,48,55,37,63,102,62,53,0,57,306,102,82,71,31,0,61,79,55,62,72,56,61,25,41,32,40,75,39,26,57
ASV1333,0,5,0,6,1,2,0,0,0,0,0,0,0,0,1,0,1,2,0,0,0,1,4,0,0,0,2,0,1,0,9,0,1,0,0,0,0,0,0,0,0
ASV1349,6,24,11,34,11,23,5,34,17,7,5,3,42,10,28,28,21,19,0,20,118,74,46,37,6,0,8,9,69,9,44,29,7,13,12,16,34,26,12,8,20
ASV1372,5,8,5,5,9,13,11,412,272,2,194,126,14,176,11,20,21,33,0,283,29,51,14,12,29,0,60,7,4,70,6,11,12,1,22,7,10,11,54,10,22
ASV1384,0,16,3,21,31,11,22,27,53,16,84,120,26,15,27,66,16,36,0,113,82,142,32,36,9,0,22,21,22,12,36,20,21,1,39,2,30,83,56,27,23
ASV1405,47,179,64,155,164,106,80,76,73,49,61,66,217,28,163,242,132,165,0,78,409,293,265,206,52,0,89,210,352,95,218,217,100,87,72,51,108,223,132,35,102
ASV1420,7,8,130,56,37,46,6,100,77,4,64,43,18,46,52,59,38,45,0,23,26,89,11,12,88,0,68,10,57,55,40,89,28,92,121,68,74,59,9,20,45
ASV1428,4,61,27,83,36,28,24,51,34,30,37,14,140,14,91,101,67,58,0,59,228,116,102,70,17,0,31,65,81,25,92,46,18,25,9,16,56,70,42,10,32
ASV1453,5,305,39,401,101,179,18,309,98,18,53,66,247,35,250,363,372,96,1,177,763,263,181,193,67,0,86,125,223,38,533,47,68,42,52,26,34,138,52,20,109
ASV1469,55,367,496,381,341,370,40,169,1129,7,1000,772,354,276,204,432,284,297,0,378,641,773,633,447,288,1,538,295,465,664,386,247,258,124,418,291,339,379,247,52,318
ASV1482,0,7,0,8,2,0,0,1,0,0,0,0,0,0,0,0,1,0,0,1,0,1,6,1,0,0,0,0,0,1,8,2,0,0,0,1,0,0,0,14,0
ASV1486,131,257,176,249,257,273,21,305,348,10,208,181,105,189,104,256,94,172,0,120,137,244,264,187,236,0,312,308,214,271,154,193,104,136,163,298,104,228,92,143,222
ASV1501,0,47,0,23,3,3,0,2,0,0,0,1,3,2,8,1,3,9,0,2,9,1,22,19,0,0,5,2,26,0,26,4,2,2,3,1,0,0,0,41,0
ASV1505,0,0,4,6,0,6,1,9,81,1,33,129,0,238,1,0,0,4,0,20,0,6,0,0,47,0,127,0,3,52,0,2,41,3,2,17,8,0,17,7,2
ASV1509,0,4,5,10,0,1,0,3,0,0,1,15,0,1,2,0,1,0,0,3,1,3,11,3,4,0,1,0,4,7,6,0,0,1,9,1,0,2,1,5,2
ASV1526,7,9,48,20,5,19,1,145,439,0,200,439,0,154,2,1,15,9,1,37,3,11,6,14,277,0,120,6,8,176,25,7,29,7,53,21,6,3,23,9,8
ASV1536,0,75,1,43,18,7,9,20,7,3,5,12,2,0,1,2,6,4,0,10,7,1,70,34,3,0,19,14,69,2,31,6,1,1,4,5,0,1,1,1,6
ASV1543,3,10,124,61,21,52,5,254,52,3,18,12,40,13,86,104,56,59,0,26,78,145,10,20,70,0,11,19,94,11,70,43,6,152,32,21,49,67,9,6,40
ASV1548,0,1,0,4,0,0,0,1,0,0,0,0,0,0,0,0,0,0,0,0,0,0,0,2,0,0,0,0,2,0,1,0,0,0,0,0,0,0,0,0,0
ASV1584,2,71,18,70,18,27,1,59,20,3,37,8,110,6,95,95,73,52,0,64,326,117,68,94,15,0,10,44,38,20,120,26,16,20,7,10,20,79,20,6,37
ASV1586,579,863,2055,1821,1083,976,68,1236,1955,55,1319,1076,1037,623,995,1380,1137,1088,1,961,1167,1731,978,703,1081,1,1210,1358,1194,2062,1128,1168,782,810,1162,1684,812,919,671,338,1554
ASV1595,2,16,6,24,4,24,2,301,19,8,13,4,72,2,56,36,80,23,0,81,93,70,84,19,19,0,9,5,12,1,95,9,8,28,3,2,1,15,0,2,13
ASV1619,187,289,707,429,333,369,31,415,771,16,548,473,394,224,371,576,360,475,0,382,557,749,339,246,368,0,580,456,410,789,382,419,294,189,608,582,269,434,274,114,630
ASV1636,0,105,1,89,20,14,0,10,0,0,1,2,0,0,1,0,4,4,0,8,5,1,80,44,0,0,3,3,68,3,24,8,0,5,0,2,0,1,0,80,1
ASV1647,0,4,0,3,0,3,0,0,0,0,0,1,0,0,0,0,0,0,0,0,0,0,1,1,0,0,0,0,1,0,0,0,0,0,0,0,0,0,0,0,0
ASV1648,0,15,0,10,1,1,0,0,0,0,0,0,0,0,0,1,0,1,0,0,0,0,12,4,0,0,0,1,7,0,9,2,0,1,4,0,0,0,0,20,0
ASV1649,0,14,0,9,4,2,0,6,0,0,0,1,0,0,0,0,0,1,0,2,0,0,12,13,0,0,0,1,3,0,5,1,0,0,0,0,0,0,0,15,0
ASV1673,172,362,778,720,325,370,9,329,727,11,404,278,325,182,342,392,377,371,1,347,435,705,355,344,398,0,417,455,478,658,380,424,224,374,322,542,271,271,135,106,384
ASV1679,136,316,523,629,235,368,2,195,530,7,307,256,314,188,323,307,282,325,0,243,251,559,273,322,231,2,345,354,396,449,256,342,145,316,151,359,191,221,93,91,282
ASV1705,27,89,174,124,95,52,15,74,162,3,121,101,87,33,77,69,66,75,0,83,93,129,70,55,79,1,72,71,78,129,77,41,40,72,79,90,46,63,68,29,93
ASV1727,0,0,0,3,0,0,0,0,0,0,0,0,0,0,0,0,0,0,0,0,0,0,0,1,0,0,1,0,2,0,1,1,0,0,0,1,0,0,0,9,0
ASV1731,0,3,0,9,0,0,0,1,0,0,0,0,0,0,0,0,0,0,0,0,0,0,1,4,0,0,0,0,3,0,5,0,0,0,0,0,0,0,0,12,0
ASV1739,78,190,113,190,182,161,10,242,259,14,158,146,85,116,84,188,84,126,0,110,97,178,225,119,178,0,214,214,149,184,114,143,88,74,138,165,98,197,57,115,159
ASV1751,78,347,69,366,165,336,31,317,221,13,203,169,277,81,210,409,192,174,0,194,786,465,503,329,148,0,201,170,356,186,282,248,196,46,108,39,142,389,174,46,298
ASV1779,5,19,31,52,24,27,9,57,71,2,76,70,22,22,48,72,5,71,0,194,62,177,40,13,37,0,29,36,20,51,29,19,11,19,21,20,26,58,39,13,60
ASV1781,155,339,564,593,277,353,4,161,599,6,320,263,324,199,320,345,289,359,0,295,304,602,266,374,263,1,374,321,391,423,247,342,173,312,188,336,191,200,121,96,321
ASV1787,185,370,573,470,350,381,41,385,586,33,409,369,411,214,437,634,357,463,0,323,566,746,433,265,305,0,441,482,446,638,351,393,276,226,526,539,282,498,240,137,590
ASV1846,10,291,54,316,21,114,10,358,39,24,63,23,622,7,274,388,631,200,0,206,1095,260,206,206,35,0,11,73,116,39,712,39,34,184,32,12,40,185,23,7,93
ASV1849,0,5,0,9,0,1,0,3,0,0,0,1,0,0,0,0,0,0,0,0,0,0,4,2,0,0,2,0,1,0,8,0,0,0,0,0,0,0,0,1,1
ASV1861,11,86,30,91,42,33,5,20,24,6,53,22,87,14,131,82,64,34,0,62,174,91,111,152,25,0,22,87,78,31,100,33,31,16,9,28,22,82,35,39,62
ASV1864,0,39,1,26,3,3,0,2,1,0,1,1,0,0,5,0,1,1,0,0,3,1,30,37,0,0,0,2,22,0,15,4,0,0,1,0,0,0,2,7,3
ASV1865,611,1026,2015,1465,1036,1253,92,1218,1424,55,1265,934,1184,464,1142,1933,950,1371,0,1081,1306,2116,978,714,930,0,1238,1201,1092,2059,872,1274,794,417,1291,1699,737,1280,574,361,1760
ASV1878,52,95,105,94,240,85,12,37,149,1,154,127,54,90,33,89,39,61,0,45,147,124,161,95,95,0,216,259,179,112,40,184,101,15,87,114,147,104,129,42,87
ASV1884,57,215,36,233,97,199,29,220,115,9,120,54,184,43,145,304,126,176,0,130,422,291,349,211,77,0,177,77,218,90,186,130,116,28,46,18,75,135,86,27,164
ASV1892,15,56,62,113,72,72,6,34,65,6,59,42,44,16,90,64,39,53,1,51,155,163,90,69,31,0,53,61,71,56,58,66,35,30,37,38,55,57,34,22,59
ASV1899,0,4,0,5,0,0,0,0,2,0,0,0,0,0,0,0,0,0,0,0,0,1,3,0,0,0,0,0,2,0,1,0,0,1,0,0,0,0,0,0,1
ASV1903,0,3,4,4,0,4,0,31,27,2,53,26,15,6,4,8,9,3,1,55,25,6,3,2,12,0,5,2,2,4,11,1,1,0,4,2,0,4,10,3,6
ASV1918,0,48,0,55,3,0,0,4,1,1,0,4,0,0,1,4,2,1,0,3,1,1,24,19,0,0,0,1,18,1,23,2,0,0,0,1,0,0,1,4,3
ASV1920,87,158,309,364,134,155,2,234,361,3,202,213,179,105,190,221,184,213,0,204,225,322,126,102,177,0,248,201,213,411,212,203,99,189,271,265,120,144,125,48,220
ASV1922,142,302,649,508,287,324,7,393,467,10,379,295,285,162,294,410,310,325,0,308,428,590,296,203,358,0,414,429,387,607,318,399,196,206,424,538,261,331,163,97,517
ASV1925,10,343,46,335,19,102,17,414,52,46,47,16,575,16,482,340,666,172,1,204,1582,246,304,288,36,0,15,81,119,25,773,57,18,189,18,10,27,127,19,1,72
ASV1937,0,33,0,29,4,9,3,12,6,11,5,5,19,4,21,21,24,19,0,27,52,28,44,25,15,0,0,10,30,2,56,4,3,4,5,1,4,20,5,3,13
ASV1938,100,232,462,392,224,197,5,322,439,5,303,216,249,130,254,301,204,227,1,262,400,362,235,164,219,0,253,269,214,406,229,240,125,175,231,312,199,205,117,80,261
ASV1972,95,80,260,72,591,152,16,33,191,5,156,152,57,110,49,107,26,77,0,56,146,143,281,255,195,0,410,578,280,297,51,251,200,12,154,322,164,156,247,108,139
ASV2009,3,40,23,106,1,51,3,232,54,7,35,20,92,14,64,104,76,35,0,70,119,97,32,23,29,0,39,8,35,31,58,20,11,11,25,19,1,32,7,8,62
ASV2049,41,243,156,453,38,139,26,282,240,37,147,66,210,24,234,239,221,153,0,231,378,212,213,204,107,0,42,103,141,129,222,118,45,206,95,45,81,110,55,14,152
ASV2055,1,41,11,10,14,13,7,12,10,2,11,5,12,1,18,17,2,6,0,8,32,12,39,20,5,0,16,13,25,6,14,15,2,4,2,5,3,14,6,26,2
ASV2063,30,84,95,126,135,161,12,117,44,18,59,68,49,25,31,144,24,25,0,94,366,53,146,235,124,0,89,205,135,84,150,65,28,69,45,99,63,72,76,17,36
ASV2065,7,63,35,28,32,35,14,40,41,11,41,34,33,13,27,58,32,47,0,196,122,58,67,73,30,0,78,43,58,24,113,35,23,6,21,47,55,33,56,42,27
ASV2082,281,450,862,575,412,526,49,588,860,21,626,585,600,299,497,908,398,716,1,576,571,1044,468,314,479,1,720,638,485,1062,338,661,442,132,752,845,484,748,283,165,932
ASV2095,0,1,0,1,0,0,0,0,0,0,0,0,0,0,0,0,0,0,0,0,0,0,0,2,0,0,0,0,0,1,1,0,0,0,0,0,0,1,0,0,1
ASV2104,2,4,5,2,15,14,1,30,142,0,37,30,0,24,1,8,19,7,0,5,1,4,33,81,38,0,51,7,16,45,9,11,8,311,22,16,227,3,90,16,4
ASV2109,0,1,1,14,0,1,0,354,0,1,0,1,1,0,0,0,0,0,0,0,1,0,0,1,1,0,0,1,5,0,7,0,0,2,0,0,0,2,0,0,0
ASV2116,1,146,4,130,18,30,8,24,19,1,12,7,450,5,111,73,54,35,0,52,199,63,128,105,3,0,10,14,152,11,66,18,7,5,9,2,9,25,15,18,18
ASV2122,0,0,0,1,0,0,0,0,0,0,0,0,0,0,0,0,0,0,0,0,0,0,0,1,1,0,3,0,0,0,0,0,0,0,0,9,0,0,0,351,0
ASV2124,0,2,0,5,1,0,0,1,0,0,0,0,0,0,1,0,0,0,0,0,0,0,0,1,0,0,0,0,0,0,2,0,0,0,0,0,0,0,0,0,0
ASV2150,13,44,52,64,73,21,4,45,57,0,82,45,21,27,41,49,28,34,0,61,57,89,81,68,38,1,105,121,116,45,30,36,33,15,35,32,41,38,44,26,39
ASV2167,233,406,825,671,454,464,48,499,557,22,427,348,481,186,481,684,440,535,0,409,449,756,390,270,405,0,455,462,425,804,316,498,299,211,519,660,353,502,265,140,720
ASV2178,457,689,1347,1084,737,916,69,932,1106,45,814,721,837,354,823,1413,745,1089,0,780,881,1568,691,480,694,0,917,834,755,1587,637,899,570,299,1029,1400,560,954,444,266,1386
ASV2180,272,498,1021,778,544,594,41,627,741,19,499,433,551,232,532,815,528,626,0,464,573,977,499,328,495,2,527,606,529,1031,422,662,391,192,637,831,440,561,294,150,834
ASV2184,23,73,93,89,88,73,8,34,42,1,122,63,49,116,69,65,18,44,0,50,256,74,350,202,58,0,77,211,137,55,68,75,47,13,47,58,67,34,89,28,24
ASV2203,495,703,1508,1116,832,1026,56,906,1187,42,894,672,910,377,799,1453,789,1179,1,862,962,1647,706,533,699,0,970,899,850,1652,582,1006,589,306,1098,1367,605,981,421,291,1473
ASV2228,36,341,41,480,102,221,38,387,104,42,110,46,401,39,346,517,319,187,0,174,1359,472,417,335,62,0,72,110,187,74,555,128,86,94,63,23,76,262,97,26,231
ASV2232,9,59,26,64,52,32,28,22,31,10,57,11,24,8,75,64,27,30,0,33,145,82,84,77,14,0,36,82,88,29,70,42,29,11,12,25,20,49,40,19,25
ASV2234,27,193,183,259,133,251,21,105,704,7,562,356,133,142,130,172,122,163,0,187,339,388,598,324,123,0,199,117,334,319,153,149,108,91,163,87,133,186,103,30,224
ASV2239,20,45,25,101,29,54,5,65,56,3,24,19,16,29,14,75,8,19,0,10,40,54,17,27,47,1,55,49,38,27,38,64,30,36,46,61,36,64,11,21,53
ASV2248,22,125,152,191,73,92,16,139,75,7,84,47,120,12,144,123,121,67,0,79,335,118,135,128,95,0,53,153,124,68,161,75,56,106,81,61,66,90,79,11,92
ASV2259,75,153,299,353,109,135,1,224,337,4,206,247,123,121,177,194,172,164,0,159,214,255,139,114,174,1,204,222,173,327,198,166,91,198,217,251,111,130,114,47,198
ASV2262,12,49,29,158,11,86,13,500,140,7,62,61,143,37,105,127,102,58,0,185,135,184,43,42,137,1,107,6,48,60,193,66,23,17,46,49,17,40,29,6,104
ASV2273,29,76,122,190,82,81,5,101,103,5,101,96,73,32,63,98,81,32,0,75,267,79,74,121,173,0,81,114,115,136,148,50,32,101,72,144,51,72,31,9,60
ASV2275,0,17,0,17,1,1,0,3,0,0,0,0,0,1,1,0,1,1,0,1,0,0,12,6,0,0,0,0,3,0,7,0,0,0,0,0,0,0,0,14,1
ASV2283,0,17,0,13,2,1,0,5,1,0,0,1,1,0,4,0,1,1,0,0,0,3,13,10,0,0,0,0,5,0,10,0,0,1,1,0,0,0,0,0,0
ASV2291,46,250,164,211,104,79,14,94,86,15,62,45,77,29,134,158,110,67,0,77,306,155,253,233,70,1,85,187,249,88,105,124,57,69,66,77,85,113,59,79,62
ASV2301,18,117,86,232,38,71,12,283,123,35,88,34,174,23,156,136,179,142,0,136,346,133,95,79,56,0,39,62,73,76,229,39,31,191,48,45,30,85,31,8,94
ASV2334,84,148,334,281,194,154,19,219,318,8,192,178,155,107,149,187,196,194,0,170,223,247,172,114,182,0,198,227,189,299,155,195,96,173,216,278,118,161,109,65,247
ASV2344,0,9,0,2,1,0,0,0,0,0,2,1,0,1,1,0,0,0,0,0,0,0,3,2,0,0,0,0,3,0,2,1,0,0,0,0,0,0,0,1,0
ASV2345,41,208,118,125,144,133,25,100,40,12,77,36,92,45,117,184,105,100,0,105,365,234,347,285,62,0,82,275,235,61,152,131,76,20,42,70,106,135,95,40,75
ASV2378,67,128,325,328,137,137,4,253,327,7,218,197,158,98,166,174,176,175,0,178,217,235,111,117,207,0,217,188,190,282,197,148,97,186,267,281,105,123,79,45,213
ASV2396,249,462,948,682,495,485,49,601,790,21,568,427,561,257,506,669,489,580,0,476,649,953,494,351,452,1,619,575,617,786,511,591,348,408,686,757,383,493,323,170,761
ASV2409,10,85,123,122,121,119,12,106,356,8,309,232,129,125,80,170,112,98,0,155,299,191,133,130,89,0,126,84,123,222,214,85,84,61,90,101,108,94,72,15,86
ASV2426,49,121,282,172,169,169,22,36,704,0,652,533,103,175,73,183,92,148,0,154,281,294,270,193,152,0,363,183,227,370,122,140,134,34,256,128,183,157,158,22,162
ASV2429,0,0,0,0,0,0,0,1,0,0,0,1,0,0,1,0,0,0,0,0,0,0,0,1,0,0,0,0,1,0,1,0,0,0,0,0,0,0,0,4,1
ASV2430,11,86,37,74,45,43,20,71,46,11,46,23,127,8,109,143,100,74,0,76,338,171,130,159,37,0,38,56,91,30,104,58,26,52,19,28,41,85,27,11,53
ASV2450,0,9,1,14,1,7,16,9,3,13,1,4,30,1,12,10,12,16,0,18,36,10,8,10,2,0,3,6,9,2,9,7,5,5,2,2,0,8,6,4,2
ASV2451,404,602,1307,933,643,826,55,825,1016,33,837,602,845,327,722,1262,725,1026,1,716,845,1398,654,442,630,2,809,781,694,1515,577,845,530,264,900,1153,530,878,390,244,1314
ASV2531,1,0,11,9,11,4,0,3,290,0,110,146,1,160,0,1,1,2,0,16,2,3,5,6,49,0,191,3,1,113,0,4,9,2,22,94,8,1,12,17,10
ASV2550,21,103,51,173,61,156,5,169,53,21,42,45,80,14,38,111,78,30,0,51,290,95,75,143,127,0,96,44,143,121,224,41,20,140,56,66,31,58,13,15,40
ASV2570,0,0,1,1,0,3,0,5,3,0,1,0,0,0,1,0,1,2,0,4,0,1,2,0,0,0,0,1,1,0,1,0,0,1,0,0,0,3,0,0,0
ASV2580,1,24,14,21,18,15,12,14,11,6,9,19,16,1,18,47,20,16,0,13,65,36,36,39,13,0,24,24,99,13,49,227,14,7,7,10,15,36,28,7,42
ASV2598,63,88,250,224,112,91,2,166,302,0,175,139,104,68,93,131,118,119,0,101,123,153,72,83,109,0,118,136,102,205,95,107,54,111,172,203,70,59,59,32,151
ASV2613,8,46,42,55,38,27,10,35,30,14,17,14,59,14,63,75,39,34,0,34,127,159,67,44,6,0,19,61,53,25,41,26,19,12,14,13,25,57,29,10,25
ASV2627,36,79,84,124,84,80,16,86,88,17,61,64,53,59,50,128,62,64,0,70,82,105,88,77,93,0,100,117,76,132,80,94,53,64,84,132,61,97,46,42,80
ASV2663,5,13,33,36,26,23,3,138,259,0,148,304,4,51,7,31,44,10,0,214,28,30,23,17,86,0,191,9,18,111,32,20,19,8,50,30,16,14,27,22,32
ASV2691,170,343,547,420,366,415,40,399,539,15,349,343,376,198,356,568,378,429,1,299,452,699,304,230,265,1,444,461,377,619,342,404,264,208,509,468,301,414,219,115,575
ASV2693,23,99,122,216,83,85,5,101,104,4,90,92,85,5,79,106,74,33,0,89,246,76,95,124,175,0,60,100,130,121,120,67,32,104,58,97,64,73,39,11,52
ASV2778,4,4,7,17,52,10,4,7,81,2,35,85,2,180,3,28,3,17,1,35,11,46,23,7,16,0,112,112,24,71,3,21,124,2,32,62,31,17,76,42,70
ASV2790,31,53,102,110,106,63,4,43,172,1,174,138,39,71,31,56,38,41,0,65,118,85,67,58,78,0,145,128,107,118,47,80,45,15,135,64,163,62,40,22,49
ASV2791,41,109,142,209,58,187,18,329,87,21,47,32,100,22,111,154,90,138,0,71,111,125,54,59,156,0,66,80,141,72,231,153,48,296,87,113,113,81,60,38,115
ASV2798,26,116,96,192,58,82,15,80,57,9,70,38,118,10,104,115,112,51,0,52,327,105,131,112,57,0,20,106,116,73,118,54,20,74,53,49,31,74,48,9,71
ASV2799,9,39,3,28,23,22,14,24,10,13,14,6,20,3,24,42,23,11,0,10,127,56,31,35,9,0,13,12,25,14,97,9,11,9,4,5,13,32,27,10,28
ASV2807,4,324,46,353,16,125,10,376,35,44,30,20,537,10,391,323,671,175,0,170,1316,213,216,251,25,0,13,42,83,22,734,29,17,170,29,13,27,115,22,2,61
ASV2811,34,121,136,202,125,113,11,81,404,4,380,224,127,125,111,229,123,114,1,200,359,292,168,216,94,0,142,85,135,183,209,105,94,41,151,116,164,137,107,33,89
ASV2814,0,0,0,0,0,0,0,0,0,0,0,1,0,0,0,0,0,0,0,0,0,0,0,0,0,0,0,0,0,0,0,0,0,0,0,0,0,0,0,0,0
ASV2819,90,186,374,284,213,156,13,275,552,6,324,209,183,100,162,247,211,215,0,218,223,311,170,104,224,0,227,234,155,385,233,171,153,194,222,328,168,186,110,61,265
ASV2820,82,179,388,302,190,191,16,266,310,10,237,191,167,98,212,308,228,211,0,205,337,376,194,148,213,1,279,259,261,353,209,214,133,148,283,346,148,204,135,63,306
ASV2835,0,15,0,11,1,0,0,2,0,0,0,2,0,0,0,0,0,1,0,0,0,0,13,9,0,0,0,1,11,0,2,2,0,0,0,4,0,0,0,178,0
ASV2852,279,527,1010,743,576,659,47,616,731,27,632,492,586,265,567,945,545,665,0,579,630,1073,449,370,465,1,622,575,528,1140,411,647,383,204,722,910,420,664,290,173,983
ASV2855,0,3,1,4,0,0,0,0,0,0,0,0,0,0,0,0,0,1,0,0,0,0,1,2,0,0,0,0,1,0,0,0,0,0,0,0,0,0,0,0,0
ASV2865,18,113,98,250,31,108,5,247,167,11,91,49,78,19,67,83,84,72,0,115,168,96,72,140,130,0,41,44,109,80,93,36,16,105,44,36,36,58,22,6,35
ASV2872,293,466,1000,910,564,526,43,548,935,31,658,587,495,327,484,664,566,531,0,505,624,867,454,341,536,0,556,623,569,1043,560,599,337,421,534,856,368,547,361,161,713
ASV2887,22,66,44,26,45,28,0,22,22,1,143,16,59,9,23,27,51,17,0,15,21,31,37,193,25,0,49,38,46,24,12,15,12,13,18,20,13,20,13,22,23
ASV2980,0,8,0,9,0,0,0,5,0,0,0,7,1,0,0,0,0,0,0,0,0,0,2,5,0,0,1,0,3,0,7,0,0,0,0,0,0,0,1,0,0
ASV3014,0,10,0,12,1,1,0,28,1,0,8,21,0,9,2,0,10,1,0,3,0,5,3,5,0,0,7,3,3,1,11,6,1,0,4,1,1,0,0,1,4
ASV3015,10,44,41,77,21,87,16,155,41,18,19,26,51,16,59,84,61,70,0,24,62,56,22,23,70,0,30,31,55,33,143,55,17,137,24,42,35,43,9,11,62
ASV3061,18,58,87,160,61,84,6,68,77,4,85,62,74,12,42,81,48,28,0,80,190,66,51,123,158,0,54,89,97,120,95,53,23,64,62,88,22,51,27,10,52
ASV3076,100,174,342,271,215,231,19,223,339,12,271,233,270,132,226,357,197,269,0,193,319,409,213,180,188,0,273,252,241,331,189,236,160,121,307,309,174,310,150,80,346
ASV3091,14,73,47,102,108,45,33,63,76,21,86,46,77,24,90,132,62,80,0,91,143,111,106,67,55,0,58,112,79,49,68,52,46,18,25,44,34,78,80,39,59
ASV3113,30,62,82,153,46,79,1,225,187,1,117,139,66,104,27,84,102,81,0,131,92,123,62,35,103,0,126,57,93,218,129,75,51,82,132,114,61,75,40,14,76
ASV3177,3,80,20,143,9,28,5,92,24,2,17,8,157,3,102,84,184,56,0,48,257,86,44,57,13,0,12,27,41,15,223,10,6,75,10,11,11,40,4,0,18
ASV3193,2,11,23,52,8,16,0,162,358,2,98,77,14,34,7,25,27,12,0,165,31,32,26,7,78,0,49,4,15,52,30,4,7,4,19,25,4,17,63,25,19
ASV3211,10,29,32,73,15,22,0,17,14,13,19,10,5,5,12,16,9,18,0,13,20,13,27,31,19,0,36,34,61,12,12,28,8,2,5,7,7,7,5,2,7
ASV3219,23,141,91,105,112,86,29,60,34,4,58,30,59,22,71,112,91,67,0,78,208,149,180,143,48,0,62,176,146,34,108,80,58,13,24,51,63,82,56,38,65
ASV3226,3,3,2,3,24,3,0,13,23,0,14,40,2,1,4,1,4,36,0,12,2,309,1,2,6,0,9,16,3,6,1,12,4,1,11,7,1,3,6,3,34
ASV3233,14,24,11,60,22,25,0,36,39,4,27,45,20,16,13,40,26,18,0,27,16,34,17,11,40,1,39,27,21,42,35,25,15,10,15,71,20,17,2,15,26
ASV3237,79,163,334,297,120,174,24,292,403,23,294,204,186,136,165,304,199,227,0,220,231,345,140,116,263,0,181,161,179,341,168,172,129,155,236,289,122,188,149,70,288
ASV3241,0,1,0,1,0,1,1,0,2,0,1,0,3,0,2,1,0,0,0,2,1,2,1,0,0,0,0,1,1,0,3,1,0,1,2,0,0,1,0,0,1
ASV3263,55,133,326,146,155,139,10,168,320,5,242,149,145,76,175,257,146,186,1,167,179,264,119,74,108,0,218,174,184,280,132,143,101,85,183,200,108,171,105,42,226
ASV3270,60,91,151,186,82,80,8,106,198,5,111,110,74,80,89,120,105,104,0,96,116,132,75,88,105,0,114,91,108,203,129,98,62,108,129,145,53,69,48,27,114
ASV3324,71,112,228,223,126,131,10,162,214,8,153,129,126,79,105,188,141,136,1,122,177,214,113,92,115,0,151,151,145,203,141,113,94,116,140,183,94,144,71,44,185
ASV3329,87,136,242,204,135,171,16,191,254,8,191,157,163,118,143,270,150,181,0,148,243,295,157,113,140,0,233,199,215,278,131,209,126,100,202,220,147,203,122,50,280
ASV3331,65,112,132,165,102,106,11,113,115,11,76,86,70,50,75,172,95,100,0,66,137,161,111,85,140,0,143,138,97,126,79,101,69,109,116,166,65,124,77,40,142
ASV3366,66,137,311,303,191,182,20,239,323,15,227,220,217,125,180,300,172,216,0,233,240,406,171,125,185,0,337,258,221,360,175,227,149,97,300,328,188,244,130,40,270
ASV3371,66,135,217,159,154,146,14,137,205,6,159,129,175,75,113,237,144,154,0,133,207,294,164,106,132,0,210,180,174,250,141,167,103,84,215,224,103,222,100,53,245
ASV3392,9,12,27,109,8,53,11,1226,328,11,87,43,66,76,42,130,91,79,0,471,110,204,77,15,108,0,29,3,57,72,51,14,9,21,15,14,22,24,15,1,75
ASV3399,74,115,227,204,129,133,10,193,271,7,194,200,120,107,135,211,164,88,0,158,178,259,131,86,152,0,228,155,172,282,157,132,98,93,161,215,108,109,82,60,224
ASV3407,0,4,0,4,0,0,0,0,0,0,0,0,0,0,0,0,0,0,0,1,0,0,2,0,0,0,0,0,0,0,1,0,0,0,0,0,0,0,0,1,0
ASV3412,18,77,56,154,20,80,1,164,77,2,49,20,119,15,77,94,97,59,0,72,156,86,91,108,51,0,21,36,75,40,95,18,16,90,24,35,21,39,19,2,17
ASV3413,0,0,0,2,0,0,0,0,0,0,0,1,0,0,0,0,0,0,0,0,0,0,0,0,0,0,12,0,1,3,0,0,0,0,9,0,0,0,0,0,0
ASV3423,34,143,60,209,72,93,22,135,71,9,69,66,95,46,124,187,117,75,0,81,279,240,271,126,55,0,58,104,199,82,136,89,60,24,57,19,66,162,78,24,99
ASV3448,0,19,0,13,5,2,1,0,0,0,1,1,2,1,2,0,1,3,0,1,3,1,13,11,0,0,1,3,17,4,15,2,0,0,0,0,1,2,2,10,1
ASV3470,17,104,60,70,63,55,35,31,20,4,31,16,40,17,81,74,60,38,0,23,199,74,137,96,35,0,27,69,105,26,51,45,21,10,25,29,62,54,39,61,35
ASV3477,76,115,256,250,122,104,3,107,278,0,135,95,114,60,113,132,105,120,0,101,129,200,90,127,135,0,129,154,142,217,141,131,71,126,114,199,105,100,46,32,138
ASV3479,45,74,101,140,78,89,8,107,78,1,49,90,85,70,52,112,75,78,0,74,82,159,76,56,129,0,137,104,100,112,64,103,69,53,131,176,79,118,44,49,107
ASV3491,37,76,81,161,44,106,2,93,87,2,54,55,70,37,61,99,64,107,0,46,103,114,70,68,99,0,96,51,75,101,100,59,29,97,50,74,32,73,28,23,87
ASV3498,176,256,488,335,297,244,31,243,595,24,331,331,287,154,284,451,240,375,2,254,244,573,277,172,203,0,364,360,240,489,200,297,193,150,267,390,182,380,227,107,461
ASV3517,58,108,255,247,117,118,3,115,236,1,116,103,128,63,125,150,172,113,0,112,303,229,128,123,128,0,148,144,171,235,138,137,66,140,107,178,98,111,48,29,135
ASV3523,67,119,275,276,127,157,5,142,264,5,143,124,139,64,155,150,151,135,0,135,171,260,155,132,135,0,195,195,187,285,129,167,85,156,134,234,101,119,45,35,138
ASV3565,55,135,238,205,121,148,8,153,193,6,135,128,135,72,137,187,150,147,0,105,215,243,125,87,144,1,172,171,146,261,126,145,92,91,167,174,89,135,73,33,224
ASV3595,0,0,1,4,1,3,2,14,8,2,19,71,3,4,0,3,15,7,1,0,9,5,1,5,1,0,2,0,1,5,1,31,5,1,19,0,8,5,11,1,1
ASV3657,74,107,310,204,132,134,17,191,337,8,216,188,177,88,162,289,156,180,0,201,232,317,111,95,147,0,286,196,170,326,125,151,125,77,226,275,96,168,114,66,273
ASV3667,24,38,32,68,88,50,0,5,11,0,13,18,11,7,7,8,3,6,0,4,24,7,47,53,88,0,54,80,96,43,17,32,8,22,16,128,9,10,16,263,6
ASV3672,0,16,0,15,0,0,0,1,0,0,0,1,0,0,1,3,0,0,0,4,0,2,13,4,1,0,0,0,6,1,5,0,1,0,2,0,0,1,0,0,0
ASV3698,9,26,56,52,35,18,6,33,58,7,35,32,14,18,36,28,32,17,0,26,25,41,30,19,38,1,37,25,21,57,29,30,12,36,19,39,13,22,22,11,31
ASV3712,7,81,25,272,25,89,11,869,91,27,39,26,186,17,181,231,122,142,0,397,391,215,135,57,64,0,34,23,104,42,205,41,24,45,22,12,24,73,49,22,72
ASV3714,1,7,13,22,3,6,1,81,93,1,26,89,0,89,9,11,5,8,0,85,16,6,5,3,103,0,93,7,11,61,12,6,1,11,12,8,5,6,2,5,10
ASV3767,19,153,88,296,27,87,20,278,161,16,116,34,164,17,126,134,171,123,0,105,238,141,134,130,73,0,25,40,121,60,172,37,23,115,39,35,42,79,30,11,94
ASV3822,52,80,156,160,69,102,8,129,207,7,105,133,91,62,88,159,112,81,0,112,144,190,77,63,79,0,162,112,107,187,111,122,75,78,132,171,85,61,47,27,154
ASV3827,0,4,5,31,0,10,0,255,11,0,12,8,18,4,14,9,23,2,0,41,60,13,4,3,9,0,7,0,3,5,23,1,0,4,1,1,1,2,2,0,8
ASV3863,18,42,73,109,30,133,10,175,44,10,13,18,44,10,66,82,68,83,0,23,64,77,30,27,66,0,28,34,97,24,171,53,5,189,33,31,62,53,24,16,65
ASV3921,156,266,473,363,278,319,20,312,372,9,323,210,316,122,282,466,244,346,0,256,277,469,220,169,271,0,323,308,273,563,205,326,194,99,345,424,202,330,120,99,466
ASV3927,57,118,214,211,117,121,4,149,211,6,132,116,145,61,128,148,155,139,0,124,156,184,83,109,136,0,154,176,139,197,133,150,75,100,127,175,97,153,72,37,200
ASV3928,0,13,0,10,3,0,0,0,0,0,0,0,0,0,2,2,1,1,0,1,1,1,19,4,0,0,3,2,15,0,13,1,0,1,0,1,0,0,0,35,1
ASV3936,8,28,28,101,5,61,8,336,17,16,6,13,68,10,41,46,88,71,0,36,67,44,29,20,35,0,4,8,38,12,257,33,7,265,13,16,9,30,7,3,17
ASV3990,164,133,130,345,165,306,19,539,562,27,239,400,123,258,81,294,95,163,0,154,214,278,186,129,339,0,411,133,275,488,277,213,152,214,386,374,179,128,107,88,248
ASV3999,52,100,168,182,79,100,10,138,138,2,88,84,92,79,85,134,115,93,0,81,118,157,92,64,91,0,119,138,99,172,109,106,58,120,84,147,69,122,57,36,119
ASV4005,131,183,389,258,208,237,13,248,388,4,297,278,268,130,214,369,151,300,0,234,235,426,204,159,191,0,328,270,242,471,169,294,171,81,311,357,201,298,128,78,397
ASV4008,7,35,25,37,40,17,37,16,15,20,15,7,35,7,50,71,18,22,0,15,128,80,86,56,16,0,13,73,109,19,59,53,32,7,12,17,21,30,46,10,28
ASV4013,4,17,44,116,73,45,37,26,28,2,19,15,12,5,29,16,30,11,0,21,27,38,12,31,115,0,41,28,13,32,35,32,29,76,14,28,4,55,9,13,64
ASV4028,0,19,11,22,4,1,0,16,3,0,14,40,0,9,0,0,30,2,0,0,1,1,12,6,1,0,14,1,5,3,29,0,2,0,7,0,0,1,0,1,0
ASV4039,13,49,37,64,46,28,20,31,38,8,35,26,31,7,42,47,47,25,0,25,59,52,66,36,31,0,21,67,41,27,48,34,11,10,21,27,18,35,34,72,27
ASV4083,234,352,715,546,372,503,34,435,536,16,455,308,433,178,424,722,398,537,0,410,490,786,349,272,359,0,478,419,393,815,279,495,259,170,510,640,302,523,177,145,733
ASV4113,17,62,103,126,50,153,7,198,38,14,28,21,53,25,68,84,79,69,0,43,68,69,32,33,104,0,40,51,89,46,159,84,31,187,55,70,63,64,32,30,67
ASV4124,3,44,25,156,10,45,4,201,93,10,57,56,85,21,62,85,110,34,0,107,146,125,43,47,51,0,58,12,29,75,89,17,11,16,44,31,17,27,15,6,61
ASV4142,2,2,2,0,4,7,0,1,6,0,11,7,2,5,2,2,13,3,0,4,0,1,2,2,10,1,18,3,7,0,2,9,8,0,2,13,7,4,3,7,4
ASV4170,16,14,39,24,22,12,4,12,38,0,31,23,17,9,10,27,22,18,1,13,17,45,26,20,21,0,33,23,19,33,28,20,12,13,21,26,13,16,15,8,26
ASV4171,63,186,154,197,141,150,25,149,99,22,87,55,94,24,63,148,87,58,0,70,248,115,223,188,143,0,103,217,195,97,193,94,62,156,83,133,68,130,64,42,62
ASV4173,0,29,1,15,10,1,0,0,0,1,1,0,0,0,0,0,0,0,0,0,0,0,7,11,0,0,0,0,19,0,6,0,0,1,0,3,0,0,1,27,0
ASV4206,1,48,18,44,13,21,4,24,14,12,14,13,36,1,55,44,34,25,0,48,78,30,51,35,12,0,5,22,27,9,93,15,8,2,5,6,7,24,9,3,22
ASV4214,15,108,38,121,23,74,8,46,27,1,25,11,116,7,92,119,124,60,0,42,373,103,132,124,19,0,16,42,94,22,142,28,22,49,27,15,25,74,26,4,39
ASV4309,0,13,2,12,5,3,0,2,2,0,0,1,0,0,1,0,0,0,0,1,0,0,8,3,0,0,0,2,7,1,0,0,0,1,0,4,0,0,0,88,0
ASV4364,1,5,10,21,13,14,1,34,39,38,50,19,8,12,27,17,16,12,0,58,20,23,6,8,34,0,25,5,7,12,27,2,10,4,3,15,4,8,83,5,20
ASV4369,3,36,5,39,1,23,0,14,4,0,4,5,3,1,1,9,4,3,0,3,109,10,22,58,20,0,5,16,55,11,66,11,3,52,1,23,1,10,1,281,6
ASV4391,6,26,9,19,18,11,21,13,20,6,11,7,35,9,61,52,34,27,0,7,123,38,65,27,11,0,10,29,47,10,44,20,7,3,5,22,14,31,12,2,12
ASV4393,28,79,127,166,50,76,13,166,152,11,90,126,81,75,64,94,96,74,0,120,90,137,71,47,115,1,120,80,87,177,98,64,43,100,84,105,38,62,40,33,102
ASV4433,3,3,20,19,8,18,0,130,110,4,35,135,9,105,12,18,15,15,0,71,18,19,4,5,98,0,121,9,10,78,17,7,1,9,18,15,8,13,2,14,17
ASV4493,4,6,11,13,8,10,21,15,71,5,54,24,10,5,13,8,8,18,0,12,45,34,20,4,12,0,10,16,12,31,4,25,14,4,22,14,25,5,48,2,30
ASV4525,1,9,12,8,12,7,2,7,9,1,18,3,10,3,9,25,8,14,1,6,28,20,18,11,4,0,22,28,9,15,14,9,10,8,5,9,11,17,7,9,7
ASV4568,1,127,6,134,1,20,1,160,15,4,10,2,345,1,169,101,329,83,0,84,436,65,45,71,3,0,6,14,11,15,381,6,2,230,2,0,7,43,2,3,14
ASV4609,61,119,178,122,86,103,20,105,185,8,117,118,104,67,90,169,64,156,0,110,109,210,96,72,70,0,133,130,92,164,73,117,76,61,104,129,89,102,84,47,157
ASV4625,110,222,353,264,231,196,15,203,317,11,248,174,232,100,206,340,174,256,0,176,329,393,213,134,184,0,220,262,211,422,153,271,150,71,266,336,180,259,88,66,340
ASV4639,1,1,10,2,6,1,6,8,77,0,190,148,1,31,180,237,8,671,0,1820,144,447,4,6,14,0,59,10,5,123,5,69,13,2,50,9,35,73,7,4,27
ASV4668,16,91,71,211,17,66,4,173,93,3,65,22,74,9,75,96,80,82,0,109,185,85,75,69,57,0,24,31,62,74,120,34,14,114,34,31,23,44,24,8,57
ASV4684,6,41,25,90,12,67,3,271,30,16,7,13,56,13,60,57,64,44,0,28,76,39,18,15,29,0,16,21,40,9,238,22,5,289,12,18,12,28,8,6,21
ASV4722,0,2,7,10,2,2,15,4,1,12,2,0,7,1,8,10,134,5,0,9,67,2,5,6,2,0,0,7,3,2,11,4,1,3,0,2,0,5,7,2,0
ASV4771,33,105,203,192,84,107,13,180,281,8,171,139,99,74,125,157,108,137,0,147,134,201,106,64,189,0,123,93,105,207,85,101,80,92,139,200,106,101,76,28,179
ASV4803,0,3,37,79,0,2,0,297,102,0,30,5,10,0,4,7,22,30,0,172,1,9,4,1,207,0,33,1,11,2,141,0,0,74,3,1,0,0,0,0,1
ASV4812,0,46,1,42,6,3,0,3,1,0,0,1,0,0,1,0,4,5,0,2,5,0,34,21,1,0,2,1,20,0,21,5,0,0,2,0,0,0,0,0,4
ASV4829,8,27,31,35,24,23,1,35,16,0,23,9,24,4,28,28,25,23,0,19,61,30,30,255,9,0,20,25,49,17,36,20,8,13,13,12,16,22,11,7,17
ASV4898,57,118,257,178,115,157,10,148,294,8,221,180,158,82,163,249,128,210,0,177,151,336,160,112,147,0,226,149,123,339,93,187,119,53,224,231,111,204,80,53,301
ASV4914,75,113,221,173,108,127,20,136,252,9,155,120,116,61,121,193,98,182,0,109,125,265,135,66,86,1,159,159,104,207,73,129,78,56,127,151,78,136,83,43,194
ASV4950,5,61,21,85,9,20,10,60,33,10,26,7,36,3,45,66,45,30,1,56,110,84,40,56,18,0,8,16,35,17,53,14,8,46,18,5,15,29,20,2,24
ASV5048,2,23,14,24,7,14,10,7,1,13,3,3,12,1,22,22,6,11,0,10,105,20,25,34,4,0,7,24,46,6,14,16,12,2,9,4,2,19,9,10,5
ASV5058,75,140,253,179,140,128,17,125,275,10,136,144,141,81,110,214,124,166,0,119,155,266,125,80,119,0,177,188,115,245,107,136,106,55,139,205,96,153,103,54,230
ASV5159,3,18,0,8,16,8,4,17,4,5,8,4,18,0,17,28,7,7,0,8,61,15,26,13,0,1,1,8,3,2,14,3,3,2,2,0,2,10,1,3,4
ASV5172,16,29,16,38,22,33,3,47,31,2,30,19,13,24,15,37,20,56,0,17,34,38,34,30,32,1,36,31,25,38,21,25,17,23,26,40,21,26,11,15,28
ASV5405,1,5,13,6,5,16,4,14,60,0,149,36,1,19,6,43,8,483,0,26,20,118,18,8,7,0,151,33,9,30,17,42,4,9,12,6,154,33,16,23,142
ASV5442,8,107,33,88,16,16,3,91,23,16,16,10,62,2,58,48,80,41,0,32,104,50,21,36,14,0,6,17,21,15,93,11,7,66,14,6,18,27,10,1,31
ASV5464,0,4,0,6,0,0,0,1,0,0,0,0,0,0,0,0,0,0,0,0,0,0,4,6,0,0,0,0,2,0,5,0,0,0,0,0,0,0,0,4,2
ASV5662,44,61,136,134,101,97,16,121,151,5,118,94,111,48,65,121,98,111,0,97,101,180,96,46,102,0,159,110,93,184,71,99,60,49,133,168,90,119,63,35,164
ASV5854,102,182,339,359,176,191,6,269,408,8,234,182,208,107,169,278,233,215,0,200,291,367,152,114,198,1,195,224,206,317,205,149,118,133,209,276,154,188,107,58,241
ASV5895,59,92,193,121,102,119,8,135,218,2,161,131,149,86,120,232,79,142,0,133,124,245,108,71,101,0,162,137,124,307,83,181,105,26,191,201,96,170,80,37,245
ASV5916,1,2,0,17,5,5,0,101,3,0,6,5,8,2,6,8,3,5,1,11,13,15,9,11,13,0,6,2,5,6,8,1,3,1,5,4,0,3,0,0,3
ASV5936,68,100,217,122,101,119,7,133,240,2,190,113,160,71,129,236,81,186,0,156,126,304,131,97,109,0,191,135,130,318,78,161,96,36,211,214,103,193,78,53,274
ASV5989,61,52,138,69,173,81,10,24,111,0,111,79,22,40,26,43,22,46,0,32,77,78,108,111,87,0,134,198,114,90,17,97,122,6,141,162,125,47,79,23,37
ASV6042,63,73,168,116,84,89,7,69,191,3,103,95,65,47,78,121,87,113,0,91,118,204,100,45,63,0,108,124,73,165,53,95,66,40,94,106,68,110,65,29,122
ASV6081,0,12,1,5,2,3,0,4,2,0,0,0,0,0,1,0,0,3,0,4,4,0,13,5,0,0,1,0,10,1,6,0,0,0,0,0,0,0,0,19,3
ASV6145,9,11,24,46,6,20,29,61,283,1,179,107,3,25,30,72,27,131,0,238,68,174,49,17,43,0,18,13,63,77,21,37,67,22,60,17,21,58,29,6,96
ASV6177,0,12,1,12,1,0,0,1,0,0,1,0,1,0,2,0,0,0,0,0,2,0,19,7,0,0,4,1,17,0,5,1,0,0,0,0,0,0,0,1,2
ASV6180,6,14,13,22,7,19,0,34,22,3,12,18,9,9,5,17,4,4,0,13,5,11,13,6,30,1,20,12,13,33,14,10,3,5,6,10,8,10,5,17,16
ASV6259,0,15,0,7,5,1,0,2,0,0,0,0,0,0,0,0,0,0,0,0,0,0,23,12,0,0,0,0,10,0,5,0,0,0,0,1,0,0,0,24,2
ASV6358,7,3,54,36,28,3,1,188,69,0,80,132,0,62,1,1,65,0,0,9,1,3,22,111,139,0,656,31,11,77,27,5,2,181,16,135,7,1,3,18,3
ASV6456,22,30,146,36,127,30,2,11,79,0,95,75,13,34,25,53,17,32,0,41,38,58,50,54,60,1,171,137,66,162,19,48,53,5,87,151,55,39,40,24,42
ASV6559,52,97,209,195,115,117,13,110,237,7,125,121,105,58,107,156,120,158,0,116,219,212,89,70,91,0,125,148,102,216,68,114,87,52,139,180,83,138,89,59,192
ASV6577,116,108,76,224,131,183,21,242,209,21,87,197,69,113,51,199,54,101,0,58,129,160,114,73,185,1,259,88,148,289,214,138,89,115,185,194,69,98,61,54,155
ASV6593,0,0,0,0,0,0,0,1,0,0,0,0,0,0,0,0,0,0,0,0,0,0,0,0,0,0,0,0,0,0,0,0,0,0,0,0,0,0,0,10,0
ASV6619,62,79,144,114,70,116,7,118,190,2,130,107,125,53,107,175,83,165,0,125,105,215,83,60,83,0,141,109,91,241,72,117,88,38,164,167,78,173,43,41,221
ASV6627,1,12,12,12,15,10,1,11,20,3,6,12,14,3,11,16,12,5,0,9,19,17,17,8,6,1,10,15,9,6,19,5,9,3,6,11,11,15,5,9,13
ASV6653,9,58,51,144,16,76,28,346,184,11,119,30,140,34,97,231,132,124,0,274,307,245,159,83,54,0,30,13,126,78,107,55,69,24,40,11,54,58,142,20,107
ASV6719,2,6,145,15,0,10,0,358,0,10,4,1,4,0,9,2,0,3,0,3,1,0,31,4,20,0,12,1,135,0,12,0,1,2,0,2,0,0,0,0,0
ASV6873,63,112,159,214,152,120,5,223,178,8,66,117,99,77,71,208,88,97,0,75,170,239,124,70,130,1,175,173,247,231,145,144,99,174,187,231,111,105,75,34,146
ASV6952,1,22,6,21,7,9,14,11,10,12,3,8,6,2,12,29,17,6,0,8,33,25,23,16,0,0,2,5,12,2,26,4,6,3,2,2,4,7,6,6,20
ASV7001,54,99,220,163,103,138,16,134,163,4,142,109,112,45,126,185,102,155,0,119,166,233,105,64,97,0,150,138,138,214,87,135,78,31,148,191,66,131,55,36,224
ASV7039,5,7,12,14,8,9,0,21,22,0,16,15,11,12,13,16,12,12,1,14,16,16,12,10,13,0,13,12,5,17,11,8,5,11,23,15,18,14,6,2,16
ASV7150,19,25,80,56,43,43,0,52,117,0,84,68,60,25,52,73,39,51,0,52,83,83,46,37,42,1,73,57,58,93,49,52,46,31,70,76,33,59,39,20,63
ASV7209,14,135,14,122,36,109,13,76,23,8,21,21,76,7,101,137,63,53,0,30,295,180,166,116,12,0,24,37,104,16,120,60,25,10,21,8,38,64,30,9,68
ASV7259,42,54,126,65,55,64,7,58,131,4,79,76,61,47,52,92,49,87,0,61,77,124,67,33,49,1,83,79,54,122,42,70,52,27,75,89,45,62,43,32,92
ASV7260,32,51,104,78,56,72,3,71,152,2,128,82,86,44,71,148,52,123,0,110,73,161,63,56,76,0,127,101,74,194,46,103,70,18,122,126,64,110,45,27,154
ASV7420,0,7,49,44,2,18,3,15,6,16,4,2,26,1,6,9,13,10,0,19,36,2,10,18,5,0,2,8,37,7,12,5,5,13,1,6,5,3,8,2,7
ASV7425,45,79,178,113,106,114,9,134,135,9,112,94,117,50,107,179,95,131,0,95,136,179,91,62,103,0,128,100,113,192,72,135,80,30,132,168,76,94,62,38,161
ASV7441,15,24,52,83,32,40,4,82,84,6,52,76,49,37,38,51,40,47,0,76,42,71,31,26,49,1,63,37,45,79,49,48,21,34,47,50,29,30,15,14,53
ASV7455,3,15,3,26,30,12,0,0,3,0,5,6,2,1,0,1,1,2,0,0,10,1,13,15,20,0,7,13,22,14,4,11,0,8,4,39,10,3,4,118,3
ASV7559,1,3,0,7,1,1,22,4,2,1,4,0,0,1,1,2,9,0,0,2,1,1,5,3,5,0,5,1,3,0,7,1,1,3,1,0,0,0,1,0,1
ASV7599,6,8,21,25,7,11,2,13,32,0,20,20,8,5,19,15,5,12,1,13,34,34,15,8,11,0,10,12,5,23,16,14,1,4,8,14,10,14,10,5,14
ASV7718,62,84,70,144,83,108,11,194,151,8,72,147,60,85,28,140,29,64,0,68,87,109,72,49,113,1,179,54,100,154,134,80,53,97,108,129,59,58,49,27,103
ASV7906,79,101,206,200,151,90,8,127,224,7,120,109,122,63,99,143,112,136,0,95,134,194,109,73,138,0,114,162,132,211,98,147,97,118,129,202,67,113,86,41,182
ASV7911,1,11,3,19,1,4,1,23,1,3,3,3,24,2,149,98,17,9,0,9,377,42,34,24,0,1,0,6,6,6,51,0,2,6,0,0,1,7,1,1,10
ASV7915,65,131,207,144,111,145,3,125,142,2,118,91,143,34,138,249,105,170,0,109,184,286,128,83,94,1,144,157,125,219,74,137,100,45,157,221,88,168,86,36,237
ASV7973,34,62,99,85,55,75,8,71,126,3,77,85,89,58,67,170,53,137,1,62,70,142,54,57,73,0,89,80,68,143,34,63,58,14,107,136,45,99,48,29,182
ASV8018,45,38,43,92,52,81,12,189,191,6,76,141,31,93,28,95,20,47,0,57,59,77,49,33,116,0,113,31,80,164,99,68,39,59,99,107,42,40,21,19,74
ASV8022,8,0,2,0,0,0,0,5,116,0,37,35,0,28,4,3,1,9,0,162,2,6,0,0,117,0,125,1,1,30,1,1,2,0,7,5,1,7,2,0,5
ASV8132,55,74,49,144,67,102,11,158,162,15,71,131,66,80,32,129,39,68,0,60,91,110,64,53,97,0,131,60,97,140,111,81,59,75,126,131,50,59,53,39,112
ASV8720,16,20,69,49,41,29,2,51,52,0,29,45,23,18,29,38,37,16,1,39,46,40,31,18,44,0,62,38,44,60,31,40,20,26,43,59,24,22,23,20,46
ASV8746,0,2,0,9,0,0,0,4,0,0,0,0,0,0,0,0,0,0,0,5,0,1,0,1,0,0,1,0,1,0,7,0,1,0,0,0,0,0,0,1,0
ASV8784,61,47,59,119,73,95,8,127,110,4,64,110,46,60,28,95,33,73,0,40,72,91,70,37,114,0,158,57,85,165,104,75,48,84,116,107,49,47,37,32,81
ASV8955,77,64,50,160,103,131,11,218,134,17,60,138,55,77,33,125,27,53,0,55,57,79,51,40,141,0,185,47,63,179,115,59,49,52,102,132,35,36,34,27,89
ASV9002,34,57,120,117,68,67,4,72,95,1,66,66,47,34,52,80,65,54,0,71,77,99,63,48,57,0,61,91,69,87,77,62,22,96,68,98,38,58,29,29,61
ASV9188,0,1,117,144,0,3,0,1138,1,16,1,0,1,0,10,1,9,0,0,2,0,0,24,5,31,0,0,2,62,0,11,2,0,7,1,1,0,1,0,0,1
ASV9216,1,0,4,45,2,3,0,591,535,0,64,89,4,41,15,3,5,21,0,262,1,5,0,0,44,0,636,2,1,148,7,0,2,6,5,17,0,1,0,2,6
ASV9243,3,20,18,47,8,14,4,44,27,7,10,11,13,0,28,36,22,20,1,25,68,36,19,22,3,0,7,9,13,8,56,10,4,19,6,10,13,20,8,1,23
ASV9850,5,9,8,13,2,16,13,35,202,2,78,87,3,14,22,45,9,86,0,162,32,106,22,7,22,0,12,7,23,60,15,34,36,23,51,6,17,30,16,0,72
ASV9987,4,20,10,14,14,10,8,15,5,17,9,2,26,4,18,30,20,7,0,10,59,29,14,11,6,0,4,11,395,6,26,16,8,6,1,8,6,97,11,4,11
ASV10201,7,35,25,79,4,11,2,77,30,0,18,5,36,1,49,23,37,21,0,21,61,25,27,23,11,1,7,14,17,8,38,11,4,46,11,7,7,9,4,1,10
ASV10281,0,0,0,0,0,1,0,9,11,0,3,2,0,5,3,1,1,5,0,24,2,1,0,0,1,0,246,0,0,1,1,0,1,0,0,1,1,1,1,1,6
ASV10328,6,23,9,24,20,15,1,19,23,0,4,14,6,9,8,26,11,11,0,12,7,12,12,16,24,1,17,8,10,17,7,13,9,9,14,22,13,10,7,6,20
ASV10674,0,31,2,35,5,2,0,11,1,0,0,1,1,0,2,2,5,2,0,2,1,0,18,17,0,0,14,1,13,0,24,0,1,1,0,0,1,1,0,0,1
ASV10950,0,13,0,12,2,0,0,1,0,0,0,0,0,0,0,0,0,0,0,0,0,0,11,3,0,0,2,0,7,0,3,0,0,0,0,1,0,0,0,24,0
ASV11360,39,60,117,175,81,128,15,230,215,13,90,160,86,107,59,164,75,118,0,103,95,156,79,60,183,0,198,61,94,229,121,85,80,79,184,220,55,73,73,42,143
ASV11451,11,34,50,54,14,28,1,37,52,1,38,34,32,16,36,47,23,34,1,32,29,75,29,13,36,0,40,36,38,82,27,26,14,19,35,51,19,29,12,3,52
ASV11581,0,1,0,10,0,2,6,28,2,14,1,5,2,0,11,10,1,3,0,10,29,3,5,2,2,0,3,0,5,0,17,0,0,3,1,2,1,5,46,2,2
ASV11669,0,11,3,14,6,0,0,0,0,0,0,0,0,1,0,0,0,0,0,2,0,1,6,1,1,0,1,1,5,0,0,0,0,0,0,0,0,0,0,4,0
ASV11758,3,15,11,18,3,5,4,35,16,13,13,5,12,4,18,11,14,16,0,5,14,12,13,11,7,0,3,11,7,5,20,9,3,14,4,5,0,10,4,1,32
ASV11761,0,0,1,4,0,7,26,5,0,29,0,0,14,0,11,4,113,5,0,25,151,6,0,2,1,0,1,0,5,1,9,0,3,15,1,0,0,0,13,0,0
ASV11803,44,27,83,56,54,57,2,82,122,1,102,68,66,35,67,71,49,107,0,60,56,133,55,37,41,1,87,69,68,126,33,68,49,18,93,105,56,78,27,35,120
ASV12066,0,27,0,14,2,3,0,1,0,0,0,0,0,0,0,0,1,1,0,0,0,0,16,11,0,0,2,0,18,0,5,2,0,0,0,0,0,0,0,0,0
ASV12113,0,1,0,2,4,1,4,3,0,57,1,0,3,0,3,3,2,9,0,3,32,5,2,2,0,0,0,0,21,0,6,0,0,0,0,3,2,4,1,0,0
ASV12165,0,0,1,2,2,0,0,1,0,0,0,0,0,0,0,0,0,0,0,0,1,0,1,0,0,1,0,0,0,0,0,0,0,1,1,0,0,0,0,1,0
ASV12580,2,2,1,10,0,1,5,10,3,4,2,2,15,1,9,6,176,3,0,19,81,4,4,6,1,0,4,4,5,1,15,1,1,10,0,2,0,0,15,1,6
ASV12728,0,1,2,23,1,4,1,283,2,0,4,7,3,3,2,4,3,0,0,19,7,4,2,1,13,0,8,0,3,1,3,0,1,3,1,0,0,2,1,0,1
ASV12833,0,13,2,7,3,0,0,2,1,0,1,0,0,0,0,1,2,1,0,1,1,1,6,3,0,0,0,1,1,1,4,1,0,0,0,1,0,0,0,0,0
ASV13163,0,0,0,0,0,0,0,0,0,0,0,0,5,0,0,0,65,0,0,1,0,0,0,0,0,0,0,0,0,1,251,0,0,0,0,0,0,2,0,1,0
ASV13862,13,17,183,30,37,50,5,120,67,13,70,101,2,12,46,70,263,72,0,220,47,188,101,101,51,1,200,106,36,40,112,15,5,149,24,178,10,58,7,8,57
ASV14783,3,1,13,10,6,7,4,34,207,0,99,25,1,5,4,9,8,26,0,179,6,36,18,12,31,0,89,9,18,12,10,8,5,1,15,19,7,11,6,3,28
ASV15417,1,0,3,0,1,0,0,13,94,0,44,17,0,22,0,4,0,10,0,128,1,8,0,0,272,0,65,1,1,8,1,0,0,0,1,2,1,2,0,0,6
ASV15728,2,7,8,11,3,5,0,6,2,0,8,332,7,0,4,2,4,6,0,2,7,3,5,2,3,0,3,3,7,8,5,0,4,1,12,1,1,1,1,4,2
ASV15961,17,6,27,19,11,19,1,19,36,1,15,22,23,14,24,25,11,15,1,20,19,36,24,13,17,0,25,21,16,52,17,28,16,5,21,32,11,30,12,4,32
ASV16981,0,3,2,6,2,4,0,8,0,0,1,174,1,0,1,0,1,2,0,1,1,4,1,1,1,0,0,1,1,2,2,0,0,0,2,1,0,0,0,2,1
ASV17011,6,3,6,11,5,2,1,5,2,0,4,3,2,1,6,4,3,2,1,7,11,2,2,8,7,0,4,8,7,3,2,2,3,2,5,7,5,4,2,1,4
ASV17422,9,15,24,36,22,13,1,33,34,0,13,13,24,4,17,27,20,22,1,9,18,26,20,8,22,0,12,34,20,24,13,21,5,21,16,30,13,18,11,4,20
ASV18170,36,53,74,90,169,90,2,17,68,0,100,41,32,26,36,91,32,27,0,27,186,70,154,77,33,0,86,264,139,85,57,112,64,17,66,64,137,77,86,20,31
ASV18363,0,0,8,1,0,1,0,2,5,0,4,2,3,2,2,3,1,2,1,2,3,1,1,1,4,0,3,1,1,3,2,3,0,2,1,1,0,0,0,0,3
ASV19054,0,0,0,1,0,2,1,0,0,0,0,2,0,0,0,0,0,0,1,2,3,0,0,0,0,0,0,0,1,0,0,2,0,0,0,0,0,1,0,0,0
ASV19178,3,5,3,1,2,6,0,5,5,19,0,2,5,1,0,1,0,1,0,6,7,7,14,5,6,0,3,3,261,0,2,3,2,3,0,2,4,0,2,1,2
ASV19632,3,5,39,27,8,1,0,118,59,3,113,414,0,393,2,2,75,2,0,10,3,1,20,51,89,0,276,20,3,401,14,2,5,173,42,88,2,2,9,3,1
ASV19845,0,0,16,20,0,1,0,224,0,0,0,1,0,0,2,0,0,0,0,0,0,0,3,1,7,0,0,0,12,0,6,0,0,0,0,0,0,0,0,0,0
ASV20063,0,1,0,0,0,1,0,1,0,1,0,0,2,0,5,3,4,0,0,2,1,0,1,2,0,1,0,0,2,0,1,0,0,0,0,0,1,0,0,0,0
ASV20981,0,0,12,66,0,0,0,1385,0,65,2,0,2,0,2,3,2,0,0,2,0,0,4,0,5,0,0,0,21,1,12,1,0,6,2,1,0,0,0,0,0
ASV21624,3,16,43,87,13,22,3,31,39,4,20,16,15,9,15,22,18,19,1,33,26,38,10,17,18,0,11,9,38,22,17,15,4,13,14,10,5,25,9,2,26
ASV22171,0,3,38,95,0,3,0,634,2,2,0,1,10,2,5,3,11,5,0,9,0,2,6,2,5,0,1,1,8,2,23,1,0,4,1,0,1,2,0,0,0
ASV22344,1,5,8,8,4,2,0,5,13,0,4,3,6,4,2,14,5,6,0,5,311,10,6,6,3,0,4,2,7,5,5,4,0,10,3,3,1,3,7,0,4
ASV22396,0,3,21,115,0,4,3,3274,7,43,0,0,5,0,6,2,1,0,0,3,0,0,8,2,6,0,2,0,44,2,54,2,0,9,0,0,0,0,0,0,0
ASV24112,0,1,0,7,0,0,0,0,0,1,1,0,0,0,0,0,5,0,0,0,1,3,215,0,0,0,0,2,3,0,1,1,1,1,1,0,0,7,1,0,3
ASV25212,0,2,3,4,2,7,15,3,0,20,2,4,10,0,11,4,42,8,0,7,34,1,5,3,0,0,1,2,5,3,8,0,0,2,0,0,0,0,2,1,0
ASV25260,0,0,0,0,0,0,0,0,0,0,3,0,0,0,0,0,0,0,1,0,0,0,0,0,0,0,0,0,0,0,0,0,0,0,0,0,0,0,0,0,0
ASV26386,0,0,0,6,0,0,55,19,2,30,0,0,20,1,9,14,82,15,0,15,118,0,0,3,0,0,0,3,0,6,7,0,1,4,0,4,1,0,25,0,0
ASV27254,0,0,2,4,0,0,0,2,4,0,2,641,1,0,0,0,0,2,0,1,0,0,2,1,0,0,3,0,0,2,1,0,2,0,1,0,0,1,0,0,0
ASV27280,1,0,11,0,6,1,0,1,7,0,4,6,0,0,0,4,0,2,0,49,1,18,0,1,11,0,250,8,9,2,1,3,0,3,3,18,1,4,1,2,1
ASV28911,0,0,0,0,0,0,0,0,1,0,2,1,0,0,0,0,0,0,0,0,0,0,0,0,0,1,1,0,0,0,0,0,0,0,0,0,0,0,0,0,0
ASV30926,21,42,62,365,27,17,0,110,179,4,43,76,113,24,55,75,100,80,0,99,54,66,19,45,105,0,9,20,26,151,63,11,30,31,72,98,31,24,6,19,45
ASV30933,2,1,2,6,2,1,0,2,1,0,1,1,0,2,2,4,1,0,1,2,2,1,0,2,3,0,0,2,0,2,0,1,0,1,1,2,0,1,0,0,1
ASV31406,0,1,16,19,0,0,0,258,0,4,1,0,0,0,0,0,1,0,0,0,0,0,3,0,2,0,0,0,8,0,5,0,0,1,0,0,0,0,0,0,0
ASV31954,0,0,0,3,1,1,0,1,8,0,8,6,0,1,1,2,1,2,1,2,0,5,1,1,1,0,5,0,1,0,0,1,1,0,1,2,0,0,0,0,3
ASV33420,0,2,9,26,0,1,0,305,0,5,0,0,1,0,3,1,3,0,0,0,1,0,2,0,6,0,0,0,13,0,8,0,0,7,0,0,0,0,0,0,0
ASV36113,0,1,0,0,0,0,0,0,0,31,0,1,0,0,0,0,0,0,0,0,0,0,0,0,0,0,0,0,0,0,0,0,0,0,0,0,0,0,0,0,0
ASV36435,0,0,10,6,0,0,1,374,5,0,1,0,0,1,5,0,0,1,0,10,0,1,0,0,6,0,0,0,0,0,2,0,0,1,1,0,0,0,0,0,0
ASV39011,0,1,0,9,0,4,9,18,2,12,0,4,5,0,6,2,181,19,0,8,56,2,1,5,1,0,3,1,4,3,8,0,4,7,1,0,4,0,31,0,0
ASV40287,0,0,4,16,0,0,0,223,0,0,0,0,0,0,0,0,0,0,0,1,0,0,2,0,1,0,2,0,6,0,1,0,0,6,0,0,0,0,0,0,0
ASV40534,0,0,1,15,0,2,0,14,12,14,1,1,1,0,1,1,2,1,0,2,0,1,0,0,1,0,0,2,2,4,0,0,5,6,0,0,0,2,0,0,0
ASV40548,1,1,1,5,3,2,0,6,6,3,0,1,1,2,3,2,0,5,1,4,5,3,1,2,2,0,4,2,4,10,3,5,4,0,5,6,2,2,2,0,5
ASV42003,2,1,0,2,0,2,1,2,0,0,1,1,1,0,1,3,0,0,0,0,1,3,1,0,3,1,2,1,0,0,0,5,0,1,2,2,1,1,0,0,1
ASV43917,4,2,6,6,1,2,0,1,4,0,0,6,1,0,4,4,8,3,0,5,2,2,2,1,2,1,5,4,0,5,5,5,3,2,7,4,2,1,3,1,10
ASV44406,2,0,155,32,0,114,0,150,0,0,0,1,1,1,1,0,8,7,0,120,0,3,5,4,177,0,3,0,21,1,9,0,1,71,0,1,0,0,0,0,0
ASV51748,3,3,203,151,0,28,0,1364,0,3,0,0,1,0,31,0,4,0,0,0,0,1,51,4,49,0,0,5,25,0,11,2,0,149,0,0,1,0,0,0,1
ASV52166,0,0,6,3,0,3,0,32,256,0,95,34,0,27,2,1,1,14,0,67,1,4,0,0,9,0,269,0,2,102,1,1,0,0,3,8,0,1,2,5,3
ASV58619,0,0,0,0,0,0,0,0,0,0,0,0,0,0,0,0,0,0,0,0,0,0,0,0,0,1,0,0,0,0,0,0,0,0,0,1,0,0,0,0,0
ASV59296,0,0,0,0,0,1,0,7,0,2,0,2,0,0,0,0,4,0,0,0,0,1,5,15,1,0,230,3,2,0,1,0,0,5,0,1,0,0,0,0,0
ASV61814,0,0,0,0,0,0,0,1,2,0,1,4,0,4,0,0,0,0,0,0,0,0,0,0,4,1,4,0,1,1,0,0,0,0,1,3,0,0,0,0,0
ASV66534,10,68,83,102,34,30,0,191,0,3,1,0,0,0,0,0,147,0,0,0,0,0,89,126,19,0,185,120,30,5,128,5,0,207,0,20,1,0,0,17,1
ASV67501,0,0,1,10,0,2,0,47,4,0,1,9,0,0,3,0,3,7,0,1,3,8,0,0,32,0,263,0,2,0,4,2,1,4,3,0,4,0,36,1,1
ASV69417,0,0,0,1,0,0,0,0,1,0,0,1,0,0,0,0,0,0,0,0,1,0,0,0,0,1,1,0,0,1,0,0,0,0,0,1,0,0,0,0,0
ASV69599,1,4,1,0,0,1,18,7,4,4,2,5,0,0,5,8,5,16,0,6,36,26,2,2,1,0,21,4,2,4,10,11,11,6,1,1,4,7,465,1,4
ASV80844,0,0,36,106,0,1,0,1124,5,1,1,0,1,0,16,0,24,1,0,84,0,0,7,0,37,0,2,9,20,0,92,0,0,16,0,0,0,0,0,0,0
ASV86301,0,0,9,16,0,2,0,503,0,4,0,0,1,0,11,2,2,0,0,4,0,1,0,0,1,0,1,0,8,0,5,0,0,0,0,3,0,0,1,0,0
ASV88705,0,0,3,0,0,7,27,13,15,0,7,22,2,0,2,7,5,26,0,1,1,71,3,1,5,0,236,9,1,8,2,30,3,2,8,0,2,13,8,4,9
ASV91932,0,0,2,2,0,1,0,0,0,0,2,0,0,0,0,2,3,0,1,0,0,0,0,1,0,0,1,1,0,0,0,0,1,0,4,4,0,1,1,0,2
ASV93678,0,1,31,214,0,2,0,1730,5,8,1,0,6,0,205,3,23,8,0,64,25,10,3,0,1,0,0,2,32,3,90,0,0,95,1,1,0,2,1,0,1
ASV97044,2,0,6,51,0,3,0,72,298,0,92,2,12,21,43,0,3,37,0,36,0,5,1,1,35,0,31,0,9,62,7,1,0,2,16,0,2,2,7,0,6
ASV103127,2,0,1,3,2,1,0,1,6,0,4,2,1,3,1,6,0,5,0,2,3,6,4,0,2,1,9,2,2,1,2,4,1,2,3,2,2,5,2,1,2
ASV104366,0,0,0,0,0,3,0,1,0,0,0,0,0,1,0,0,0,0,0,0,0,0,0,1,0,1,0,0,1,2,1,0,0,1,1,0,1,0,0,0,1
ASV105703,0,2,9,4,1,2,1,8,82,0,13,91,0,91,0,0,1,3,0,14,1,2,0,0,20,0,32,0,2,39,5,4,4,0,8,8,3,3,23,8,1
ASV106008,20,34,50,77,30,84,11,150,49,19,14,16,33,8,44,70,50,68,0,19,55,63,18,25,59,0,20,34,53,18,122,60,20,127,34,38,49,35,24,11,56
ASV108102,81,117,120,188,114,173,11,165,98,6,44,85,115,66,61,199,67,117,0,73,102,244,148,87,126,0,179,136,92,170,82,142,114,54,135,210,73,172,79,51,164
ASV112928,0,1,9,4,3,4,2,16,331,1,125,54,3,7,4,11,15,36,0,23,11,40,10,24,3,0,14,15,3,33,8,18,8,17,37,23,13,48,8,3,84
ASV113946,0,0,0,0,0,0,1,6,0,2,0,0,3,0,1,4,159,4,0,2,16,0,0,0,0,0,0,0,1,0,2,0,0,0,0,0,0,0,1,0,0
ASV126436,0,0,0,3,0,1,1,2,0,8,0,0,3,0,3,2,176,0,0,2,12,2,1,1,1,0,2,0,0,0,0,0,1,0,0,0,1,0,3,0,0
ASV136780,3,9,5,2,1,3,2,3,6,0,5,4,5,3,1,6,3,6,0,1,4,12,4,2,5,1,7,2,2,7,2,3,2,0,4,9,1,3,0,0,8
ASV138035,313,686,896,1156,1107,715,44,466,1496,8,2062,976,493,477,568,904,469,571,2,617,1965,1034,895,938,655,2,1476,1555,1054,1223,700,1252,642,275,1142,873,1443,1035,730,235,643
ASV138043,0,8,0,17,0,0,0,4,0,0,0,0,0,1,0,1,0,0,0,0,0,0,3,4,0,0,1,0,2,0,5,0,0,0,0,0,0,0,0,7,0
ASV138067,7,15,52,481,14,34,1,1016,477,0,76,69,1,17,2,1,28,2,0,15,5,21,19,26,756,0,617,15,35,81,29,9,6,39,27,78,190,5,10,11,16
newASV3,0,27,0,9,1,1,0,4,0,1,0,0,0,0,3,0,2,0,0,3,1,0,7,1,0,0,0,0,8,1,25,1,0,0,0,1,0,0,0,8,1
newASV24,0,14,14,16,8,15,11,18,5,14,5,2,15,3,10,15,41,15,0,12,51,17,19,7,4,0,4,11,26,15,10,10,3,5,0,4,1,6,19,3,6
newASV29,0,0,0,0,1,0,0,2,2,0,2,0,9,0,2,0,29,1,0,3,1,0,0,0,0,0,0,0,0,0,7569,0,0,1,0,0,0,0,0,3,0
newASV66,0,0,0,0,1,1,0,0,448,0,450,155,0,232,0,2,1,0,0,2,0,0,0,0,1,0,31,1,0,235,1,0,3,2,8,2,1,0,4,0,0
newASV97,6,3,5,11,8,7,0,3,4,0,3,6,0,1,6,2,4,5,1,0,5,2,3,0,2,0,1,9,9,7,5,6,4,3,7,7,5,9,7,2,5
newASV109,2,4,10,9,2,0,0,13,99,0,139,316,0,53,1,1,5,7,0,0,0,3,3,3,2,0,2,3,1,315,4,73,21,2,125,2,13,1,34,1,1
newASV164,3,0,6,1,7,0,1,1,42,0,31,177,0,31,0,2,0,14,0,3,0,14,0,0,13,0,5,6,2,112,0,22,14,0,43,3,6,7,25,5,4
newASV209,2,7,53,34,24,10,0,303,0,0,0,4,0,3,0,0,50,0,0,1,0,0,22,133,226,0,205,47,40,2,41,2,1,36,0,147,0,0,0,8,0
newASV220,1,1,4,2,2,1,2,12,114,0,113,180,0,23,0,0,8,3,0,0,0,5,8,0,6,0,44,0,0,146,8,6,15,2,65,17,11,4,9,2,41
newASV261,0,9,0,5,0,2,0,6,3,0,2,2,1,3,2,1,0,7,0,0,3,2,5,0,1,0,0,0,5,2,15,0,1,0,0,0,0,1,1,0,7
newASV291,9,0,13,4,18,4,2,6,66,0,74,308,0,76,0,1,1,1,0,3,1,1,1,0,19,0,21,10,3,157,1,10,11,1,72,28,4,2,11,17,0
newASV317,1,4,12,3,0,0,12,13,252,2,55,10,0,1,1,1,24,6,0,1,0,9,1,6,8,0,18,4,1,13,8,6,0,4,6,13,3,14,3,1,44
newASV407,0,2,7,11,3,2,0,49,0,0,0,0,0,0,0,0,6,0,0,0,0,0,2,0,10,1,371,0,2,0,0,0,0,0,0,8,0,0,0,2,0
newASV424,2,3,7,12,1,4,2,3,291,0,234,49,0,8,0,0,2,0,0,3,2,0,3,0,2,0,1,0,2,60,2,10,4,1,76,1,7,0,9,1,2
newASV604,0,0,0,0,0,0,11,0,0,2,0,0,0,0,1,6,726,38,0,5,11,0,0,1,1,0,2,1,1,10,1,1,3,0,0,0,0,0,12,0,0
newASV761,0,0,0,25,0,0,0,557,0,7,0,1,1,0,3,0,2,0,0,1,0,0,4,0,1,0,0,0,6,1,3,0,0,1,0,0,0,0,0,0,0
newASV1179,0,1,1,0,3,18,29,6,18,0,16,1,4,0,6,31,0,53,0,9,2,116,7,1,1,0,9,2,3,4,5,28,5,21,15,3,9,24,9,0,17
newASV1310,0,2,0,1,0,2,0,0,0,0,0,0,224,0,1,0,0,0,0,18,1,0,0,0,0,0,1,0,0,0,0,0,0,0,0,0,1,0,0,0,0
newASV1495,0,0,3,12,0,2,0,332,0,7,0,0,0,0,2,0,2,0,0,1,0,0,6,1,1,0,0,0,12,0,1,0,0,4,0,1,0,0,0,0,0
newASV1780,0,23,0,21,1,2,0,0,0,0,0,0,0,0,1,0,2,1,0,0,0,0,16,16,1,0,3,1,14,0,8,1,0,0,0,0,0,0,0,0,0
newASV2435,0,0,0,16,0,4,0,210,0,0,0,0,0,0,0,0,0,0,0,0,0,0,3,0,0,0,0,0,0,0,2,0,0,0,0,0,0,0,0,0,0
newASV2528,0,2,0,1,0,2,29,10,4,10,0,1,3,0,10,10,8,6,0,11,70,0,0,0,0,0,0,3,0,0,6,2,0,15,0,0,1,0,26,0,1
newASV3036,0,2,0,2,0,0,0,21,0,2,0,0,0,0,0,0,44,0,0,0,0,1,1,1,0,0,1,0,2,0,16,0,2,95,0,0,0,0,0,0,0
newASV4717,0,0,1,0,0,0,0,1,0,0,0,0,0,0,0,0,0,0,0,0,0,0,0,1,3,1,9,0,0,0,0,0,0,1,0,4,0,0,0,2,0
newASV4831,0,0,4,1,4,7,0,8,2,0,0,0,0,0,0,0,1,0,0,0,0,0,2,5,3,2,59,1,1,0,10,0,0,9,0,1,0,0,0,0,0
newASV4849,0,0,0,1,0,0,0,0,0,0,1,0,0,0,0,0,212,0,0,1,2,0,0,0,0,0,0,0,0,0,1,0,0,0,0,0,0,0,0,0,0
newASV6412,0,0,2,0,1,1,0,0,0,0,0,0,1,0,0,0,1,1,1,0,1,1,0,0,0,0,0,1,1,0,1,0,0,0,1,0,0,0,0,0,1
newASV7200,0,1,1,1,1,2,0,0,1,0,0,1,0,0,0,2,0,0,1,1,0,1,0,0,0,0,5,1,0,0,0,1,0,0,1,2,0,0,1,1,0
newASV7554,0,0,3,1,0,0,1,0,2,0,0,3,0,0,0,4,0,0,0,1,1,1,1,3,0,1,2,1,2,4,1,0,1,0,1,0,0,0,0,1,0
newASV12469,0,0,0,1,0,0,0,5,0,0,0,0,0,0,0,0,0,0,0,0,0,0,0,0,3,1,0,0,0,0,0,0,0,1,0,2,0,0,0,0,0
newASV14213,0,0,0,0,0,0,0,0,0,0,0,2,1,1,0,0,4,1,0,0,0,1,0,0,0,1,53,0,0,0,1,0,0,0,0,0,1,0,0,0,0
newASV29610,69,123,158,182,348,143,7,33,209,1,291,192,90,106,51,153,60,70,1,79,277,171,217,182,125,0,260,383,270,224,94,196,174,35,187,196,314,183,117,50,83
newASV30456,0,0,1,1,0,1,0,1,0,0,0,1,0,0,1,0,1,1,0,0,2,1,1,0,0,1,0,1,1,1,1,0,0,0,0,4,0,0,0,0,1
newASV35003,9,4,7,13,11,1,0,2,8,0,36,9,3,6,4,3,3,6,1,7,18,9,10,7,8,0,20,28,15,13,6,12,4,3,10,12,23,8,8,1,5
newASV38463,61,106,217,271,281,144,3,93,329,3,491,415,102,153,94,117,70,84,0,151,263,212,193,139,156,0,441,394,286,281,128,266,135,32,332,288,329,172,123,49,111
newASV42051,1,1,0,1,0,1,0,1,0,0,0,0,0,0,0,0,2,1,1,0,0,0,0,1,0,0,0,0,1,0,0,0,0,0,0,0,0,0,0,0,3
newASV44692,0,4,5,3,8,3,1,2,9,0,8,8,4,5,0,8,1,7,0,3,7,4,8,6,3,1,8,7,7,0,9,5,2,0,3,3,9,4,2,1,4
newASV47101,108,168,240,297,568,272,16,80,374,6,566,350,151,176,121,322,115,164,1,154,634,334,380,281,140,0,427,625,373,373,186,390,294,44,288,263,550,346,256,75,155
