ASV,MQ211215-109,MQ211215-110,MQ211215-111,MQ211215-112,MQ211215-113,MQ211215-115,MQ211215-116,MQ211215-117,MQ211215-118,MQ211215-119,MQ211215-120,MQ211215-121,MQ211215-122,MQ211215-123,MQ211215-124,MQ211215-125,MQ211215-126,MQ211215-129,MQ211215-130,MQ211215-131,MQ211215-132,MQ211215-133,MQ211215-134,MQ211215-135,MQ211215-136,MQ211215-137,MQ211215-139,MQ211215-140,MQ211215-141,MQ211215-142,MQ211215-143
ASV1,2,3,3,2,1,2,1,1,2,5,1,3,1,2,0,0,0,1,0,1,0,0,0,0,1,0,0,3,0,1,1
ASV2,16,2,4,0,2,0,1,3,3,2,0,5,2,17,0,18,17,15,8,5,6,4,5,1,11,1,2,0,0,1,1
ASV3,2,0,0,3,0,2,0,0,5,0,2,2,0,3,0,1,1,1,1,5,2,0,1,0,1,0,0,0,1,0,0
ASV4,14855,25149,33608,21555,18117,19230,16379,19183,18834,24745,19901,18024,14885,10502,16618,24347,49796,36986,20258,28006,25313,15,25256,49202,30670,36244,17986,11382,15452,24536,16914
ASV5,1,0,0,1,0,2,0,0,0,0,0,0,1,11,0,1,0,0,2,0,0,0,0,0,1,0,0,1,0,2,0
ASV6,44,61,47,21,29,19,106,14,59,69,49,81,30,32,29,36,86,46,111,42,49,0,31,29,32,25,42,38,22,57,51
ASV8,1,0,0,4,0,0,1,0,0,0,0,2,1,2,1,0,0,0,2,0,0,0,1,0,0,0,2,0,0,0,0
ASV10,57,75,42,27,24,20,44,32,29,52,58,57,33,29,18,48,88,62,61,34,45,0,47,56,72,25,24,32,29,52,68
ASV11,0,1,1,3,3,2,3,1,1,0,1,2,0,5,3,3,1,1,1,0,0,0,1,0,0,3,1,0,1,0,1
ASV12,0,2,0,2,2,0,0,2,1,0,1,1,0,1,2,1,1,1,0,0,2,0,0,0,1,0,0,0,1,0,0
ASV13,6106,10143,13141,8902,7334,7664,6875,8025,7788,10091,7799,7474,6125,4384,6900,10149,20857,15763,8008,10977,9734,5,10537,20232,12080,14312,7551,4626,5985,9721,6972
ASV15,0,0,0,0,0,0,0,0,0,0,0,0,0,0,0,0,0,0,0,0,0,0,0,0,0,0,0,0,0,0,0
ASV16,6,0,2,2,1,0,5,0,1,0,0,4,4,4,3,0,3,0,4,0,2,0,0,0,0,0,2,0,0,1,1
ASV17,3314,4014,11401,13683,18812,8399,23394,9376,7816,27730,17302,24360,16186,6606,10847,181,10151,485,8766,2557,1582,0,21005,6010,2807,6378,23811,12113,7333,3148,20674
ASV18,0,0,0,0,0,0,0,0,0,0,1,0,0,0,0,0,0,0,0,1,0,1,0,0,0,0,0,0,0,0,0
ASV19,0,2,0,1,0,0,0,2,1,0,0,1,0,0,0,0,0,0,0,0,0,0,0,0,0,0,0,0,0,0,0
ASV20,3,3,8,4,7,1,11,4,7,3,7,29,6,6,14,0,18,2,3,1,2,0,10,5,4,15,6,1,1,3,3
ASV22,20,9,2,7,5,2,11,3,12,5,8,8,2,6,9,4,7,0,18,12,9,0,0,4,7,0,2,1,1,1,7
ASV24,0,0,0,0,0,0,0,0,0,0,0,4,0,0,0,0,1,0,0,0,0,0,3,0,0,0,0,0,1,0,0
ASV26,51,67,54,37,43,24,64,32,62,61,50,94,46,23,28,31,99,45,49,29,42,0,35,31,31,33,46,25,27,53,73
ASV27,3,0,0,0,1,1,0,1,0,0,2,2,0,5,0,0,1,0,0,0,0,0,0,0,0,0,0,0,0,0,0
ASV28,0,2,17,65,34,12,67,6,6,22,24,260,55,65,58,2,15,1,12,7,1,2,61,28,4,31,66,11,10,3,22
ASV29,7,0,1,0,1,0,2,0,1,0,0,4,1,0,0,0,0,0,2,3,0,0,1,0,0,1,0,0,0,0,0
ASV30,2,2,0,0,2,0,1,1,2,0,3,3,0,0,2,0,9,4,1,6,4,0,1,1,2,0,0,2,1,3,2
ASV31,1,0,0,0,1,0,0,0,0,0,0,0,0,2,1,5,2,1,0,1,0,0,1,0,3,0,0,0,1,1,2
ASV32,3,3,2,0,1,2,1,1,3,4,5,4,0,0,1,0,3,1,0,3,1,0,0,0,0,0,3,0,2,0,0
ASV33,0,0,0,0,1,0,0,1,0,0,0,0,0,1,1,0,0,0,2,0,0,0,1,0,1,0,0,0,1,0,2
ASV34,3,2,10,22,22,8,22,6,4,23,20,49,33,36,93,5,37,2,2,2,1,0,29,14,8,8,21,5,3,1,3
ASV35,0,0,0,1,1,0,0,0,0,0,1,0,0,3,1,0,1,0,0,1,0,0,1,0,0,0,0,0,0,0,0
ASV36,0,2,3,9,0,0,3,0,2,6,1,5,1,5,4,3,4,4,1,2,1,0,0,0,0,0,2,2,2,2,2
ASV38,10,2,2,1,2,1,2,2,3,2,2,3,3,4,1,2,12,4,6,7,1,0,0,1,0,1,0,2,1,0,2
ASV41,0,0,0,0,1,0,0,0,0,0,1,1,0,2,1,0,0,0,0,0,0,0,0,1,1,0,0,0,0,0,0
ASV42,0,1,0,0,0,0,0,1,0,0,0,0,0,0,0,0,0,0,0,0,0,0,0,0,0,0,0,0,0,0,0
ASV43,0,0,0,0,1,0,0,0,0,0,0,0,0,0,0,0,0,0,1,1,0,0,0,0,1,0,0,0,0,0,0
ASV44,2,1,0,1,0,1,0,0,1,0,1,1,0,3,0,1,11,3,6,0,2,0,3,2,4,3,0,0,2,3,0
ASV45,0,0,0,0,0,0,0,1,0,0,0,0,0,0,0,0,0,0,0,0,0,0,0,0,0,0,0,0,0,0,0
ASV47,632,1022,686,439,784,390,397,320,843,763,565,608,492,598,395,681,952,770,686,700,1008,0,649,669,1192,538,419,377,485,1114,637
ASV51,0,0,2,0,0,0,0,0,0,0,0,0,0,0,0,1,0,0,0,1,0,0,1,0,0,0,0,0,0,0,0
ASV52,4,0,0,0,0,0,1,0,0,0,0,0,0,0,0,0,0,0,0,3,0,0,0,0,0,0,0,0,1,0,1
ASV53,0,0,0,0,0,0,0,0,1,0,0,0,0,1,0,0,0,0,0,0,0,0,0,0,0,0,0,0,0,0,0
ASV54,3,2,1,2,1,0,0,0,0,2,2,1,0,1,3,0,0,0,3,0,0,0,3,2,0,0,0,0,2,0,2
ASV55,3,2,0,1,0,0,0,0,1,1,1,0,2,1,0,4,1,1,0,0,2,0,0,1,1,0,0,0,0,3,2
ASV60,10,13,13,4,1,0,0,1,13,4,7,6,2,0,2,3,10,2,9,4,5,0,2,3,9,1,3,1,4,1,4
ASV63,2,0,12,49,52,7,94,7,0,13,37,240,86,126,95,0,8,1,1,3,0,0,53,18,10,10,95,5,6,0,14
ASV65,2,1,0,1,0,0,0,0,1,0,0,0,2,0,1,1,4,1,2,3,6,0,0,1,0,0,1,0,2,3,0
ASV67,1,0,1,1,0,0,1,0,1,1,0,0,0,0,0,0,2,0,0,0,1,0,0,0,0,0,0,0,0,0,1
ASV69,0,0,0,0,0,1,0,0,0,0,0,0,0,0,0,0,0,0,0,1,0,0,0,0,0,0,0,0,0,0,0
ASV71,0,0,0,0,0,1,0,0,0,0,1,1,0,1,0,0,0,0,1,1,0,0,0,0,1,0,0,0,0,0,0
ASV72,0,0,0,0,2,0,0,0,0,0,0,6,0,3,1,0,1,0,2,0,0,0,0,3,0,2,0,0,0,0,0
ASV74,0,0,0,0,0,0,0,0,0,0,0,0,0,1,0,0,0,0,0,1,0,0,0,0,0,0,0,0,0,0,0
ASV76,0,0,0,0,1,1,0,0,1,0,0,0,0,2,0,1,3,1,2,3,3,0,0,0,0,0,1,0,0,0,0
ASV79,15,1,4,0,2,5,3,3,11,4,4,5,1,1,1,2,3,1,0,3,0,0,2,2,0,1,3,0,4,8,5
ASV81,1,2,2,11,10,1,16,2,5,8,13,63,20,23,18,0,5,0,0,2,0,0,12,2,0,2,14,1,2,1,4
ASV84,0,0,0,0,0,0,0,0,0,0,0,0,0,1,0,0,0,0,0,0,0,0,0,0,0,0,0,0,0,0,0
ASV88,0,1,0,1,0,0,0,0,0,0,0,0,0,1,1,0,0,0,0,0,0,0,0,0,0,0,0,0,0,0,0
ASV90,55,38,58,59,86,36,132,34,53,217,71,529,104,67,85,46,127,60,124,41,26,0,164,45,78,45,124,76,37,34,87
ASV92,2,1,0,1,0,1,0,2,1,0,0,1,0,1,1,0,1,0,0,2,3,0,1,0,0,0,0,0,0,0,1
ASV96,0,0,0,1,0,0,0,0,0,0,0,0,0,1,1,0,3,0,0,0,0,0,0,0,0,0,0,0,0,0,0
ASV97,5,2,1,1,0,0,0,1,8,4,4,1,0,3,0,0,7,3,4,1,2,0,0,0,5,0,0,3,3,2,2
ASV98,953,1804,1063,762,1043,747,438,512,866,1060,759,707,541,678,387,1026,1281,1014,854,673,892,1,936,878,1781,793,171,582,387,1373,785
ASV99,0,0,0,0,0,0,0,0,0,0,1,0,0,0,0,0,0,0,0,0,0,0,0,0,0,0,0,0,0,0,0
ASV100,0,0,0,0,0,0,0,0,0,0,0,0,0,0,0,0,0,0,0,0,0,0,0,0,0,0,0,0,0,0,0
ASV103,0,0,0,4,6,0,3,0,1,3,3,22,14,10,12,0,0,1,0,0,0,0,7,0,0,1,1,1,1,0,0
ASV105,1,0,0,0,0,0,0,0,0,0,0,0,0,1,0,0,1,0,0,0,0,0,0,0,0,1,0,0,0,0,0
ASV107,2,4,0,2,1,1,4,0,3,2,3,2,3,0,0,0,1,1,2,1,0,0,0,0,0,0,0,1,0,0,2
ASV109,274,626,639,325,504,313,301,305,544,611,393,83,412,343,265,479,384,215,250,221,273,0,227,217,703,186,247,349,572,721,363
ASV110,0,0,0,0,0,0,0,0,0,0,0,0,0,0,0,0,0,0,0,0,0,0,1,0,0,0,0,0,0,0,0
ASV111,0,0,0,1,0,0,1,0,0,0,0,0,0,0,0,0,0,0,0,1,0,0,0,0,0,0,0,0,0,0,0
ASV112,7,36,11,7,4,5,32,5,30,31,20,6,2,7,4,2,14,7,6,14,6,0,4,2,7,5,7,4,9,37,27
ASV113,1061,1923,2268,2089,1492,1381,1241,1345,1451,2162,1507,2949,1640,1338,1942,1756,4255,2995,1438,1977,2016,0,3059,6259,2445,3617,1423,856,1430,1676,1170
ASV115,0,0,0,2,0,0,0,0,0,0,0,0,0,0,0,0,0,0,1,0,0,0,0,0,0,0,0,0,0,0,1
ASV118,1351,2363,3166,2072,1945,1751,1554,1970,1824,2394,1924,1792,1522,1062,1586,2410,5060,3463,1753,2535,2274,1,2558,4641,3072,3243,1833,1188,1470,2380,1602
ASV119,322,557,350,294,381,190,224,168,357,459,302,270,220,251,167,290,579,347,341,417,395,0,300,338,703,230,128,214,217,512,311
ASV121,6,0,4,4,3,0,2,1,2,2,1,13,2,4,1,2,8,2,4,0,2,0,3,0,1,4,2,1,2,0,4
ASV122,3,1,0,0,0,0,4,0,1,2,0,0,1,0,0,0,0,0,0,1,0,0,0,0,0,0,0,1,0,0,2
ASV123,0,0,0,1,0,0,0,0,0,0,0,0,0,5,1,0,0,0,0,0,0,0,1,0,0,1,0,0,0,0,0
ASV127,0,0,0,0,0,0,0,0,0,0,0,1,0,0,0,0,0,0,0,0,0,0,0,0,0,0,0,0,0,0,0
ASV129,25,10,52,132,108,29,166,104,44,118,162,136,120,112,130,3,115,10,75,19,18,0,110,64,25,52,192,112,45,30,129
ASV130,1,0,0,0,1,0,1,0,0,1,0,5,3,6,1,0,2,2,2,0,0,0,2,4,2,1,1,0,0,0,1
ASV133,5,0,0,5,0,0,2,0,1,0,1,1,2,2,1,0,0,0,2,0,0,0,2,1,0,0,0,0,1,0,0
ASV134,614,664,417,241,343,266,259,187,540,554,378,325,217,261,236,416,597,451,410,424,680,0,330,433,721,323,216,197,289,686,501
ASV135,0,0,0,1,0,0,0,0,1,0,0,0,0,0,1,0,0,0,0,0,1,0,0,0,0,0,0,0,0,0,0
ASV136,1,0,0,0,0,0,0,0,0,0,0,0,0,1,0,0,0,0,0,1,0,0,0,0,0,0,0,0,0,0,0
ASV137,2,2,0,0,0,0,1,0,0,0,0,0,0,1,0,0,0,0,0,0,1,0,0,0,0,0,0,0,0,0,0
ASV139,0,0,0,0,0,0,0,0,0,0,0,0,0,1,0,0,0,0,0,0,0,0,0,0,0,0,0,0,0,0,0
ASV142,1,0,0,0,0,0,0,0,0,0,1,0,0,0,0,0,0,0,0,0,0,0,0,0,0,0,0,0,0,0,0
ASV144,0,0,0,0,0,0,0,0,0,0,0,0,0,1,0,0,0,0,0,0,0,0,0,0,0,0,0,0,0,0,0
ASV145,880,2544,2198,1230,1823,1434,838,1092,2435,2117,1516,236,1191,1788,1252,1705,1836,2038,1458,1550,1331,0,1832,1792,2721,1355,784,1064,1296,2667,1376
ASV146,3,0,1,0,1,0,1,3,1,1,1,0,0,1,0,0,1,0,0,1,0,0,0,0,1,0,0,0,1,0,1
ASV147,182,461,237,101,159,109,229,145,326,338,305,373,113,115,130,38,96,46,224,142,106,0,152,185,76,110,121,167,1256,345,386
ASV148,25,20,35,60,47,31,99,26,26,43,39,433,54,47,59,15,108,32,46,60,49,0,95,60,20,61,58,25,9,18,41
ASV149,0,0,0,0,0,0,0,0,0,0,0,0,1,3,0,0,0,0,0,0,0,0,0,0,0,0,0,0,0,0,0
ASV150,0,0,0,0,0,0,0,0,0,0,0,0,0,0,0,0,0,0,0,0,0,0,0,0,0,0,0,0,0,0,0
ASV151,2,1,0,0,0,0,0,0,0,0,0,0,0,0,0,1,3,0,1,1,0,0,1,0,1,0,0,0,0,1,0
ASV153,0,0,0,0,0,0,0,0,0,0,0,0,0,0,0,0,0,0,0,0,0,0,0,0,0,0,1,0,0,0,0
ASV154,1,0,0,1,0,0,0,0,0,1,0,0,0,0,2,0,0,0,1,2,0,0,2,0,0,0,2,0,0,0,0
ASV155,0,2,1,8,4,1,8,1,1,7,2,15,6,5,4,0,6,0,3,1,0,0,5,3,2,4,13,0,2,2,4
ASV156,971,491,295,252,154,116,122,239,414,323,223,203,113,66,122,234,1040,266,839,674,569,0,259,403,1041,217,181,165,137,629,509
ASV157,1,0,0,0,0,0,0,0,0,1,0,0,1,3,2,0,1,1,0,0,2,0,0,0,0,0,0,0,1,1,1
ASV159,0,4,0,1,0,0,0,0,3,0,0,1,4,0,1,1,3,1,2,1,0,0,1,1,1,2,1,0,0,1,0
ASV160,0,0,0,0,1,0,0,0,0,0,1,3,0,2,0,0,0,0,0,2,0,0,0,0,0,0,0,1,0,0,0
ASV161,0,0,0,0,0,0,0,0,0,0,0,1,0,1,0,0,0,0,0,0,0,0,0,0,0,0,0,0,0,0,0
ASV162,1338,1846,3152,2257,1778,1934,1684,1901,1506,2137,1838,2526,1616,1259,2040,2327,4575,3326,1798,2100,2262,2,2815,5714,2494,3648,1767,1103,1191,1949,1421
ASV163,1329,1702,908,289,461,374,411,447,956,1117,862,380,280,222,222,532,1219,592,1143,1115,972,0,341,452,1206,334,398,419,522,1416,1235
ASV166,1,0,1,0,0,0,0,0,0,0,0,0,0,6,2,0,4,0,0,3,0,0,0,0,1,0,0,0,2,0,0
ASV167,81,181,126,178,342,76,439,117,211,291,331,653,356,185,271,12,247,25,123,79,49,0,276,123,33,111,408,203,105,131,428
ASV168,2,0,0,0,0,0,0,0,0,0,0,2,0,0,0,0,0,0,1,0,0,0,0,0,0,0,0,0,0,0,0
ASV169,0,0,0,0,0,0,0,0,2,0,0,0,2,0,0,2,2,0,1,0,1,0,0,1,0,0,0,0,2,0,1
ASV170,0,0,0,0,0,0,0,0,0,0,0,0,0,0,0,0,0,0,0,0,0,0,0,0,0,0,0,0,0,0,0
ASV171,0,0,0,1,0,0,0,0,0,0,0,1,0,0,0,0,0,0,0,0,0,0,0,0,0,0,0,0,0,0,0
ASV172,0,0,0,0,2,0,0,0,0,0,0,0,0,0,0,0,0,0,0,0,0,0,0,0,0,0,0,0,0,0,0
ASV174,1,2,1,1,0,0,0,0,4,2,2,0,0,0,0,0,1,0,0,2,5,0,0,0,0,1,0,0,1,0,1
ASV177,1,2,0,2,0,0,0,0,1,0,0,0,0,0,0,0,2,2,1,1,1,0,0,0,1,0,0,0,0,2,3
ASV178,0,0,0,1,0,0,0,0,0,0,0,0,0,0,0,0,0,0,0,0,0,0,0,0,0,0,0,0,0,0,0
ASV179,45,33,274,499,634,211,1442,182,72,554,409,4763,754,643,534,3,207,11,58,52,28,0,992,196,49,250,1033,218,76,23,171
ASV183,0,0,0,0,1,0,0,0,0,0,0,0,0,1,0,0,0,0,0,0,0,0,0,0,0,0,0,0,2,0,0
ASV184,0,0,0,0,0,0,0,0,0,0,0,0,0,0,0,0,0,0,0,0,0,0,0,0,1,0,1,0,0,0,0
ASV185,1,0,0,0,0,0,0,0,0,0,0,0,0,0,0,0,1,0,0,0,0,0,0,0,0,0,0,0,0,0,0
ASV186,426,751,312,107,116,159,199,167,445,501,344,118,128,71,115,161,395,172,293,431,305,0,144,209,358,150,232,198,248,725,487
ASV188,0,0,0,0,0,2,0,0,0,0,0,1,0,1,0,0,0,0,0,0,0,0,0,0,0,0,0,1,0,0,0
ASV189,22,29,21,32,37,15,55,16,20,53,38,146,26,37,36,11,25,19,21,15,26,0,66,63,9,35,46,14,46,19,53
ASV194,0,0,0,0,0,0,0,0,0,0,0,0,0,0,0,0,0,0,1,0,0,0,0,0,0,1,0,1,0,0,1
ASV196,290,191,135,143,91,63,162,83,141,162,113,374,129,102,117,235,595,305,321,271,277,0,202,291,457,189,127,80,75,149,172
ASV197,0,0,0,0,0,1,0,0,0,0,0,0,0,0,0,0,0,0,0,0,0,0,1,0,0,0,0,0,0,0,1
ASV198,0,0,0,0,0,0,0,0,0,0,0,0,0,0,0,0,2,0,0,0,0,0,0,0,0,0,0,0,0,0,0
ASV199,0,0,0,0,0,0,0,1,0,0,0,0,0,0,0,0,0,0,0,0,0,0,0,0,0,0,0,0,0,0,0
ASV200,0,0,0,2,0,0,0,0,0,0,0,1,0,0,1,0,0,0,0,0,0,0,0,0,0,0,0,0,0,0,0
ASV201,0,0,0,0,0,0,0,0,1,0,0,0,0,0,0,0,0,0,0,0,0,0,0,0,0,0,0,0,0,0,0
ASV202,1513,1910,872,361,320,370,335,424,1095,1183,879,351,273,213,288,553,1407,719,1349,1451,1440,0,316,513,1563,327,453,415,542,1637,1180
ASV204,0,0,0,0,1,0,0,0,0,0,0,1,0,0,0,0,1,0,0,1,0,0,0,0,0,0,0,0,0,0,0
ASV206,497,920,313,95,117,118,160,139,421,439,317,131,84,59,73,118,243,144,344,403,332,0,94,116,391,95,214,182,231,767,647
ASV207,0,0,1,0,0,0,0,0,0,0,0,0,0,0,0,0,0,0,0,0,0,0,0,0,0,0,0,0,0,0,0
ASV208,0,0,0,0,0,0,0,0,0,1,0,0,0,0,0,0,0,0,0,0,0,0,0,0,0,0,0,0,0,0,0
ASV209,0,0,1,0,0,0,0,0,0,1,0,0,0,0,0,0,0,0,0,0,0,0,0,0,0,0,0,0,0,0,0
ASV210,1,3,0,1,0,0,1,0,0,1,1,1,0,1,0,0,1,3,0,1,0,0,1,2,0,0,0,2,1,0,2
ASV212,213,341,266,143,251,171,142,102,271,299,213,185,185,208,140,248,364,261,228,261,317,0,214,226,394,168,145,114,164,343,250
ASV213,0,0,0,0,0,0,0,0,0,0,0,0,0,1,0,0,0,1,0,0,0,0,0,0,0,0,0,0,0,0,0
ASV214,0,0,3,6,8,1,20,2,0,3,1,41,17,12,23,0,4,0,1,0,0,0,8,0,2,2,10,0,2,0,3
ASV215,0,0,0,0,0,0,0,0,0,0,0,0,0,0,1,0,0,0,0,0,0,0,0,0,0,0,0,0,0,0,0
ASV217,11,8,8,9,6,4,20,6,13,12,9,43,8,2,11,1,4,4,3,11,4,0,13,9,4,6,12,7,4,10,17
ASV218,0,0,0,1,0,0,0,1,2,0,2,0,0,0,1,0,0,0,1,1,0,0,1,1,1,0,0,0,2,1,0
ASV219,174,109,50,40,19,44,37,10,61,60,58,43,25,37,41,54,83,37,85,125,84,0,34,47,98,36,24,37,47,105,92
ASV221,29,20,8,11,6,3,8,5,10,14,5,8,1,5,2,16,27,12,2,15,14,0,4,10,14,5,0,6,8,13,13
ASV222,23,8,3,4,10,5,2,1,18,7,6,20,14,9,8,2,31,10,21,3,13,0,13,3,15,8,9,10,9,6,15
ASV226,67,103,44,132,135,17,238,64,162,178,214,287,103,56,187,5,74,6,55,43,27,0,82,26,27,27,211,117,110,44,191
ASV228,11,15,2,10,13,4,14,4,8,7,9,4,3,2,5,11,13,10,27,12,29,0,4,7,18,4,3,5,2,10,10
ASV230,437,351,186,77,84,63,74,72,263,219,164,95,70,80,88,128,287,186,228,290,347,0,124,131,281,117,90,90,113,333,296
ASV231,0,1,0,0,0,0,0,0,0,0,1,1,0,0,2,0,1,0,0,0,0,0,0,0,0,0,0,0,0,0,0
ASV232,0,0,0,0,0,0,0,0,0,0,0,0,0,0,0,0,0,0,0,0,0,0,0,0,0,0,0,0,0,0,0
ASV235,933,1600,1894,1498,1084,1119,952,1117,1244,1691,1117,2032,1052,952,1471,1532,3480,2434,1251,1868,1690,0,2199,4717,1956,2502,1044,734,1060,1395,1077
ASV239,0,0,0,0,0,0,0,0,0,0,0,0,0,0,0,0,0,0,0,1,0,0,0,0,0,0,0,0,0,0,0
ASV242,2,1,2,2,4,0,10,1,4,2,4,20,3,3,1,2,17,7,2,3,5,0,2,3,3,1,0,2,3,1,3
ASV243,339,438,379,271,582,228,267,186,423,472,327,384,384,390,294,388,482,453,382,278,384,0,399,307,547,293,228,196,279,494,344
ASV244,214,373,276,157,269,153,142,149,311,291,186,194,182,204,151,224,364,269,245,240,321,0,234,212,416,194,140,111,190,393,242
ASV245,259,396,262,143,203,133,135,125,304,258,249,181,122,155,163,260,336,320,206,282,378,0,190,228,359,160,105,133,165,385,272
ASV246,0,0,0,3,0,0,0,0,1,0,0,0,0,1,0,0,0,0,0,0,0,0,0,1,0,0,0,2,0,0,0
ASV247,0,0,0,1,0,0,0,0,0,0,0,0,0,0,0,0,0,0,0,0,0,0,0,0,0,0,0,0,0,0,0
ASV248,0,0,0,0,0,0,0,0,0,0,0,0,0,0,0,0,0,0,0,0,1,0,0,0,0,0,0,0,0,0,0
ASV249,81,63,25,28,18,13,18,18,98,59,66,45,16,21,17,13,58,20,23,56,47,0,42,42,48,41,22,25,28,67,92
ASV253,0,0,0,0,0,0,0,0,0,0,0,0,0,0,0,0,0,0,0,0,0,0,0,0,0,0,0,0,0,0,0
ASV254,0,0,0,0,0,0,0,0,0,0,0,0,0,2,0,0,0,0,0,0,0,0,1,0,0,0,0,1,0,0,0
ASV255,0,0,0,0,0,0,0,0,0,0,0,2,0,1,0,0,0,0,1,0,0,0,0,0,0,0,1,0,0,0,0
ASV258,0,0,0,0,0,0,0,0,0,0,0,0,0,0,0,0,0,0,0,0,0,0,0,0,0,0,0,0,0,0,0
ASV259,0,0,0,0,0,1,0,0,0,0,0,0,0,0,1,0,0,0,0,0,0,0,0,0,0,0,0,0,0,0,0
ASV260,6,8,1,0,3,1,3,1,10,5,6,1,0,2,1,3,4,3,0,4,1,0,2,0,1,2,2,1,10,8,9
ASV261,0,0,0,0,0,0,0,0,0,0,0,0,0,0,0,0,0,0,0,0,0,0,0,0,0,0,0,0,0,0,0
ASV262,0,0,0,0,0,0,0,0,2,0,0,0,0,0,1,0,0,1,1,0,0,0,0,0,0,0,0,0,0,0,2
ASV263,0,0,0,0,0,0,0,0,0,0,0,0,0,0,1,0,0,0,0,0,0,0,0,0,0,0,0,0,0,0,0
ASV264,4,1,0,2,2,0,1,0,5,3,1,2,0,5,0,0,1,0,0,0,1,0,4,0,0,0,0,0,4,2,1
ASV269,3,0,0,0,0,0,0,0,3,0,1,0,0,0,0,0,0,0,0,0,0,0,0,0,0,0,0,0,0,0,0
ASV270,1,0,0,1,2,0,0,0,1,0,0,0,0,0,0,0,3,0,0,0,1,0,0,0,0,0,0,0,0,0,0
ASV272,170,257,138,101,162,72,85,65,182,188,139,128,80,97,90,149,232,186,146,203,226,0,111,134,234,103,84,71,100,272,169
ASV274,6,2,6,0,2,3,2,1,1,1,7,1,1,1,0,0,0,5,3,3,2,0,0,1,3,1,2,1,1,5,6
ASV275,10,2,5,4,2,2,2,1,0,2,0,17,1,8,3,8,34,13,9,5,9,0,13,8,18,8,6,1,1,4,2
ASV279,0,2,0,0,0,0,0,0,0,0,0,0,0,0,0,0,0,0,0,0,1,0,1,0,1,0,0,0,1,1,0
ASV280,1,1,0,0,1,0,0,0,1,0,0,2,0,0,1,0,2,0,2,0,0,0,0,0,0,0,1,0,0,0,0
ASV286,0,0,1,2,0,1,0,1,0,1,0,0,0,2,1,0,1,0,0,0,0,0,0,0,0,0,0,0,0,0,0
ASV288,94,61,318,514,1316,238,2174,364,302,1220,1709,1416,937,610,698,1,342,6,283,118,23,0,848,123,100,193,1757,566,274,58,944
ASV289,46,51,67,56,80,29,252,39,93,269,189,362,100,129,89,2,41,3,53,34,27,0,54,24,58,19,290,88,125,33,100
ASV290,0,0,0,0,0,0,0,0,0,0,0,0,0,0,0,0,0,0,0,0,0,0,0,0,0,0,0,0,0,0,0
ASV294,0,1,0,0,1,0,1,0,0,0,1,0,2,0,0,0,0,0,1,1,0,1,0,1,0,0,3,0,0,0,1
ASV299,1,0,0,1,0,0,0,0,1,0,1,0,0,0,0,0,0,0,0,0,0,0,0,0,0,3,0,0,0,1,0
ASV300,0,0,0,0,0,0,0,0,0,0,0,0,0,1,0,0,0,0,0,0,0,0,0,0,0,0,0,0,0,0,0
ASV303,1,0,0,4,0,3,7,4,0,1,1,11,3,7,7,0,1,0,0,0,0,0,6,6,0,2,3,0,1,4,1
ASV307,967,3047,2838,1394,1656,1687,843,1641,2244,2672,1495,744,800,756,789,2279,2894,2118,1659,1873,1935,0,1854,2896,2975,2187,1059,1324,1392,2650,1902
ASV308,130,244,172,117,175,113,118,70,199,171,123,111,117,158,114,138,215,205,177,179,209,0,129,128,244,145,104,90,130,278,159
ASV310,5,0,0,0,0,0,0,0,1,0,0,0,0,0,0,0,0,0,1,0,2,0,0,0,0,0,0,0,0,0,0
ASV314,5,1,3,5,1,2,5,0,4,3,0,3,1,0,3,1,4,2,1,1,5,0,1,4,2,0,1,0,4,1,2
ASV315,0,0,0,0,0,0,0,0,0,0,0,0,1,0,0,0,0,0,0,0,0,0,0,0,0,0,0,0,0,0,0
ASV316,4,3,5,4,10,1,20,4,7,11,14,42,6,5,11,8,24,5,6,4,14,0,10,8,2,9,8,6,3,2,12
ASV317,0,0,0,0,0,0,0,0,1,0,1,0,0,1,0,0,0,0,0,0,0,0,0,0,0,0,0,0,0,0,0
ASV319,0,1,0,0,0,0,0,0,1,0,0,1,1,0,0,0,1,0,0,2,0,0,1,0,0,0,1,0,0,0,1
ASV322,138,212,165,83,181,117,88,89,181,210,136,130,97,136,95,154,212,177,149,171,202,0,151,117,264,125,89,96,132,259,175
ASV328,0,2,2,1,0,2,1,2,2,0,2,2,0,1,0,1,3,0,0,0,0,0,1,0,0,0,0,0,0,1,0
ASV333,288,439,197,123,60,66,109,75,161,190,229,82,63,53,59,83,218,199,311,202,243,0,80,175,227,60,93,54,107,335,378
ASV334,1,7,0,0,1,1,0,1,4,1,1,4,4,18,0,6,4,1,1,5,9,0,0,0,4,0,1,2,0,1,1
ASV341,162,231,127,50,54,72,83,58,162,160,113,64,39,38,36,44,121,68,103,169,96,0,41,67,141,66,64,73,86,262,170
ASV342,0,0,0,0,0,0,0,0,1,2,1,0,0,0,0,0,0,0,0,0,0,0,0,0,0,0,0,1,0,0,1
ASV343,0,0,0,0,0,0,0,0,0,0,0,0,0,0,0,0,0,0,0,0,0,0,0,0,0,0,0,0,0,0,0
ASV345,538,461,180,85,65,78,112,87,323,209,194,103,64,39,76,175,474,261,346,336,343,0,61,144,428,119,116,100,87,482,337
ASV349,0,0,0,0,0,0,0,0,0,0,0,0,0,1,0,0,0,0,0,0,0,0,0,1,0,0,0,0,0,0,0
ASV352,0,0,0,0,0,0,0,0,0,1,0,0,0,0,0,0,0,0,0,0,0,0,0,0,0,0,0,0,0,0,0
ASV358,0,0,0,0,0,0,0,0,1,0,0,0,0,0,0,0,0,0,0,0,0,0,0,0,0,0,0,0,0,0,0
ASV359,0,0,0,0,0,0,0,0,0,0,0,0,0,0,0,0,0,0,0,0,0,0,0,0,0,0,0,0,0,0,0
ASV360,376,735,314,72,102,77,129,99,420,401,344,74,75,67,58,93,229,111,153,547,201,0,102,111,269,82,99,135,315,604,376
ASV361,0,0,1,6,8,0,7,0,2,2,0,22,6,10,12,1,11,0,1,0,1,0,6,4,4,2,0,1,1,0,0
ASV367,0,0,0,0,0,0,0,0,4,0,2,7,1,0,2,0,0,0,1,0,0,0,1,1,0,0,1,0,0,0,0
ASV368,143,177,107,73,91,58,54,42,156,140,116,90,56,50,77,120,200,115,144,122,154,0,88,122,173,82,56,48,71,189,123
ASV370,1,0,0,0,0,0,0,0,0,0,0,0,0,2,0,0,3,0,0,0,0,0,0,0,0,0,0,0,0,0,0
ASV371,2,1,1,9,2,0,5,2,3,2,2,17,3,4,4,2,14,0,1,1,0,0,8,5,4,11,3,1,2,2,1
ASV372,1,0,0,0,0,1,0,0,0,0,0,0,0,0,2,0,0,0,1,0,3,0,0,1,0,0,0,0,1,0,0
ASV374,0,0,2,1,5,5,6,0,0,1,0,14,3,5,5,0,1,0,0,0,1,0,3,0,0,3,3,0,1,1,1
ASV378,0,0,4,0,1,0,0,0,1,5,4,1,0,0,0,0,0,0,1,2,0,0,0,0,0,0,5,2,2,0,0
ASV380,0,0,0,0,0,0,2,0,0,0,0,0,0,1,0,0,0,0,0,0,0,0,0,0,0,0,0,0,0,0,0
ASV381,1517,2076,3532,1452,1288,1700,1081,2188,2001,2282,2595,701,1018,647,891,423,3617,401,1897,1534,1540,1,1144,2168,1853,788,1029,1189,956,2873,2354
ASV382,141,203,154,89,186,89,90,75,188,190,113,114,94,119,88,148,209,173,138,161,216,0,126,133,295,108,99,88,94,237,138
ASV383,0,0,0,1,2,0,0,0,0,0,0,0,0,0,0,1,0,0,0,0,0,0,0,0,0,0,0,0,0,1,0
ASV384,0,2,0,0,0,0,0,0,0,0,0,0,0,0,0,0,0,0,0,0,0,0,2,0,1,0,0,0,0,0,0
ASV387,34,29,9,4,6,5,1,4,22,20,8,7,3,5,4,13,19,8,23,29,135,0,2,3,46,3,3,3,7,33,27
ASV388,2,0,1,0,0,0,0,0,1,0,0,0,0,0,0,0,0,0,0,2,0,0,0,0,0,0,0,0,0,0,1
ASV389,1,0,0,0,0,0,0,0,0,0,0,0,0,2,0,0,0,1,0,0,0,0,0,0,0,0,0,0,0,0,0
ASV390,0,0,0,0,0,0,0,0,0,0,0,0,0,0,0,0,0,0,0,0,0,0,0,0,0,0,0,0,0,0,0
ASV392,195,149,241,267,242,156,503,321,319,544,392,532,372,158,239,37,558,50,222,154,127,0,334,172,223,172,511,199,195,126,485
ASV393,0,1,0,0,0,0,0,0,1,1,0,0,1,2,0,0,0,0,1,0,1,0,0,0,1,0,0,1,0,0,0
ASV395,0,0,0,0,0,0,0,0,0,0,0,0,0,0,0,0,0,0,0,0,0,0,0,0,0,0,0,0,0,0,0
ASV397,544,900,398,165,171,202,194,129,434,491,346,236,146,124,135,389,465,321,515,430,535,1,243,317,864,244,213,200,285,936,649
ASV401,331,1060,940,502,685,587,340,467,991,862,629,103,529,675,534,720,781,846,627,619,532,0,749,704,1101,583,282,453,558,1084,536
ASV403,64,49,216,571,664,257,254,173,220,112,297,127,361,157,474,162,404,177,158,368,112,0,232,581,215,231,235,146,180,93,89
ASV404,0,0,0,0,0,0,0,0,0,0,0,0,0,0,0,0,0,0,2,0,0,0,0,0,0,0,0,0,0,0,0
ASV406,1,0,0,1,0,0,1,0,0,2,1,0,0,0,0,1,2,1,1,1,0,0,2,0,0,2,0,0,0,0,0
ASV411,0,0,2,9,23,1,18,0,0,4,3,50,18,10,18,0,0,0,1,1,0,0,20,1,0,0,12,5,1,0,0
ASV413,181,303,202,125,227,105,114,89,213,205,154,157,135,158,127,170,284,197,153,180,228,0,179,197,397,140,98,126,136,334,161
ASV414,529,737,630,397,473,340,402,410,604,919,700,585,411,361,320,383,1151,540,646,551,569,0,578,591,976,522,423,397,391,695,683
ASV415,1,0,0,0,0,0,0,0,0,0,0,0,0,0,0,0,0,0,0,0,0,0,0,0,0,1,0,0,0,0,0
ASV417,0,1,0,2,0,0,0,0,0,0,0,0,0,0,0,0,0,0,0,0,0,0,0,0,0,0,0,0,0,0,0
ASV419,142,142,33,15,29,33,17,26,71,82,57,30,29,16,22,43,59,31,108,68,54,0,28,40,100,25,43,28,31,132,122
ASV420,75,137,387,1036,1420,338,1311,305,188,598,396,2784,1355,858,1083,76,775,198,243,113,95,0,2338,1115,328,835,875,375,154,111,481
ASV422,367,126,137,390,342,107,216,95,68,165,105,876,332,330,375,468,795,598,209,180,319,0,766,736,518,432,89,68,80,98,138
ASV426,0,2,0,0,0,0,4,0,3,0,1,0,0,5,1,1,4,0,3,0,4,0,0,0,3,0,0,1,0,0,1
ASV428,0,1,2,2,10,0,4,0,1,9,0,10,3,7,6,0,3,0,0,0,2,0,3,1,0,0,3,1,0,1,1
ASV429,23,263,165,53,9,72,11,63,303,72,121,2,18,35,19,30,154,40,53,280,29,0,22,60,22,42,34,105,141,196,255
ASV431,9,2,6,2,4,2,6,2,8,11,5,21,7,7,1,13,34,6,30,11,15,0,3,7,42,7,4,3,5,2,4
ASV434,0,2,1,0,0,0,1,0,0,0,1,0,0,1,0,0,0,0,0,1,0,0,0,1,0,0,0,0,0,0,0
ASV437,0,0,0,0,1,0,0,0,0,0,0,0,0,0,0,0,0,0,0,0,0,0,0,0,0,0,0,0,0,0,0
ASV439,0,0,0,0,0,0,0,0,0,0,0,0,0,1,0,0,0,0,0,0,0,0,0,0,0,0,0,0,0,0,0
ASV442,2,1,0,0,0,0,2,0,0,2,3,0,0,0,0,3,3,0,4,0,3,0,0,0,1,1,0,1,0,0,0
ASV443,0,1,0,0,0,0,0,0,0,0,0,3,1,0,0,0,0,0,0,0,0,0,1,0,0,0,0,0,1,0,1
ASV445,114,188,125,94,92,68,87,59,159,139,93,99,64,74,74,140,156,142,103,129,175,0,96,113,165,80,59,52,66,187,179
ASV448,1,0,0,0,0,0,0,0,0,0,0,0,0,0,0,0,1,0,0,0,0,0,1,0,0,0,0,0,0,0,0
ASV449,0,0,0,0,0,0,0,0,0,0,0,0,0,0,0,0,0,0,0,0,0,0,0,0,0,0,0,0,0,0,0
ASV454,0,0,0,1,0,0,0,0,0,0,1,6,0,0,2,0,0,0,1,0,0,0,0,0,0,0,1,1,1,0,0
ASV458,0,0,0,0,0,0,0,0,0,0,0,0,0,0,0,0,0,0,1,0,0,0,0,0,0,0,0,0,0,0,0
ASV459,0,0,0,0,0,0,0,0,0,0,0,0,0,0,0,0,0,0,0,0,0,0,0,0,0,0,0,0,0,0,0
ASV461,0,0,0,0,0,0,0,0,0,0,0,0,0,0,0,0,0,0,0,0,0,0,0,0,0,0,0,0,0,0,0
ASV463,0,0,0,0,0,0,0,0,0,0,0,0,0,0,0,0,0,0,0,0,0,0,0,0,0,0,0,0,0,0,0
ASV465,240,420,264,196,338,215,121,103,212,314,215,168,165,169,91,257,315,331,208,176,198,0,220,231,479,185,44,144,94,369,171
ASV467,1,0,0,0,0,0,0,0,0,0,0,0,0,0,0,0,0,0,0,0,0,0,0,0,0,0,0,0,0,0,0
ASV472,179,179,259,261,378,163,621,150,280,1084,285,2633,532,365,302,117,408,189,479,120,138,0,578,232,280,237,559,282,174,130,345
ASV473,152,154,82,23,19,24,40,40,178,132,100,27,12,9,10,33,84,26,44,57,56,0,40,16,54,23,40,50,69,203,130
ASV476,5,0,0,0,0,0,0,0,0,0,0,0,0,0,0,0,0,0,0,1,0,0,0,0,1,0,0,0,0,0,0
ASV477,0,0,0,0,0,1,0,0,0,0,0,0,0,0,0,0,0,0,0,0,0,0,0,0,0,0,0,0,0,0,0
ASV479,0,0,0,0,0,0,0,0,0,0,0,0,0,0,0,0,0,0,0,0,0,0,0,0,0,0,0,0,0,0,0
ASV481,2,2,3,1,1,0,5,0,2,0,3,15,3,3,1,0,0,0,1,1,2,0,5,0,0,1,2,0,1,0,4
ASV482,0,0,0,0,0,0,0,0,0,0,0,0,0,1,0,0,0,0,0,0,0,0,0,0,0,0,0,0,0,0,0
ASV486,1,0,5,36,18,1,29,4,6,18,13,118,52,44,35,0,6,1,0,1,0,0,23,4,0,12,19,2,2,0,4
ASV489,0,0,0,0,0,0,0,0,0,0,0,1,0,0,0,0,0,0,0,0,1,0,0,0,0,0,0,0,0,0,0
ASV491,112,184,86,51,18,51,54,37,90,98,127,68,51,39,49,50,159,95,126,77,95,0,43,54,149,42,40,37,64,146,119
ASV492,90,90,237,561,603,154,1066,184,144,498,230,3373,860,513,561,73,313,190,174,72,92,0,1102,496,70,449,582,166,126,39,258
ASV493,105,204,93,53,77,50,59,51,131,138,102,82,61,63,64,89,133,99,72,91,155,1,91,106,149,99,67,59,82,213,132
ASV499,0,0,0,0,2,0,0,0,0,0,0,1,0,2,0,0,1,0,1,0,0,0,0,0,0,0,1,0,0,0,1
ASV503,0,0,0,0,0,0,0,0,0,0,0,0,0,0,0,0,0,0,0,0,0,0,0,0,0,0,0,0,0,0,0
ASV505,0,0,0,0,0,0,0,0,0,0,0,0,0,0,0,0,0,0,0,0,0,0,2,1,0,2,0,0,0,0,1
ASV507,1161,1506,2542,971,897,1299,806,1525,1446,1783,1736,465,736,425,669,277,2443,315,1245,936,1044,0,855,1450,1224,556,700,826,716,2043,1657
ASV509,0,0,0,1,0,0,0,0,1,0,0,0,0,0,0,0,0,0,1,0,0,0,0,0,0,0,0,0,0,0,0
ASV513,2,4,5,16,4,3,9,2,7,3,4,33,8,4,9,0,2,2,1,4,0,0,13,5,0,0,2,1,7,3,6
ASV521,237,264,126,70,76,71,86,89,141,216,107,150,84,50,66,177,387,207,294,272,222,0,108,177,400,121,101,79,96,215,156
ASV524,0,0,0,1,0,0,0,0,0,0,0,1,0,0,0,0,0,0,0,0,0,0,0,0,0,0,0,0,0,0,0
ASV525,0,0,0,0,0,2,0,1,0,0,0,1,1,0,0,0,1,0,0,0,0,0,0,0,0,0,0,0,1,0,0
ASV526,0,0,0,0,0,0,0,0,0,0,0,0,0,0,0,0,0,0,0,0,0,0,0,0,0,0,0,0,0,0,0
ASV531,0,0,0,2,0,0,3,0,2,0,0,1,0,0,0,0,0,0,1,0,0,0,0,0,1,0,0,0,1,0,0
ASV534,0,0,0,0,0,0,0,0,0,0,0,0,0,0,0,0,1,0,0,0,0,0,1,0,0,0,0,0,0,0,0
ASV535,430,473,228,127,92,99,124,155,243,195,190,135,62,66,82,146,423,149,169,266,168,0,107,239,481,148,155,145,97,458,380
ASV541,120,280,143,67,95,60,62,63,233,154,87,17,68,85,80,144,233,177,81,120,86,0,298,219,149,107,65,121,304,627,343
ASV544,0,0,0,0,0,0,0,0,0,0,0,0,0,1,0,0,0,0,0,0,0,0,0,0,0,0,0,0,0,0,0
ASV550,0,0,0,0,0,0,1,0,0,0,0,0,0,0,0,0,0,0,1,1,0,0,0,0,0,0,0,0,0,0,0
ASV553,0,0,0,0,0,0,0,0,0,0,0,0,0,0,0,0,0,0,0,0,0,0,0,0,0,0,0,0,0,0,0
ASV559,8,4,478,2154,1808,230,784,228,10,746,222,6709,1286,2710,2111,1,18,12,3,7,2,0,1580,252,3,650,319,359,72,2,68
ASV560,188,166,39,24,13,10,23,28,145,65,93,22,12,7,21,26,111,31,57,67,97,0,17,13,57,16,33,24,59,109,119
ASV562,0,0,0,1,0,0,0,0,0,0,0,0,0,0,0,1,0,0,0,1,0,0,0,0,0,0,0,0,0,0,0
ASV563,127,199,141,108,151,97,78,83,146,161,149,117,85,99,75,147,172,124,155,143,167,0,141,139,224,92,63,84,94,228,153
ASV569,1,0,2,2,0,4,1,0,1,1,3,7,6,4,4,0,2,0,1,0,0,0,7,0,0,4,1,1,1,0,0
ASV578,0,0,0,1,0,0,0,1,0,0,0,0,0,0,0,0,0,0,0,0,0,0,0,0,0,0,0,0,0,0,0
ASV587,114,128,261,213,194,110,258,297,135,526,384,656,316,126,169,3,111,8,52,92,25,1,284,74,38,138,395,171,88,90,533
ASV591,0,0,0,0,0,0,0,0,0,0,0,2,0,0,1,0,0,0,0,0,0,0,0,0,0,0,0,0,0,0,0
ASV598,0,0,0,1,0,0,0,0,0,1,0,0,0,0,0,0,0,0,0,0,0,0,0,0,0,0,0,1,0,0,0
ASV601,36,38,66,21,26,20,124,41,156,168,242,16,30,11,35,0,13,1,8,12,14,0,8,1,6,0,123,102,135,27,325
ASV608,1,0,0,1,1,1,6,0,0,2,1,3,0,0,3,0,0,0,0,1,0,0,1,2,0,1,3,2,0,1,4
ASV616,0,0,0,0,0,0,0,0,0,0,0,0,0,0,0,0,2,0,0,0,0,0,0,0,0,0,0,0,0,0,0
ASV622,385,250,106,8,5,36,15,47,505,141,172,0,10,10,6,24,96,24,155,131,51,0,7,15,57,16,25,61,121,401,155
ASV639,1,0,14,34,41,6,38,12,3,13,12,72,36,30,24,1,15,0,6,3,2,0,34,6,4,10,48,11,3,0,10
ASV654,0,0,0,0,0,0,0,0,1,0,0,0,0,0,0,0,0,0,0,0,0,0,0,0,0,0,0,0,0,0,0
ASV660,0,0,0,0,0,0,0,0,0,0,0,0,0,0,0,0,0,0,0,0,0,0,0,0,0,0,0,0,0,0,0
ASV665,226,376,783,394,633,473,538,473,317,796,513,257,279,162,412,324,987,390,538,406,516,0,333,806,725,352,430,306,501,397,317
ASV666,0,0,0,1,0,0,0,0,0,0,0,0,0,0,0,0,0,0,0,0,0,0,0,0,1,2,0,0,0,0,0
ASV668,149,264,160,118,213,127,60,76,131,184,123,120,91,111,68,138,199,132,139,105,138,0,132,132,334,143,26,93,51,220,129
ASV672,0,1,1,0,0,0,0,0,0,0,0,3,0,0,0,0,0,3,0,0,0,0,1,1,0,0,0,0,0,0,0
ASV679,69,95,175,500,1012,97,1106,140,89,463,172,3777,962,444,549,82,397,207,205,104,145,0,1203,393,108,360,641,148,65,54,223
ASV682,865,5072,801,52,62,192,49,235,1989,1385,578,25,19,25,32,147,124,69,270,570,444,0,39,58,412,50,152,536,841,3444,1563
ASV683,161,196,346,185,3137,121,206,128,359,335,213,105,100,111,160,52,2147,128,229,412,177,0,123,310,270,72,96,156,170,406,254
ASV687,323,334,166,109,165,102,53,93,219,230,137,125,71,74,70,197,289,191,214,144,213,1,133,182,330,123,88,135,116,310,180
ASV691,57,350,75,75,31,67,57,69,150,160,74,6,53,41,38,43,48,38,35,128,43,0,29,34,236,23,29,67,127,214,146
ASV695,126,182,57,38,29,41,26,48,173,95,70,43,40,18,30,34,44,57,75,186,47,0,71,64,30,31,43,65,57,125,109
ASV700,0,0,0,0,0,0,0,0,1,1,0,0,0,1,0,0,1,0,0,0,0,0,0,0,0,0,0,0,0,0,0
ASV704,18,22,42,27,39,10,108,39,53,126,94,199,54,26,38,0,19,3,7,13,5,0,28,5,6,9,114,32,45,25,177
ASV708,1,0,0,0,0,1,0,0,0,0,0,0,0,0,0,0,1,0,0,0,0,0,1,0,0,0,0,0,0,0,1
ASV722,0,0,0,1,0,0,0,0,0,0,0,2,0,0,0,0,0,0,0,0,0,1,0,0,0,0,0,1,0,0,0
ASV726,57,18,235,779,2662,279,1658,342,95,812,667,1348,1513,515,734,12,445,20,171,88,46,0,1485,197,108,200,1069,571,135,29,504
ASV729,1,0,0,0,0,0,0,0,0,0,0,0,0,0,0,0,0,0,0,0,0,0,1,0,0,0,1,0,0,0,0
ASV730,0,0,0,0,0,0,0,0,0,0,0,0,0,0,0,0,1,0,0,0,0,0,0,0,1,0,1,0,0,0,0
ASV734,0,0,0,0,0,0,0,0,0,0,0,0,0,1,0,0,0,0,0,1,0,0,0,0,0,0,0,0,0,0,0
ASV738,192,382,466,147,192,196,239,333,714,1136,757,61,143,145,154,9,123,4,358,254,72,0,165,70,194,81,397,603,510,387,1163
ASV739,0,0,0,0,0,0,0,0,0,0,0,0,0,0,1,0,0,0,0,0,0,0,0,0,0,0,0,0,0,0,0
ASV759,0,0,0,0,0,0,0,0,0,0,0,0,0,0,0,0,0,0,0,0,0,0,0,0,0,0,0,0,0,0,0
ASV765,13,4,6,98,149,11,82,7,14,29,28,295,112,66,105,24,274,86,57,16,13,0,314,297,124,144,23,12,7,1,25
ASV767,1,0,0,0,0,0,2,0,0,0,0,1,0,0,1,0,2,0,3,2,0,0,2,0,1,0,2,0,1,1,1
ASV769,1,2,0,1,0,0,1,1,0,2,0,3,0,1,0,0,0,0,0,0,0,0,1,1,0,0,0,0,0,0,1
ASV777,128,149,207,361,387,162,357,153,87,204,161,684,347,282,288,355,847,585,298,160,224,0,857,632,463,474,156,99,77,109,143
ASV782,268,1075,605,228,281,605,282,841,1290,1058,538,10,373,305,413,258,426,248,1440,1070,728,0,220,288,756,305,324,714,593,1360,514
ASV785,6,3,18,155,246,8,148,25,13,31,29,485,322,452,230,0,25,5,47,7,2,0,244,72,9,99,55,22,15,1,32
ASV791,4,1,7,14,4,3,8,1,5,3,6,26,3,8,8,1,25,0,0,2,1,0,11,6,1,3,9,0,3,2,3
ASV792,0,0,0,1,0,0,0,0,0,0,0,0,0,0,0,0,0,1,0,0,0,0,0,0,0,0,0,0,0,0,0
ASV794,0,0,1,1,0,2,0,0,0,0,0,1,2,2,0,0,2,1,1,2,0,0,0,0,2,1,0,0,0,0,0
ASV798,285,195,114,59,50,75,56,54,178,118,97,38,27,17,50,29,374,48,61,150,70,0,31,60,134,48,64,74,85,144,205
ASV809,0,0,0,0,0,0,0,0,0,0,0,0,0,0,0,0,0,0,0,0,0,0,0,0,0,0,0,0,0,0,0
ASV810,114,604,649,387,513,464,247,320,732,619,581,100,389,692,486,419,490,514,261,263,207,0,651,619,445,428,220,330,432,637,441
ASV818,259,892,560,199,281,545,270,775,1184,1042,594,26,357,361,382,255,429,258,1177,1018,659,0,191,247,691,271,319,658,591,1130,474
ASV820,24,29,228,317,592,121,526,103,43,712,770,281,536,499,581,6,80,6,54,32,7,0,184,36,20,82,466,193,195,21,209
ASV827,99,221,200,127,135,86,228,83,167,223,193,501,138,88,114,46,160,74,91,84,70,0,271,242,102,143,112,174,112,145,209
ASV828,151,248,278,207,161,181,153,173,197,249,195,159,159,108,204,266,586,366,206,359,279,0,259,465,355,349,221,124,150,242,178
ASV830,123,208,151,88,144,90,66,55,123,113,82,65,40,76,43,118,144,120,103,100,119,0,109,112,216,98,33,75,42,186,86
ASV838,0,0,0,0,0,0,0,0,0,0,0,0,1,0,0,0,0,0,0,0,0,0,0,0,0,0,0,0,0,0,0
ASV845,0,0,0,0,0,0,0,0,0,0,0,0,0,0,0,0,1,0,0,0,0,0,0,0,0,0,0,0,0,0,0
ASV846,117,255,81,18,28,30,47,31,95,109,69,15,30,11,16,25,34,30,87,58,93,0,23,28,74,18,40,39,50,227,198
ASV851,0,0,0,0,1,0,0,0,0,0,0,0,0,0,0,0,0,0,0,0,0,0,0,0,0,0,0,0,0,0,0
ASV857,0,0,0,0,0,0,0,0,0,0,0,0,0,0,0,0,0,0,0,0,0,0,1,0,0,0,0,0,0,0,0
ASV863,0,0,0,0,0,0,0,0,0,0,0,0,0,1,2,0,0,0,0,0,0,0,1,0,0,0,0,0,1,0,0
ASV870,0,0,0,0,1,0,0,0,0,0,0,2,0,1,0,0,0,0,0,0,0,0,0,0,0,0,0,0,0,0,0
ASV871,204,1212,1368,806,550,887,303,467,1240,931,1051,58,548,1402,995,737,770,826,168,242,206,0,859,1069,504,760,185,473,786,1094,707
ASV878,13,9,18,118,145,19,175,18,21,59,41,1223,211,153,107,17,110,62,25,18,23,0,386,169,34,166,68,19,20,3,42
ASV882,313,1095,723,309,280,394,277,268,646,1495,721,163,184,208,318,166,391,186,155,374,327,0,177,383,286,200,392,382,782,774,530
ASV888,0,0,0,0,0,0,0,0,0,0,0,0,0,0,0,0,0,0,0,0,0,0,0,0,0,0,0,0,0,0,0
ASV895,191,440,537,301,243,294,243,331,319,488,302,195,266,118,180,268,523,417,278,420,424,0,291,460,498,356,300,224,308,361,243
ASV899,83,198,110,40,66,48,46,39,184,104,58,14,72,70,52,120,139,141,51,73,39,0,194,138,120,105,41,75,166,472,270
ASV900,177,1426,1522,907,567,1157,320,571,1470,969,1202,47,640,1797,1261,811,889,1009,226,285,229,0,1046,1272,565,936,203,590,927,1351,704
ASV901,357,405,278,115,133,144,123,168,316,344,214,135,108,70,79,168,331,180,353,306,318,0,144,188,418,117,148,132,173,416,320
ASV902,220,623,199,26,51,65,54,86,322,267,237,28,31,16,26,32,70,40,121,171,130,0,43,41,132,31,102,116,145,603,305
ASV914,0,0,0,0,0,0,2,0,0,0,0,0,0,0,0,0,0,0,0,0,0,0,0,0,1,0,0,0,0,0,0
ASV922,180,198,86,27,32,24,28,44,134,155,92,31,13,15,29,40,115,33,90,114,87,0,22,24,127,18,45,45,71,194,129
ASV927,0,0,0,2,0,0,0,0,0,0,0,0,0,2,0,0,2,0,0,0,0,0,0,0,0,0,0,0,0,0,0
ASV928,2,0,0,0,0,0,0,0,0,0,0,0,0,0,0,0,0,0,0,0,0,0,0,0,0,0,0,0,0,0,0
ASV941,0,0,0,0,0,0,0,0,0,0,0,0,0,0,1,0,0,0,0,0,0,0,0,0,0,0,0,0,0,0,0
ASV953,299,477,456,109,120,279,328,391,447,751,454,130,164,59,73,26,319,26,380,481,190,0,88,81,276,59,373,430,390,499,648
ASV959,0,0,0,1,0,0,0,0,0,4,1,0,0,0,0,0,0,0,2,0,0,0,0,0,0,1,0,0,0,0,0
ASV974,165,504,442,195,395,289,149,215,490,387,281,50,253,332,255,337,299,400,293,325,256,0,382,357,528,285,148,203,253,525,273
ASV981,22,15,92,172,306,91,313,105,54,142,149,225,312,159,279,12,121,29,29,19,12,0,255,122,29,65,268,110,85,16,130
ASV989,115,112,72,49,33,27,52,25,72,69,44,125,31,40,26,86,105,140,107,179,143,0,60,72,142,62,43,36,99,105,81
ASV991,38,112,100,61,73,49,103,31,104,105,99,164,52,60,41,7,72,25,65,70,58,0,55,50,40,52,57,58,53,90,128
ASV997,244,950,902,501,572,590,325,394,863,875,662,144,458,651,517,591,663,716,409,446,419,0,617,702,877,455,238,335,493,858,609
ASV999,0,0,0,0,0,0,0,0,0,0,0,0,0,0,0,0,0,0,0,0,0,0,0,0,0,0,0,0,0,0,1
ASV1000,0,0,1,0,0,0,0,0,0,0,0,0,0,1,0,0,0,0,0,0,0,0,0,0,0,0,0,0,0,0,0
ASV1010,31,15,135,118,218,75,60,106,34,118,86,19,60,86,136,87,159,97,243,128,75,0,68,94,210,66,64,65,30,25,18
ASV1012,4,0,0,0,0,0,0,0,3,0,0,0,0,0,0,0,0,0,3,2,2,0,0,0,0,0,0,0,0,0,1
ASV1014,255,921,774,438,765,498,323,403,885,808,562,139,480,654,521,524,700,721,518,498,458,1,650,704,956,525,301,409,537,836,480
ASV1023,4,24,14,17,6,11,28,8,41,53,51,33,6,9,7,0,7,1,10,4,0,0,14,12,5,8,14,10,40,18,54
ASV1024,174,755,462,318,483,370,132,197,574,500,377,96,317,454,351,306,453,450,266,331,274,0,398,352,695,324,187,199,385,681,264
ASV1026,77,41,72,154,155,65,303,55,78,200,152,670,145,110,168,4,151,4,47,42,15,0,169,82,25,68,266,65,51,25,109
ASV1031,0,0,0,0,0,0,0,0,0,0,0,0,0,0,0,0,0,0,0,0,0,0,0,0,0,0,0,0,0,0,1
ASV1035,0,0,0,1,0,0,6,0,0,0,1,7,4,4,1,0,1,0,0,0,0,0,3,1,0,1,3,0,0,0,0
ASV1038,0,0,0,0,0,0,0,0,0,0,0,0,0,0,0,0,0,0,2,0,0,0,1,0,0,0,0,0,0,0,0
ASV1056,167,945,853,462,622,505,349,360,825,816,629,242,446,607,450,548,655,721,371,388,377,0,665,736,926,537,298,309,537,716,621
ASV1059,0,0,0,0,0,0,0,0,0,0,0,0,0,1,0,0,0,0,0,0,0,0,0,0,0,0,0,0,0,0,0
ASV1061,221,221,124,76,38,51,66,76,151,113,81,70,35,50,53,78,230,58,103,112,88,0,45,112,223,76,84,57,62,229,180
ASV1063,0,0,0,0,0,0,0,0,0,0,0,0,0,0,0,0,0,0,0,0,0,0,0,0,0,0,0,0,0,0,0
ASV1070,0,0,0,0,0,0,0,1,0,0,0,0,0,0,0,0,0,0,0,0,0,1,0,0,0,0,0,0,0,0,0
ASV1077,5,7,27,220,278,36,264,18,8,58,70,1483,454,520,323,0,44,3,7,8,3,0,320,76,7,81,175,26,28,2,27
ASV1085,53,85,17,12,6,5,14,10,45,35,25,8,11,4,3,17,53,29,86,27,40,0,15,14,37,10,11,36,19,56,45
ASV1091,0,0,0,1,1,0,0,0,0,1,0,15,1,5,2,0,0,0,0,0,0,0,1,0,0,0,0,0,0,0,0
ASV1097,4,0,0,11,13,0,19,3,6,3,5,165,24,15,31,1,69,2,10,3,1,0,14,10,0,9,11,2,0,0,4
ASV1099,0,0,0,0,0,0,0,0,0,0,0,0,0,0,0,0,0,0,0,0,0,0,0,0,0,0,0,0,0,0,0
ASV1109,415,796,463,175,204,255,109,224,823,618,404,54,76,101,81,46,299,23,250,288,279,0,150,72,178,81,180,386,291,977,678
ASV1117,364,721,254,41,77,104,113,118,219,312,162,82,57,35,50,116,219,131,314,276,315,0,100,101,319,83,113,129,139,589,447
ASV1121,97,347,423,193,138,252,183,226,188,536,305,134,128,111,215,66,140,110,178,197,200,0,158,279,131,172,179,159,300,218,250
ASV1122,156,245,93,51,44,48,95,48,148,150,150,66,36,25,31,44,109,64,170,162,147,0,48,70,112,38,58,72,89,164,180
ASV1150,80,371,442,315,155,265,158,178,399,311,402,48,179,432,372,168,303,237,80,125,96,0,343,349,194,300,100,201,284,342,268
ASV1160,0,0,0,0,0,0,0,0,0,0,0,0,0,0,0,1,1,0,0,0,0,0,0,0,0,0,0,0,0,0,0
ASV1166,45,21,113,442,1723,146,1363,292,98,865,505,1218,1091,348,471,1,249,11,278,50,16,0,1162,88,72,152,986,611,146,29,421
ASV1167,236,521,1063,243,268,599,534,598,826,3103,1843,132,152,106,126,3,127,4,315,203,83,0,160,59,139,63,909,1208,939,594,975
ASV1177,278,298,474,319,233,354,263,192,258,651,531,208,99,93,71,253,495,237,564,413,498,0,182,142,680,86,265,256,272,318,158
ASV1182,217,459,304,195,299,179,113,152,134,318,154,179,137,186,94,190,268,174,156,144,187,0,197,178,570,204,54,169,96,323,206
ASV1193,69,246,170,61,55,98,60,90,246,178,272,22,38,58,57,89,83,83,113,152,142,0,38,44,203,34,97,62,131,224,125
ASV1202,160,235,129,88,64,78,97,63,176,231,170,126,65,65,67,77,134,123,205,236,164,0,126,105,134,73,113,90,114,194,255
ASV1206,0,0,0,0,0,0,0,0,0,0,0,0,0,0,0,0,0,0,0,0,0,0,0,0,0,0,0,0,0,1,1
ASV1208,0,0,0,0,0,0,0,0,0,0,0,0,0,0,0,0,0,0,0,0,0,0,0,0,0,0,0,0,0,0,0
ASV1217,392,559,934,372,372,450,311,544,475,631,667,186,269,183,224,124,879,125,485,373,367,0,308,582,450,218,258,289,257,699,603
ASV1236,81,445,483,303,197,301,151,183,455,346,451,38,197,493,390,198,363,267,73,172,94,0,352,411,176,313,114,201,290,389,343
ASV1251,1,1,0,0,0,0,0,0,0,0,0,0,0,0,0,0,1,0,0,2,0,0,0,0,0,0,0,0,0,0,0
ASV1253,8,30,103,172,218,136,340,195,61,440,256,171,350,174,259,15,68,28,21,11,9,0,177,55,39,65,285,221,161,12,90
ASV1255,176,279,123,58,91,56,44,56,132,131,118,46,36,20,24,77,192,66,143,158,115,0,47,60,160,39,49,73,86,229,177
ASV1257,0,0,0,0,0,0,0,0,0,0,0,0,1,0,0,0,0,0,1,0,0,0,2,0,0,0,0,0,0,0,0
ASV1259,0,0,0,1,0,0,1,0,0,0,0,0,0,0,0,0,1,0,2,1,0,0,0,0,2,0,1,0,1,0,0
ASV1260,65,334,363,259,175,221,144,160,348,286,366,33,187,386,314,144,245,220,70,102,71,0,327,297,160,221,64,180,231,311,259
ASV1262,34,13,32,123,152,39,112,21,8,24,29,430,170,142,136,133,337,244,94,49,65,0,387,267,126,191,38,15,20,8,23
ASV1266,0,0,0,1,0,0,0,0,0,0,0,0,0,0,0,0,0,0,0,0,0,1,0,0,0,0,0,0,0,0,0
ASV1275,225,404,129,37,50,67,52,55,204,253,120,45,29,33,33,107,99,78,162,158,212,0,39,59,228,38,79,77,118,421,249
ASV1276,0,0,0,0,0,0,0,0,0,0,0,0,0,0,0,0,0,0,0,0,0,0,1,0,0,0,0,0,0,0,0
ASV1295,131,523,403,250,369,256,194,168,370,411,313,129,200,298,248,255,321,493,185,229,186,0,293,294,514,227,171,201,260,471,246
ASV1307,57,114,169,118,105,88,171,101,229,332,337,194,129,586,103,6,126,10,71,87,42,0,155,94,47,162,207,132,156,94,303
ASV1312,515,135,46,62,58,43,150,32,456,234,161,146,81,56,126,62,495,88,220,105,97,0,65,62,238,71,164,61,88,90,372
ASV1331,56,31,22,41,60,13,96,27,63,90,46,241,79,60,72,25,215,55,72,45,48,0,90,86,59,53,75,25,19,26,52
ASV1349,41,67,40,43,20,20,26,26,75,55,54,38,20,47,32,7,146,8,40,147,44,0,29,37,25,13,30,35,49,59,78
ASV1370,39,109,272,162,139,127,349,131,143,413,254,332,141,74,97,3,99,14,43,55,28,0,204,97,31,64,309,211,111,74,208
ASV1372,28,19,68,317,507,90,672,96,65,435,186,1195,440,182,281,4,129,3,62,6,16,0,672,123,48,88,347,172,69,11,219
ASV1381,38,67,40,38,34,12,55,14,54,66,47,169,30,23,28,21,100,35,49,44,41,1,40,41,47,43,29,25,26,53,58
ASV1384,42,136,158,166,152,66,416,121,117,375,195,525,208,98,91,13,67,47,64,51,46,0,199,89,27,72,356,149,87,68,191
ASV1387,0,0,0,0,0,0,0,0,0,0,0,0,0,0,0,0,1,1,0,0,0,0,0,0,0,0,0,0,0,0,0
ASV1403,1,0,0,0,0,0,1,0,0,0,0,0,0,0,0,0,0,0,1,0,1,0,0,0,0,1,0,0,0,0,0
ASV1405,217,352,341,240,269,176,258,183,318,435,285,438,201,127,135,191,366,227,371,199,224,0,290,275,382,214,202,154,183,295,406
ASV1408,0,0,0,0,0,0,0,0,0,0,0,0,0,0,0,0,0,0,0,0,0,0,0,0,0,0,0,0,0,0,0
ASV1420,56,124,394,133,51,341,149,267,252,296,237,3,167,123,214,173,293,157,295,385,240,0,59,213,338,151,159,170,163,201,63
ASV1445,200,233,128,33,39,51,62,49,160,114,109,21,29,21,36,35,159,64,167,205,141,0,39,30,148,32,82,64,68,251,164
ASV1450,0,0,0,0,0,0,0,0,0,0,0,0,0,0,0,0,0,0,0,0,0,0,0,0,0,0,0,0,0,0,0
ASV1453,348,730,400,105,141,216,111,224,739,545,428,45,71,68,87,17,143,22,217,219,276,0,175,119,169,62,207,334,257,838,689
ASV1469,120,365,759,349,516,452,430,564,247,668,475,215,249,168,298,282,1063,311,561,334,499,0,235,632,637,355,330,258,427,278,242
ASV1486,87,446,396,218,315,284,153,199,466,379,334,35,248,414,317,280,288,332,155,162,138,0,343,413,257,272,145,238,275,402,302
ASV1505,0,1,113,560,952,127,975,83,6,313,317,1320,1054,865,1060,4,85,5,14,9,1,0,721,85,10,147,423,77,75,2,42
ASV1520,7,0,30,61,57,17,95,11,18,24,25,254,45,41,91,1,35,0,5,7,14,0,125,36,6,25,63,11,12,7,23
ASV1526,7,3,3,34,71,0,92,3,7,7,11,1463,171,210,160,1,54,2,5,3,1,0,78,25,18,22,28,1,3,0,1
ASV1543,151,192,309,44,36,112,46,187,222,361,154,4,42,47,67,103,124,60,208,272,227,0,13,53,213,37,80,121,177,214,42
ASV1548,0,0,0,0,0,0,0,0,0,0,0,0,0,0,0,0,0,0,0,0,0,0,0,0,0,0,0,0,0,0,0
ASV1552,0,0,0,0,0,0,0,0,0,0,0,0,0,0,0,0,0,0,0,0,0,0,0,0,0,0,0,0,0,0,0
ASV1565,8,2,63,336,633,80,920,59,17,136,145,1951,815,563,682,2,81,7,20,13,0,0,728,101,14,118,449,32,20,0,59
ASV1584,107,256,80,17,14,28,27,43,175,108,92,16,17,14,16,27,65,34,68,80,70,0,21,31,76,14,57,41,78,241,129
ASV1586,385,1130,1099,567,867,688,423,512,940,913,633,60,480,820,580,709,893,927,517,565,454,1,928,927,1229,711,395,533,686,1158,657
ASV1595,138,170,104,26,16,36,48,49,276,290,260,10,20,14,19,0,29,1,113,49,50,0,19,7,41,7,88,143,189,131,340
ASV1618,0,0,0,0,0,0,0,0,0,0,0,0,0,0,0,0,0,0,0,0,0,0,0,0,0,0,0,0,0,0,0
ASV1619,112,567,484,263,399,288,189,192,451,480,285,128,218,367,311,327,355,468,228,211,194,0,445,403,492,270,170,191,323,447,373
ASV1628,0,0,0,0,0,0,0,1,1,0,1,0,0,0,0,0,0,0,0,0,1,0,0,0,0,0,0,0,0,0,0
ASV1650,0,0,0,0,0,0,0,0,0,0,0,1,0,3,0,0,0,0,0,0,0,0,0,0,0,0,0,0,0,0,0
ASV1671,0,0,0,0,0,0,0,0,0,0,0,0,0,0,0,0,0,0,0,0,0,0,0,0,0,0,0,0,0,0,0
ASV1677,41,42,102,290,321,79,795,84,103,481,165,1985,506,291,352,16,113,72,49,29,33,0,659,196,29,248,457,133,74,33,191
ASV1686,8,68,137,103,339,92,328,133,117,329,250,113,231,60,96,22,76,29,57,17,15,0,110,68,69,29,370,319,139,59,174
ASV1689,125,49,39,19,48,18,37,46,60,78,54,24,24,12,25,15,114,21,105,95,74,0,31,40,60,24,52,32,34,54,133
ASV1707,0,0,0,0,0,0,2,1,0,0,0,0,0,0,0,0,0,0,0,0,0,0,1,0,0,0,0,0,0,1,0
ASV1738,0,0,0,0,0,0,0,0,0,0,0,0,0,0,0,0,1,0,0,0,0,0,0,0,0,0,0,0,0,0,0
ASV1739,56,330,304,213,202,190,148,169,354,284,267,49,196,324,257,210,252,285,121,132,112,0,294,258,203,176,126,161,223,296,209
ASV1743,0,0,1,0,0,0,0,0,0,0,0,0,0,0,0,0,2,1,0,0,0,0,0,0,0,0,0,0,0,0,0
ASV1751,193,572,660,242,293,392,286,382,673,1018,544,139,208,142,195,70,292,94,327,237,256,1,431,326,456,232,338,618,369,548,800
ASV1764,0,0,0,0,0,0,0,0,0,0,0,0,0,0,0,0,0,0,0,0,0,0,0,0,0,0,0,1,0,0,0
ASV1775,0,0,0,0,0,0,0,0,0,0,0,0,0,0,0,0,0,0,0,0,0,0,0,0,0,0,0,0,0,0,0
ASV1777,0,0,0,0,0,0,0,0,0,0,0,1,0,0,0,0,0,0,2,0,0,0,0,0,0,0,0,0,0,0,0
ASV1787,112,649,570,307,347,376,190,217,469,501,370,109,262,347,336,372,447,524,185,212,191,1,427,499,473,359,153,239,365,626,391
ASV1798,0,0,0,0,0,0,0,0,0,0,0,0,0,0,0,0,0,0,0,0,0,0,0,0,0,0,0,0,0,1,0
ASV1827,68,55,87,77,123,57,251,51,67,213,126,1191,180,69,118,65,135,52,85,61,42,0,233,82,96,118,233,80,44,55,143
ASV1846,363,1911,278,25,24,99,28,105,846,512,221,8,10,13,11,54,45,20,83,203,134,1,25,35,119,32,53,186,324,1185,531
ASV1858,2,0,0,0,0,1,0,0,0,2,1,0,0,0,2,1,1,2,1,0,0,0,1,0,2,0,0,1,0,1,1
ASV1865,245,1250,1143,504,554,766,274,493,985,1030,633,60,434,744,540,586,688,769,434,398,269,0,666,920,955,657,356,459,798,1118,617
ASV1878,40,64,84,130,174,63,153,70,29,124,70,286,129,114,123,121,376,223,101,63,106,0,331,250,207,191,57,49,43,37,40
ASV1884,203,528,762,215,300,379,279,342,597,951,530,106,139,93,159,67,182,44,350,251,333,0,254,229,278,148,371,526,362,657,797
ASV1900,56,62,144,104,148,95,194,107,62,336,173,404,136,90,92,59,183,100,82,43,41,0,240,136,142,85,151,93,90,33,82
ASV1912,5,4,48,161,174,41,164,41,19,76,54,456,194,72,116,2,104,18,26,12,6,0,327,160,16,103,113,32,23,5,51
ASV1920,74,283,242,159,254,152,122,116,261,268,187,59,153,228,161,131,238,200,145,151,123,0,258,204,250,188,109,148,156,258,170
ASV1922,116,416,392,242,218,253,157,162,349,346,227,48,177,288,207,238,262,285,191,168,171,0,242,278,331,199,123,165,196,356,196
ASV1925,305,2016,281,23,21,62,23,73,751,541,247,6,10,10,10,51,47,25,137,220,179,0,11,16,100,13,53,189,337,1368,653
ASV1926,38,107,43,6,3,22,14,27,298,92,291,0,2,3,10,37,298,13,108,86,22,0,5,21,27,8,10,50,60,178,82
ASV1938,107,159,138,50,95,78,64,48,159,136,84,36,84,88,91,127,99,62,59,91,34,0,115,112,209,91,61,73,100,247,133
ASV1955,0,0,0,1,0,0,0,0,0,0,0,0,0,0,0,0,0,0,0,0,0,0,0,0,0,0,0,0,0,0,0
ASV1972,56,70,175,354,573,125,237,163,56,148,119,463,300,184,184,369,893,430,276,142,158,0,417,482,473,282,158,89,79,91,103
ASV2009,57,103,139,46,74,59,58,79,168,303,173,24,42,25,29,4,34,3,87,61,19,0,35,22,43,17,95,183,142,93,299
ASV2016,0,0,0,0,0,0,0,0,0,0,0,0,0,0,1,0,0,0,0,0,0,0,0,0,0,0,0,0,0,0,0
ASV2043,0,0,0,0,0,0,0,0,0,0,0,0,0,0,0,0,0,0,0,0,0,0,0,0,0,0,0,0,0,0,0
ASV2049,218,423,177,39,122,99,73,95,299,264,202,67,69,50,43,94,154,83,248,312,208,0,37,73,267,49,145,105,162,384,318
ASV2063,117,99,62,45,41,35,38,67,70,85,50,25,28,23,31,81,251,112,286,296,463,0,72,214,184,66,31,44,64,119,133
ASV2082,110,730,681,383,387,472,166,262,586,531,526,50,264,602,430,547,506,608,167,157,122,0,489,648,465,387,153,297,510,614,464
ASV2098,0,0,0,0,0,0,0,0,0,0,0,0,0,0,0,0,0,0,0,0,0,0,0,0,0,0,0,0,0,0,0
ASV2104,6,6,7,130,100,10,34,11,4,8,9,149,76,45,60,7,78,5,32,6,18,0,113,108,17,104,15,3,1,1,16
ASV2143,185,231,90,38,21,46,37,47,141,80,81,22,24,18,29,37,179,31,107,148,72,0,28,35,114,25,51,57,61,186,99
ASV2144,0,0,0,0,0,0,0,0,1,0,0,0,0,0,0,0,0,0,0,0,0,0,1,0,0,0,0,0,0,0,0
ASV2145,5,12,50,98,172,51,171,56,29,92,99,117,177,82,122,7,69,13,11,12,14,0,131,47,16,51,156,64,76,12,77
ASV2157,14,37,275,80,86,79,266,70,47,256,216,194,86,53,123,3,30,0,96,37,16,0,127,43,10,38,344,120,58,28,226
ASV2167,110,523,453,243,190,286,90,221,400,410,264,35,166,276,201,309,249,365,221,210,162,0,286,343,395,271,105,174,282,490,237
ASV2171,0,0,0,0,0,0,0,0,0,0,0,0,0,0,1,0,0,0,0,0,0,0,0,0,0,0,0,0,0,0,0
ASV2178,185,966,897,426,443,616,220,388,794,803,502,36,332,596,429,511,508,572,288,318,180,1,529,700,694,501,230,344,611,938,476
ASV2180,138,570,606,271,273,342,105,229,471,495,344,38,209,357,268,331,344,413,236,245,189,0,350,411,480,300,123,234,351,584,267
ASV2182,5,9,42,210,183,38,185,47,14,69,50,456,204,106,160,4,123,12,19,12,11,0,392,136,15,133,128,65,14,3,51
ASV2203,178,1056,1063,475,465,625,214,417,937,850,621,53,402,622,451,495,585,682,312,339,243,1,630,776,822,493,247,375,681,930,515
ASV2228,228,813,431,97,112,225,96,209,1120,683,409,36,62,72,113,33,121,36,174,172,162,0,114,113,114,66,175,365,385,890,899
ASV2234,89,138,340,100,167,228,200,162,131,279,217,74,76,58,106,69,246,90,175,121,160,0,98,176,202,101,160,98,191,141,108
ASV2239,4,71,166,89,57,121,43,89,115,95,90,4,93,174,102,21,70,37,18,26,19,0,135,107,49,81,27,76,92,96,47
ASV2242,0,0,0,0,0,0,0,0,0,0,0,0,0,0,0,0,0,0,0,0,0,0,0,0,0,0,0,0,0,0,0
ASV2248,125,330,96,36,49,41,42,73,129,114,93,25,22,27,32,77,146,70,157,185,139,0,47,50,166,41,46,48,70,291,181
ASV2259,76,232,238,145,229,171,105,113,236,218,200,66,161,166,161,148,221,157,158,130,116,0,226,212,220,142,89,109,143,243,148
ASV2262,91,139,242,242,165,132,207,148,330,605,429,70,139,94,119,3,112,7,115,63,36,0,142,78,85,77,258,250,255,132,478
ASV2273,134,288,137,38,33,50,28,73,114,96,93,20,34,16,27,58,261,112,124,220,129,0,41,57,162,60,36,45,59,234,155
ASV2297,0,0,0,0,0,0,0,0,0,0,0,0,0,0,0,0,0,0,0,0,0,0,0,0,0,0,0,0,0,0,0
ASV2301,81,210,85,31,52,35,26,40,152,178,113,22,39,40,32,39,59,47,154,674,105,0,35,37,144,21,60,48,123,193,128
ASV2316,0,0,0,0,0,0,0,0,0,0,0,0,0,1,0,0,0,1,0,0,0,0,0,0,1,0,0,0,0,1,0
ASV2376,47,154,48,17,47,25,25,31,63,49,23,21,9,26,17,27,116,57,55,140,252,0,20,19,117,23,42,13,30,111,46
ASV2378,72,251,218,144,236,148,102,115,275,247,178,45,150,184,170,133,206,190,143,124,121,0,185,182,243,146,103,131,144,203,170
ASV2391,0,0,0,0,0,1,0,0,0,0,0,0,0,0,0,0,0,0,1,0,0,0,0,0,0,0,0,0,0,0,0
ASV2393,1,0,0,0,0,0,0,0,3,0,0,0,0,2,2,0,0,0,0,0,0,0,1,0,1,0,0,0,1,0,0
ASV2396,157,503,518,243,360,305,170,223,493,503,347,62,253,384,272,366,383,402,253,251,231,0,381,413,511,313,140,234,322,504,307
ASV2423,89,71,50,28,49,17,80,18,104,145,73,125,42,32,31,23,67,17,288,97,79,0,56,32,331,26,64,54,48,76,163
ASV2426,79,132,289,149,291,195,204,210,127,248,210,99,94,70,167,189,627,201,244,163,219,0,109,317,363,145,142,107,166,118,82
ASV2430,81,150,77,14,22,39,27,32,151,179,122,25,29,27,23,34,44,37,68,374,59,0,34,30,93,20,48,48,70,121,126
ASV2451,167,884,781,379,375,511,187,354,740,689,504,47,312,561,401,430,441,545,310,236,189,0,475,672,682,451,203,320,594,805,454
ASV2479,16,10,22,86,124,23,145,32,8,67,35,252,149,44,54,9,132,12,67,10,9,0,198,67,49,16,107,22,20,2,86
ASV2505,0,0,0,0,0,0,0,0,0,0,0,0,0,0,0,0,0,0,0,0,0,0,0,0,0,0,0,0,0,0,0
ASV2527,86,48,71,78,106,47,153,54,57,171,74,241,110,91,64,60,223,87,194,91,89,0,145,93,192,59,136,54,39,31,82
ASV2531,4,2,20,845,959,55,235,46,1,12,25,815,1079,616,466,6,178,34,41,5,7,0,837,321,33,340,27,14,3,0,10
ASV2550,44,182,161,60,49,76,44,127,131,111,132,10,20,28,48,18,123,33,82,157,94,0,46,68,39,68,54,68,119,312,385
ASV2558,60,68,77,45,114,34,125,34,84,168,124,58,63,24,66,1,49,7,67,30,13,0,77,19,49,28,115,63,65,59,264
ASV2575,1,0,0,1,0,0,2,0,0,0,0,16,2,2,0,0,1,0,0,0,0,0,4,0,0,0,0,0,0,0,0
ASV2598,26,150,116,63,189,91,72,55,123,152,89,48,99,88,70,58,134,95,129,108,80,0,107,94,174,81,51,53,82,110,103
ASV2621,0,0,0,0,0,0,0,0,0,0,0,0,0,0,0,0,0,0,0,0,0,0,0,0,0,0,0,0,0,0,0
ASV2662,7,3,6,3,0,5,4,4,3,5,2,3,2,0,8,1,14,9,2,9,1,0,1,15,11,6,7,2,1,0,2
ASV2663,33,20,107,387,411,95,580,71,37,182,109,2783,514,379,381,22,223,43,50,34,13,0,755,232,47,222,403,73,49,21,121
ASV2691,99,536,484,261,290,303,151,200,425,416,349,50,226,370,319,336,335,381,165,132,168,0,408,376,419,289,125,210,288,501,279
ASV2693,132,240,90,26,22,34,27,60,98,81,53,13,20,15,26,50,194,94,121,178,118,0,32,62,132,26,41,35,47,216,136
ASV2718,5,3,4,17,17,3,30,3,1,18,7,81,18,21,33,1,13,0,0,1,0,0,29,12,6,11,29,15,5,2,14
ASV2765,1,0,0,0,0,0,0,0,0,0,0,0,0,0,0,0,0,0,0,0,0,0,0,0,0,0,0,0,0,0,0
ASV2770,0,0,0,0,0,0,0,0,0,0,0,0,0,1,0,0,0,0,0,1,0,0,0,0,0,0,0,0,0,0,0
ASV2778,13,4,58,301,397,103,377,67,17,120,96,836,464,214,190,4,129,37,64,14,15,0,691,216,37,192,183,58,22,4,27
ASV2790,106,281,239,220,203,165,151,156,216,276,178,200,207,122,200,202,408,271,165,216,250,0,283,570,328,364,170,136,290,201,126
ASV2791,74,273,159,62,67,161,113,239,357,311,145,12,124,92,129,70,130,72,407,290,196,0,42,113,246,71,92,184,159,410,132
ASV2807,250,1366,214,17,19,46,13,84,497,403,170,2,5,4,4,32,20,19,95,152,141,0,12,11,104,12,53,130,244,910,461
ASV2819,79,243,218,106,216,128,86,97,180,189,347,32,145,175,138,132,174,144,101,116,107,0,140,145,249,117,120,88,136,228,116
ASV2820,62,237,237,132,149,141,82,118,212,212,143,21,101,176,169,142,155,206,96,99,133,0,153,197,229,139,61,86,135,196,151
ASV2843,2,0,0,0,0,0,0,0,0,1,0,0,0,0,0,0,0,0,0,0,0,0,0,0,0,0,0,0,0,0,0
ASV2852,145,653,590,304,279,367,170,236,556,573,334,31,226,366,277,321,353,397,197,202,153,0,351,451,504,311,169,198,403,612,301
ASV2861,5,0,2,257,162,8,26,6,1,3,5,224,304,130,125,0,62,8,12,3,1,0,309,96,14,84,10,1,0,0,3
ASV2865,56,135,112,35,64,82,72,67,90,103,102,35,50,24,36,47,163,36,222,233,141,0,37,34,178,34,74,67,73,166,116
ASV2872,176,502,472,249,471,280,190,239,434,470,263,36,229,378,237,271,391,426,223,286,225,0,413,423,582,328,168,247,318,516,293
ASV2881,38,56,32,69,49,19,135,24,17,59,31,1229,120,77,62,94,143,61,43,32,29,0,157,99,62,91,57,30,12,12,46
ASV2898,1,4,28,82,84,19,119,4,11,32,42,423,123,154,95,0,20,0,4,1,1,0,107,19,1,33,83,13,13,2,22
ASV2947,187,225,130,91,122,87,30,65,95,172,68,74,24,31,28,135,181,112,138,127,126,0,108,143,235,106,28,137,40,198,89
ASV3015,52,167,91,25,38,76,52,106,251,162,112,3,53,61,64,33,55,39,158,140,77,0,18,49,98,40,87,122,105,166,134
ASV3021,29,37,144,263,471,146,522,164,29,436,156,1201,475,308,239,60,168,106,236,71,68,0,563,197,255,203,303,108,73,16,67
ASV3039,7,0,27,143,67,53,56,27,0,34,18,234,170,140,395,21,51,36,54,20,38,0,200,207,43,93,16,4,10,7,1
ASV3059,0,0,1,2,1,2,0,0,2,3,4,4,1,1,0,0,2,0,0,0,0,0,2,1,0,1,4,4,0,0,3
ASV3061,104,193,66,27,29,25,27,66,75,75,46,17,17,10,32,46,176,56,87,192,95,0,34,41,142,28,30,38,40,155,131
ASV3076,56,368,324,194,208,232,94,133,306,286,238,56,153,232,216,232,252,295,113,119,130,0,309,311,272,228,89,150,202,335,222
ASV3091,78,149,126,68,84,44,113,52,148,197,124,120,65,36,41,61,115,64,142,67,130,0,109,60,134,46,92,67,74,106,213
ASV3106,18,124,243,134,176,110,357,129,96,710,207,484,222,122,105,15,60,18,108,37,56,0,206,107,39,101,327,235,124,95,153
ASV3113,40,133,189,103,159,116,70,93,148,171,171,30,101,168,124,68,107,71,49,71,30,0,138,128,124,104,75,58,112,147,93
ASV3177,70,327,56,0,5,15,13,20,139,95,37,1,3,2,6,5,18,10,28,39,17,0,10,7,20,4,7,35,59,248,100
ASV3193,39,29,81,96,101,49,140,61,83,228,110,195,104,40,49,5,76,5,103,30,14,0,127,44,46,33,176,96,46,16,147
ASV3198,0,0,0,0,0,0,0,0,0,0,0,0,0,0,0,0,0,0,0,0,0,0,0,0,0,0,0,0,0,0,0
ASV3220,7,5,8,1,2,4,7,0,12,2,3,2,5,0,3,3,18,3,2,8,3,0,5,10,9,4,7,4,1,4,3
ASV3222,8,4,47,125,169,33,252,38,15,41,58,550,232,137,119,3,92,8,31,20,13,0,350,80,15,75,117,25,12,11,33
ASV3228,8,19,58,55,92,51,62,42,75,82,74,35,130,136,88,11,41,27,29,13,9,1,80,36,35,51,29,26,33,22,63
ASV3237,88,207,196,113,160,139,73,90,177,183,134,46,124,123,107,100,170,131,97,110,82,0,145,150,236,124,75,80,142,196,171
ASV3292,1,2,52,165,184,16,226,34,5,42,22,1256,263,245,142,8,24,39,9,4,7,0,306,105,7,128,82,29,1,3,14
ASV3329,47,292,234,120,155,166,84,101,223,195,140,49,113,163,159,192,166,193,86,75,75,0,181,208,217,132,66,102,152,201,143
ASV3330,12,0,1,1,1,1,2,1,2,6,12,0,0,2,1,1,4,2,348,88,10,0,0,0,2,2,1,0,5,3,7
ASV3363,5,4,6,103,94,19,88,10,1,7,9,409,121,129,102,47,125,81,32,6,11,0,220,168,56,95,10,9,2,3,2
ASV3366,97,227,290,143,145,146,101,106,234,265,187,38,157,220,152,167,174,211,88,126,98,0,185,216,189,143,70,85,142,213,192
ASV3371,28,217,205,85,108,115,68,64,198,174,115,36,72,134,111,139,143,160,64,56,66,0,141,178,159,126,46,60,112,189,119
ASV3372,0,0,63,287,972,104,1416,217,24,304,141,1110,3501,2251,992,0,22,5,7,4,3,0,1172,145,16,294,727,105,114,0,72
ASV3392,171,200,490,308,487,414,803,618,566,3345,1032,173,740,250,267,7,104,10,1146,55,107,0,957,74,81,165,881,1008,543,100,672
ASV3399,51,319,247,166,171,140,85,84,238,182,184,42,117,205,145,151,161,138,78,100,70,0,176,195,198,168,68,105,122,251,171
ASV3442,5,153,65,3,4,9,9,13,56,263,99,0,0,5,3,0,0,0,12,10,1,0,4,2,4,0,27,50,47,46,110
ASV3498,56,313,273,130,194,147,81,84,298,212,173,54,119,206,157,219,203,310,77,72,64,0,159,223,234,205,71,94,164,279,191
ASV3657,40,196,178,109,149,106,68,87,165,151,110,29,85,115,97,120,124,187,90,89,106,0,144,127,174,113,67,75,118,170,147
ASV3670,99,251,143,82,267,129,45,87,115,226,89,60,65,114,59,134,201,142,64,64,116,0,86,140,354,91,64,76,50,208,139
ASV3700,0,0,0,0,0,0,0,0,0,0,0,1,0,0,0,0,1,0,0,0,0,0,0,0,0,0,0,0,0,0,0
ASV3712,117,119,181,57,44,56,65,62,347,304,156,19,36,24,24,10,51,7,199,49,41,0,60,32,62,20,72,126,168,95,230
ASV3714,8,12,59,71,120,71,178,95,118,120,205,17,259,207,254,4,79,14,51,10,10,0,79,45,41,54,116,114,85,22,99
ASV3755,14,37,109,91,123,95,63,82,100,133,118,10,138,290,187,31,48,36,27,26,17,0,140,90,29,52,38,59,84,43,78
ASV3772,4,3,49,797,711,140,357,51,3,13,24,569,274,183,225,29,85,141,29,1,2,0,357,207,14,226,25,10,6,5,6
ASV3788,0,0,0,0,0,0,0,0,0,0,0,0,0,0,0,0,0,0,0,0,0,0,0,0,0,0,0,0,0,0,0
ASV3823,278,84,187,23,23,89,43,117,145,107,53,5,24,20,20,50,46,36,37,40,55,0,26,32,72,18,54,39,46,101,44
ASV3863,57,225,117,32,39,92,59,134,241,165,72,1,39,45,49,57,69,48,274,248,145,0,35,52,145,56,45,92,100,234,91
ASV3902,18,40,281,963,1615,164,890,170,25,740,205,3259,1644,1669,792,10,167,65,75,45,28,0,1982,672,33,656,416,169,125,27,253
ASV3921,47,315,321,129,125,185,64,97,248,258,151,10,111,196,131,134,169,189,77,80,96,0,165,249,249,145,73,101,198,258,164
ASV3927,54,224,193,84,107,128,58,75,182,185,111,33,79,141,110,109,184,190,95,77,86,0,142,173,226,98,73,85,103,212,145
ASV3936,110,284,87,20,23,39,26,73,325,177,56,1,27,29,37,13,19,14,222,206,165,0,18,14,115,18,35,80,95,376,82
ASV3947,2,0,0,0,0,0,0,0,0,0,0,0,0,0,0,0,0,1,0,0,0,0,0,0,0,0,0,0,0,0,0
ASV3990,43,210,354,281,161,249,99,158,387,190,353,4,213,399,434,98,134,127,59,105,65,0,251,364,80,294,55,233,271,282,243
ASV4005,65,339,319,171,147,203,93,108,291,239,219,25,130,227,183,222,202,255,57,72,58,0,154,282,183,166,77,111,215,269,182
ASV4008,37,44,25,12,16,18,8,8,40,28,31,21,36,6,5,17,698,27,23,19,24,0,17,18,43,8,4,13,9,27,28
ASV4060,14,61,129,86,48,82,33,64,131,84,117,6,68,159,112,36,69,51,20,49,27,0,104,65,52,73,20,50,69,64,58
ASV4083,67,507,441,208,219,269,105,190,385,379,301,18,169,315,197,242,297,286,134,134,115,0,254,387,353,235,132,188,341,423,251
ASV4113,51,217,109,34,40,106,45,157,219,198,79,3,46,50,60,25,59,41,252,222,124,0,30,44,146,53,60,133,105,252,62
ASV4124,92,231,184,62,36,99,53,87,276,180,216,8,26,55,44,5,89,3,35,80,23,0,52,52,29,40,54,136,91,250,326
ASV4135,2,0,0,0,0,0,0,0,0,0,1,0,0,0,0,0,0,0,1,0,0,0,0,0,0,0,0,0,0,0,1
ASV4171,124,307,137,58,59,85,35,68,148,137,107,36,37,28,35,121,242,157,180,234,205,0,93,139,176,69,44,77,62,292,208
ASV4266,1,4,10,41,29,15,24,16,10,8,8,222,35,39,29,18,93,48,27,4,16,0,87,47,16,58,9,5,4,1,8
ASV4366,0,4,45,299,762,67,996,158,7,312,54,485,1520,513,408,0,15,3,9,2,0,0,875,77,4,144,387,68,19,1,35
ASV4400,2,0,2,1,0,0,0,1,3,0,1,0,1,0,0,3,0,0,2,3,0,0,1,0,3,2,0,0,0,11,0
ASV4433,12,40,108,169,130,148,278,130,185,215,277,7,457,488,503,18,67,21,43,13,15,0,160,135,38,104,156,180,196,79,125
ASV4442,128,274,342,135,214,211,74,127,202,382,121,104,34,87,53,140,219,143,94,76,65,0,140,130,428,120,47,116,56,313,195
ASV4499,5,9,4,4,1,1,3,0,3,6,1,6,3,5,1,0,40,7,8,2,3,0,1,27,6,7,1,2,0,4,5
ASV4625,47,247,208,100,98,135,49,93,208,188,116,12,104,157,108,147,116,160,83,74,69,0,140,167,189,126,53,83,134,236,134
ASV4684,78,253,72,13,16,51,15,66,231,176,69,2,21,42,13,9,34,21,209,183,96,0,18,16,99,11,25,86,77,313,63
ASV4728,2,1,38,111,174,111,166,49,3,39,35,502,116,91,76,0,54,4,7,0,7,0,208,77,10,98,31,23,16,1,8
ASV4770,5,0,8,85,148,15,124,28,3,13,9,740,118,120,95,10,29,9,7,10,8,0,282,73,4,72,32,21,4,2,4
ASV4803,110,13,7,6,14,4,12,25,116,151,34,21,18,6,5,0,13,1,1157,70,23,0,11,3,33,4,112,25,16,3,234
ASV4830,8,5,14,2,2,3,5,4,2,5,8,4,3,1,1,2,24,14,4,13,3,0,4,15,14,4,2,7,4,4,9
ASV4876,0,0,21,250,286,23,108,18,0,9,9,296,343,230,154,5,107,7,25,0,5,0,283,101,16,110,10,7,1,0,10
ASV4919,1,0,0,0,0,0,0,0,0,0,0,0,0,0,0,0,0,0,0,0,0,0,0,0,0,0,0,0,0,0,0
ASV4985,5,17,51,51,46,21,175,24,39,137,78,412,59,43,52,2,34,12,26,24,23,0,70,21,10,9,182,57,28,17,85
ASV5002,2,4,15,18,40,5,44,4,4,17,5,322,24,37,44,13,42,22,9,9,8,0,63,32,11,24,26,4,6,2,10
ASV5166,7,32,50,37,74,48,148,59,28,139,83,46,158,45,45,11,22,4,25,9,10,0,55,20,16,21,132,129,66,32,47
ASV5287,3,1,63,117,400,75,321,95,12,146,70,213,135,59,72,4,94,3,82,6,15,0,104,25,37,24,72,68,12,1,21
ASV5344,0,0,0,0,0,0,0,0,0,0,0,0,0,0,0,0,0,0,0,0,0,0,0,0,0,0,0,0,0,0,0
ASV5398,0,0,0,0,0,0,0,0,0,0,0,0,0,0,0,0,0,0,0,0,0,0,0,0,0,0,0,0,0,0,0
ASV5405,3,2,26,74,91,19,126,9,3,68,25,238,65,84,77,0,15,2,1,1,0,0,106,28,1,36,41,5,1,3,10
ASV5567,0,0,0,0,0,0,0,0,0,0,0,0,0,0,0,0,0,0,0,0,0,0,0,0,0,0,0,0,0,0,0
ASV5771,0,0,0,0,0,0,0,0,0,0,1,0,0,0,2,0,0,0,0,0,0,0,0,0,0,0,0,0,0,0,0
ASV5831,4,9,71,269,576,124,908,285,79,497,239,307,1256,516,332,6,64,20,16,3,4,0,503,150,110,157,531,224,164,7,221
ASV5854,59,254,195,85,137,122,59,115,210,224,117,8,77,141,125,136,209,187,89,98,74,0,187,181,238,131,83,111,160,262,135
ASV5908,0,0,0,0,0,0,0,0,0,0,0,0,0,0,0,0,0,0,0,0,0,0,0,0,0,0,0,0,0,0,0
ASV5934,3,19,58,99,93,110,154,97,135,113,188,13,238,275,309,4,45,12,24,8,8,0,86,71,25,65,85,103,107,36,83
ASV5968,0,0,0,0,0,0,0,0,4,0,1,0,0,0,0,0,0,3,0,0,0,0,0,0,0,0,0,0,0,0,0
ASV5996,2,1,0,1,0,1,2,0,0,0,0,1,0,3,0,1,0,0,0,1,0,0,0,1,0,0,0,1,0,1,0
ASV6029,0,0,0,0,0,0,0,0,0,0,0,0,0,0,0,0,0,0,0,0,0,0,0,0,0,0,0,0,0,0,0
ASV6280,3,2,7,24,24,3,48,7,4,31,7,268,35,29,26,5,28,18,9,1,8,0,61,22,8,15,30,3,3,1,3
ASV6284,212,73,58,20,9,29,7,17,356,100,208,1,5,44,20,66,193,56,181,230,72,0,19,48,67,31,22,50,124,142,104
ASV6358,2,0,11,170,203,15,83,25,1,0,5,128,188,136,111,1,55,7,13,3,1,0,175,69,6,61,10,2,1,0,3
ASV6456,13,41,69,60,49,57,44,40,33,52,29,27,47,53,46,129,175,155,49,46,55,0,88,159,153,90,37,28,26,44,46
ASV6577,30,99,175,129,111,150,59,102,211,139,198,4,132,263,262,65,89,84,26,53,46,0,147,189,33,171,43,132,136,180,90
ASV6645,2,3,59,44,38,30,132,24,6,137,67,310,44,49,28,0,5,5,3,2,1,0,50,17,2,19,130,82,12,3,17
ASV6653,44,56,115,47,80,67,112,71,137,244,132,12,30,23,32,17,37,6,173,44,61,0,44,31,91,21,112,102,92,52,142
ASV6669,3,2,30,232,417,31,351,20,3,104,45,1428,349,453,225,0,18,1,8,6,3,0,485,58,5,107,87,14,8,0,9
ASV6719,15,2,0,0,0,0,1,1,19,0,0,0,1,0,0,2,3,1,1520,91,182,0,0,1,11,0,0,1,0,2,2
ASV6863,0,1,3,55,114,5,48,7,0,8,2,218,115,67,44,1,26,5,14,1,1,0,196,47,8,49,8,0,2,0,5
ASV7118,0,0,0,0,0,0,0,0,0,0,0,0,0,0,0,0,0,0,0,0,0,0,0,0,0,0,0,0,0,0,0
ASV7271,0,14,28,69,74,65,101,57,92,76,121,2,165,202,176,4,32,2,10,10,4,0,63,64,12,28,58,97,68,32,57
ASV7965,2,7,89,162,94,60,201,35,9,197,187,86,88,40,56,2,5,111,14,4,5,0,71,38,14,32,42,30,44,0,9
ASV8018,21,52,127,117,105,86,30,71,143,100,141,0,89,161,202,37,59,48,19,25,21,0,107,125,26,106,30,92,91,90,71
ASV8022,0,1,0,6,22,2,85,2,1,3,4,46,16,10,13,0,8,0,5,3,2,0,12,3,3,6,177,3,4,1,10
ASV8830,0,0,0,0,0,0,0,0,0,0,0,0,0,0,0,0,0,0,0,0,0,0,0,0,0,0,0,0,0,0,0
ASV8955,11,51,87,97,53,76,40,58,118,79,152,0,88,160,153,25,48,34,12,32,9,0,114,89,34,82,23,63,85,98,80
ASV9080,14,22,9,3,1,4,4,1,51,31,22,0,1,0,2,0,3,0,224,11,10,0,0,0,7,3,5,14,21,21,29
ASV9216,12,0,4,23,209,4,47,6,25,146,16,322,92,26,25,3,36,5,48,8,3,0,38,4,20,2,68,5,10,0,36
ASV9404,2,0,44,120,317,93,339,90,12,206,85,159,446,233,135,2,37,3,588,6,6,0,620,101,20,225,84,49,58,1,61
ASV9594,82,17,10,7,5,6,8,9,68,35,112,11,7,13,5,59,77,17,184,101,36,0,9,17,30,13,17,19,59,24,31
ASV10159,2,5,18,36,61,25,41,22,15,279,47,100,43,21,24,3,28,11,16,2,3,0,55,27,13,35,33,26,25,3,32
ASV10281,1,6,27,34,209,29,117,33,24,138,31,151,252,119,47,2,11,11,24,2,3,0,67,16,8,19,71,24,39,0,20
ASV10539,14,19,92,18,18,38,62,36,13,209,125,5,9,2,9,5,75,11,133,22,53,0,14,5,84,3,49,79,57,60,40
ASV12150,1,4,1,1,1,0,1,1,8,3,2,0,3,0,0,1,4,1,4,2,7,0,0,1,6,0,1,0,146,4,3
ASV13265,11,1,0,0,0,0,0,0,2,1,0,0,0,0,0,3,3,0,722,12,57,0,0,2,8,0,0,0,0,1,0
ASV14427,3,5,18,12,23,17,43,10,11,25,19,11,19,5,12,2,7,0,8,5,1,0,5,13,4,0,19,30,9,5,38
ASV14783,1,16,4,14,22,2,39,2,41,59,32,83,12,10,6,4,52,15,8,3,1,0,12,2,5,1,36,10,38,17,309
ASV14977,0,3,32,46,64,32,181,155,9,180,49,46,348,116,112,0,5,1,16,0,1,0,81,15,1,21,181,90,15,0,29
ASV15044,0,1,4,11,62,13,74,18,31,27,9,45,289,98,59,0,8,2,1,0,0,0,65,23,9,27,37,10,6,0,0
ASV15417,0,1,0,5,10,0,89,1,2,11,14,14,10,5,12,0,17,0,0,1,0,0,0,1,9,2,212,2,6,1,13
ASV15497,0,2,14,78,181,40,730,181,4,613,57,149,1154,265,109,0,11,0,6,1,1,0,358,25,40,45,260,70,51,1,34
ASV15531,6,5,17,36,230,9,33,6,9,23,14,57,35,20,18,37,75,30,64,15,13,0,27,12,83,11,8,12,14,1,1
ASV16392,3,46,32,21,21,29,9,8,24,21,18,0,9,26,19,21,21,28,4,5,5,1,14,45,27,25,3,10,17,28,16
ASV16830,86,19,6,5,4,3,2,3,29,8,25,1,1,2,3,17,41,3,172,144,51,0,1,8,15,6,4,5,13,34,13
ASV18720,0,2,6,1,7,5,4,3,7,4,8,0,7,7,4,8,10,7,5,2,5,1,5,5,13,9,3,3,3,6,6
ASV19563,3,1,1,1,0,0,0,1,4,6,2,1,1,0,2,0,1,3,226,6,17,0,2,3,4,0,2,1,6,2,4
ASV20318,0,0,0,0,0,0,0,0,0,0,0,0,0,0,0,0,0,0,0,0,0,0,1,0,0,0,0,0,0,0,0
ASV22161,139,2,0,2,4,0,1,3,6,11,20,1,4,8,1,21,26,10,76,116,32,0,6,23,7,12,2,0,2,4,2
ASV22399,2,0,4,5,2,0,5,0,9,16,8,7,3,5,5,0,7,1,2,0,0,0,2,1,2,0,4,1,0,0,4
ASV24889,0,0,0,0,0,0,0,0,0,0,0,0,0,0,0,0,0,2,0,0,0,0,0,0,0,0,0,0,0,0,0
ASV25777,0,2,1,3,0,1,0,2,4,2,2,0,0,0,0,0,2,2,228,4,5,0,1,1,1,3,4,1,3,1,5
ASV27890,7,18,7,2,5,2,3,3,19,8,4,1,1,0,0,2,5,1,4,9,6,1,4,2,6,0,2,3,7,19,13
ASV39854,0,1,0,0,0,0,0,0,0,0,0,0,0,0,0,0,0,0,0,0,0,0,0,0,0,0,0,0,0,0,0
ASV42037,1,1,2,0,5,3,1,1,1,1,3,0,1,4,2,3,6,4,0,2,0,1,3,1,1,1,1,2,2,2,8
ASV58232,0,5,1,0,0,0,1,0,3,1,0,1,0,0,0,0,0,0,1,1,0,1,0,1,0,1,0,0,0,2,0
ASV65012,0,0,0,0,0,0,0,0,0,0,0,0,0,0,0,0,0,0,0,0,0,0,0,0,0,0,0,0,0,0,0
ASV97044,0,2,0,0,23,1,8,2,288,87,11,71,13,4,3,0,7,1,1,0,2,0,2,0,6,0,26,7,25,0,6
ASV105600,2,0,4,102,197,5,109,8,3,9,14,454,310,244,152,3,25,1,1,4,0,0,228,30,2,40,42,5,1,0,3
ASV105703,2,0,7,90,158,11,176,9,1,25,32,391,172,119,142,0,29,6,4,4,0,0,166,17,2,25,113,11,11,0,12
ASV106008,26,185,112,31,30,85,40,121,189,157,82,1,33,33,47,35,37,34,221,183,99,0,17,23,89,40,60,91,74,215,49
ASV106083,0,1,1,2,6,0,3,1,2,2,6,19,9,5,11,0,7,0,2,1,0,0,4,1,0,2,1,0,0,1,1
ASV106254,0,0,0,0,0,0,0,0,0,0,0,0,0,0,0,0,0,0,0,0,0,0,0,1,0,0,0,0,0,0,0
ASV108102,39,178,229,108,99,179,41,90,227,145,186,4,118,213,192,105,112,114,42,31,33,0,149,165,65,117,31,77,141,165,85
ASV108169,0,0,26,66,378,10,45,16,1,20,29,4,273,231,113,0,3,0,4,0,0,0,39,4,0,10,13,7,4,0,50
ASV111525,0,0,5,14,87,8,126,31,3,26,8,73,193,70,58,1,3,0,2,0,3,0,127,21,3,23,53,8,1,0,3
ASV138035,1065,1819,2299,1319,1256,1140,1024,1273,1423,1759,1368,1068,919,666,1012,1298,2574,1808,1156,1679,1352,0,1483,2786,1869,1970,1296,813,1211,1728,1164
ASV138041,0,0,0,0,0,0,0,0,0,0,0,0,0,0,0,0,0,0,0,0,0,0,0,0,0,0,0,0,0,0,0
ASV138044,8,15,45,162,247,41,319,52,13,129,114,566,227,84,129,1,75,3,123,22,8,0,278,81,17,62,172,50,25,4,72
ASV138080,0,0,0,0,0,0,0,0,3,0,0,0,0,0,0,0,0,0,0,0,0,0,0,0,0,0,1,0,0,1,0
ASV138088,0,0,0,0,0,0,0,0,0,0,0,0,0,0,0,0,0,0,0,0,0,0,0,0,0,0,0,0,0,0,0
ASV138089,0,0,0,0,0,0,0,0,0,0,0,0,0,0,0,0,0,0,0,0,0,0,0,0,0,0,0,0,0,0,0
ASV138108,0,0,0,0,0,0,0,0,0,0,0,0,0,0,0,0,0,0,0,0,0,0,0,0,0,0,0,0,0,0,0
ASV138343,0,1,9,88,116,14,125,18,6,47,34,260,134,59,72,0,23,0,5,2,1,0,108,15,3,21,66,21,5,1,14
newASV8,0,0,0,1,0,1,0,0,1,0,0,0,0,1,0,0,0,0,0,0,0,0,0,0,0,0,0,0,0,1,0
newASV59,0,6,0,16,2,1,6,0,0,0,1,376,1,6,19,1,1,0,0,0,0,0,0,5,0,4,3,0,19,0,58
newASV82,0,0,0,0,0,0,0,0,0,0,0,0,0,0,0,0,0,0,0,0,0,0,0,0,0,0,0,0,0,0,0
newASV109,0,2,2,1,2,3,10,1,0,0,1,280,7,53,56,0,8,1,0,1,0,0,18,10,1,1,1,2,0,0,0
newASV123,0,1,2,44,54,3,35,6,0,1,5,126,132,167,82,0,7,0,0,0,0,0,67,26,0,30,9,4,3,0,1
newASV641,0,658,1,0,0,0,0,0,0,1,0,0,0,0,0,0,0,0,0,0,0,0,0,0,0,0,0,0,0,0,0
newASV1919,0,0,0,1,0,0,0,0,0,0,0,0,0,2,0,1,2,0,2,1,0,1,0,0,0,0,0,1,0,0,0
newASV17822,14,34,50,36,7,23,17,26,17,30,28,31,14,15,17,25,72,49,23,40,30,1,33,101,31,43,19,11,19,30,26
newASV27928,14,22,34,83,30,25,14,18,12,28,26,91,51,51,67,44,79,126,26,42,39,0,143,276,27,189,13,17,11,15,16
newASV28494,0,0,0,0,1,1,1,0,0,1,0,0,0,0,1,0,4,0,1,2,2,1,0,3,1,1,0,0,0,0,2
newASV28508,0,0,0,0,0,0,0,0,0,0,0,0,0,0,0,0,0,0,0,0,0,1,0,0,0,1,0,0,0,0,0
newASV29610,89,152,245,176,132,138,106,132,97,147,126,184,98,84,122,201,370,308,162,178,221,0,226,373,229,298,129,89,99,151,117
newASV29929,26,29,60,31,29,43,24,31,43,33,22,25,29,20,19,33,81,67,32,50,33,1,32,60,70,57,25,20,17,34,26
newASV37174,6,13,19,11,9,6,7,11,8,24,12,10,4,6,3,16,26,16,8,13,14,1,13,52,16,22,10,8,17,12,3
newASV38463,227,361,423,425,272,314,240,309,283,362,280,568,285,229,391,431,984,761,341,537,417,1,609,1556,507,881,257,187,230,278,202
newASV46366,10,16,21,20,10,14,12,20,15,13,16,11,16,10,20,23,31,30,20,27,19,1,22,43,22,33,13,8,11,20,13
newASV47101,196,320,589,345,286,307,273,314,197,299,268,333,221,165,284,399,871,586,336,386,454,0,373,755,449,605,237,158,213,327,206
